isRefactor,totalRefactors,dok0.004AuthorPreCommit,dok0.004AuthorPostCommit,dok0.004Sum,dok0.004Avg,revision,age,authors,totalAuthors,totalLoc,modified,relativeModified,180fileHcpf,180commitHcpf,nrOfFunctions,isSZZBugIntroducer
False,0.0,,1.0,1.0,1.0,0.0,0.0,1.0,1.0,47.0,47.0,1.0,0.6911,0.0002,,True
False,0.0,,1.0,1.0,1.0,0.0,0.0,1.0,1.0,30.0,30.0,1.0,0.6911,0.0002,,True
False,0.0,,1.0,1.0,1.0,0.0,0.0,1.0,1.0,1410.0,1410.0,1.0,0.6911,0.0002,,True
False,0.0,,1.0,1.0,1.0,0.0,0.0,1.0,1.0,109.0,109.0,1.0,0.6911,0.0002,,True
False,0.0,,1.0,1.0,1.0,0.0,0.0,1.0,1.0,58.0,58.0,1.0,0.6911,0.0002,,True
False,0.0,,1.0,1.0,1.0,0.0,0.0,1.0,1.0,33.0,33.0,1.0,0.6911,0.0002,,True
False,0.0,,1.0,1.0,1.0,0.0,0.0,1.0,1.0,37.0,37.0,1.0,0.6911,0.0002,5.0,True
False,0.0,,1.0,1.0,1.0,0.0,0.0,1.0,1.0,31.0,31.0,1.0,0.6911,0.0002,,True
False,0.0,,1.0,1.0,1.0,0.0,0.0,1.0,1.0,2.0,2.0,1.0,0.6911,0.0002,,True
False,0.0,,1.0,1.0,1.0,0.0,0.0,1.0,1.0,47.0,47.0,1.0,0.6911,0.0002,,True
False,0.0,,1.0,1.0,1.0,0.0,0.0,1.0,1.0,66.0,66.0,1.0,0.6911,0.0002,1.0,True
False,0.0,,1.0,1.0,1.0,0.0,0.0,1.0,1.0,11.0,11.0,1.0,0.6911,0.0002,,True
False,0.0,,1.0,1.0,1.0,0.0,0.0,1.0,1.0,138.0,138.0,1.0,0.6636,0.1624,,True
False,0.0,,0.7609,0.7938,0.3969,1.0,42838222.0,2.0,2.0,40.0,141.0,3.525,0.5715,0.4773,,False
False,0.0,0.4837,0.4917,0.5126,0.2563,2.0,52603950.0,2.0,2.0,40.0,1.0,0.025,0.7579,0.6438,,False
False,0.0,,1.0,1.0,1.0,0.0,0.0,1.0,1.0,3922.0,3922.0,1.0,0.6911,0.0002,,True
True,1.0,,1.0,1.0,1.0,0.0,0.0,1.0,1.0,34.0,34.0,1.0,0.7538,0.7303,,False
False,1.0,0.8691,0.8729,0.8729,0.8729,1.0,3094446.0,1.0,1.0,34.0,1.0,0.029411765,0.7568,0.6669,,False
False,1.0,0.8591,0.8632,0.8632,0.8632,2.0,3381759.0,1.0,1.0,34.0,1.0,0.029411765,0.7579,0.6482,,False
False,0.0,,1.0,1.0,1.0,0.0,0.0,1.0,1.0,52.0,52.0,1.0,0.6911,0.0002,,True
True,1.0,0.0888,0.2366,0.2366,0.2366,1.0,52254544.0,1.0,1.0,35.0,23.0,0.6571429,0.7538,0.7303,,False
False,1.0,0.2024,0.3311,0.3311,0.3311,2.0,55636303.0,1.0,1.0,35.0,6.0,0.17142858,0.7579,0.6482,,False
False,0.0,,1.0,1.0,1.0,0.0,0.0,1.0,1.0,8.0,8.0,1.0,0.6911,0.0002,,True
False,0.0,,1.0,1.0,1.0,0.0,0.0,1.0,1.0,42.0,42.0,1.0,0.6911,0.0002,,True
True,1.0,0.0888,0.2821,0.2821,0.2821,1.0,52254544.0,1.0,1.0,31.0,18.0,0.58064514,0.7538,0.7303,,False
False,1.0,0.2413,0.3621,0.3621,0.3621,2.0,55636303.0,1.0,1.0,31.0,6.0,0.19354838,0.7579,0.6482,,False
False,0.0,,1.0,1.0,1.0,0.0,0.0,1.0,1.0,31.0,31.0,1.0,0.6911,0.0002,,True
False,0.0,,1.0,1.0,1.0,0.0,0.0,1.0,1.0,57.0,57.0,1.0,0.6911,0.0002,,True
True,1.0,0.0888,0.2027,0.2027,0.2027,1.0,52254544.0,1.0,1.0,39.0,23.0,0.5897436,0.7538,0.7303,,False
False,1.0,0.1734,0.4962,0.4962,0.4962,2.0,55636303.0,1.0,1.0,45.0,27.0,0.6,0.7579,0.6482,,False
False,0.0,,1.0,1.0,1.0,0.0,0.0,1.0,1.0,85.0,85.0,1.0,0.6911,0.0002,,True
False,0.0,,1.0,1.0,1.0,0.0,0.0,1.0,1.0,46.0,46.0,1.0,0.6911,0.0002,,True
True,1.0,0.0888,0.2612,0.2612,0.2612,1.0,52254544.0,1.0,1.0,35.0,18.0,0.51428574,0.7538,0.7303,,False
False,1.0,0.2234,0.5104,0.5104,0.5104,2.0,55636303.0,1.0,1.0,40.0,15.0,0.375,0.7579,0.6482,,False
False,0.0,,1.0,1.0,1.0,0.0,0.0,1.0,1.0,110.0,110.0,1.0,0.6911,0.0002,,True
False,0.0,,1.0,1.0,1.0,0.0,0.0,1.0,1.0,55.0,55.0,1.0,0.6911,0.0002,,True
True,1.0,0.0888,0.1831,0.1831,0.1831,1.0,52254544.0,1.0,1.0,28.0,30.0,1.0714285,0.7538,0.7303,,False
False,1.0,0.1566,0.7672,0.7672,0.7672,2.0,55636303.0,1.0,1.0,31.0,22.0,0.7096774,0.7579,0.6482,,False
False,0.0,,1.0,1.0,1.0,0.0,0.0,1.0,1.0,107.0,107.0,1.0,0.6911,0.0002,,True
False,0.0,,1.0,1.0,1.0,0.0,0.0,1.0,1.0,47.0,47.0,1.0,0.6911,0.0002,,True
True,1.0,0.0888,0.3318,0.3318,0.3318,1.0,52254544.0,1.0,1.0,27.0,29.0,1.074074,0.7538,0.7303,,False
False,1.0,0.2838,0.3723,0.3723,0.3723,2.0,55636303.0,1.0,1.0,30.0,4.0,0.13333334,0.7579,0.6482,,False
False,0.0,,1.0,1.0,1.0,0.0,0.0,1.0,1.0,27.0,27.0,1.0,0.6911,0.0002,,True
False,0.0,,1.0,1.0,1.0,0.0,0.0,1.0,1.0,55.0,55.0,1.0,0.6911,0.0002,,True
False,0.0,,0.1129,0.3364,0.1682,1.0,29780955.0,2.0,2.0,60.0,6.0,0.1,0.6258,0.6459,,True
False,0.0,,0.1029,0.4035,0.1345,2.0,29955483.0,3.0,3.0,65.0,6.0,0.092307694,0.6244,0.7563,,False
True,1.0,0.0706,0.1623,0.1721,0.0861,3.0,52254544.0,2.0,3.0,33.0,35.0,1.060606,0.7538,0.7303,,False
False,1.0,0.1388,0.653,0.6604,0.3302,4.0,55636303.0,2.0,3.0,37.0,24.0,0.6486486,0.7579,0.6482,,False
False,0.0,,1.0,1.0,1.0,0.0,0.0,1.0,1.0,47.0,47.0,1.0,0.6911,0.0002,,True
False,0.0,,0.1754,0.3831,0.1916,1.0,29780955.0,2.0,2.0,55.0,9.0,0.16363636,0.6258,0.6459,,True
False,0.0,,0.1515,0.4647,0.1549,2.0,29955483.0,3.0,3.0,63.0,9.0,0.14285715,0.6244,0.7563,,False
True,1.0,0.0633,0.2086,0.3242,0.1081,3.0,52254544.0,3.0,3.0,44.0,28.0,0.6363636,0.7538,0.7303,,False
False,1.0,0.1784,0.2633,0.3547,0.1182,4.0,55636303.0,3.0,3.0,47.0,6.0,0.12765957,0.7579,0.6482,,False
False,0.0,,1.0,1.0,1.0,0.0,0.0,1.0,1.0,129.0,129.0,1.0,0.6911,0.0002,5.0,True
False,0.0,,1.0,1.0,1.0,0.0,0.0,1.0,1.0,45.0,45.0,1.0,0.6911,0.0002,3.0,True
False,0.0,,1.0,1.0,1.0,0.0,0.0,1.0,1.0,51.0,51.0,1.0,0.6911,0.0002,1.0,True
False,0.0,0.5438,0.5613,0.5613,0.5613,1.0,13133022.0,1.0,1.0,50.0,3.0,0.06,0.6685,0.1625,1.0,True
False,0.0,,1.0,1.0,1.0,0.0,0.0,1.0,1.0,169.0,169.0,1.0,0.6911,0.0002,,True
False,0.0,,1.0,1.0,1.0,0.0,0.0,1.0,1.0,75.0,75.0,1.0,0.6911,0.0002,,True
False,0.0,,1.0,1.0,1.0,0.0,0.0,1.0,1.0,131.0,131.0,1.0,0.6911,0.0002,,True
False,0.0,,1.0,1.0,1.0,0.0,0.0,1.0,1.0,202.0,202.0,1.0,0.6911,0.0002,,True
False,0.0,,1.0,1.0,1.0,0.0,0.0,1.0,1.0,45.0,45.0,1.0,0.6911,0.0002,,True
False,0.0,,1.0,1.0,1.0,0.0,0.0,1.0,1.0,89.0,89.0,1.0,0.6911,0.0002,,True
False,0.0,,1.0,1.0,1.0,0.0,0.0,1.0,1.0,7.0,7.0,1.0,0.6911,0.0002,,True
False,0.0,,1.0,1.0,1.0,0.0,0.0,1.0,1.0,86.0,86.0,1.0,0.6911,0.0002,,True
False,0.0,,1.0,1.0,1.0,0.0,0.0,1.0,1.0,11.0,11.0,1.0,0.6911,0.0002,,True
False,0.0,,1.0,1.0,1.0,0.0,0.0,1.0,1.0,49.0,49.0,1.0,0.6911,0.0002,4.0,True
False,0.0,,1.0,1.0,1.0,0.0,0.0,1.0,1.0,55.0,55.0,1.0,0.6911,0.0002,,True
False,0.0,,1.0,1.0,1.0,0.0,0.0,1.0,1.0,66.0,66.0,1.0,0.6911,0.0002,2.0,True
False,0.0,0.5438,0.5574,0.5574,0.5574,1.0,13133022.0,1.0,1.0,65.0,3.0,0.046153847,0.6685,0.1625,2.0,True
False,0.0,,1.0,1.0,1.0,0.0,0.0,1.0,1.0,78.0,78.0,1.0,0.6911,0.0002,,True
False,0.0,,1.0,1.0,1.0,0.0,0.0,1.0,1.0,59.0,59.0,1.0,0.6911,0.0002,1.0,True
False,0.0,0.5438,0.5592,0.5592,0.5592,1.0,13133022.0,1.0,1.0,58.0,3.0,0.05172414,0.6685,0.1625,1.0,True
False,0.0,,1.0,1.0,1.0,0.0,0.0,1.0,1.0,166.0,166.0,1.0,0.6911,0.0002,,True
False,0.0,,1.0,1.0,1.0,0.0,0.0,1.0,1.0,173.0,173.0,1.0,0.6911,0.0002,,True
False,0.0,,1.0,1.0,1.0,0.0,0.0,1.0,1.0,39.0,39.0,1.0,0.6911,0.0002,1.0,True
False,0.0,0.5438,0.5666,0.5666,0.5666,1.0,13133022.0,1.0,1.0,38.0,3.0,0.078947365,0.6685,0.1625,1.0,True
False,0.0,,1.0,1.0,1.0,0.0,0.0,1.0,1.0,224.0,224.0,1.0,0.6911,0.0002,,True
False,0.0,,1.0,1.0,1.0,0.0,0.0,1.0,1.0,39.0,39.0,1.0,0.6911,0.0002,1.0,True
False,0.0,0.5438,0.5666,0.5666,0.5666,1.0,13133022.0,1.0,1.0,38.0,3.0,0.078947365,0.6685,0.1625,1.0,True
False,0.0,,1.0,1.0,1.0,0.0,0.0,1.0,1.0,154.0,154.0,1.0,0.6911,0.0002,,True
False,0.0,,1.0,1.0,1.0,0.0,0.0,1.0,1.0,51.0,51.0,1.0,0.6911,0.0002,1.0,True
False,0.0,0.5438,0.5613,0.5613,0.5613,1.0,13133022.0,1.0,1.0,50.0,3.0,0.06,0.6685,0.1625,1.0,True
False,0.0,,1.0,1.0,1.0,0.0,0.0,1.0,1.0,169.0,169.0,1.0,0.6911,0.0002,,True
False,0.0,,1.0,1.0,1.0,0.0,0.0,1.0,1.0,42.0,42.0,1.0,0.6911,0.0002,1.0,True
False,0.0,0.5438,0.565,0.565,0.565,1.0,13133022.0,1.0,1.0,41.0,3.0,0.07317073,0.6685,0.1625,1.0,True
False,0.0,,1.0,1.0,1.0,0.0,0.0,1.0,1.0,158.0,158.0,1.0,0.6911,0.0002,,True
False,0.0,,1.0,1.0,1.0,0.0,0.0,1.0,1.0,51.0,51.0,1.0,0.6911,0.0002,1.0,True
False,0.0,0.5438,0.5613,0.5613,0.5613,1.0,13133022.0,1.0,1.0,50.0,3.0,0.06,0.6685,0.1625,1.0,True
False,0.0,,1.0,1.0,1.0,0.0,0.0,1.0,1.0,150.0,150.0,1.0,0.6911,0.0002,,True
False,0.0,,1.0,1.0,1.0,0.0,0.0,1.0,1.0,53.0,53.0,1.0,0.6911,0.0002,1.0,True
False,0.0,0.5438,0.5607,0.5607,0.5607,1.0,13133022.0,1.0,1.0,52.0,3.0,0.057692308,0.6685,0.1625,1.0,True
False,0.0,,1.0,1.0,1.0,0.0,0.0,1.0,1.0,66.0,66.0,1.0,0.6911,0.0002,,True
False,0.0,,1.0,1.0,1.0,0.0,0.0,1.0,1.0,42.0,42.0,1.0,0.6911,0.0002,1.0,True
False,0.0,0.5438,0.565,0.565,0.565,1.0,13133022.0,1.0,1.0,41.0,3.0,0.07317073,0.6685,0.1625,1.0,True
False,0.0,,1.0,1.0,1.0,0.0,0.0,1.0,1.0,95.0,95.0,1.0,0.6911,0.0002,,True
False,0.0,,1.0,1.0,1.0,0.0,0.0,1.0,1.0,72.0,72.0,1.0,0.6911,0.0002,1.0,True
False,0.0,0.5438,0.5563,0.5563,0.5563,1.0,13133022.0,1.0,1.0,71.0,3.0,0.04225352,0.6685,0.1625,1.0,True
False,0.0,,1.0,1.0,1.0,0.0,0.0,1.0,1.0,70.0,70.0,1.0,0.6911,0.0002,,True
False,0.0,,1.0,1.0,1.0,0.0,0.0,1.0,1.0,51.0,51.0,1.0,0.6911,0.0002,1.0,True
False,0.0,0.5438,0.5613,0.5613,0.5613,1.0,13133022.0,1.0,1.0,50.0,3.0,0.06,0.6685,0.1625,1.0,True
False,0.0,,1.0,1.0,1.0,0.0,0.0,1.0,1.0,90.0,90.0,1.0,0.6911,0.0002,3.0,True
False,0.0,0.5438,0.5538,0.5538,0.5538,1.0,13133022.0,1.0,1.0,89.0,3.0,0.033707865,0.6685,0.1625,3.0,True
False,0.0,,1.0,1.0,1.0,0.0,0.0,1.0,1.0,146.0,146.0,1.0,0.6911,0.0002,3.0,True
False,0.0,,1.0,1.0,1.0,0.0,0.0,1.0,1.0,48.0,48.0,1.0,0.6911,0.0002,2.0,True
False,0.0,0.5438,0.5711,0.5711,0.5711,1.0,13133022.0,1.0,1.0,48.0,4.0,0.083333336,0.6685,0.1625,2.0,True
False,0.0,,1.0,1.0,1.0,0.0,0.0,1.0,1.0,73.0,73.0,1.0,0.6911,0.0002,1.0,True
False,0.0,,1.0,1.0,1.0,0.0,0.0,1.0,1.0,74.0,74.0,1.0,0.6911,0.0002,2.0,True
False,0.0,0.5438,0.5738,0.5738,0.5738,1.0,13133022.0,1.0,1.0,74.0,8.0,0.10810811,0.6685,0.1625,2.0,True
False,0.0,,1.0,1.0,1.0,0.0,0.0,1.0,1.0,77.0,77.0,1.0,0.6911,0.0002,1.0,True
False,0.0,,1.0,1.0,1.0,0.0,0.0,1.0,1.0,57.0,57.0,1.0,0.6911,0.0002,2.0,True
False,0.0,,1.0,1.0,1.0,0.0,0.0,1.0,1.0,26.0,26.0,1.0,0.6911,0.0002,1.0,True
False,0.0,0.5438,0.6089,0.6089,0.6089,1.0,13133022.0,1.0,1.0,26.0,6.0,0.23076923,0.6685,0.1625,1.0,True
False,0.0,,1.0,1.0,1.0,0.0,0.0,1.0,1.0,1311.0,1311.0,1.0,0.6911,0.0002,30.0,True
False,0.0,0.5438,0.5455,0.5455,0.5455,1.0,13133022.0,1.0,1.0,1294.0,22.0,0.017001545,0.6685,0.1625,30.0,True
False,0.0,,1.0,1.0,1.0,0.0,0.0,1.0,1.0,19.0,19.0,1.0,0.6911,0.0002,2.0,True
False,0.0,,1.0,1.0,1.0,0.0,0.0,1.0,1.0,654.0,654.0,1.0,0.6911,0.0002,18.0,True
False,0.0,0.5438,0.5445,0.5445,0.5445,1.0,13133022.0,1.0,1.0,650.0,5.0,0.0076923077,0.6685,0.1625,18.0,True
False,0.0,,1.0,1.0,1.0,0.0,0.0,1.0,1.0,61.0,61.0,1.0,0.6911,0.0002,1.0,True
False,0.0,,1.0,1.0,1.0,0.0,0.0,1.0,1.0,552.0,552.0,1.0,0.6911,0.0002,6.0,True
False,0.0,0.5438,0.5463,0.5463,0.5463,1.0,13133022.0,1.0,1.0,550.0,6.0,0.010909091,0.6685,0.1625,6.0,True
False,0.0,,1.0,1.0,1.0,0.0,0.0,1.0,1.0,335.0,335.0,1.0,0.6911,0.0002,2.0,True
False,0.0,,1.0,1.0,1.0,0.0,0.0,1.0,1.0,498.0,498.0,1.0,0.6911,0.0002,11.0,True
False,0.0,0.5438,0.5465,0.5465,0.5465,1.0,13133022.0,1.0,1.0,495.0,7.0,0.014141414,0.6685,0.1625,11.0,True
False,0.0,,1.0,1.0,1.0,0.0,0.0,1.0,1.0,47.0,47.0,1.0,0.6911,0.0002,,True
False,0.0,,1.0,1.0,1.0,0.0,0.0,1.0,1.0,67.0,67.0,1.0,0.6911,0.0002,1.0,True
False,0.0,0.5438,0.5718,0.5718,0.5718,1.0,13133022.0,1.0,1.0,63.0,10.0,0.15873016,0.6685,0.1625,1.0,True
False,0.0,,1.0,1.0,1.0,0.0,0.0,1.0,1.0,90.0,90.0,1.0,0.6911,0.0002,,True
False,0.0,,1.0,1.0,1.0,0.0,0.0,1.0,1.0,66.0,66.0,1.0,0.6911,0.0002,2.0,True
False,0.0,0.5438,0.5574,0.5574,0.5574,1.0,13133022.0,1.0,1.0,65.0,3.0,0.046153847,0.6685,0.1625,2.0,True
False,0.0,,1.0,1.0,1.0,0.0,0.0,1.0,1.0,72.0,72.0,1.0,0.6911,0.0002,,True
False,0.0,,1.0,1.0,1.0,0.0,0.0,1.0,1.0,58.0,58.0,1.0,0.6911,0.0002,1.0,True
False,0.0,0.5438,0.5595,0.5595,0.5595,1.0,13133022.0,1.0,1.0,57.0,3.0,0.05263158,0.6685,0.1625,1.0,True
False,0.0,,1.0,1.0,1.0,0.0,0.0,1.0,1.0,72.0,72.0,1.0,0.6911,0.0002,,True
False,0.0,,1.0,1.0,1.0,0.0,0.0,1.0,1.0,184.0,184.0,1.0,0.6911,0.0002,6.0,True
False,0.0,0.5438,0.5536,0.5536,0.5536,1.0,13133022.0,1.0,1.0,184.0,6.0,0.032608695,0.6685,0.1625,6.0,True
False,0.0,,1.0,1.0,1.0,0.0,0.0,1.0,1.0,37.0,37.0,1.0,0.6911,0.0002,2.0,True
False,0.0,,1.0,1.0,1.0,0.0,0.0,1.0,1.0,332.0,332.0,1.0,0.6911,0.0002,6.0,True
False,0.0,0.5438,0.5438,0.5438,0.5438,1.0,13133022.0,1.0,1.0,331.0,1.0,0.003021148,0.6685,0.1625,6.0,True
False,0.0,,1.0,1.0,1.0,0.0,0.0,1.0,1.0,100.0,100.0,1.0,0.6911,0.0002,1.0,True
False,0.0,,1.0,1.0,1.0,0.0,0.0,1.0,1.0,223.0,223.0,1.0,0.6911,0.0002,6.0,True
False,0.0,0.5438,0.55,0.55,0.55,1.0,13133022.0,1.0,1.0,219.0,8.0,0.03652968,0.6685,0.1625,6.0,True
False,0.0,,1.0,1.0,1.0,0.0,0.0,1.0,1.0,71.0,71.0,1.0,0.6911,0.0002,4.0,True
False,0.0,,1.0,1.0,1.0,0.0,0.0,1.0,1.0,266.0,266.0,1.0,0.6911,0.0002,1.0,True
False,0.0,0.5438,0.5613,0.5613,0.5613,1.0,13133022.0,1.0,1.0,258.0,22.0,0.08527132,0.6685,0.1625,1.0,True
False,0.0,,1.0,1.0,1.0,0.0,0.0,1.0,1.0,44.0,44.0,1.0,0.6911,0.0002,1.0,True
False,0.0,,1.0,1.0,1.0,0.0,0.0,1.0,1.0,105.0,105.0,1.0,0.6911,0.0002,5.0,True
False,0.0,,1.0,1.0,1.0,0.0,0.0,1.0,1.0,126.0,126.0,1.0,0.6911,0.0002,,True
False,0.0,0.5438,0.5438,0.5438,0.5438,1.0,13133022.0,1.0,1.0,123.0,3.0,0.024390243,0.6685,0.1625,,True
False,0.0,,1.0,1.0,1.0,0.0,0.0,1.0,1.0,122.0,122.0,1.0,0.6911,0.0002,1.0,True
False,0.0,0.992,0.9923,0.9923,0.9923,1.0,256144.0,1.0,1.0,124.0,4.0,0.032258064,0.6913,0.0055,1.0,False
False,0.0,0.544,0.5515,0.5515,0.5515,2.0,13133022.0,1.0,1.0,120.0,6.0,0.05,0.6685,0.1625,1.0,True
False,0.0,,1.0,1.0,1.0,0.0,0.0,1.0,1.0,153.0,153.0,1.0,0.6911,0.0002,10.0,True
False,0.0,,1.0,1.0,1.0,0.0,0.0,1.0,1.0,91.0,91.0,1.0,0.6911,0.0002,2.0,True
False,0.0,0.992,0.9923,0.9923,0.9923,1.0,256144.0,1.0,1.0,92.0,2.0,0.02173913,0.6913,0.0055,2.0,False
False,0.0,0.544,0.544,0.544,0.544,2.0,13133022.0,1.0,1.0,91.0,1.0,0.010989011,0.6685,0.1625,2.0,True
False,0.0,,1.0,1.0,1.0,0.0,0.0,1.0,1.0,21.0,21.0,1.0,0.6911,0.0002,0.0,True
False,0.0,,1.0,1.0,1.0,0.0,0.0,1.0,1.0,69.0,69.0,1.0,0.6911,0.0002,2.0,True
False,0.0,0.5438,0.6209,0.6209,0.6209,1.0,13133022.0,1.0,1.0,69.0,20.0,0.28985506,0.6685,0.1625,2.0,True
False,0.0,,1.0,1.0,1.0,0.0,0.0,1.0,1.0,27.0,27.0,1.0,0.6911,0.0002,1.0,True
False,0.0,,1.0,1.0,1.0,0.0,0.0,1.0,1.0,123.0,123.0,1.0,0.6911,0.0002,4.0,True
False,0.0,0.5438,0.5766,0.5766,0.5766,1.0,13133022.0,1.0,1.0,123.0,16.0,0.1300813,0.6685,0.1625,4.0,True
False,0.0,,1.0,1.0,1.0,0.0,0.0,1.0,1.0,21.0,21.0,1.0,0.6911,0.0002,0.0,True
False,0.0,,1.0,1.0,1.0,0.0,0.0,1.0,1.0,69.0,69.0,1.0,0.6911,0.0002,3.0,True
False,0.0,0.5438,0.5695,0.5695,0.5695,1.0,13133022.0,1.0,1.0,69.0,6.0,0.08695652,0.6685,0.1625,3.0,True
False,0.0,,1.0,1.0,1.0,0.0,0.0,1.0,1.0,21.0,21.0,1.0,0.6911,0.0002,0.0,True
False,0.0,,1.0,1.0,1.0,0.0,0.0,1.0,1.0,42.0,42.0,1.0,0.6911,0.0002,4.0,True
True,1.0,0.825,0.8367,0.8367,0.8367,1.0,4197406.0,1.0,1.0,43.0,2.0,0.046511628,0.6646,0.168,4.0,True
False,1.0,0.5516,0.5812,0.5812,0.5812,2.0,13133022.0,1.0,1.0,43.0,4.0,0.093023255,0.6685,0.1625,4.0,True
False,0.0,,1.0,1.0,1.0,0.0,0.0,1.0,1.0,21.0,21.0,1.0,0.6911,0.0002,0.0,True
False,0.0,,1.0,1.0,1.0,0.0,0.0,1.0,1.0,172.0,172.0,1.0,0.6911,0.0002,4.0,True
False,0.0,0.5438,0.5631,0.5631,0.5631,1.0,13133022.0,1.0,1.0,163.0,20.0,0.12269939,0.6685,0.1625,4.0,True
False,0.0,,1.0,1.0,1.0,0.0,0.0,1.0,1.0,312.0,312.0,1.0,0.6911,0.0002,,True
False,0.0,,1.0,1.0,1.0,0.0,0.0,1.0,1.0,108.0,108.0,1.0,0.6911,0.0002,3.0,True
False,0.0,0.5438,0.5736,0.5736,0.5736,1.0,13133022.0,1.0,1.0,105.0,15.0,0.14285715,0.6685,0.1625,3.0,True
False,0.0,,1.0,1.0,1.0,0.0,0.0,1.0,1.0,7.0,7.0,1.0,0.6911,0.0002,,True
False,0.0,,1.0,1.0,1.0,0.0,0.0,1.0,1.0,175.0,175.0,1.0,0.6911,0.0002,14.0,True
False,0.0,0.5438,0.5567,0.5567,0.5567,1.0,13133022.0,1.0,1.0,175.0,8.0,0.045714285,0.6685,0.1625,14.0,True
False,0.0,,1.0,1.0,1.0,0.0,0.0,1.0,1.0,3808.0,3808.0,1.0,0.6911,0.0002,,True
False,0.0,,1.0,1.0,1.0,0.0,0.0,1.0,1.0,54.0,54.0,1.0,0.6911,0.0002,2.0,True
False,0.0,0.5438,0.5764,0.5764,0.5764,1.0,13133022.0,1.0,1.0,54.0,6.0,0.11111111,0.6685,0.1625,2.0,True
False,0.0,,1.0,1.0,1.0,0.0,0.0,1.0,1.0,25.0,25.0,1.0,0.6911,0.0002,1.0,True
False,0.0,,1.0,1.0,1.0,0.0,0.0,1.0,1.0,141.0,141.0,1.0,0.6911,0.0002,10.0,True
False,0.0,0.5438,0.5629,0.5629,0.5629,1.0,13133022.0,1.0,1.0,141.0,10.0,0.07092199,0.6685,0.1625,10.0,True
False,0.0,,1.0,1.0,1.0,0.0,0.0,1.0,1.0,39.0,39.0,1.0,0.6911,0.0002,2.0,True
False,0.0,,1.0,1.0,1.0,0.0,0.0,1.0,1.0,37.0,37.0,1.0,0.6911,0.0002,1.0,True
False,0.0,,1.0,1.0,1.0,0.0,0.0,1.0,1.0,56.0,56.0,1.0,0.6911,0.0002,1.0,True
False,0.0,0.5438,0.5752,0.5752,0.5752,1.0,13133022.0,1.0,1.0,56.0,6.0,0.10714286,0.6685,0.1625,1.0,True
False,0.0,,1.0,1.0,1.0,0.0,0.0,1.0,1.0,24.0,24.0,1.0,0.6911,0.0002,1.0,True
False,0.0,0.5438,0.614,0.614,0.614,1.0,13133022.0,1.0,1.0,24.0,6.0,0.25,0.6685,0.1625,1.0,True
False,0.0,,1.0,1.0,1.0,0.0,0.0,1.0,1.0,88.0,88.0,1.0,0.6911,0.0002,6.0,True
False,0.0,,1.0,1.0,1.0,0.0,0.0,1.0,1.0,29.0,29.0,1.0,0.6911,0.0002,1.0,True
False,0.0,0.5438,0.6293,0.6293,0.6293,1.0,13133022.0,1.0,1.0,29.0,7.0,0.2413793,0.6685,0.1625,1.0,True
False,0.0,,1.0,1.0,1.0,0.0,0.0,1.0,1.0,13.0,13.0,1.0,0.6911,0.0002,1.0,True
False,0.0,,1.0,1.0,1.0,0.0,0.0,1.0,1.0,106.0,106.0,1.0,0.6911,0.0002,2.0,True
False,0.0,0.5438,0.5856,0.5856,0.5856,1.0,13133022.0,1.0,1.0,106.0,15.0,0.14150943,0.6685,0.1625,2.0,True
False,0.0,,1.0,1.0,1.0,0.0,0.0,1.0,1.0,122.0,122.0,1.0,0.6911,0.0002,4.0,True
False,0.0,,1.0,1.0,1.0,0.0,0.0,1.0,1.0,32.0,32.0,1.0,0.6911,0.0002,1.0,True
False,0.0,0.5438,0.5974,0.5974,0.5974,1.0,13133022.0,1.0,1.0,32.0,6.0,0.1875,0.6685,0.1625,1.0,True
False,0.0,,1.0,1.0,1.0,0.0,0.0,1.0,1.0,75.0,75.0,1.0,0.6911,0.0002,3.0,True
False,0.0,,1.0,1.0,1.0,0.0,0.0,1.0,1.0,65.0,65.0,1.0,0.6911,0.0002,2.0,True
False,0.0,0.5438,0.5872,0.5872,0.5872,1.0,13133022.0,1.0,1.0,61.0,14.0,0.22950819,0.6685,0.1625,2.0,True
False,0.0,,1.0,1.0,1.0,0.0,0.0,1.0,1.0,38.0,38.0,1.0,0.6911,0.0002,0.0,True
False,0.0,,1.0,1.0,1.0,0.0,0.0,1.0,1.0,69.0,69.0,1.0,0.6911,0.0002,1.0,True
False,0.0,0.5438,0.5695,0.5695,0.5695,1.0,13133022.0,1.0,1.0,69.0,6.0,0.08695652,0.6685,0.1625,1.0,True
False,0.0,,1.0,1.0,1.0,0.0,0.0,1.0,1.0,88.0,88.0,1.0,0.6911,0.0002,,True
False,0.0,,1.0,1.0,1.0,0.0,0.0,1.0,1.0,124.0,124.0,1.0,0.6911,0.0002,3.0,True
False,0.0,0.5438,0.5633,0.5633,0.5633,1.0,13133022.0,1.0,1.0,115.0,17.0,0.14782609,0.6685,0.1625,3.0,True
False,0.0,,1.0,1.0,1.0,0.0,0.0,1.0,1.0,56.0,56.0,1.0,0.6911,0.0002,,True
False,0.0,,1.0,1.0,1.0,0.0,0.0,1.0,1.0,61.0,61.0,1.0,0.6911,0.0002,1.0,True
False,0.0,0.5438,0.5727,0.5727,0.5727,1.0,13133022.0,1.0,1.0,61.0,6.0,0.09836066,0.6685,0.1625,1.0,True
False,0.0,,1.0,1.0,1.0,0.0,0.0,1.0,1.0,60.0,60.0,1.0,0.6911,0.0002,,True
False,0.0,,1.0,1.0,1.0,0.0,0.0,1.0,1.0,73.0,73.0,1.0,0.6911,0.0002,1.0,True
False,0.0,0.5438,0.5695,0.5695,0.5695,1.0,13133022.0,1.0,1.0,69.0,10.0,0.14492753,0.6685,0.1625,1.0,True
False,0.0,,1.0,1.0,1.0,0.0,0.0,1.0,1.0,46.0,46.0,1.0,0.6911,0.0002,,True
False,0.0,,1.0,1.0,1.0,0.0,0.0,1.0,1.0,102.0,102.0,1.0,0.6911,0.0002,2.0,True
False,0.0,0.5438,0.5701,0.5701,0.5701,1.0,13133022.0,1.0,1.0,102.0,10.0,0.09803922,0.6685,0.1625,2.0,True
False,0.0,,1.0,1.0,1.0,0.0,0.0,1.0,1.0,37.0,37.0,1.0,0.6911,0.0002,,True
False,0.0,,1.0,1.0,1.0,0.0,0.0,1.0,1.0,50.0,50.0,1.0,0.6911,0.0002,2.0,True
False,0.0,0.5438,0.5789,0.5789,0.5789,1.0,13133022.0,1.0,1.0,50.0,6.0,0.12,0.6685,0.1625,2.0,True
False,0.0,,1.0,1.0,1.0,0.0,0.0,1.0,1.0,46.0,46.0,1.0,0.6911,0.0002,,True
False,0.0,,1.0,1.0,1.0,0.0,0.0,1.0,1.0,46.0,46.0,1.0,0.6911,0.0002,,True
False,0.0,,1.0,1.0,1.0,0.0,0.0,1.0,1.0,99.0,99.0,1.0,0.6911,0.0002,1.0,True
False,0.0,0.5438,0.5691,0.5691,0.5691,1.0,13133022.0,1.0,1.0,89.0,15.0,0.16853933,0.6685,0.1625,1.0,True
False,0.0,,1.0,1.0,1.0,0.0,0.0,1.0,1.0,46.0,46.0,1.0,0.6911,0.0002,1.0,True
False,0.0,0.5438,0.5818,0.5818,0.5818,1.0,13133022.0,1.0,1.0,46.0,6.0,0.13043478,0.6685,0.1625,1.0,True
False,0.0,,1.0,1.0,1.0,0.0,0.0,1.0,1.0,56.0,56.0,1.0,0.6911,0.0002,,True
False,0.0,,1.0,1.0,1.0,0.0,0.0,1.0,1.0,130.0,130.0,1.0,0.6911,0.0002,2.0,True
False,0.0,0.5438,0.5645,0.5645,0.5645,1.0,13133022.0,1.0,1.0,130.0,10.0,0.07692308,0.6685,0.1625,2.0,True
False,0.0,,1.0,1.0,1.0,0.0,0.0,1.0,1.0,46.0,46.0,1.0,0.6911,0.0002,,True
False,0.0,,1.0,1.0,1.0,0.0,0.0,1.0,1.0,87.0,87.0,1.0,0.6911,0.0002,3.0,True
False,0.0,0.5438,0.5592,0.5592,0.5592,1.0,13133022.0,1.0,1.0,87.0,4.0,0.04597701,0.6685,0.1625,3.0,True
False,0.0,,1.0,1.0,1.0,0.0,0.0,1.0,1.0,46.0,46.0,1.0,0.6911,0.0002,,True
False,0.0,,1.0,1.0,1.0,0.0,0.0,1.0,1.0,22.0,22.0,1.0,0.6911,0.0002,1.0,True
False,0.0,0.5438,0.6008,0.6008,0.6008,1.0,13133022.0,1.0,1.0,22.0,4.0,0.18181819,0.6685,0.1625,1.0,True
False,0.0,,1.0,1.0,1.0,0.0,0.0,1.0,1.0,50.0,50.0,1.0,0.6911,0.0002,,True
False,0.0,,1.0,1.0,1.0,0.0,0.0,1.0,1.0,59.0,59.0,1.0,0.6911,0.0002,2.0,True
False,0.0,0.5438,0.5764,0.5764,0.5764,1.0,13133022.0,1.0,1.0,54.0,11.0,0.2037037,0.6685,0.1625,2.0,True
False,0.0,,1.0,1.0,1.0,0.0,0.0,1.0,1.0,53.0,53.0,1.0,0.6911,0.0002,,True
False,0.0,,1.0,1.0,1.0,0.0,0.0,1.0,1.0,175.0,175.0,1.0,0.6911,0.0002,5.0,True
False,0.0,0.5438,0.5568,0.5568,0.5568,1.0,13133022.0,1.0,1.0,173.0,10.0,0.057803467,0.6685,0.1625,5.0,True
False,0.0,,1.0,1.0,1.0,0.0,0.0,1.0,1.0,80.0,80.0,1.0,0.6911,0.0002,,True
False,0.0,,1.0,1.0,1.0,0.0,0.0,1.0,1.0,74.0,74.0,1.0,0.6911,0.0002,4.0,True
False,0.0,0.5438,0.5502,0.5502,0.5502,1.0,13133022.0,1.0,1.0,70.0,5.0,0.071428575,0.6685,0.1625,4.0,True
False,0.0,,1.0,1.0,1.0,0.0,0.0,1.0,1.0,536.0,536.0,1.0,0.6911,0.0002,,True
False,0.0,,1.0,1.0,1.0,0.0,0.0,1.0,1.0,173.0,173.0,1.0,0.6911,0.0002,4.0,True
False,0.0,0.5438,0.5625,0.5625,0.5625,1.0,13133022.0,1.0,1.0,169.0,11.0,0.06508876,0.6685,0.1625,4.0,True
False,0.0,,1.0,1.0,1.0,0.0,0.0,1.0,1.0,459.0,459.0,1.0,0.6911,0.0002,,True
False,0.0,,1.0,1.0,1.0,0.0,0.0,1.0,1.0,61.0,61.0,1.0,0.6911,0.0002,2.0,True
False,0.0,0.5438,0.5831,0.5831,0.5831,1.0,13133022.0,1.0,1.0,56.0,13.0,0.23214285,0.6685,0.1625,2.0,True
False,0.0,,1.0,1.0,1.0,0.0,0.0,1.0,1.0,653.0,653.0,1.0,0.6911,0.0002,,True
False,0.0,,1.0,1.0,1.0,0.0,0.0,1.0,1.0,107.0,107.0,1.0,0.6911,0.0002,6.0,True
False,0.0,0.5438,0.5739,0.5739,0.5739,1.0,13133022.0,1.0,1.0,103.0,14.0,0.13592233,0.6685,0.1625,6.0,True
False,0.0,,1.0,1.0,1.0,0.0,0.0,1.0,1.0,474.0,474.0,1.0,0.6911,0.0002,,True
False,0.0,,1.0,1.0,1.0,0.0,0.0,1.0,1.0,55.0,55.0,1.0,0.6911,0.0002,1.0,True
False,0.0,0.5438,0.5438,0.5438,0.5438,1.0,13133022.0,1.0,1.0,54.0,1.0,0.018518519,0.6685,0.1625,1.0,True
False,0.0,,1.0,1.0,1.0,0.0,0.0,1.0,1.0,397.0,397.0,1.0,0.6911,0.0002,,True
False,0.0,,1.0,1.0,1.0,0.0,0.0,1.0,1.0,661.0,661.0,1.0,0.6911,0.0002,,True
False,0.0,,1.0,1.0,1.0,0.0,0.0,1.0,1.0,10.0,10.0,1.0,0.6911,0.0002,2.0,True
False,0.0,0.5438,0.6578,0.6578,0.6578,1.0,13133022.0,1.0,1.0,10.0,4.0,0.4,0.6685,0.1625,2.0,True
False,0.0,,1.0,1.0,1.0,0.0,0.0,1.0,1.0,136.0,136.0,1.0,0.6911,0.0002,3.0,True
False,0.0,0.5438,0.57,0.57,0.57,1.0,13133022.0,1.0,1.0,136.0,9.0,0.066176474,0.6685,0.1625,3.0,True
False,0.0,,1.0,1.0,1.0,0.0,0.0,1.0,1.0,93.0,93.0,1.0,0.6911,0.0002,,True
False,0.0,,1.0,1.0,1.0,0.0,0.0,1.0,1.0,78.0,78.0,1.0,0.6911,0.0002,1.0,True
False,0.0,0.5438,0.5666,0.5666,0.5666,1.0,13133022.0,1.0,1.0,78.0,6.0,0.07692308,0.6685,0.1625,1.0,True
False,0.0,,1.0,1.0,1.0,0.0,0.0,1.0,1.0,202.0,202.0,1.0,0.6911,0.0002,,True
False,0.0,,1.0,1.0,1.0,0.0,0.0,1.0,1.0,70.0,70.0,1.0,0.6911,0.0002,1.0,True
False,0.0,0.5438,0.5691,0.5691,0.5691,1.0,13133022.0,1.0,1.0,70.0,6.0,0.08571429,0.6685,0.1625,1.0,True
False,0.0,,1.0,1.0,1.0,0.0,0.0,1.0,1.0,39.0,39.0,1.0,0.6911,0.0002,,True
False,0.0,,1.0,1.0,1.0,0.0,0.0,1.0,1.0,230.0,230.0,1.0,0.6911,0.0002,5.0,True
False,0.0,0.5438,0.5597,0.5597,0.5597,1.0,13133022.0,1.0,1.0,227.0,16.0,0.07048458,0.6685,0.1625,5.0,True
False,0.0,,1.0,1.0,1.0,0.0,0.0,1.0,1.0,611.0,611.0,1.0,0.6911,0.0002,60.0,True
False,0.0,0.5438,0.546,0.546,0.546,1.0,13133022.0,1.0,1.0,611.0,4.0,0.006546645,0.6685,0.1625,60.0,True
False,0.0,,1.0,1.0,1.0,0.0,0.0,1.0,1.0,107.0,107.0,1.0,0.6911,0.0002,4.0,True
False,0.0,0.5438,0.5691,0.5691,0.5691,1.0,13133022.0,1.0,1.0,106.0,8.0,0.0754717,0.6685,0.1625,4.0,True
False,0.0,,1.0,1.0,1.0,0.0,0.0,1.0,1.0,47.0,47.0,1.0,0.6911,0.0002,1.0,True
False,0.0,0.5438,0.5818,0.5818,0.5818,1.0,13133022.0,1.0,1.0,46.0,7.0,0.1521739,0.6685,0.1625,1.0,True
False,0.0,,1.0,1.0,1.0,0.0,0.0,1.0,1.0,228.0,228.0,1.0,0.6911,0.0002,4.0,True
False,0.0,0.5438,0.5578,0.5578,0.5578,1.0,13133022.0,1.0,1.0,226.0,9.0,0.03982301,0.6685,0.1625,4.0,True
False,0.0,,1.0,1.0,1.0,0.0,0.0,1.0,1.0,158.0,158.0,1.0,0.6911,0.0002,3.0,True
False,0.0,0.5438,0.5696,0.5696,0.5696,1.0,13133022.0,1.0,1.0,156.0,15.0,0.09615385,0.6685,0.1625,3.0,True
False,0.0,,1.0,1.0,1.0,0.0,0.0,1.0,1.0,55.0,55.0,1.0,0.6911,0.0002,1.0,True
False,0.0,0.5438,0.5752,0.5752,0.5752,1.0,13133022.0,1.0,1.0,56.0,5.0,0.08928572,0.6685,0.1625,1.0,True
False,0.0,,1.0,1.0,1.0,0.0,0.0,1.0,1.0,209.0,209.0,1.0,0.6911,0.0002,10.0,True
False,0.0,0.5438,0.5567,0.5567,0.5567,1.0,13133022.0,1.0,1.0,209.0,10.0,0.04784689,0.6685,0.1625,10.0,True
False,0.0,,1.0,1.0,1.0,0.0,0.0,1.0,1.0,46.0,46.0,1.0,0.6911,0.0002,2.0,True
False,0.0,0.5438,0.5723,0.5723,0.5723,1.0,13133022.0,1.0,1.0,46.0,4.0,0.08695652,0.6685,0.1625,2.0,True
False,0.0,,1.0,1.0,1.0,0.0,0.0,1.0,1.0,29.0,29.0,1.0,0.6911,0.0002,1.0,True
False,0.0,0.5438,0.5865,0.5865,0.5865,1.0,13133022.0,1.0,1.0,30.0,3.0,0.1,0.6685,0.1625,1.0,True
False,0.0,,1.0,1.0,1.0,0.0,0.0,1.0,1.0,53.0,53.0,1.0,0.6911,0.0002,,True
False,0.0,,1.0,1.0,1.0,0.0,0.0,1.0,1.0,215.0,215.0,1.0,0.6911,0.0002,17.0,True
False,0.0,0.5438,0.5607,0.5607,0.5607,1.0,13133022.0,1.0,1.0,214.0,13.0,0.060747664,0.6685,0.1625,17.0,True
False,0.0,,1.0,1.0,1.0,0.0,0.0,1.0,1.0,259.0,259.0,1.0,0.6911,0.0002,,True
False,0.0,,1.0,1.0,1.0,0.0,0.0,1.0,1.0,39.0,39.0,1.0,0.6911,0.0002,4.0,True
False,0.0,0.5438,0.6023,0.6023,0.6023,1.0,13133022.0,1.0,1.0,38.0,6.0,0.15789473,0.6685,0.1625,4.0,True
False,0.0,,1.0,1.0,1.0,0.0,0.0,1.0,1.0,163.0,163.0,1.0,0.6911,0.0002,3.0,True
False,0.0,0.992,0.9922,0.9922,0.9922,1.0,256144.0,1.0,1.0,164.0,3.0,0.018292682,0.6913,0.0055,3.0,False
False,0.0,0.5439,0.5439,0.5439,0.5439,2.0,13133022.0,1.0,1.0,162.0,2.0,0.012345679,0.6685,0.1625,3.0,True
False,0.0,,1.0,1.0,1.0,0.0,0.0,1.0,1.0,39.0,39.0,1.0,0.6911,0.0002,1.0,True
False,0.0,0.5438,0.578,0.578,0.578,1.0,13133022.0,1.0,1.0,38.0,5.0,0.13157895,0.6685,0.1625,1.0,True
False,0.0,,1.0,1.0,1.0,0.0,0.0,1.0,1.0,331.0,331.0,1.0,0.6911,0.0002,23.0,True
False,0.0,0.5438,0.5493,0.5493,0.5493,1.0,13133022.0,1.0,1.0,330.0,7.0,0.021212121,0.6685,0.1625,23.0,True
False,0.0,,1.0,1.0,1.0,0.0,0.0,1.0,1.0,159.0,159.0,1.0,0.6911,0.0002,7.0,True
False,0.0,0.5438,0.5523,0.5523,0.5523,1.0,13133022.0,1.0,1.0,159.0,4.0,0.025157232,0.6685,0.1625,7.0,True
False,0.0,,1.0,1.0,1.0,0.0,0.0,1.0,1.0,196.0,196.0,1.0,0.6911,0.0002,6.0,True
False,0.0,0.5438,0.5576,0.5576,0.5576,1.0,13133022.0,1.0,1.0,196.0,10.0,0.05102041,0.6685,0.1625,6.0,True
False,0.0,,1.0,1.0,1.0,0.0,0.0,1.0,1.0,21.0,21.0,1.0,0.6911,0.0002,2.0,True
False,0.0,0.5438,0.5852,0.5852,0.5852,1.0,13133022.0,1.0,1.0,20.0,3.0,0.15,0.6685,0.1625,2.0,True
False,0.0,,1.0,1.0,1.0,0.0,0.0,1.0,1.0,21.0,21.0,1.0,0.6911,0.0002,2.0,True
False,0.0,0.5438,0.5852,0.5852,0.5852,1.0,13133022.0,1.0,1.0,20.0,3.0,0.15,0.6685,0.1625,2.0,True
False,0.0,,1.0,1.0,1.0,0.0,0.0,1.0,1.0,21.0,21.0,1.0,0.6911,0.0002,2.0,True
False,0.0,0.5438,0.5852,0.5852,0.5852,1.0,13133022.0,1.0,1.0,20.0,3.0,0.15,0.6685,0.1625,2.0,True
False,0.0,,1.0,1.0,1.0,0.0,0.0,1.0,1.0,52.0,52.0,1.0,0.6911,0.0002,2.0,True
False,0.0,0.5438,0.5438,0.5438,0.5438,1.0,13133022.0,1.0,1.0,51.0,1.0,0.019607844,0.6685,0.1625,2.0,True
False,0.0,,1.0,1.0,1.0,0.0,0.0,1.0,1.0,467.0,467.0,1.0,0.6911,0.0002,31.0,True
False,0.0,0.5438,0.5574,0.5574,0.5574,1.0,13133022.0,1.0,1.0,466.0,27.0,0.057939913,0.6685,0.1625,31.0,True
False,0.0,,1.0,1.0,1.0,0.0,0.0,1.0,1.0,55.0,55.0,1.0,0.6911,0.0002,3.0,True
False,0.0,0.5438,0.5682,0.5682,0.5682,1.0,13133022.0,1.0,1.0,54.0,5.0,0.09259259,0.6685,0.1625,3.0,True
False,0.0,,1.0,1.0,1.0,0.0,0.0,1.0,1.0,85.0,85.0,1.0,0.6653,0.1561,3.0,False
False,0.0,0.9646,0.9665,0.9665,0.9665,1.0,784060.0,1.0,1.0,88.0,4.0,0.045454547,0.6685,0.1625,3.0,True
False,0.0,,1.0,1.0,1.0,0.0,0.0,1.0,1.0,74.0,74.0,1.0,0.6911,0.0002,1.0,True
False,0.0,0.5438,0.5502,0.5502,0.5502,1.0,13133022.0,1.0,1.0,70.0,5.0,0.071428575,0.6685,0.1625,1.0,True
False,0.0,,1.0,1.0,1.0,0.0,0.0,1.0,1.0,104.0,104.0,1.0,0.6911,0.0002,2.0,True
False,0.0,0.5438,0.5572,0.5572,0.5572,1.0,13133022.0,1.0,1.0,100.0,8.0,0.08,0.6685,0.1625,2.0,True
False,0.0,,1.0,1.0,1.0,0.0,0.0,1.0,1.0,260.0,260.0,1.0,0.6911,0.0002,6.0,True
False,0.0,0.5438,0.5456,0.5456,0.5456,1.0,13133022.0,1.0,1.0,253.0,8.0,0.031620555,0.6685,0.1625,6.0,True
False,0.0,,1.0,1.0,1.0,0.0,0.0,1.0,1.0,143.0,143.0,1.0,0.6911,0.0002,2.0,True
False,0.0,0.5438,0.5471,0.5471,0.5471,1.0,13133022.0,1.0,1.0,136.0,8.0,0.05882353,0.6685,0.1625,2.0,True
False,0.0,,1.0,1.0,1.0,0.0,0.0,1.0,1.0,103.0,103.0,1.0,0.6911,0.0002,5.0,True
False,0.0,0.5438,0.5655,0.5655,0.5655,1.0,13133022.0,1.0,1.0,103.0,8.0,0.0776699,0.6685,0.1625,5.0,True
False,0.0,,1.0,1.0,1.0,0.0,0.0,1.0,1.0,44.0,44.0,1.0,0.6911,0.0002,1.0,True
False,0.0,0.5438,0.5735,0.5735,0.5735,1.0,13133022.0,1.0,1.0,44.0,4.0,0.09090909,0.6685,0.1625,1.0,True
False,0.0,,1.0,1.0,1.0,0.0,0.0,1.0,1.0,88.0,88.0,1.0,0.6911,0.0002,6.0,True
False,0.0,0.5438,0.5641,0.5641,0.5641,1.0,13133022.0,1.0,1.0,88.0,6.0,0.06818182,0.6685,0.1625,6.0,True
False,0.0,,1.0,1.0,1.0,0.0,0.0,1.0,1.0,88.0,88.0,1.0,0.6911,0.0002,4.0,True
False,0.0,0.5438,0.5438,0.5438,0.5438,1.0,13133022.0,1.0,1.0,86.0,2.0,0.023255814,0.6685,0.1625,4.0,True
False,0.0,,1.0,1.0,1.0,0.0,0.0,1.0,1.0,84.0,84.0,1.0,0.6654,0.1552,2.0,False
False,0.0,0.9723,0.9739,0.9739,0.9739,1.0,631290.0,1.0,1.0,87.0,4.0,0.04597701,0.6685,0.1625,2.0,True
False,0.0,,1.0,1.0,1.0,0.0,0.0,1.0,1.0,17.0,17.0,1.0,0.6911,0.0002,1.0,True
False,0.0,0.5438,0.6158,0.6158,0.6158,1.0,13133022.0,1.0,1.0,17.0,4.0,0.23529412,0.6685,0.1625,1.0,True
False,0.0,0.1081,0.2754,0.2754,0.2754,2.0,50699629.0,1.0,1.0,18.0,3.0,0.16666667,0.5935,0.6782,1.0,True
False,0.0,,0.1429,0.2745,0.1373,3.0,50805115.0,2.0,2.0,18.0,3.0,0.16666667,0.6189,0.6958,1.0,False
True,1.0,0.1296,0.1296,0.2702,0.1351,4.0,51199743.0,2.0,2.0,18.0,3.0,0.16666667,0.6402,0.7117,,False
False,0.0,,1.0,1.0,1.0,0.0,0.0,1.0,1.0,16.0,16.0,1.0,0.6911,0.0002,0.0,True
False,0.0,0.5438,0.6198,0.6198,0.6198,1.0,13133022.0,1.0,1.0,16.0,4.0,0.25,0.6685,0.1625,0.0,True
False,0.0,0.1088,0.2884,0.2884,0.2884,2.0,50699629.0,1.0,1.0,17.0,3.0,0.1764706,0.5935,0.6782,0.0,True
False,0.0,,0.15,0.2875,0.1438,3.0,50805115.0,2.0,2.0,17.0,3.0,0.1764706,0.6189,0.6958,0.0,False
True,1.0,0.1353,0.1353,0.2829,0.1415,4.0,51199743.0,2.0,2.0,17.0,3.0,0.1764706,0.6402,0.7117,,False
False,0.0,,1.0,1.0,1.0,0.0,0.0,1.0,1.0,80.0,80.0,1.0,0.6911,0.0002,11.0,True
False,0.0,0.988,0.9889,0.9889,0.9889,1.0,333686.0,1.0,1.0,83.0,3.0,0.036144577,0.6921,0.0081,11.0,False
False,0.0,0.5444,0.5651,0.5651,0.5651,2.0,13133022.0,1.0,1.0,83.0,6.0,0.072289154,0.6685,0.1625,11.0,True
False,0.0,0.0992,0.1385,0.1385,0.1385,3.0,50699629.0,1.0,1.0,84.0,3.0,0.035714287,0.5935,0.6782,11.0,True
False,0.0,,0.0333,0.1377,0.0688,4.0,50805115.0,2.0,2.0,84.0,3.0,0.035714287,0.6189,0.6958,11.0,False
True,1.0,0.1027,0.1027,0.1355,0.0677,5.0,51199743.0,2.0,2.0,84.0,3.0,0.035714287,0.6402,0.7117,,False
False,0.0,,1.0,1.0,1.0,0.0,0.0,1.0,1.0,16.0,16.0,1.0,0.6911,0.0002,1.0,True
False,0.0,0.5438,0.6198,0.6198,0.6198,1.0,13133022.0,1.0,1.0,16.0,4.0,0.25,0.6685,0.1625,1.0,True
False,0.0,0.1088,0.2844,0.2844,0.2844,2.0,50699629.0,1.0,1.0,17.0,3.0,0.1764706,0.5935,0.6782,1.0,True
False,0.0,,0.15,0.2835,0.1418,3.0,50805115.0,2.0,2.0,17.0,3.0,0.1764706,0.6189,0.6958,1.0,False
True,1.0,0.1314,0.1314,0.279,0.1395,4.0,51199743.0,2.0,2.0,17.0,3.0,0.1764706,0.6402,0.7117,,False
False,0.0,,1.0,1.0,1.0,0.0,0.0,1.0,1.0,187.0,187.0,1.0,0.6911,0.0002,4.0,True
False,0.0,0.1125,0.1588,0.1588,0.1588,1.0,47163297.0,1.0,1.0,189.0,9.0,0.04761905,0.5733,0.5036,4.0,True
False,0.0,0.1349,0.1679,0.1679,0.1679,2.0,50699629.0,1.0,1.0,190.0,7.0,0.036842104,0.5935,0.6782,4.0,True
False,0.0,,0.0155,0.1668,0.0834,3.0,50805115.0,2.0,2.0,190.0,3.0,0.015789473,0.6189,0.6958,4.0,False
True,1.0,0.1489,0.1489,0.1641,0.0821,4.0,51199743.0,2.0,2.0,190.0,3.0,0.015789473,0.6402,0.7117,,False
False,0.0,,1.0,1.0,1.0,0.0,0.0,1.0,1.0,299.0,299.0,1.0,0.6911,0.0002,9.0,True
False,0.0,0.0955,0.1284,0.1284,0.1284,1.0,50699629.0,1.0,1.0,300.0,10.0,0.033333335,0.5935,0.6782,9.0,True
False,0.0,,0.0099,0.1276,0.0638,2.0,50805115.0,2.0,2.0,300.0,3.0,0.01,0.6189,0.6958,9.0,False
True,1.0,0.1158,0.1158,0.1256,0.0628,3.0,51199743.0,2.0,2.0,300.0,3.0,0.01,0.6402,0.7117,,False
False,0.0,,1.0,1.0,1.0,0.0,0.0,1.0,1.0,106.0,106.0,1.0,0.6911,0.0002,9.0,True
False,0.0,0.0955,0.1287,0.1287,0.1287,1.0,50699629.0,1.0,1.0,107.0,3.0,0.028037382,0.5935,0.6782,9.0,True
False,0.0,,0.0275,0.1279,0.064,2.0,50805115.0,2.0,2.0,107.0,3.0,0.028037382,0.6189,0.6958,9.0,False
True,1.0,0.0988,0.0988,0.1259,0.0629,3.0,51199743.0,2.0,2.0,107.0,3.0,0.028037382,0.6402,0.7117,,False
False,0.0,,1.0,1.0,1.0,0.0,0.0,1.0,1.0,128.0,128.0,1.0,0.6911,0.0002,3.0,True
False,0.0,0.992,0.9922,0.9922,0.9922,1.0,256144.0,1.0,1.0,128.0,3.0,0.0234375,0.6913,0.0055,3.0,False
True,1.0,0.0994,0.1269,0.1269,0.1269,2.0,49833434.0,1.0,1.0,129.0,3.0,0.023255814,0.5518,0.5998,3.0,True
False,1.0,0.1219,0.1487,0.1487,0.1487,3.0,50699629.0,1.0,1.0,130.0,3.0,0.023076924,0.5935,0.6782,3.0,True
False,1.0,,0.0226,0.1479,0.0739,4.0,50805115.0,2.0,2.0,130.0,3.0,0.023076924,0.6189,0.6958,3.0,False
True,2.0,0.1233,0.1233,0.1455,0.0728,5.0,51199743.0,2.0,2.0,130.0,3.0,0.023076924,0.6402,0.7117,,False
False,0.0,,1.0,1.0,1.0,0.0,0.0,1.0,1.0,105.0,105.0,1.0,0.6911,0.0002,5.0,True
False,0.0,0.992,0.9925,0.9925,0.9925,1.0,256144.0,1.0,1.0,105.0,6.0,0.057142857,0.6913,0.0055,5.0,False
False,0.0,0.0956,0.1284,0.1284,0.1284,2.0,50699629.0,1.0,1.0,106.0,3.0,0.028301887,0.5935,0.6782,5.0,True
False,0.0,,0.0273,0.1277,0.0638,3.0,50805115.0,2.0,2.0,106.0,3.0,0.028301887,0.6189,0.6958,5.0,False
True,1.0,0.0988,0.0988,0.1256,0.0628,4.0,51199743.0,2.0,2.0,106.0,3.0,0.028301887,0.6402,0.7117,,False
False,0.0,,1.0,1.0,1.0,0.0,0.0,1.0,1.0,100.0,100.0,1.0,0.6911,0.0002,9.0,True
False,0.0,0.0955,0.1306,0.1306,0.1306,1.0,50699629.0,1.0,1.0,101.0,3.0,0.02970297,0.5935,0.6782,9.0,True
False,0.0,,0.0291,0.1298,0.0649,2.0,50805115.0,2.0,2.0,101.0,3.0,0.02970297,0.6189,0.6958,9.0,False
True,1.0,0.0991,0.0991,0.1278,0.0639,3.0,51199743.0,2.0,2.0,101.0,3.0,0.02970297,0.6402,0.7117,,False
False,0.0,,1.0,1.0,1.0,0.0,0.0,1.0,1.0,208.0,208.0,1.0,0.6911,0.0002,5.0,True
False,0.0,,0.0048,0.2555,0.1277,1.0,29780186.0,2.0,2.0,208.0,1.0,0.0048076925,0.5122,0.0612,5.0,False
False,0.0,,,0.2534,0.1267,2.0,29955483.0,2.0,3.0,208.0,1.0,0.0048076925,0.6244,0.7563,,False
False,0.0,0.095,0.1208,0.1226,0.0613,3.0,50699629.0,2.0,3.0,209.0,5.0,0.023923445,0.5935,0.6782,5.0,True
False,0.0,,0.0142,0.1218,0.0406,4.0,50805115.0,3.0,4.0,209.0,3.0,0.014354067,0.6189,0.6958,5.0,False
True,1.0,0.1041,0.1041,0.1198,0.0399,5.0,51199743.0,3.0,4.0,209.0,3.0,0.014354067,0.6402,0.7117,,False
True,1.0,,1.0,1.0,1.0,0.0,0.0,1.0,1.0,128.0,128.0,1.0,0.6646,0.168,9.0,True
False,1.0,0.1158,0.1428,0.1428,0.1428,1.0,46502223.0,1.0,1.0,129.0,3.0,0.023255814,0.5935,0.6782,9.0,True
False,1.0,,0.0229,0.1423,0.0711,2.0,46607709.0,2.0,2.0,129.0,3.0,0.023255814,0.6189,0.6958,9.0,False
True,2.0,0.117,0.117,0.1396,0.0698,3.0,47002337.0,2.0,2.0,129.0,3.0,0.023255814,0.6402,0.7117,,False
False,0.0,,1.0,1.0,1.0,0.0,0.0,1.0,1.0,109.0,109.0,1.0,0.6911,0.0002,3.0,True
False,0.0,0.0955,0.1278,0.1278,0.1278,1.0,50699629.0,1.0,1.0,110.0,3.0,0.027272727,0.5935,0.6782,3.0,True
False,0.0,,0.0268,0.127,0.0635,2.0,50805115.0,2.0,2.0,110.0,3.0,0.027272727,0.6189,0.6958,3.0,False
True,1.0,0.0986,0.0986,0.125,0.0625,3.0,51199743.0,2.0,2.0,110.0,3.0,0.027272727,0.6402,0.7117,,False
False,0.0,,1.0,1.0,1.0,0.0,0.0,1.0,1.0,210.0,210.0,1.0,0.6911,0.0002,4.0,True
False,0.0,0.0955,0.1252,0.1252,0.1252,1.0,50699629.0,1.0,1.0,211.0,6.0,0.028436018,0.5935,0.6782,4.0,True
False,0.0,,0.0141,0.1244,0.0622,2.0,50805115.0,2.0,2.0,211.0,3.0,0.014218009,0.6189,0.6958,4.0,False
True,1.0,0.1086,0.1086,0.1224,0.0612,3.0,51199743.0,2.0,2.0,211.0,3.0,0.014218009,0.6402,0.7117,,False
False,0.0,,1.0,1.0,1.0,0.0,0.0,1.0,1.0,192.0,192.0,1.0,0.6911,0.0002,4.0,True
False,0.0,0.988,0.9893,0.9893,0.9893,1.0,270982.0,1.0,1.0,171.0,41.0,0.23976608,0.6915,0.0065,6.0,True
False,0.0,0.8598,0.8613,0.8613,0.8613,2.0,3344246.0,1.0,1.0,171.0,2.0,0.0116959065,0.6629,0.1578,6.0,False
False,0.0,0.8544,0.8694,0.8694,0.8694,3.0,3534474.0,1.0,1.0,188.0,17.0,0.09042553,0.6642,0.1658,7.0,False
True,1.0,0.8424,0.8756,0.8756,0.8756,4.0,4197406.0,1.0,1.0,124.0,94.0,0.7580645,0.6646,0.168,6.0,True
False,1.0,0.1013,0.1468,0.1468,0.1468,5.0,50699629.0,1.0,1.0,125.0,6.0,0.048,0.5935,0.6782,6.0,True
False,1.0,,0.0435,0.1462,0.0731,6.0,50805115.0,2.0,2.0,125.0,6.0,0.048,0.6189,0.6958,6.0,False
True,2.0,0.1009,0.1009,0.1437,0.0719,7.0,51199743.0,2.0,2.0,125.0,6.0,0.048,0.6402,0.7117,,False
False,0.0,,1.0,1.0,1.0,0.0,0.0,1.0,1.0,163.0,163.0,1.0,0.6911,0.0002,2.0,True
False,0.0,0.0955,0.1227,0.1227,0.1227,1.0,50699629.0,1.0,1.0,164.0,4.0,0.024390243,0.5935,0.6782,2.0,True
False,0.0,,0.0181,0.1219,0.061,2.0,50805115.0,2.0,2.0,164.0,3.0,0.018292682,0.6189,0.6958,2.0,False
True,1.0,0.1022,0.1022,0.12,0.06,3.0,51199743.0,2.0,2.0,164.0,3.0,0.018292682,0.6402,0.7117,,False
False,0.0,,1.0,1.0,1.0,0.0,0.0,1.0,1.0,135.0,135.0,1.0,0.6911,0.0002,5.0,True
False,0.0,0.988,0.9898,0.9898,0.9898,1.0,270982.0,1.0,1.0,119.0,44.0,0.3697479,0.6915,0.0065,7.0,True
False,0.0,0.8603,0.8624,0.8624,0.8624,2.0,3344246.0,1.0,1.0,119.0,2.0,0.016806724,0.6629,0.1578,7.0,False
False,0.0,0.859,0.8855,0.8855,0.8855,3.0,3435044.0,1.0,1.0,137.0,29.0,0.21167883,0.6641,0.1654,8.0,True
True,1.0,0.8549,0.8721,0.8721,0.8721,4.0,4197406.0,1.0,1.0,137.0,14.0,0.10218978,0.6646,0.168,8.0,True
False,1.0,0.1009,0.1257,0.1257,0.1257,5.0,50699629.0,1.0,1.0,138.0,3.0,0.02173913,0.5935,0.6782,8.0,True
False,1.0,,0.0207,0.1251,0.0625,6.0,50805115.0,2.0,2.0,138.0,3.0,0.02173913,0.6189,0.6958,8.0,False
True,2.0,0.1027,0.1027,0.123,0.0615,7.0,51199743.0,2.0,2.0,138.0,3.0,0.02173913,0.6402,0.7117,,False
False,0.0,,1.0,1.0,1.0,0.0,0.0,1.0,1.0,48.0,48.0,1.0,0.6911,0.0002,1.0,True
False,0.0,0.0955,0.1842,0.1842,0.1842,1.0,50699629.0,1.0,1.0,49.0,4.0,0.08163265,0.5935,0.6782,1.0,True
False,0.0,,0.0588,0.1833,0.0917,2.0,50805115.0,2.0,2.0,49.0,3.0,0.06122449,0.6189,0.6958,1.0,False
True,1.0,0.1225,0.1225,0.1804,0.0902,3.0,51199743.0,2.0,2.0,49.0,3.0,0.06122449,0.6402,0.7117,,False
False,0.0,,1.0,1.0,1.0,0.0,0.0,1.0,1.0,155.0,155.0,1.0,0.6911,0.0002,3.0,True
False,0.0,0.0955,0.1184,0.1184,0.1184,1.0,50699629.0,1.0,1.0,156.0,3.0,0.01923077,0.5935,0.6782,3.0,True
False,0.0,,0.019,0.1176,0.0588,2.0,50805115.0,2.0,2.0,156.0,3.0,0.01923077,0.6189,0.6958,3.0,False
True,1.0,0.0971,0.0971,0.1158,0.0579,3.0,51199743.0,2.0,2.0,156.0,3.0,0.01923077,0.6402,0.7117,,False
False,0.0,,1.0,1.0,1.0,0.0,0.0,1.0,1.0,60.0,60.0,1.0,0.6911,0.0002,3.0,True
False,0.0,0.988,0.9891,0.9891,0.9891,1.0,270982.0,1.0,1.0,64.0,5.0,0.078125,0.6915,0.0065,4.0,True
False,0.0,0.2263,0.3992,0.3992,0.3992,2.0,32111432.0,1.0,1.0,80.0,16.0,0.2,0.6901,0.7515,4.0,False
False,0.0,0.1687,0.2086,0.2086,0.2086,3.0,50699629.0,1.0,1.0,81.0,3.0,0.037037037,0.5935,0.6782,4.0,True
False,0.0,,0.0345,0.2076,0.1038,4.0,50805115.0,2.0,2.0,81.0,3.0,0.037037037,0.6189,0.6958,4.0,False
True,1.0,0.1703,0.1703,0.2043,0.1021,5.0,51199743.0,2.0,2.0,81.0,3.0,0.037037037,0.6402,0.7117,,False
False,0.0,,1.0,1.0,1.0,0.0,0.0,1.0,1.0,416.0,416.0,1.0,0.6911,0.0002,14.0,True
False,0.0,0.0955,0.1041,0.1041,0.1041,1.0,50699629.0,1.0,1.0,417.0,3.0,0.007194245,0.5935,0.6782,14.0,True
False,0.0,,0.0072,0.1034,0.0517,2.0,50805115.0,2.0,2.0,417.0,3.0,0.007194245,0.6189,0.6958,14.0,False
True,1.0,0.0947,0.0947,0.1017,0.0509,3.0,51199743.0,2.0,2.0,417.0,3.0,0.007194245,0.6402,0.7117,,False
False,0.0,,1.0,1.0,1.0,0.0,0.0,1.0,1.0,330.0,330.0,1.0,0.6911,0.0002,10.0,True
False,0.0,0.992,0.9921,0.9921,0.9921,1.0,256144.0,1.0,1.0,331.0,3.0,0.009063444,0.6913,0.0055,10.0,False
False,0.0,0.9882,0.9885,0.9885,0.9885,2.0,325328.0,1.0,1.0,337.0,7.0,0.020771513,0.6915,0.0052,10.0,False
False,0.0,0.0955,0.1061,0.1061,0.1061,3.0,50699629.0,1.0,1.0,338.0,3.0,0.00887574,0.5935,0.6782,10.0,True
False,0.0,,0.0088,0.1054,0.0527,4.0,50805115.0,2.0,2.0,338.0,3.0,0.00887574,0.6189,0.6958,10.0,False
True,1.0,0.095,0.095,0.1037,0.0518,5.0,51199743.0,2.0,2.0,338.0,3.0,0.00887574,0.6402,0.7117,,False
False,0.0,,1.0,1.0,1.0,0.0,0.0,1.0,1.0,107.0,107.0,1.0,0.6911,0.0002,3.0,True
False,0.0,0.0955,0.1284,0.1284,0.1284,1.0,50699629.0,1.0,1.0,108.0,3.0,0.027777778,0.5935,0.6782,3.0,True
False,0.0,,0.0273,0.1276,0.0638,2.0,50805115.0,2.0,2.0,108.0,3.0,0.027777778,0.6189,0.6958,3.0,False
True,1.0,0.0987,0.0987,0.1256,0.0628,3.0,51199743.0,2.0,2.0,108.0,3.0,0.027777778,0.6402,0.7117,,False
False,0.0,,1.0,1.0,1.0,0.0,0.0,1.0,1.0,96.0,96.0,1.0,0.6911,0.0002,2.0,True
False,0.0,0.0955,0.132,0.132,0.132,1.0,50699629.0,1.0,1.0,97.0,3.0,0.030927835,0.5935,0.6782,2.0,True
False,0.0,,0.0303,0.1313,0.0656,2.0,50805115.0,2.0,2.0,97.0,3.0,0.030927835,0.6189,0.6958,2.0,False
True,1.0,0.0994,0.0994,0.1292,0.0646,3.0,51199743.0,2.0,2.0,97.0,3.0,0.030927835,0.6402,0.7117,,False
False,0.0,,1.0,1.0,1.0,0.0,0.0,1.0,1.0,96.0,96.0,1.0,0.6911,0.0002,2.0,True
False,0.0,0.992,0.9922,0.9922,0.9922,1.0,256144.0,1.0,1.0,96.0,2.0,0.020833334,0.6913,0.0055,2.0,False
False,0.0,0.0955,0.1321,0.1321,0.1321,2.0,50699629.0,1.0,1.0,97.0,3.0,0.030927835,0.5935,0.6782,2.0,True
False,0.0,,0.0303,0.1313,0.0656,3.0,50805115.0,2.0,2.0,97.0,3.0,0.030927835,0.6189,0.6958,2.0,False
True,1.0,0.0994,0.0994,0.1292,0.0646,4.0,51199743.0,2.0,2.0,97.0,3.0,0.030927835,0.6402,0.7117,,False
False,0.0,,1.0,1.0,1.0,0.0,0.0,1.0,1.0,96.0,96.0,1.0,0.6911,0.0002,1.0,True
False,0.0,0.566,0.6173,0.6173,0.6173,1.0,12348962.0,1.0,1.0,107.0,11.0,0.10280374,0.6653,0.1561,2.0,False
False,0.0,0.1042,0.1364,0.1364,0.1364,2.0,50699629.0,1.0,1.0,108.0,3.0,0.027777778,0.5935,0.6782,2.0,True
False,0.0,,0.0268,0.1355,0.0678,3.0,50805115.0,2.0,2.0,108.0,3.0,0.027777778,0.6189,0.6958,2.0,False
True,1.0,0.107,0.107,0.1334,0.0667,4.0,51199743.0,2.0,2.0,108.0,3.0,0.027777778,0.6402,0.7117,,False
False,0.0,,1.0,1.0,1.0,0.0,0.0,1.0,1.0,490.0,490.0,1.0,0.6911,0.0002,12.0,True
False,0.0,0.0955,0.1083,0.1083,0.1083,1.0,50699629.0,1.0,1.0,491.0,6.0,0.012219959,0.5935,0.6782,12.0,True
False,0.0,,0.0061,0.1076,0.0538,2.0,50805115.0,2.0,2.0,491.0,3.0,0.0061099795,0.6189,0.6958,12.0,False
True,1.0,0.0999,0.0999,0.1058,0.0529,3.0,51199743.0,2.0,2.0,491.0,3.0,0.0061099795,0.6402,0.7117,,False
False,0.0,,1.0,1.0,1.0,0.0,0.0,1.0,1.0,210.0,210.0,1.0,0.6911,0.0002,6.0,True
False,0.0,0.992,0.9922,0.9922,0.9922,1.0,256144.0,1.0,1.0,211.0,3.0,0.014218009,0.6913,0.0055,6.0,False
False,0.0,0.0955,0.1123,0.1123,0.1123,2.0,50699629.0,1.0,1.0,212.0,3.0,0.014150944,0.5935,0.6782,6.0,True
False,0.0,,0.014,0.1116,0.0558,3.0,50805115.0,2.0,2.0,212.0,3.0,0.014150944,0.6189,0.6958,6.0,False
True,1.0,0.0961,0.0961,0.1098,0.0549,4.0,51199743.0,2.0,2.0,212.0,3.0,0.014150944,0.6402,0.7117,,False
False,0.0,,1.0,1.0,1.0,0.0,0.0,1.0,1.0,118.0,118.0,1.0,0.6911,0.0002,2.0,True
False,0.0,0.992,0.9922,0.9922,0.9922,1.0,256144.0,1.0,1.0,118.0,2.0,0.016949153,0.6913,0.0055,2.0,False
False,0.0,0.0955,0.1254,0.1254,0.1254,2.0,50699629.0,1.0,1.0,119.0,3.0,0.025210084,0.5935,0.6782,2.0,True
False,0.0,,0.0248,0.1246,0.0623,3.0,50805115.0,2.0,2.0,119.0,3.0,0.025210084,0.6189,0.6958,2.0,False
True,1.0,0.0983,0.0983,0.1227,0.0613,4.0,51199743.0,2.0,2.0,119.0,3.0,0.025210084,0.6402,0.7117,,False
False,0.0,,1.0,1.0,1.0,0.0,0.0,1.0,1.0,147.0,147.0,1.0,0.6625,0.1735,4.0,False
False,0.0,0.996,0.9966,0.9966,0.9966,1.0,87190.0,1.0,1.0,158.0,29.0,0.18354431,0.6626,0.17,5.0,False
False,0.0,0.5732,0.5861,0.5861,0.5861,2.0,12014348.0,1.0,1.0,161.0,4.0,0.024844721,0.6685,0.1625,5.0,True
False,0.0,0.1029,0.124,0.124,0.124,3.0,49580955.0,1.0,1.0,162.0,3.0,0.018518519,0.5935,0.6782,5.0,True
False,0.0,,0.018,0.1232,0.0616,4.0,49686441.0,2.0,2.0,162.0,3.0,0.018518519,0.6189,0.6958,5.0,False
True,1.0,0.1035,0.1035,0.1212,0.0606,5.0,50081069.0,2.0,2.0,162.0,3.0,0.018518519,0.6402,0.7117,,False
False,0.0,,1.0,1.0,1.0,0.0,0.0,1.0,1.0,77.0,77.0,1.0,0.5688,0.4464,5.0,False
False,0.0,0.7113,0.7257,0.7257,0.7257,1.0,7351317.0,1.0,1.0,78.0,3.0,0.03846154,0.5935,0.6782,5.0,True
False,0.0,,0.0375,0.723,0.3615,2.0,7456803.0,2.0,2.0,78.0,3.0,0.03846154,0.6189,0.6958,5.0,False
True,1.0,0.6746,0.6746,0.7115,0.3557,3.0,7851431.0,2.0,2.0,78.0,3.0,0.03846154,0.6402,0.7117,,False
True,1.0,,1.0,1.0,1.0,0.0,0.0,1.0,1.0,164.0,164.0,1.0,0.6646,0.168,8.0,True
False,1.0,0.6644,0.6685,0.6685,0.6685,1.0,8833776.0,1.0,1.0,164.0,2.0,0.0121951215,0.6655,0.1548,8.0,False
False,1.0,0.1165,0.1482,0.1482,0.1482,2.0,46502223.0,1.0,1.0,165.0,5.0,0.030303031,0.5935,0.6782,8.0,True
False,1.0,,0.0299,0.1477,0.0739,3.0,46607709.0,2.0,2.0,165.0,5.0,0.030303031,0.6189,0.6958,8.0,False
True,2.0,0.1155,0.1155,0.145,0.0725,4.0,47002337.0,2.0,2.0,165.0,5.0,0.030303031,0.6402,0.7117,,False
False,0.0,,1.0,1.0,1.0,0.0,0.0,1.0,1.0,471.0,471.0,1.0,0.6911,0.0002,17.0,True
False,0.0,0.992,0.9921,0.9921,0.9921,1.0,256144.0,1.0,1.0,472.0,3.0,0.006355932,0.6913,0.0055,17.0,False
False,0.0,0.0955,0.1031,0.1031,0.1031,2.0,50699629.0,1.0,1.0,473.0,3.0,0.006342495,0.5935,0.6782,17.0,True
False,0.0,,0.0063,0.1023,0.0512,3.0,50805115.0,2.0,2.0,473.0,3.0,0.006342495,0.6189,0.6958,17.0,False
True,1.0,0.0945,0.0945,0.1007,0.0504,4.0,51199743.0,2.0,2.0,473.0,3.0,0.006342495,0.6402,0.7117,,False
False,0.0,,1.0,1.0,1.0,0.0,0.0,1.0,1.0,1514.0,1514.0,1.0,0.6911,0.0002,17.0,True
False,0.0,0.8587,0.8594,0.8594,0.8594,1.0,3344246.0,1.0,1.0,1517.0,5.0,0.003295979,0.6629,0.1578,17.0,False
False,0.0,0.5442,0.5448,0.5448,0.5448,2.0,13133022.0,1.0,1.0,1516.0,3.0,0.001978892,0.6685,0.1625,17.0,True
False,0.0,0.0957,0.098,0.098,0.098,3.0,50699629.0,1.0,1.0,1517.0,3.0,0.0019775874,0.5935,0.6782,17.0,True
False,0.0,,0.0117,0.1061,0.0531,4.0,50805115.0,2.0,2.0,1525.0,16.0,0.010491803,0.6189,0.6958,17.0,False
True,1.0,0.0929,0.1039,0.1109,0.0555,5.0,51199743.0,2.0,2.0,1533.0,16.0,0.010437052,0.6402,0.7117,,False
False,0.0,,1.0,1.0,1.0,0.0,0.0,1.0,1.0,189.0,189.0,1.0,0.6911,0.0002,2.0,True
False,0.0,0.0955,0.119,0.119,0.119,1.0,50699629.0,1.0,1.0,190.0,4.0,0.021052632,0.5935,0.6782,2.0,True
False,0.0,,0.0156,0.1183,0.0591,2.0,50805115.0,2.0,2.0,190.0,3.0,0.015789473,0.6189,0.6958,2.0,False
True,1.0,0.101,0.101,0.1164,0.0582,3.0,51199743.0,2.0,2.0,190.0,3.0,0.015789473,0.6402,0.7117,,False
False,0.0,,1.0,1.0,1.0,0.0,0.0,1.0,1.0,372.0,372.0,1.0,0.6911,0.0002,9.0,True
False,0.0,0.0955,0.1317,0.1317,0.1317,1.0,50699629.0,1.0,1.0,373.0,14.0,0.03753351,0.5935,0.6782,9.0,True
False,0.0,,0.0107,0.1308,0.0654,2.0,50805115.0,2.0,2.0,373.0,4.0,0.010723861,0.6189,0.6958,9.0,False
True,1.0,0.1182,0.1182,0.1287,0.0644,3.0,51199743.0,2.0,2.0,373.0,4.0,0.010723861,0.6402,0.7117,,False
False,0.0,,1.0,1.0,1.0,0.0,0.0,1.0,1.0,418.0,418.0,1.0,0.6911,0.0002,12.0,True
False,0.0,0.9802,0.9803,0.9803,0.9803,1.0,434111.0,1.0,1.0,420.0,2.0,0.004761905,0.6921,0.0081,12.0,True
False,0.0,0.1126,0.143,0.143,0.143,2.0,47163297.0,1.0,1.0,434.0,14.0,0.032258064,0.5733,0.5036,13.0,True
False,0.0,0.1214,0.1377,0.1377,0.1377,3.0,50699629.0,1.0,1.0,435.0,7.0,0.016091954,0.5935,0.6782,13.0,True
False,0.0,,0.0068,0.1367,0.0684,4.0,50805115.0,2.0,2.0,435.0,3.0,0.0068965517,0.6189,0.6958,13.0,False
True,1.0,0.1279,0.1279,0.1346,0.0673,5.0,51199743.0,2.0,2.0,435.0,3.0,0.0068965517,0.6402,0.7117,,False
False,0.0,,1.0,1.0,1.0,0.0,0.0,1.0,1.0,140.0,140.0,1.0,0.6911,0.0002,2.0,True
False,0.0,0.0955,0.1271,0.1271,0.1271,1.0,50699629.0,1.0,1.0,141.0,4.0,0.028368793,0.5935,0.6782,2.0,True
False,0.0,,0.021,0.1263,0.0632,2.0,50805115.0,2.0,2.0,141.0,3.0,0.021276595,0.6189,0.6958,2.0,False
True,1.0,0.1037,0.1037,0.1243,0.0622,3.0,51199743.0,2.0,2.0,141.0,3.0,0.021276595,0.6402,0.7117,,False
False,0.0,,1.0,1.0,1.0,0.0,0.0,1.0,1.0,173.0,173.0,1.0,0.6911,0.0002,7.0,True
False,0.0,0.988,0.9881,0.9881,0.9881,1.0,270982.0,1.0,1.0,173.0,1.0,0.0057803467,0.6915,0.0065,7.0,True
False,0.0,0.0955,0.1161,0.1161,0.1161,2.0,50699629.0,1.0,1.0,174.0,3.0,0.01724138,0.5935,0.6782,7.0,True
False,0.0,,0.017,0.1153,0.0576,3.0,50805115.0,2.0,2.0,174.0,3.0,0.01724138,0.6189,0.6958,7.0,False
True,1.0,0.0967,0.0967,0.1135,0.0567,4.0,51199743.0,2.0,2.0,174.0,3.0,0.01724138,0.6402,0.7117,,False
False,0.0,,1.0,1.0,1.0,0.0,0.0,1.0,1.0,54.0,54.0,1.0,0.6911,0.0002,1.0,True
False,0.0,0.0955,0.159,0.159,0.159,1.0,50699629.0,1.0,1.0,55.0,3.0,0.054545455,0.5935,0.6782,1.0,True
False,0.0,,0.0526,0.1582,0.0791,2.0,50805115.0,2.0,2.0,55.0,3.0,0.054545455,0.6189,0.6958,1.0,False
True,1.0,0.1039,0.1039,0.1557,0.0778,3.0,51199743.0,2.0,2.0,55.0,3.0,0.054545455,0.6402,0.7117,,False
False,0.0,,1.0,1.0,1.0,0.0,0.0,1.0,1.0,16.0,16.0,1.0,0.6911,0.0002,,True
False,0.0,0.988,0.988,0.988,0.988,1.0,325803.0,1.0,1.0,0.0,16.0,inf,0.6921,0.0083,,False
False,0.0,,1.0,1.0,1.0,0.0,0.0,1.0,1.0,16.0,16.0,1.0,0.6911,0.0002,,True
False,0.0,0.988,0.988,0.988,0.988,1.0,325803.0,1.0,1.0,0.0,16.0,inf,0.6921,0.0083,,False
False,0.0,,1.0,1.0,1.0,0.0,0.0,1.0,1.0,348.0,348.0,1.0,0.6629,0.1578,4.0,False
False,0.0,0.1112,0.1264,0.1264,0.1264,1.0,47355383.0,1.0,1.0,349.0,5.0,0.014326648,0.5935,0.6782,4.0,True
False,0.0,,0.0085,0.1259,0.063,2.0,47460869.0,2.0,2.0,349.0,3.0,0.008595988,0.6189,0.6958,4.0,False
True,1.0,0.1155,0.1155,0.1239,0.062,3.0,47855497.0,2.0,2.0,349.0,3.0,0.008595988,0.6402,0.7117,,False
False,0.0,,1.0,1.0,1.0,0.0,0.0,1.0,1.0,178.0,178.0,1.0,0.6911,0.0002,4.0,True
False,0.0,0.0955,0.1305,0.1305,0.1305,1.0,50699629.0,1.0,1.0,179.0,6.0,0.033519555,0.5935,0.6782,4.0,True
False,0.0,,0.0166,0.1297,0.0648,2.0,50805115.0,2.0,2.0,179.0,3.0,0.016759777,0.6189,0.6958,4.0,False
True,1.0,0.1113,0.1113,0.1276,0.0638,3.0,51199743.0,2.0,2.0,179.0,3.0,0.016759777,0.6402,0.7117,,False
False,0.0,,1.0,1.0,1.0,0.0,0.0,1.0,1.0,317.0,317.0,1.0,0.6911,0.0002,4.0,True
False,0.0,0.0955,0.1153,0.1153,0.1153,1.0,50699629.0,1.0,1.0,318.0,6.0,0.018867925,0.5935,0.6782,4.0,True
False,0.0,,0.0094,0.1145,0.0572,2.0,50805115.0,2.0,2.0,318.0,3.0,0.009433962,0.6189,0.6958,4.0,False
True,1.0,0.1034,0.1034,0.1127,0.0563,3.0,51199743.0,2.0,2.0,318.0,3.0,0.009433962,0.6402,0.7117,,False
False,0.0,,1.0,1.0,1.0,0.0,0.0,1.0,1.0,207.0,207.0,1.0,0.6911,0.0002,12.0,True
False,0.0,0.0955,0.1127,0.1127,0.1127,1.0,50699629.0,1.0,1.0,208.0,3.0,0.014423077,0.5935,0.6782,12.0,True
False,0.0,,0.0143,0.112,0.056,2.0,50805115.0,2.0,2.0,208.0,3.0,0.014423077,0.6189,0.6958,12.0,False
True,1.0,0.0961,0.0961,0.1102,0.0551,3.0,51199743.0,2.0,2.0,208.0,3.0,0.014423077,0.6402,0.7117,,False
False,0.0,,1.0,1.0,1.0,0.0,0.0,1.0,1.0,280.0,280.0,1.0,0.6911,0.0002,17.0,True
False,0.0,0.0955,0.1083,0.1083,0.1083,1.0,50699629.0,1.0,1.0,281.0,3.0,0.010676157,0.5935,0.6782,17.0,True
False,0.0,,0.0106,0.1075,0.0538,2.0,50805115.0,2.0,2.0,281.0,3.0,0.010676157,0.6189,0.6958,17.0,False
True,1.0,0.0954,0.0954,0.1058,0.0529,3.0,51199743.0,2.0,2.0,281.0,3.0,0.010676157,0.6402,0.7117,,False
False,0.0,,1.0,1.0,1.0,0.0,0.0,1.0,1.0,265.0,265.0,1.0,0.6911,0.0002,16.0,True
False,0.0,0.0955,0.109,0.109,0.109,1.0,50699629.0,1.0,1.0,266.0,3.0,0.011278195,0.5935,0.6782,16.0,True
False,0.0,,0.0112,0.1082,0.0541,2.0,50805115.0,2.0,2.0,266.0,3.0,0.011278195,0.6189,0.6958,16.0,False
True,1.0,0.0955,0.0955,0.1065,0.0533,3.0,51199743.0,2.0,2.0,266.0,3.0,0.011278195,0.6402,0.7117,,False
False,0.0,,1.0,1.0,1.0,0.0,0.0,1.0,1.0,124.0,124.0,1.0,0.6911,0.0002,3.0,True
False,0.0,0.0955,0.1311,0.1311,0.1311,1.0,50699629.0,1.0,1.0,125.0,4.0,0.032,0.5935,0.6782,3.0,True
False,0.0,,0.0236,0.1303,0.0652,2.0,50805115.0,2.0,2.0,125.0,3.0,0.024,0.6189,0.6958,3.0,False
True,1.0,0.105,0.105,0.1282,0.0641,3.0,51199743.0,2.0,2.0,125.0,3.0,0.024,0.6402,0.7117,,False
False,0.0,,1.0,1.0,1.0,0.0,0.0,1.0,1.0,162.0,162.0,1.0,0.6911,0.0002,4.0,True
False,0.0,0.0955,0.1174,0.1174,0.1174,1.0,50699629.0,1.0,1.0,163.0,3.0,0.018404908,0.5935,0.6782,4.0,True
False,0.0,,0.0182,0.1167,0.0583,2.0,50805115.0,2.0,2.0,163.0,3.0,0.018404908,0.6189,0.6958,4.0,False
True,1.0,0.0969,0.0969,0.1148,0.0574,3.0,51199743.0,2.0,2.0,163.0,3.0,0.018404908,0.6402,0.7117,,False
False,0.0,,1.0,1.0,1.0,0.0,0.0,1.0,1.0,112.0,112.0,1.0,0.6911,0.0002,4.0,True
False,0.0,0.0955,0.127,0.127,0.127,1.0,50699629.0,1.0,1.0,113.0,3.0,0.026548672,0.5935,0.6782,4.0,True
False,0.0,,0.0261,0.1262,0.0631,2.0,50805115.0,2.0,2.0,113.0,3.0,0.026548672,0.6189,0.6958,4.0,False
True,1.0,0.0985,0.0985,0.1242,0.0621,3.0,51199743.0,2.0,2.0,113.0,3.0,0.026548672,0.6402,0.7117,,False
False,0.0,,1.0,1.0,1.0,0.0,0.0,1.0,1.0,55.0,55.0,1.0,0.6911,0.0002,1.0,True
True,1.0,0.0994,0.1615,0.1615,0.1615,1.0,49833434.0,1.0,1.0,56.0,3.0,0.05357143,0.5518,0.5998,1.0,True
False,1.0,0.1552,0.2135,0.2135,0.2135,2.0,50699629.0,1.0,1.0,57.0,3.0,0.05263158,0.5935,0.6782,1.0,True
False,1.0,,0.05,0.2125,0.1062,3.0,50805115.0,2.0,2.0,57.0,3.0,0.05263158,0.6189,0.6958,1.0,False
True,2.0,0.1599,0.1599,0.2091,0.1046,4.0,51199743.0,2.0,2.0,57.0,3.0,0.05263158,0.6402,0.7117,,False
False,0.0,,1.0,1.0,1.0,0.0,0.0,1.0,1.0,16.0,16.0,1.0,0.6911,0.0002,,True
False,0.0,0.988,0.988,0.988,0.988,1.0,325803.0,1.0,1.0,0.0,16.0,inf,0.6921,0.0083,,False
False,0.0,,1.0,1.0,1.0,0.0,0.0,1.0,1.0,16.0,16.0,1.0,0.6911,0.0002,,True
False,0.0,0.988,0.988,0.988,0.988,1.0,325803.0,1.0,1.0,0.0,16.0,inf,0.6921,0.0083,,False
False,0.0,,1.0,1.0,1.0,0.0,0.0,1.0,1.0,16.0,16.0,1.0,0.6911,0.0002,,True
False,0.0,0.988,0.988,0.988,0.988,1.0,325803.0,1.0,1.0,0.0,16.0,inf,0.6921,0.0083,,False
False,0.0,,1.0,1.0,1.0,0.0,0.0,1.0,1.0,16.0,16.0,1.0,0.6911,0.0002,,True
False,0.0,0.988,0.988,0.988,0.988,1.0,325803.0,1.0,1.0,0.0,16.0,inf,0.6921,0.0083,,False
False,0.0,,1.0,1.0,1.0,0.0,0.0,1.0,1.0,15.0,15.0,1.0,0.6911,0.0002,,True
False,0.0,0.988,0.988,0.988,0.988,1.0,325803.0,1.0,1.0,0.0,15.0,inf,0.6921,0.0083,,False
False,0.0,,1.0,1.0,1.0,0.0,0.0,1.0,1.0,16.0,16.0,1.0,0.6911,0.0002,,True
False,0.0,0.988,0.988,0.988,0.988,1.0,325803.0,1.0,1.0,0.0,16.0,inf,0.6921,0.0083,,False
False,0.0,,1.0,1.0,1.0,0.0,0.0,1.0,1.0,15.0,15.0,1.0,0.6911,0.0002,,True
False,0.0,0.988,0.988,0.988,0.988,1.0,325803.0,1.0,1.0,0.0,15.0,inf,0.6921,0.0083,,False
False,0.0,,1.0,1.0,1.0,0.0,0.0,1.0,1.0,15.0,15.0,1.0,0.6911,0.0002,,True
False,0.0,0.988,0.988,0.988,0.988,1.0,325803.0,1.0,1.0,0.0,15.0,inf,0.6921,0.0083,,False
False,0.0,,1.0,1.0,1.0,0.0,0.0,1.0,1.0,15.0,15.0,1.0,0.6911,0.0002,,True
False,0.0,0.988,0.988,0.988,0.988,1.0,325803.0,1.0,1.0,0.0,15.0,inf,0.6921,0.0083,,False
False,0.0,,1.0,1.0,1.0,0.0,0.0,1.0,1.0,73.0,73.0,1.0,0.6911,0.0002,3.0,True
False,0.0,0.0955,0.1431,0.1431,0.1431,1.0,50699629.0,1.0,1.0,74.0,3.0,0.04054054,0.5935,0.6782,3.0,True
False,0.0,,0.0395,0.1423,0.0712,2.0,50805115.0,2.0,2.0,74.0,3.0,0.04054054,0.6189,0.6958,3.0,False
True,1.0,0.1012,0.1012,0.1401,0.07,3.0,51199743.0,2.0,2.0,74.0,3.0,0.04054054,0.6402,0.7117,,False
False,0.0,,1.0,1.0,1.0,0.0,0.0,1.0,1.0,100.0,100.0,1.0,0.6911,0.0002,3.0,True
False,0.0,0.0955,0.1306,0.1306,0.1306,1.0,50699629.0,1.0,1.0,101.0,3.0,0.02970297,0.5935,0.6782,3.0,True
False,0.0,,0.0291,0.1298,0.0649,2.0,50805115.0,2.0,2.0,101.0,3.0,0.02970297,0.6189,0.6958,3.0,False
True,1.0,0.0991,0.0991,0.1278,0.0639,3.0,51199743.0,2.0,2.0,101.0,3.0,0.02970297,0.6402,0.7117,,False
False,0.0,,1.0,1.0,1.0,0.0,0.0,1.0,1.0,315.0,315.0,1.0,0.6911,0.0002,17.0,True
False,0.0,0.0955,0.1069,0.1069,0.1069,1.0,50699629.0,1.0,1.0,316.0,3.0,0.00949367,0.5935,0.6782,17.0,True
False,0.0,,0.0094,0.1061,0.0531,2.0,50805115.0,2.0,2.0,316.0,3.0,0.00949367,0.6189,0.6958,17.0,False
True,1.0,0.0951,0.0951,0.1044,0.0522,3.0,51199743.0,2.0,2.0,316.0,3.0,0.00949367,0.6402,0.7117,,False
False,0.0,,1.0,1.0,1.0,0.0,0.0,1.0,1.0,202.0,202.0,1.0,0.6911,0.0002,14.0,True
True,1.0,0.0994,0.1083,0.1083,0.1083,1.0,49833434.0,1.0,1.0,202.0,2.0,0.00990099,0.5518,0.5998,14.0,True
False,1.0,0.104,0.1216,0.1216,0.1216,2.0,50699629.0,1.0,1.0,203.0,3.0,0.014778325,0.5935,0.6782,14.0,True
False,1.0,,0.0146,0.1208,0.0604,3.0,50805115.0,2.0,2.0,203.0,3.0,0.014778325,0.6189,0.6958,14.0,False
True,2.0,0.1045,0.1045,0.1189,0.0594,4.0,51199743.0,2.0,2.0,203.0,3.0,0.014778325,0.6402,0.7117,,False
False,0.0,,1.0,1.0,1.0,0.0,0.0,1.0,1.0,13.0,13.0,1.0,0.6911,0.0002,,True
False,0.0,0.988,0.988,0.988,0.988,1.0,325803.0,1.0,1.0,0.0,13.0,inf,0.6921,0.0083,,False
False,0.0,,1.0,1.0,1.0,0.0,0.0,1.0,1.0,175.0,175.0,1.0,0.6911,0.0002,6.0,True
False,0.0,0.988,0.9883,0.9883,0.9883,1.0,272045.0,1.0,1.0,177.0,2.0,0.011299435,0.6915,0.0059,6.0,False
False,0.0,0.0955,0.1154,0.1154,0.1154,2.0,50699629.0,1.0,1.0,178.0,3.0,0.016853932,0.5935,0.6782,6.0,True
False,0.0,,0.0165,0.1146,0.0573,3.0,50805115.0,2.0,2.0,178.0,3.0,0.016853932,0.6189,0.6958,6.0,False
True,1.0,0.0966,0.0966,0.1128,0.0564,4.0,51199743.0,2.0,2.0,178.0,3.0,0.016853932,0.6402,0.7117,,False
False,0.0,,1.0,1.0,1.0,0.0,0.0,1.0,1.0,160.0,160.0,1.0,0.6911,0.0002,5.0,True
False,0.0,0.0955,0.1177,0.1177,0.1177,1.0,50699629.0,1.0,1.0,161.0,3.0,0.01863354,0.5935,0.6782,5.0,True
False,0.0,,0.0184,0.1169,0.0585,2.0,50805115.0,2.0,2.0,161.0,3.0,0.01863354,0.6189,0.6958,5.0,False
True,1.0,0.0969,0.0969,0.1151,0.0575,3.0,51199743.0,2.0,2.0,161.0,3.0,0.01863354,0.6402,0.7117,,False
False,0.0,,1.0,1.0,1.0,0.0,0.0,1.0,1.0,254.0,254.0,1.0,0.6911,0.0002,6.0,True
False,0.0,0.0955,0.1096,0.1096,0.1096,1.0,50699629.0,1.0,1.0,255.0,3.0,0.011764706,0.5935,0.6782,6.0,True
False,0.0,,0.0117,0.1088,0.0544,2.0,50805115.0,2.0,2.0,255.0,3.0,0.011764706,0.6189,0.6958,6.0,False
True,1.0,0.0956,0.0956,0.1071,0.0535,3.0,51199743.0,2.0,2.0,255.0,3.0,0.011764706,0.6402,0.7117,,False
False,0.0,,1.0,1.0,1.0,0.0,0.0,1.0,1.0,243.0,243.0,1.0,0.6911,0.0002,8.0,True
False,0.0,0.0955,0.1102,0.1102,0.1102,1.0,50699629.0,1.0,1.0,244.0,3.0,0.012295082,0.5935,0.6782,8.0,True
False,0.0,,0.0122,0.1094,0.0547,2.0,50805115.0,2.0,2.0,244.0,3.0,0.012295082,0.6189,0.6958,8.0,False
True,1.0,0.0957,0.0957,0.1077,0.0538,3.0,51199743.0,2.0,2.0,244.0,3.0,0.012295082,0.6402,0.7117,,False
False,0.0,,1.0,1.0,1.0,0.0,0.0,1.0,1.0,95.0,95.0,1.0,0.6911,0.0002,3.0,True
False,0.0,0.0955,0.1324,0.1324,0.1324,1.0,50699629.0,1.0,1.0,96.0,3.0,0.03125,0.5935,0.6782,3.0,True
False,0.0,,0.0306,0.1316,0.0658,2.0,50805115.0,2.0,2.0,96.0,3.0,0.03125,0.6189,0.6958,3.0,False
True,1.0,0.0994,0.0994,0.1295,0.0648,3.0,51199743.0,2.0,2.0,96.0,3.0,0.03125,0.6402,0.7117,,False
False,0.0,,1.0,1.0,1.0,0.0,0.0,1.0,1.0,176.0,176.0,1.0,0.6911,0.0002,9.0,True
False,0.0,0.8587,0.8603,0.8603,0.8603,1.0,3344246.0,1.0,1.0,177.0,1.0,0.0056497175,0.6629,0.1578,9.0,False
False,0.0,0.0957,0.1157,0.1157,0.1157,2.0,50699629.0,1.0,1.0,178.0,3.0,0.016853932,0.5935,0.6782,9.0,True
False,0.0,,0.0166,0.1149,0.0574,3.0,50805115.0,2.0,2.0,178.0,3.0,0.016853932,0.6189,0.6958,9.0,False
True,1.0,0.0968,0.0968,0.1131,0.0565,4.0,51199743.0,2.0,2.0,178.0,3.0,0.016853932,0.6402,0.7117,,False
False,0.0,,1.0,1.0,1.0,0.0,0.0,1.0,1.0,17.0,17.0,1.0,0.6911,0.0002,,True
False,0.0,0.988,0.988,0.988,0.988,1.0,325803.0,1.0,1.0,0.0,17.0,inf,0.6921,0.0083,,False
False,0.0,,1.0,1.0,1.0,0.0,0.0,1.0,1.0,16.0,16.0,1.0,0.6911,0.0002,,True
False,0.0,0.988,0.988,0.988,0.988,1.0,325803.0,1.0,1.0,0.0,16.0,inf,0.6921,0.0083,,False
False,0.0,,1.0,1.0,1.0,0.0,0.0,1.0,1.0,17.0,17.0,1.0,0.6911,0.0002,,True
False,0.0,0.988,0.988,0.988,0.988,1.0,325803.0,1.0,1.0,0.0,17.0,inf,0.6921,0.0083,,False
False,0.0,,1.0,1.0,1.0,0.0,0.0,1.0,1.0,42.0,42.0,1.0,0.6911,0.0002,,True
False,0.0,0.988,0.988,0.988,0.988,1.0,325803.0,1.0,1.0,0.0,42.0,inf,0.6921,0.0083,,False
False,0.0,,1.0,1.0,1.0,0.0,0.0,1.0,1.0,42.0,42.0,1.0,0.6911,0.0002,,True
False,0.0,0.988,0.988,0.988,0.988,1.0,325803.0,1.0,1.0,0.0,42.0,inf,0.6921,0.0083,,False
False,0.0,,1.0,1.0,1.0,0.0,0.0,1.0,1.0,17.0,17.0,1.0,0.6911,0.0002,,True
False,0.0,0.988,0.988,0.988,0.988,1.0,325803.0,1.0,1.0,0.0,17.0,inf,0.6921,0.0083,,False
False,0.0,,1.0,1.0,1.0,0.0,0.0,1.0,1.0,28.0,28.0,1.0,0.6911,0.0002,,True
False,0.0,0.988,0.988,0.988,0.988,1.0,325803.0,1.0,1.0,0.0,28.0,inf,0.6921,0.0083,,False
False,0.0,,1.0,1.0,1.0,0.0,0.0,1.0,1.0,15.0,15.0,1.0,0.6911,0.0002,,True
False,0.0,0.988,0.988,0.988,0.988,1.0,325803.0,1.0,1.0,0.0,15.0,inf,0.6921,0.0083,,False
False,0.0,,1.0,1.0,1.0,0.0,0.0,1.0,1.0,55.0,55.0,1.0,0.6911,0.0002,2.0,True
False,0.0,0.0955,0.1579,0.1579,0.1579,1.0,50699629.0,1.0,1.0,56.0,3.0,0.05357143,0.5935,0.6782,2.0,True
False,0.0,,0.0517,0.1571,0.0785,2.0,50805115.0,2.0,2.0,56.0,3.0,0.05357143,0.6189,0.6958,2.0,False
True,1.0,0.1037,0.1037,0.1546,0.0773,3.0,51199743.0,2.0,2.0,56.0,3.0,0.05357143,0.6402,0.7117,,False
False,0.0,,1.0,1.0,1.0,0.0,0.0,1.0,1.0,77.0,77.0,1.0,0.6911,0.0002,4.0,True
False,0.0,0.0955,0.1407,0.1407,0.1407,1.0,50699629.0,1.0,1.0,78.0,3.0,0.03846154,0.5935,0.6782,4.0,True
False,0.0,,0.0375,0.1399,0.07,2.0,50805115.0,2.0,2.0,78.0,3.0,0.03846154,0.6189,0.6958,4.0,False
True,1.0,0.1008,0.1008,0.1377,0.0689,3.0,51199743.0,2.0,2.0,78.0,3.0,0.03846154,0.6402,0.7117,,False
False,0.0,,1.0,1.0,1.0,0.0,0.0,1.0,1.0,207.0,207.0,1.0,0.6911,0.0002,12.0,True
False,0.0,0.0955,0.1127,0.1127,0.1127,1.0,50699629.0,1.0,1.0,208.0,3.0,0.014423077,0.5935,0.6782,12.0,True
False,0.0,,0.0143,0.112,0.056,2.0,50805115.0,2.0,2.0,208.0,3.0,0.014423077,0.6189,0.6958,12.0,False
True,1.0,0.0961,0.0961,0.1102,0.0551,3.0,51199743.0,2.0,2.0,208.0,3.0,0.014423077,0.6402,0.7117,,False
False,0.0,,1.0,1.0,1.0,0.0,0.0,1.0,1.0,17.0,17.0,1.0,0.6911,0.0002,0.0,True
False,0.0,0.0955,0.2764,0.2764,0.2764,1.0,50699629.0,1.0,1.0,18.0,3.0,0.16666667,0.5935,0.6782,0.0,True
False,0.0,,0.15,0.2756,0.1378,2.0,50805115.0,2.0,2.0,18.0,3.0,0.16666667,0.6189,0.6958,0.0,False
True,1.0,0.1236,0.1236,0.2712,0.1356,3.0,51199743.0,2.0,2.0,18.0,3.0,0.16666667,0.6402,0.7117,,False
False,0.0,,1.0,1.0,1.0,0.0,0.0,1.0,1.0,228.0,228.0,1.0,0.6911,0.0002,7.0,True
False,0.0,0.0955,0.1112,0.1112,0.1112,1.0,50699629.0,1.0,1.0,229.0,3.0,0.013100437,0.5935,0.6782,7.0,True
False,0.0,,0.013,0.1104,0.0552,2.0,50805115.0,2.0,2.0,229.0,3.0,0.013100437,0.6189,0.6958,7.0,False
True,1.0,0.0959,0.0959,0.1086,0.0543,3.0,51199743.0,2.0,2.0,229.0,3.0,0.013100437,0.6402,0.7117,,False
False,0.0,,1.0,1.0,1.0,0.0,0.0,1.0,1.0,18.0,18.0,1.0,0.6911,0.0002,,True
False,0.0,0.988,0.988,0.988,0.988,1.0,325803.0,1.0,1.0,0.0,18.0,inf,0.6921,0.0083,,False
False,0.0,,1.0,1.0,1.0,0.0,0.0,1.0,1.0,87.0,87.0,1.0,0.6911,0.0002,2.0,True
False,0.0,0.0955,0.1357,0.1357,0.1357,1.0,50699629.0,1.0,1.0,88.0,3.0,0.03409091,0.5935,0.6782,2.0,True
False,0.0,,0.0333,0.1349,0.0675,2.0,50805115.0,2.0,2.0,88.0,3.0,0.03409091,0.6189,0.6958,2.0,False
True,1.0,0.1,0.1,0.1328,0.0664,3.0,51199743.0,2.0,2.0,88.0,3.0,0.03409091,0.6402,0.7117,,False
False,0.0,,1.0,1.0,1.0,0.0,0.0,1.0,1.0,19.0,19.0,1.0,0.6911,0.0002,,True
False,0.0,0.988,0.988,0.988,0.988,1.0,325803.0,1.0,1.0,0.0,19.0,inf,0.6921,0.0083,,False
False,0.0,,1.0,1.0,1.0,0.0,0.0,1.0,1.0,422.0,422.0,1.0,0.6911,0.0002,14.0,True
False,0.0,0.0955,0.104,0.104,0.104,1.0,50699629.0,1.0,1.0,423.0,3.0,0.0070921984,0.5935,0.6782,14.0,True
False,0.0,,0.0071,0.1032,0.0516,2.0,50805115.0,2.0,2.0,423.0,3.0,0.0070921984,0.6189,0.6958,14.0,False
True,1.0,0.0947,0.0947,0.1016,0.0508,3.0,51199743.0,2.0,2.0,423.0,3.0,0.0070921984,0.6402,0.7117,,False
False,0.0,,1.0,1.0,1.0,0.0,0.0,1.0,1.0,105.0,105.0,1.0,0.6911,0.0002,2.0,True
False,0.0,0.0955,0.1206,0.1206,0.1206,1.0,50699629.0,1.0,1.0,106.0,2.0,0.018867925,0.5935,0.6782,2.0,True
False,0.0,,0.0185,0.1198,0.0599,2.0,50805115.0,2.0,2.0,106.0,2.0,0.018867925,0.6189,0.6958,2.0,False
True,1.0,0.0997,0.0997,0.1179,0.059,3.0,51199743.0,2.0,2.0,106.0,2.0,0.018867925,0.6402,0.7117,,False
False,0.0,,1.0,1.0,1.0,0.0,0.0,1.0,1.0,73.0,73.0,1.0,0.6911,0.0002,2.0,True
False,0.0,0.0955,0.1431,0.1431,0.1431,1.0,50699629.0,1.0,1.0,74.0,3.0,0.04054054,0.5935,0.6782,2.0,True
False,0.0,,0.0395,0.1423,0.0712,2.0,50805115.0,2.0,2.0,74.0,3.0,0.04054054,0.6189,0.6958,2.0,False
True,1.0,0.1012,0.1012,0.1401,0.07,3.0,51199743.0,2.0,2.0,74.0,3.0,0.04054054,0.6402,0.7117,,False
False,0.0,,1.0,1.0,1.0,0.0,0.0,1.0,1.0,281.0,281.0,1.0,0.6911,0.0002,8.0,True
False,0.0,0.0955,0.1082,0.1082,0.1082,1.0,50699629.0,1.0,1.0,282.0,3.0,0.010638298,0.5935,0.6782,8.0,True
False,0.0,,0.0106,0.1075,0.0537,2.0,50805115.0,2.0,2.0,282.0,3.0,0.010638298,0.6189,0.6958,8.0,False
True,1.0,0.0954,0.0954,0.1058,0.0529,3.0,51199743.0,2.0,2.0,282.0,3.0,0.010638298,0.6402,0.7117,,False
False,0.0,,1.0,1.0,1.0,0.0,0.0,1.0,1.0,14.0,14.0,1.0,0.6911,0.0002,,True
False,0.0,0.988,0.988,0.988,0.988,1.0,325803.0,1.0,1.0,0.0,14.0,inf,0.6921,0.0083,,False
False,0.0,,1.0,1.0,1.0,0.0,0.0,1.0,1.0,17.0,17.0,1.0,0.6911,0.0002,,True
False,0.0,0.988,0.988,0.988,0.988,1.0,325803.0,1.0,1.0,0.0,17.0,inf,0.6921,0.0083,,False
False,0.0,,1.0,1.0,1.0,0.0,0.0,1.0,1.0,27.0,27.0,1.0,0.6911,0.0002,,True
False,0.0,0.988,0.988,0.988,0.988,1.0,325803.0,1.0,1.0,0.0,27.0,inf,0.6921,0.0083,,False
False,0.0,,1.0,1.0,1.0,0.0,0.0,1.0,1.0,18.0,18.0,1.0,0.6911,0.0002,,True
False,0.0,0.988,0.988,0.988,0.988,1.0,325803.0,1.0,1.0,0.0,18.0,inf,0.6921,0.0083,,False
False,0.0,,1.0,1.0,1.0,0.0,0.0,1.0,1.0,15.0,15.0,1.0,0.6911,0.0002,,True
False,0.0,0.988,0.988,0.988,0.988,1.0,325803.0,1.0,1.0,0.0,15.0,inf,0.6921,0.0083,,False
False,0.0,,1.0,1.0,1.0,0.0,0.0,1.0,1.0,19.0,19.0,1.0,0.6911,0.0002,,True
False,0.0,0.988,0.988,0.988,0.988,1.0,325803.0,1.0,1.0,0.0,19.0,inf,0.6921,0.0083,,False
False,0.0,,1.0,1.0,1.0,0.0,0.0,1.0,1.0,18.0,18.0,1.0,0.6911,0.0002,,True
False,0.0,0.988,0.988,0.988,0.988,1.0,325803.0,1.0,1.0,0.0,18.0,inf,0.6921,0.0083,,False
False,0.0,,1.0,1.0,1.0,0.0,0.0,1.0,1.0,18.0,18.0,1.0,0.6911,0.0002,,True
False,0.0,0.988,0.988,0.988,0.988,1.0,325803.0,1.0,1.0,0.0,18.0,inf,0.6921,0.0083,,False
False,0.0,,1.0,1.0,1.0,0.0,0.0,1.0,1.0,108.0,108.0,1.0,0.6911,0.0002,4.0,True
False,0.0,0.0955,0.1038,0.1038,0.1038,1.0,50699629.0,1.0,1.0,108.0,1.0,0.009259259,0.5935,0.6782,4.0,True
False,0.0,,,0.103,0.103,2.0,50805115.0,1.0,2.0,108.0,1.0,0.009259259,0.6189,0.6958,4.0,False
True,1.0,0.1014,0.1014,0.1014,0.1014,3.0,51199743.0,1.0,2.0,108.0,1.0,0.009259259,0.6402,0.7117,,False
False,0.0,,1.0,1.0,1.0,0.0,0.0,1.0,1.0,72.0,72.0,1.0,0.6911,0.0002,2.0,True
False,0.0,0.0955,0.1437,0.1437,0.1437,1.0,50699629.0,1.0,1.0,73.0,4.0,0.05479452,0.5935,0.6782,2.0,True
False,0.0,,0.04,0.143,0.0715,2.0,50805115.0,2.0,2.0,73.0,3.0,0.04109589,0.6189,0.6958,2.0,False
True,1.0,0.1013,0.1013,0.1407,0.0703,3.0,51199743.0,2.0,2.0,73.0,3.0,0.04109589,0.6402,0.7117,,False
False,0.0,,1.0,1.0,1.0,0.0,0.0,1.0,1.0,92.0,92.0,1.0,0.6911,0.0002,8.0,True
False,0.0,0.0955,0.1336,0.1336,0.1336,1.0,50699629.0,1.0,1.0,93.0,3.0,0.032258064,0.5935,0.6782,8.0,True
False,0.0,,0.0316,0.1328,0.0664,2.0,50805115.0,2.0,2.0,93.0,3.0,0.032258064,0.6189,0.6958,8.0,False
True,1.0,0.0996,0.0996,0.1307,0.0653,3.0,51199743.0,2.0,2.0,93.0,3.0,0.032258064,0.6402,0.7117,,False
False,0.0,,1.0,1.0,1.0,0.0,0.0,1.0,1.0,111.0,111.0,1.0,0.6911,0.0002,9.0,True
False,0.0,0.0955,0.1272,0.1272,0.1272,1.0,50699629.0,1.0,1.0,112.0,3.0,0.026785715,0.5935,0.6782,9.0,True
False,0.0,,0.0263,0.1265,0.0632,2.0,50805115.0,2.0,2.0,112.0,3.0,0.026785715,0.6189,0.6958,9.0,False
True,1.0,0.0986,0.0986,0.1244,0.0622,3.0,51199743.0,2.0,2.0,112.0,3.0,0.026785715,0.6402,0.7117,,False
False,0.0,,1.0,1.0,1.0,0.0,0.0,1.0,1.0,171.0,171.0,1.0,0.6911,0.0002,7.0,True
False,0.0,0.0955,0.1163,0.1163,0.1163,1.0,50699629.0,1.0,1.0,172.0,3.0,0.017441861,0.5935,0.6782,7.0,True
False,0.0,,0.0172,0.1155,0.0578,2.0,50805115.0,2.0,2.0,172.0,3.0,0.017441861,0.6189,0.6958,7.0,False
True,1.0,0.0967,0.0967,0.1137,0.0568,3.0,51199743.0,2.0,2.0,172.0,3.0,0.017441861,0.6402,0.7117,,False
False,0.0,,1.0,1.0,1.0,0.0,0.0,1.0,1.0,281.0,281.0,1.0,0.6911,0.0002,9.0,True
False,0.0,0.0955,0.1082,0.1082,0.1082,1.0,50699629.0,1.0,1.0,282.0,3.0,0.010638298,0.5935,0.6782,9.0,True
False,0.0,,0.0106,0.1075,0.0537,2.0,50805115.0,2.0,2.0,282.0,3.0,0.010638298,0.6189,0.6958,9.0,False
True,1.0,0.0954,0.0954,0.1058,0.0529,3.0,51199743.0,2.0,2.0,282.0,3.0,0.010638298,0.6402,0.7117,,False
False,0.0,,1.0,1.0,1.0,0.0,0.0,1.0,1.0,13.0,13.0,1.0,0.6911,0.0002,,True
False,0.0,0.988,0.988,0.988,0.988,1.0,325803.0,1.0,1.0,0.0,13.0,inf,0.6921,0.0083,,False
False,0.0,,1.0,1.0,1.0,0.0,0.0,1.0,1.0,420.0,420.0,1.0,0.6911,0.0002,10.0,True
True,1.0,0.825,0.8258,0.8258,0.8258,1.0,4197406.0,1.0,1.0,421.0,1.0,0.002375297,0.6646,0.168,10.0,True
False,1.0,0.0956,0.1148,0.1148,0.1148,2.0,50699629.0,1.0,1.0,421.0,9.0,0.021377672,0.5935,0.6782,10.0,True
False,1.0,,0.0071,0.114,0.057,3.0,50805115.0,2.0,2.0,421.0,3.0,0.007125891,0.6189,0.6958,10.0,False
True,2.0,0.1052,0.1052,0.1122,0.0561,4.0,51199743.0,2.0,2.0,421.0,3.0,0.007125891,0.6402,0.7117,,False
False,0.0,,1.0,1.0,1.0,0.0,0.0,1.0,1.0,21.0,21.0,1.0,0.6911,0.0002,,True
False,0.0,0.988,0.988,0.988,0.988,1.0,325803.0,1.0,1.0,0.0,21.0,inf,0.6921,0.0083,,False
False,0.0,,1.0,1.0,1.0,0.0,0.0,1.0,1.0,227.0,227.0,1.0,0.6911,0.0002,6.0,True
False,0.0,0.0955,0.1268,0.1268,0.1268,1.0,50699629.0,1.0,1.0,228.0,7.0,0.030701755,0.5935,0.6782,6.0,True
False,0.0,,0.013,0.126,0.063,2.0,50805115.0,2.0,2.0,228.0,3.0,0.013157895,0.6189,0.6958,6.0,False
True,1.0,0.1112,0.1112,0.124,0.062,3.0,51199743.0,2.0,2.0,228.0,3.0,0.013157895,0.6402,0.7117,,False
False,0.0,,1.0,1.0,1.0,0.0,0.0,1.0,1.0,14.0,14.0,1.0,0.6911,0.0002,,True
False,0.0,0.988,0.988,0.988,0.988,1.0,325803.0,1.0,1.0,0.0,14.0,inf,0.6921,0.0083,,False
False,0.0,,1.0,1.0,1.0,0.0,0.0,1.0,1.0,50.0,50.0,1.0,0.6911,0.0002,1.0,True
False,0.0,0.0955,0.1638,0.1638,0.1638,1.0,50699629.0,1.0,1.0,51.0,3.0,0.05882353,0.5935,0.6782,1.0,True
False,0.0,,0.0566,0.163,0.0815,2.0,50805115.0,2.0,2.0,51.0,3.0,0.05882353,0.6189,0.6958,1.0,False
True,1.0,0.1047,0.1047,0.1604,0.0802,3.0,51199743.0,2.0,2.0,51.0,3.0,0.05882353,0.6402,0.7117,,False
False,0.0,,1.0,1.0,1.0,0.0,0.0,1.0,1.0,849.0,849.0,1.0,0.6911,0.0002,25.0,True
True,1.0,0.825,0.8254,0.8254,0.8254,1.0,4197406.0,1.0,1.0,850.0,1.0,0.0011764705,0.6646,0.168,25.0,True
False,1.0,0.0955,0.0998,0.0998,0.0998,2.0,50699629.0,1.0,1.0,851.0,3.0,0.0035252643,0.5935,0.6782,25.0,True
False,1.0,,0.0035,0.099,0.0495,3.0,50805115.0,2.0,2.0,851.0,3.0,0.0035252643,0.6189,0.6958,25.0,False
True,2.0,0.094,0.094,0.0974,0.0487,4.0,51199743.0,2.0,2.0,851.0,3.0,0.0035252643,0.6402,0.7117,,False
False,0.0,,1.0,1.0,1.0,0.0,0.0,1.0,1.0,52.0,52.0,1.0,0.6911,0.0002,1.0,True
False,0.0,0.988,0.988,0.988,0.988,1.0,261526.0,1.0,1.0,0.0,52.0,inf,0.6914,0.0064,,False
False,0.0,,1.0,1.0,1.0,0.0,0.0,1.0,1.0,91.0,91.0,1.0,0.6911,0.0002,4.0,True
False,0.0,0.988,0.988,0.988,0.988,1.0,261526.0,1.0,1.0,0.0,91.0,inf,0.6914,0.0064,,False
False,0.0,,1.0,1.0,1.0,0.0,0.0,1.0,1.0,136.0,136.0,1.0,0.6911,0.0002,5.0,True
False,0.0,0.988,0.9884,0.9884,0.9884,1.0,270982.0,1.0,1.0,138.0,2.0,0.014492754,0.6915,0.0065,5.0,True
False,0.0,,1.0,1.0,1.0,0.0,0.0,1.0,1.0,39.0,39.0,1.0,0.6911,0.0002,1.0,True
False,0.0,0.988,0.9891,0.9891,0.9891,1.0,272045.0,1.0,1.0,41.0,2.0,0.048780486,0.6915,0.0059,1.0,False
False,0.0,,1.0,1.0,1.0,0.0,0.0,1.0,1.0,308.0,308.0,1.0,0.6911,0.0002,13.0,True
False,0.0,0.988,0.9884,0.9884,0.9884,1.0,276081.0,1.0,1.0,314.0,7.0,0.022292994,0.6915,0.0055,13.0,False
False,0.0,,1.0,1.0,1.0,0.0,0.0,1.0,1.0,15.0,15.0,1.0,0.6911,0.0002,,True
False,0.0,0.988,0.988,0.988,0.988,1.0,325803.0,1.0,1.0,0.0,15.0,inf,0.6921,0.0083,,False
False,0.0,,1.0,1.0,1.0,0.0,0.0,1.0,1.0,31.0,31.0,1.0,0.6911,0.0002,,True
False,0.0,0.988,0.988,0.988,0.988,1.0,325803.0,1.0,1.0,0.0,31.0,inf,0.6921,0.0083,,False
False,0.0,,1.0,1.0,1.0,0.0,0.0,1.0,1.0,27.0,27.0,1.0,0.6911,0.0002,1.0,True
False,0.0,0.0955,0.2161,0.2161,0.2161,1.0,50699629.0,1.0,1.0,28.0,3.0,0.10714286,0.5935,0.6782,1.0,True
False,0.0,,0.1,0.2153,0.1076,2.0,50805115.0,2.0,2.0,28.0,3.0,0.10714286,0.6189,0.6958,1.0,False
True,1.0,0.1135,0.1135,0.2119,0.1059,3.0,51199743.0,2.0,2.0,28.0,3.0,0.10714286,0.6402,0.7117,,False
False,0.0,,1.0,1.0,1.0,0.0,0.0,1.0,1.0,253.0,253.0,1.0,0.6911,0.0002,8.0,True
False,0.0,0.5438,0.553,0.553,0.553,1.0,13133022.0,1.0,1.0,246.0,15.0,0.06097561,0.6685,0.1625,8.0,True
False,0.0,0.0971,0.1116,0.1116,0.1116,2.0,50699629.0,1.0,1.0,247.0,3.0,0.012145749,0.5935,0.6782,8.0,True
False,0.0,,0.012,0.1108,0.0554,3.0,50805115.0,2.0,2.0,247.0,3.0,0.012145749,0.6189,0.6958,8.0,False
True,1.0,0.0972,0.0972,0.109,0.0545,4.0,51199743.0,2.0,2.0,247.0,3.0,0.012145749,0.6402,0.7117,,False
False,0.0,,1.0,1.0,1.0,0.0,0.0,1.0,1.0,111.0,111.0,1.0,0.6911,0.0002,6.0,True
False,0.0,0.0955,0.1272,0.1272,0.1272,1.0,50699629.0,1.0,1.0,112.0,3.0,0.026785715,0.5935,0.6782,6.0,True
False,0.0,,0.0263,0.1265,0.0632,2.0,50805115.0,2.0,2.0,112.0,3.0,0.026785715,0.6189,0.6958,6.0,False
True,1.0,0.0986,0.0986,0.1244,0.0622,3.0,51199743.0,2.0,2.0,112.0,3.0,0.026785715,0.6402,0.7117,,False
False,0.0,,1.0,1.0,1.0,0.0,0.0,1.0,1.0,91.0,91.0,1.0,0.6911,0.0002,5.0,True
False,0.0,0.0955,0.134,0.134,0.134,1.0,50699629.0,1.0,1.0,92.0,3.0,0.032608695,0.5935,0.6782,5.0,True
False,0.0,,0.0319,0.1332,0.0666,2.0,50805115.0,2.0,2.0,92.0,3.0,0.032608695,0.6189,0.6958,5.0,False
True,1.0,0.0997,0.0997,0.1311,0.0655,3.0,51199743.0,2.0,2.0,92.0,3.0,0.032608695,0.6402,0.7117,,False
False,0.0,,1.0,1.0,1.0,0.0,0.0,1.0,1.0,43.0,43.0,1.0,0.6911,0.0002,1.0,True
False,0.0,0.0955,0.1741,0.1741,0.1741,1.0,50699629.0,1.0,1.0,44.0,3.0,0.06818182,0.5935,0.6782,1.0,True
False,0.0,,0.0652,0.1734,0.0867,2.0,50805115.0,2.0,2.0,44.0,3.0,0.06818182,0.6189,0.6958,1.0,False
True,1.0,0.1064,0.1064,0.1706,0.0853,3.0,51199743.0,2.0,2.0,44.0,3.0,0.06818182,0.6402,0.7117,,False
False,0.0,,1.0,1.0,1.0,0.0,0.0,1.0,1.0,526.0,526.0,1.0,0.6911,0.0002,37.0,True
False,0.0,0.0955,0.1023,0.1023,0.1023,1.0,50699629.0,1.0,1.0,527.0,3.0,0.0056926,0.5935,0.6782,37.0,True
False,0.0,,0.0057,0.1016,0.0508,2.0,50805115.0,2.0,2.0,527.0,3.0,0.0056926,0.6189,0.6958,37.0,False
True,1.0,0.0944,0.0944,0.1,0.05,3.0,51199743.0,2.0,2.0,527.0,3.0,0.0056926,0.6402,0.7117,,False
False,0.0,,1.0,1.0,1.0,0.0,0.0,1.0,1.0,144.0,144.0,1.0,0.6911,0.0002,11.0,True
False,0.0,0.0955,0.1201,0.1201,0.1201,1.0,50699629.0,1.0,1.0,145.0,3.0,0.020689655,0.5935,0.6782,11.0,True
False,0.0,,0.0204,0.1193,0.0597,2.0,50805115.0,2.0,2.0,145.0,3.0,0.020689655,0.6189,0.6958,11.0,False
True,1.0,0.0974,0.0974,0.1174,0.0587,3.0,51199743.0,2.0,2.0,145.0,3.0,0.020689655,0.6402,0.7117,,False
False,0.0,,1.0,1.0,1.0,0.0,0.0,1.0,1.0,26.0,26.0,1.0,0.6911,0.0002,,True
False,0.0,,1.0,1.0,1.0,0.0,0.0,1.0,1.0,155.0,155.0,1.0,0.6911,0.0002,1.0,True
True,1.0,0.825,0.8283,0.8283,0.8283,1.0,4197406.0,1.0,1.0,157.0,2.0,0.012738854,0.6646,0.168,1.0,True
False,1.0,0.7895,0.8098,0.8098,0.8098,2.0,5233932.0,1.0,1.0,161.0,16.0,0.099378884,0.665,0.162,1.0,False
False,1.0,0.0983,0.1302,0.1302,0.1302,3.0,50699629.0,1.0,1.0,163.0,5.0,0.030674847,0.5935,0.6782,1.0,True
False,1.0,,0.0176,0.1294,0.0647,4.0,50805115.0,2.0,2.0,163.0,3.0,0.018404908,0.6189,0.6958,1.0,False
True,2.0,0.11,0.11,0.1273,0.0637,5.0,51199743.0,2.0,2.0,163.0,3.0,0.018404908,0.6402,0.7117,,False
False,0.0,,1.0,1.0,1.0,0.0,0.0,1.0,1.0,253.0,253.0,1.0,0.6911,0.0002,,True
False,0.0,,1.0,1.0,1.0,0.0,0.0,1.0,1.0,141.0,141.0,1.0,0.6911,0.0002,10.0,True
False,0.0,0.0955,0.1206,0.1206,0.1206,1.0,50699629.0,1.0,1.0,142.0,3.0,0.02112676,0.5935,0.6782,10.0,True
False,0.0,,0.0208,0.1198,0.0599,2.0,50805115.0,2.0,2.0,142.0,3.0,0.02112676,0.6189,0.6958,10.0,False
True,1.0,0.0974,0.0974,0.1179,0.059,3.0,51199743.0,2.0,2.0,142.0,3.0,0.02112676,0.6402,0.7117,,False
False,0.0,,1.0,1.0,1.0,0.0,0.0,1.0,1.0,21.0,21.0,1.0,0.6911,0.0002,,True
False,0.0,,1.0,1.0,1.0,0.0,0.0,1.0,1.0,153.0,153.0,1.0,0.6911,0.0002,9.0,True
False,0.0,0.0955,0.1187,0.1187,0.1187,1.0,50699629.0,1.0,1.0,154.0,3.0,0.019480519,0.5935,0.6782,9.0,True
False,0.0,,0.0192,0.1179,0.059,2.0,50805115.0,2.0,2.0,154.0,3.0,0.019480519,0.6189,0.6958,9.0,False
True,1.0,0.0971,0.0971,0.116,0.058,3.0,51199743.0,2.0,2.0,154.0,3.0,0.019480519,0.6402,0.7117,,False
False,0.0,,1.0,1.0,1.0,0.0,0.0,1.0,1.0,432.0,432.0,1.0,0.6911,0.0002,23.0,True
False,0.0,0.992,0.9941,0.9941,0.9941,1.0,256144.0,1.0,1.0,437.0,131.0,0.29977116,0.6913,0.0055,24.0,False
False,0.0,,1.0,1.0,1.0,0.0,0.0,1.0,1.0,2437.0,2437.0,1.0,0.6911,0.0002,,True
False,0.0,,1.0,1.0,1.0,0.0,0.0,1.0,1.0,2437.0,2437.0,1.0,0.6911,0.0002,,True
False,0.0,,1.0,1.0,1.0,0.0,0.0,1.0,1.0,4881.0,4881.0,1.0,0.6911,0.0002,,True
False,0.0,,1.0,1.0,1.0,0.0,0.0,1.0,1.0,23.0,23.0,1.0,0.6911,0.0002,,True
False,0.0,,1.0,1.0,1.0,0.0,0.0,1.0,1.0,112.0,112.0,1.0,0.6911,0.0002,,True
False,0.0,,1.0,1.0,1.0,0.0,0.0,1.0,1.0,202.0,202.0,1.0,0.6911,0.0002,,True
False,0.0,,1.0,1.0,1.0,0.0,0.0,1.0,1.0,204.0,204.0,1.0,0.6911,0.0002,15.0,True
False,0.0,0.0955,0.113,0.113,0.113,1.0,50699629.0,1.0,1.0,205.0,3.0,0.014634146,0.5935,0.6782,15.0,True
False,0.0,,0.0145,0.1122,0.0561,2.0,50805115.0,2.0,2.0,205.0,3.0,0.014634146,0.6189,0.6958,15.0,False
True,1.0,0.0962,0.0962,0.1104,0.0552,3.0,51199743.0,2.0,2.0,205.0,3.0,0.014634146,0.6402,0.7117,,False
False,0.0,,1.0,1.0,1.0,0.0,0.0,1.0,1.0,293.0,293.0,1.0,0.6911,0.0002,13.0,True
False,0.0,0.9802,0.9806,0.9806,0.9806,1.0,434111.0,1.0,1.0,295.0,5.0,0.016949153,0.6921,0.0081,13.0,True
True,1.0,0.8254,0.8265,0.8265,0.8265,2.0,4197406.0,1.0,1.0,296.0,1.0,0.0033783785,0.6646,0.168,13.0,True
False,1.0,,0.0033,0.2548,0.1274,3.0,29780186.0,2.0,2.0,296.0,1.0,0.0033783785,0.5122,0.0612,13.0,False
False,1.0,,,0.2528,0.1264,4.0,29955483.0,2.0,3.0,296.0,1.0,0.0033783785,0.6244,0.7563,,False
False,1.0,0.0954,0.1073,0.1085,0.0543,5.0,50699629.0,2.0,3.0,297.0,3.0,0.01010101,0.5935,0.6782,13.0,True
False,1.0,,0.0099,0.1078,0.0359,6.0,50805115.0,3.0,4.0,297.0,3.0,0.01010101,0.6189,0.6958,13.0,False
True,2.0,0.0951,0.0951,0.1061,0.0354,7.0,51199743.0,3.0,4.0,297.0,3.0,0.01010101,0.6402,0.7117,,False
False,0.0,,1.0,1.0,1.0,0.0,0.0,1.0,1.0,559.0,559.0,1.0,0.6911,0.0002,21.0,True
False,0.0,0.0955,0.1019,0.1019,0.1019,1.0,50699629.0,1.0,1.0,560.0,3.0,0.005357143,0.5935,0.6782,21.0,True
False,0.0,,0.0053,0.1012,0.0506,2.0,50805115.0,2.0,2.0,560.0,3.0,0.005357143,0.6189,0.6958,21.0,False
True,1.0,0.0943,0.0943,0.0996,0.0498,3.0,51199743.0,2.0,2.0,560.0,3.0,0.005357143,0.6402,0.7117,,False
False,0.0,,1.0,1.0,1.0,0.0,0.0,1.0,1.0,573.0,573.0,1.0,0.6911,0.0002,27.0,True
False,0.0,0.0955,0.1018,0.1018,0.1018,1.0,50699629.0,1.0,1.0,574.0,3.0,0.005226481,0.5935,0.6782,27.0,True
False,0.0,,0.0052,0.101,0.0505,2.0,50805115.0,2.0,2.0,574.0,3.0,0.005226481,0.6189,0.6958,27.0,False
True,1.0,0.0943,0.0943,0.0994,0.0497,3.0,51199743.0,2.0,2.0,574.0,3.0,0.005226481,0.6402,0.7117,,False
False,0.0,,1.0,1.0,1.0,0.0,0.0,1.0,1.0,78.0,78.0,1.0,0.6911,0.0002,3.0,True
False,0.0,0.0955,0.1402,0.1402,0.1402,1.0,50699629.0,1.0,1.0,79.0,3.0,0.03797468,0.5935,0.6782,3.0,True
False,0.0,,0.037,0.1394,0.0697,2.0,50805115.0,2.0,2.0,79.0,3.0,0.03797468,0.6189,0.6958,3.0,False
True,1.0,0.1007,0.1007,0.1372,0.0686,3.0,51199743.0,2.0,2.0,79.0,3.0,0.03797468,0.6402,0.7117,,False
False,0.0,,1.0,1.0,1.0,0.0,0.0,1.0,1.0,65.0,65.0,1.0,0.6911,0.0002,2.0,True
False,0.0,0.5438,0.5783,0.5783,0.5783,1.0,13133022.0,1.0,1.0,64.0,9.0,0.140625,0.6685,0.1625,2.0,True
False,0.0,0.1016,0.1679,0.1679,0.1679,2.0,50699629.0,1.0,1.0,65.0,4.0,0.06153846,0.5935,0.6782,2.0,True
False,0.0,,0.0441,0.167,0.0835,3.0,50805115.0,2.0,2.0,65.0,3.0,0.046153847,0.6189,0.6958,2.0,False
True,1.0,0.1209,0.1209,0.1644,0.0822,4.0,51199743.0,2.0,2.0,65.0,3.0,0.046153847,0.6402,0.7117,,False
False,0.0,,1.0,1.0,1.0,0.0,0.0,1.0,1.0,138.0,138.0,1.0,0.6911,0.0002,2.0,True
False,0.0,0.5438,0.5603,0.5603,0.5603,1.0,13133022.0,1.0,1.0,136.0,10.0,0.073529415,0.6685,0.1625,2.0,True
False,0.0,0.116,0.1224,0.1224,0.1224,2.0,47163297.0,1.0,1.0,136.0,1.0,0.007352941,0.5733,0.5036,2.0,True
False,0.0,0.1039,0.149,0.149,0.149,3.0,50699629.0,1.0,1.0,137.0,6.0,0.04379562,0.5935,0.6782,2.0,True
False,0.0,,0.0214,0.1481,0.074,4.0,50805115.0,2.0,2.0,137.0,3.0,0.02189781,0.6189,0.6958,2.0,False
True,1.0,0.1246,0.1246,0.1457,0.0729,5.0,51199743.0,2.0,2.0,137.0,3.0,0.02189781,0.6402,0.7117,,False
False,0.0,,1.0,1.0,1.0,0.0,0.0,1.0,1.0,89.0,89.0,1.0,0.6911,0.0002,2.0,True
True,1.0,0.0959,0.1568,0.1568,0.1568,1.0,50612147.0,1.0,1.0,87.0,8.0,0.09195402,0.5905,0.6444,2.0,True
False,1.0,0.1562,0.2443,0.2443,0.2443,2.0,50699629.0,1.0,1.0,88.0,8.0,0.09090909,0.5935,0.6782,2.0,True
False,1.0,,0.033,0.2432,0.1216,3.0,50805115.0,2.0,2.0,88.0,3.0,0.03409091,0.6189,0.6958,2.0,False
True,2.0,0.2069,0.2069,0.2393,0.1196,4.0,51199743.0,2.0,2.0,88.0,3.0,0.03409091,0.6402,0.7117,,False
False,0.0,,1.0,1.0,1.0,0.0,0.0,1.0,1.0,428.0,428.0,1.0,0.6911,0.0002,,True
False,0.0,,1.0,1.0,1.0,0.0,0.0,1.0,1.0,104.0,104.0,1.0,0.6911,0.0002,2.0,True
False,0.0,0.1125,0.121,0.121,0.121,1.0,47163297.0,1.0,1.0,104.0,1.0,0.009615385,0.5733,0.5036,2.0,True
False,0.0,0.1027,0.1702,0.1702,0.1702,2.0,50699629.0,1.0,1.0,105.0,7.0,0.06666667,0.5935,0.6782,2.0,True
False,0.0,,0.028,0.1692,0.0846,3.0,50805115.0,2.0,2.0,105.0,3.0,0.028571429,0.6189,0.6958,2.0,False
True,1.0,0.139,0.139,0.1665,0.0833,4.0,51199743.0,2.0,2.0,105.0,3.0,0.028571429,0.6402,0.7117,,False
False,0.0,,1.0,1.0,1.0,0.0,0.0,1.0,1.0,66.0,66.0,1.0,0.6911,0.0002,,True
False,0.0,,1.0,1.0,1.0,0.0,0.0,1.0,1.0,93.0,93.0,1.0,0.6911,0.0002,2.0,True
False,0.0,0.5438,0.5729,0.5729,0.5729,1.0,13133022.0,1.0,1.0,92.0,11.0,0.11956522,0.6685,0.1625,2.0,True
False,0.0,0.1006,0.1656,0.1656,0.1656,2.0,50699629.0,1.0,1.0,93.0,6.0,0.06451613,0.5935,0.6782,2.0,True
False,0.0,,0.0313,0.1647,0.0824,3.0,50805115.0,2.0,2.0,93.0,3.0,0.032258064,0.6189,0.6958,2.0,False
True,1.0,0.1313,0.1313,0.1621,0.081,4.0,51199743.0,2.0,2.0,93.0,3.0,0.032258064,0.6402,0.7117,,False
False,0.0,,1.0,1.0,1.0,0.0,0.0,1.0,1.0,1.0,1.0,1.0,0.6911,0.0002,,True
False,0.0,,1.0,1.0,1.0,0.0,0.0,1.0,1.0,47.0,47.0,1.0,0.6911,0.0002,,True
False,0.0,,1.0,1.0,1.0,0.0,0.0,1.0,1.0,78.0,78.0,1.0,0.6911,0.0002,,True
False,0.0,,1.0,1.0,1.0,0.0,0.0,1.0,1.0,646.0,646.0,1.0,0.6911,0.0002,,True
False,0.0,,1.0,1.0,1.0,0.0,0.0,1.0,1.0,944.0,944.0,1.0,0.6911,0.0002,,True
False,0.0,,1.0,1.0,1.0,0.0,0.0,1.0,1.0,20.0,20.0,1.0,0.6911,0.0002,,True
False,0.0,,1.0,1.0,1.0,0.0,0.0,1.0,1.0,624.0,624.0,1.0,0.6911,0.0002,,True
False,0.0,,1.0,1.0,1.0,0.0,0.0,1.0,1.0,661.0,661.0,1.0,0.6911,0.0002,,True
False,0.0,,1.0,1.0,1.0,0.0,0.0,1.0,1.0,182.0,182.0,1.0,0.6911,0.0002,,True
False,0.0,,1.0,1.0,1.0,0.0,0.0,1.0,1.0,59.0,59.0,1.0,0.6911,0.0002,,True
False,0.0,,1.0,1.0,1.0,0.0,0.0,1.0,1.0,59.0,59.0,1.0,0.6911,0.0002,,True
False,0.0,,1.0,1.0,1.0,0.0,0.0,1.0,1.0,76.0,76.0,1.0,0.6911,0.0002,,True
False,0.0,,1.0,1.0,1.0,0.0,0.0,1.0,1.0,202.0,202.0,1.0,0.6911,0.0002,,True
False,0.0,,1.0,1.0,1.0,0.0,0.0,1.0,1.0,646.0,646.0,1.0,0.6911,0.0002,,True
False,0.0,,1.0,1.0,1.0,0.0,0.0,1.0,1.0,136.0,136.0,1.0,0.6911,0.0002,,True
False,0.0,,1.0,1.0,1.0,0.0,0.0,1.0,1.0,136.0,136.0,1.0,0.6911,0.0002,,True
False,0.0,,1.0,1.0,1.0,0.0,0.0,1.0,1.0,130.0,130.0,1.0,0.6911,0.0002,,True
False,0.0,,1.0,1.0,1.0,0.0,0.0,1.0,1.0,130.0,130.0,1.0,0.6911,0.0002,,True
False,0.0,,1.0,1.0,1.0,0.0,0.0,1.0,1.0,45.0,45.0,1.0,0.6911,0.0002,0.0,True
False,0.0,,1.0,1.0,1.0,0.0,0.0,1.0,1.0,518.0,518.0,1.0,0.6911,0.0002,14.0,True
False,0.0,,1.0,1.0,1.0,0.0,0.0,1.0,1.0,370.0,370.0,1.0,0.6911,0.0002,9.0,True
False,0.0,,1.0,1.0,1.0,0.0,0.0,1.0,1.0,47.0,47.0,1.0,0.6911,0.0002,,True
False,0.0,,1.0,1.0,1.0,0.0,0.0,1.0,1.0,133.0,133.0,1.0,0.6911,0.0002,,True
False,0.0,,1.0,1.0,1.0,0.0,0.0,1.0,1.0,148.0,148.0,1.0,0.6911,0.0002,,True
False,0.0,,1.0,1.0,1.0,0.0,0.0,1.0,1.0,136.0,136.0,1.0,0.6911,0.0002,,True
False,0.0,,1.0,1.0,1.0,0.0,0.0,1.0,1.0,171.0,171.0,1.0,0.6911,0.0002,5.0,True
False,0.0,,1.0,1.0,1.0,0.0,0.0,1.0,1.0,90.0,90.0,1.0,0.6911,0.0002,4.0,True
False,0.0,,1.0,1.0,1.0,0.0,0.0,1.0,1.0,60.0,60.0,1.0,0.6911,0.0002,2.0,True
False,0.0,,1.0,1.0,1.0,0.0,0.0,1.0,1.0,32.0,32.0,1.0,0.6911,0.0002,1.0,True
False,0.0,,1.0,1.0,1.0,0.0,0.0,1.0,1.0,340.0,340.0,1.0,0.6911,0.0002,9.0,True
False,0.0,,1.0,1.0,1.0,0.0,0.0,1.0,1.0,162.0,162.0,1.0,0.6911,0.0002,6.0,True
False,0.0,,1.0,1.0,1.0,0.0,0.0,1.0,1.0,137.0,137.0,1.0,0.6911,0.0002,7.0,True
False,0.0,,1.0,1.0,1.0,0.0,0.0,1.0,1.0,114.0,114.0,1.0,0.6911,0.0002,8.0,True
False,0.0,,1.0,1.0,1.0,0.0,0.0,1.0,1.0,113.0,113.0,1.0,0.6911,0.0002,8.0,True
False,0.0,,1.0,1.0,1.0,0.0,0.0,1.0,1.0,102.0,102.0,1.0,0.6911,0.0002,7.0,True
False,0.0,,1.0,1.0,1.0,0.0,0.0,1.0,1.0,102.0,102.0,1.0,0.6911,0.0002,7.0,True
False,0.0,,1.0,1.0,1.0,0.0,0.0,1.0,1.0,66.0,66.0,1.0,0.6911,0.0002,2.0,True
False,0.0,,1.0,1.0,1.0,0.0,0.0,1.0,1.0,71.0,71.0,1.0,0.6911,0.0002,1.0,True
False,0.0,,1.0,1.0,1.0,0.0,0.0,1.0,1.0,62.0,62.0,1.0,0.6911,0.0002,1.0,True
False,0.0,,1.0,1.0,1.0,0.0,0.0,1.0,1.0,62.0,62.0,1.0,0.6911,0.0002,2.0,True
False,0.0,,1.0,1.0,1.0,0.0,0.0,1.0,1.0,54.0,54.0,1.0,0.6911,0.0002,2.0,True
False,0.0,,1.0,1.0,1.0,0.0,0.0,1.0,1.0,59.0,59.0,1.0,0.6911,0.0002,1.0,True
False,0.0,,1.0,1.0,1.0,0.0,0.0,1.0,1.0,123.0,123.0,1.0,0.6911,0.0002,2.0,True
False,0.0,,1.0,1.0,1.0,0.0,0.0,1.0,1.0,33.0,33.0,1.0,0.6911,0.0002,2.0,True
False,0.0,,1.0,1.0,1.0,0.0,0.0,1.0,1.0,62.0,62.0,1.0,0.6911,0.0002,2.0,True
False,0.0,,1.0,1.0,1.0,0.0,0.0,1.0,1.0,34.0,34.0,1.0,0.6911,0.0002,0.0,True
False,0.0,,1.0,1.0,1.0,0.0,0.0,1.0,1.0,74.0,74.0,1.0,0.6911,0.0002,2.0,True
False,0.0,,1.0,1.0,1.0,0.0,0.0,1.0,1.0,51.0,51.0,1.0,0.6911,0.0002,1.0,True
False,0.0,,1.0,1.0,1.0,0.0,0.0,1.0,1.0,110.0,110.0,1.0,0.6911,0.0002,,True
False,0.0,,1.0,1.0,1.0,0.0,0.0,1.0,1.0,96.0,96.0,1.0,0.6911,0.0002,,True
False,0.0,,1.0,1.0,1.0,0.0,0.0,1.0,1.0,98.0,98.0,1.0,0.6911,0.0002,,True
False,0.0,,1.0,1.0,1.0,0.0,0.0,1.0,1.0,124.0,124.0,1.0,0.6911,0.0002,,True
False,0.0,,1.0,1.0,1.0,0.0,0.0,1.0,1.0,92.0,92.0,1.0,0.6911,0.0002,,True
False,0.0,,1.0,1.0,1.0,0.0,0.0,1.0,1.0,2.0,2.0,1.0,0.6911,0.0002,,True
False,0.0,,1.0,1.0,1.0,0.0,0.0,1.0,1.0,410.0,410.0,1.0,0.6911,0.0002,6.0,True
False,0.0,,1.0,1.0,1.0,0.0,0.0,1.0,1.0,96.0,96.0,1.0,0.6911,0.0002,4.0,True
False,0.0,,1.0,1.0,1.0,0.0,0.0,1.0,1.0,1.0,1.0,1.0,0.6911,0.0002,,True
False,0.0,,1.0,1.0,1.0,0.0,0.0,1.0,1.0,100.0,100.0,1.0,0.6911,0.0002,,True
False,0.0,,1.0,1.0,1.0,0.0,0.0,1.0,1.0,147.0,147.0,1.0,0.6911,0.0002,,True
False,0.0,,1.0,1.0,1.0,0.0,0.0,1.0,1.0,121.0,121.0,1.0,0.6911,0.0002,,True
False,0.0,,1.0,1.0,1.0,0.0,0.0,1.0,1.0,202.0,202.0,1.0,0.6911,0.0002,,True
False,0.0,,1.0,1.0,1.0,0.0,0.0,1.0,1.0,2.0,2.0,1.0,0.6911,0.0002,,True
False,0.0,,1.0,1.0,1.0,0.0,0.0,1.0,1.0,61.0,61.0,1.0,0.6911,0.0002,0.0,True
False,0.0,,1.0,1.0,1.0,0.0,0.0,1.0,1.0,25.0,25.0,1.0,0.6911,0.0002,1.0,True
False,0.0,,1.0,1.0,1.0,0.0,0.0,1.0,1.0,8.0,8.0,1.0,0.6911,0.0002,,True
False,0.0,,1.0,1.0,1.0,0.0,0.0,1.0,1.0,51.0,51.0,1.0,0.6911,0.0002,3.0,True
False,0.0,,1.0,1.0,1.0,0.0,0.0,1.0,1.0,35.0,35.0,1.0,0.6911,0.0002,1.0,True
False,0.0,,1.0,1.0,1.0,0.0,0.0,1.0,1.0,31.0,31.0,1.0,0.6911,0.0002,3.0,True
False,0.0,,1.0,1.0,1.0,0.0,0.0,1.0,1.0,46.0,46.0,1.0,0.6911,0.0002,2.0,True
False,0.0,,1.0,1.0,1.0,0.0,0.0,1.0,1.0,42.0,42.0,1.0,0.6911,0.0002,3.0,True
False,0.0,,1.0,1.0,1.0,0.0,0.0,1.0,1.0,59.0,59.0,1.0,0.6911,0.0002,6.0,True
False,0.0,,1.0,1.0,1.0,0.0,0.0,1.0,1.0,70.0,70.0,1.0,0.6911,0.0002,2.0,True
False,0.0,,1.0,1.0,1.0,0.0,0.0,1.0,1.0,42.0,42.0,1.0,0.6911,0.0002,3.0,True
False,0.0,,1.0,1.0,1.0,0.0,0.0,1.0,1.0,35.0,35.0,1.0,0.6911,0.0002,2.0,True
False,0.0,,1.0,1.0,1.0,0.0,0.0,1.0,1.0,32.0,32.0,1.0,0.6911,0.0002,2.0,True
False,0.0,,1.0,1.0,1.0,0.0,0.0,1.0,1.0,22.0,22.0,1.0,0.6911,0.0002,1.0,True
False,0.0,,1.0,1.0,1.0,0.0,0.0,1.0,1.0,40.0,40.0,1.0,0.6911,0.0002,1.0,True
False,0.0,0.5438,0.566,0.566,0.566,1.0,13133022.0,1.0,1.0,39.0,3.0,0.07692308,0.6685,0.1625,1.0,True
False,0.0,,1.0,1.0,1.0,0.0,0.0,1.0,1.0,69.0,69.0,1.0,0.6911,0.0002,1.0,True
False,0.0,,1.0,1.0,1.0,0.0,0.0,1.0,1.0,84.0,84.0,1.0,0.6911,0.0002,2.0,True
False,0.0,,1.0,1.0,1.0,0.0,0.0,1.0,1.0,148.0,148.0,1.0,0.6911,0.0002,7.0,True
False,0.0,0.5438,0.562,0.562,0.562,1.0,13133022.0,1.0,1.0,148.0,10.0,0.067567565,0.6685,0.1625,7.0,True
False,0.0,,1.0,1.0,1.0,0.0,0.0,1.0,1.0,127.0,127.0,1.0,0.6911,0.0002,4.0,True
False,0.0,,1.0,1.0,1.0,0.0,0.0,1.0,1.0,77.0,77.0,1.0,0.6911,0.0002,6.0,True
False,0.0,0.5438,0.5611,0.5611,0.5611,1.0,13133022.0,1.0,1.0,77.0,4.0,0.051948052,0.6685,0.1625,6.0,True
False,0.0,,1.0,1.0,1.0,0.0,0.0,1.0,1.0,58.0,58.0,1.0,0.6911,0.0002,1.0,True
False,0.0,,1.0,1.0,1.0,0.0,0.0,1.0,1.0,63.0,63.0,1.0,0.6911,0.0002,3.0,True
False,0.0,0.5438,0.5655,0.5655,0.5655,1.0,13133022.0,1.0,1.0,62.0,4.0,0.06451613,0.6685,0.1625,3.0,True
False,0.0,,1.0,1.0,1.0,0.0,0.0,1.0,1.0,65.0,65.0,1.0,0.6911,0.0002,9.0,True
False,0.0,,1.0,1.0,1.0,0.0,0.0,1.0,1.0,68.0,68.0,1.0,0.6911,0.0002,2.0,True
False,0.0,0.5438,0.5764,0.5764,0.5764,1.0,13133022.0,1.0,1.0,68.0,8.0,0.11764706,0.6685,0.1625,2.0,True
False,0.0,,1.0,1.0,1.0,0.0,0.0,1.0,1.0,115.0,115.0,1.0,0.6911,0.0002,9.0,True
False,0.0,,1.0,1.0,1.0,0.0,0.0,1.0,1.0,124.0,124.0,1.0,0.6911,0.0002,4.0,True
False,0.0,0.5438,0.5615,0.5615,0.5615,1.0,13133022.0,1.0,1.0,127.0,4.0,0.031496063,0.6685,0.1625,4.0,True
False,0.0,,1.0,1.0,1.0,0.0,0.0,1.0,1.0,53.0,53.0,1.0,0.6911,0.0002,5.0,True
False,0.0,,1.0,1.0,1.0,0.0,0.0,1.0,1.0,39.0,39.0,1.0,0.6911,0.0002,1.0,True
False,0.0,0.5438,0.5772,0.5772,0.5772,1.0,13133022.0,1.0,1.0,39.0,4.0,0.102564104,0.6685,0.1625,1.0,True
False,0.0,,1.0,1.0,1.0,0.0,0.0,1.0,1.0,100.0,100.0,1.0,0.6911,0.0002,5.0,True
False,0.0,,1.0,1.0,1.0,0.0,0.0,1.0,1.0,80.0,80.0,1.0,0.6911,0.0002,3.0,True
False,0.0,0.5438,0.5678,0.5678,0.5678,1.0,13133022.0,1.0,1.0,74.0,12.0,0.16216215,0.6685,0.1625,3.0,True
False,0.0,,1.0,1.0,1.0,0.0,0.0,1.0,1.0,29.0,29.0,1.0,0.6911,0.0002,1.0,True
False,0.0,,1.0,1.0,1.0,0.0,0.0,1.0,1.0,149.0,149.0,1.0,0.6911,0.0002,4.0,True
False,0.0,0.5438,0.5656,0.5656,0.5656,1.0,13133022.0,1.0,1.0,144.0,17.0,0.11805555,0.6685,0.1625,4.0,True
False,0.0,,1.0,1.0,1.0,0.0,0.0,1.0,1.0,35.0,35.0,1.0,0.6911,0.0002,4.0,True
False,0.0,,1.0,1.0,1.0,0.0,0.0,1.0,1.0,39.0,39.0,1.0,0.6911,0.0002,1.0,True
False,0.0,0.5438,0.5666,0.5666,0.5666,1.0,13133022.0,1.0,1.0,38.0,3.0,0.078947365,0.6685,0.1625,1.0,True
False,0.0,,1.0,1.0,1.0,0.0,0.0,1.0,1.0,102.0,102.0,1.0,0.6911,0.0002,1.0,True
False,0.0,0.5438,0.5527,0.5527,0.5527,1.0,13133022.0,1.0,1.0,101.0,3.0,0.02970297,0.6685,0.1625,1.0,True
False,0.0,,1.0,1.0,1.0,0.0,0.0,1.0,1.0,82.0,82.0,1.0,0.6911,0.0002,5.0,True
False,0.0,,1.0,1.0,1.0,0.0,0.0,1.0,1.0,40.0,40.0,1.0,0.6911,0.0002,1.0,True
False,0.0,0.5438,0.566,0.566,0.566,1.0,13133022.0,1.0,1.0,39.0,3.0,0.07692308,0.6685,0.1625,1.0,True
False,0.0,,1.0,1.0,1.0,0.0,0.0,1.0,1.0,67.0,67.0,1.0,0.6911,0.0002,2.0,True
False,0.0,,1.0,1.0,1.0,0.0,0.0,1.0,1.0,40.0,40.0,1.0,0.6911,0.0002,1.0,True
False,0.0,0.5438,0.566,0.566,0.566,1.0,13133022.0,1.0,1.0,39.0,3.0,0.07692308,0.6685,0.1625,1.0,True
False,0.0,,1.0,1.0,1.0,0.0,0.0,1.0,1.0,283.0,283.0,1.0,0.6911,0.0002,0.0,True
False,0.0,,1.0,1.0,1.0,0.0,0.0,1.0,1.0,21.0,21.0,1.0,0.6911,0.0002,1.0,True
False,0.0,,1.0,1.0,1.0,0.0,0.0,1.0,1.0,40.0,40.0,1.0,0.6911,0.0002,1.0,True
False,0.0,0.5438,0.566,0.566,0.566,1.0,13133022.0,1.0,1.0,39.0,3.0,0.07692308,0.6685,0.1625,1.0,True
False,0.0,,1.0,1.0,1.0,0.0,0.0,1.0,1.0,63.0,63.0,1.0,0.6911,0.0002,2.0,True
False,0.0,,1.0,1.0,1.0,0.0,0.0,1.0,1.0,40.0,40.0,1.0,0.6911,0.0002,1.0,True
False,0.0,0.5438,0.566,0.566,0.566,1.0,13133022.0,1.0,1.0,39.0,3.0,0.07692308,0.6685,0.1625,1.0,True
False,0.0,,1.0,1.0,1.0,0.0,0.0,1.0,1.0,146.0,146.0,1.0,0.6911,0.0002,2.0,True
False,0.0,,1.0,1.0,1.0,0.0,0.0,1.0,1.0,40.0,40.0,1.0,0.6911,0.0002,1.0,True
False,0.0,0.5438,0.566,0.566,0.566,1.0,13133022.0,1.0,1.0,39.0,3.0,0.07692308,0.6685,0.1625,1.0,True
False,0.0,,1.0,1.0,1.0,0.0,0.0,1.0,1.0,105.0,105.0,1.0,0.6911,0.0002,4.0,True
False,0.0,,1.0,1.0,1.0,0.0,0.0,1.0,1.0,40.0,40.0,1.0,0.6911,0.0002,1.0,True
False,0.0,0.5438,0.566,0.566,0.566,1.0,13133022.0,1.0,1.0,39.0,3.0,0.07692308,0.6685,0.1625,1.0,True
False,0.0,,1.0,1.0,1.0,0.0,0.0,1.0,1.0,37.0,37.0,1.0,0.6911,0.0002,1.0,True
False,0.0,,1.0,1.0,1.0,0.0,0.0,1.0,1.0,40.0,40.0,1.0,0.6911,0.0002,1.0,True
False,0.0,0.5438,0.566,0.566,0.566,1.0,13133022.0,1.0,1.0,39.0,3.0,0.07692308,0.6685,0.1625,1.0,True
False,0.0,,1.0,1.0,1.0,0.0,0.0,1.0,1.0,135.0,135.0,1.0,0.6911,0.0002,8.0,True
False,0.0,,1.0,1.0,1.0,0.0,0.0,1.0,1.0,40.0,40.0,1.0,0.6911,0.0002,1.0,True
False,0.0,0.5438,0.566,0.566,0.566,1.0,13133022.0,1.0,1.0,39.0,3.0,0.07692308,0.6685,0.1625,1.0,True
False,0.0,,1.0,1.0,1.0,0.0,0.0,1.0,1.0,35.0,35.0,1.0,0.6911,0.0002,3.0,True
False,0.0,,1.0,1.0,1.0,0.0,0.0,1.0,1.0,40.0,40.0,1.0,0.6911,0.0002,1.0,True
False,0.0,0.5438,0.566,0.566,0.566,1.0,13133022.0,1.0,1.0,39.0,3.0,0.07692308,0.6685,0.1625,1.0,True
False,0.0,,1.0,1.0,1.0,0.0,0.0,1.0,1.0,47.0,47.0,1.0,0.6911,0.0002,6.0,True
False,0.0,,1.0,1.0,1.0,0.0,0.0,1.0,1.0,40.0,40.0,1.0,0.6911,0.0002,1.0,True
False,0.0,0.5438,0.566,0.566,0.566,1.0,13133022.0,1.0,1.0,39.0,3.0,0.07692308,0.6685,0.1625,1.0,True
False,0.0,,1.0,1.0,1.0,0.0,0.0,1.0,1.0,45.0,45.0,1.0,0.6911,0.0002,2.0,True
False,0.0,,1.0,1.0,1.0,0.0,0.0,1.0,1.0,40.0,40.0,1.0,0.6911,0.0002,1.0,True
False,0.0,0.5438,0.566,0.566,0.566,1.0,13133022.0,1.0,1.0,39.0,3.0,0.07692308,0.6685,0.1625,1.0,True
False,0.0,,1.0,1.0,1.0,0.0,0.0,1.0,1.0,46.0,46.0,1.0,0.6911,0.0002,2.0,True
False,0.0,0.5438,0.5723,0.5723,0.5723,1.0,13133022.0,1.0,1.0,46.0,4.0,0.08695652,0.6685,0.1625,2.0,True
False,0.0,,1.0,1.0,1.0,0.0,0.0,1.0,1.0,61.0,61.0,1.0,0.6911,0.0002,1.0,True
False,0.0,,1.0,1.0,1.0,0.0,0.0,1.0,1.0,42.0,42.0,1.0,0.6911,0.0002,3.0,True
False,0.0,0.5438,0.5749,0.5749,0.5749,1.0,13133022.0,1.0,1.0,42.0,4.0,0.0952381,0.6685,0.1625,3.0,True
False,0.0,,1.0,1.0,1.0,0.0,0.0,1.0,1.0,115.0,115.0,1.0,0.6911,0.0002,8.0,True
False,0.0,,1.0,1.0,1.0,0.0,0.0,1.0,1.0,102.0,102.0,1.0,0.6911,0.0002,3.0,True
False,0.0,0.5438,0.5569,0.5569,0.5569,1.0,13133022.0,1.0,1.0,102.0,4.0,0.039215688,0.6685,0.1625,3.0,True
False,0.0,,1.0,1.0,1.0,0.0,0.0,1.0,1.0,60.0,60.0,1.0,0.6911,0.0002,8.0,True
False,0.0,,1.0,1.0,1.0,0.0,0.0,1.0,1.0,185.0,185.0,1.0,0.6911,0.0002,14.0,True
False,0.0,,1.0,1.0,1.0,0.0,0.0,1.0,1.0,113.0,113.0,1.0,0.6655,0.1554,7.0,False
False,0.0,0.988,0.9891,0.9891,0.9891,1.0,288899.0,1.0,1.0,114.0,17.0,0.1491228,0.6685,0.1625,7.0,True
False,0.0,,1.0,1.0,1.0,0.0,0.0,1.0,1.0,43.0,43.0,1.0,0.6911,0.0002,3.0,True
True,1.0,,1.0,1.0,1.0,0.0,0.0,1.0,1.0,64.0,64.0,1.0,0.6646,0.168,4.0,True
False,1.0,0.988,0.9923,0.9923,0.9923,1.0,301226.0,1.0,1.0,46.0,36.0,0.7826087,0.6648,0.1654,4.0,True
False,1.0,0.9701,0.9744,0.9744,0.9744,2.0,795449.0,1.0,1.0,49.0,7.0,0.14285715,0.665,0.1634,4.0,True
False,1.0,0.9437,0.9644,0.9644,0.9644,3.0,1499543.0,1.0,1.0,56.0,35.0,0.625,0.6651,0.1612,5.0,False
False,1.0,0.6832,0.7187,0.7187,0.7187,4.0,8935616.0,1.0,1.0,57.0,9.0,0.15789473,0.6685,0.1625,5.0,True
False,0.0,,1.0,1.0,1.0,0.0,0.0,1.0,1.0,126.0,126.0,1.0,0.6911,0.0002,7.0,True
False,0.0,,1.0,1.0,1.0,0.0,0.0,1.0,1.0,46.0,46.0,1.0,0.6655,0.1554,5.0,False
False,0.0,0.988,0.99,0.99,0.99,1.0,288899.0,1.0,1.0,47.0,13.0,0.27659574,0.6685,0.1625,5.0,True
False,0.0,,1.0,1.0,1.0,0.0,0.0,1.0,1.0,542.0,542.0,1.0,0.6911,0.0002,5.0,True
False,0.0,0.953,0.9583,0.9583,0.9583,1.0,1121117.0,1.0,1.0,523.0,78.0,0.14913958,0.6626,0.1717,5.0,False
False,0.0,0.547,0.5524,0.5524,0.5524,2.0,13133022.0,1.0,1.0,513.0,16.0,0.031189084,0.6685,0.1625,5.0,True
False,0.0,,1.0,1.0,1.0,0.0,0.0,1.0,1.0,103.0,103.0,1.0,0.6911,0.0002,6.0,True
False,0.0,,1.0,1.0,1.0,0.0,0.0,1.0,1.0,288.0,288.0,1.0,0.6911,0.0002,3.0,True
False,0.0,0.8587,0.8602,0.8602,0.8602,1.0,3344246.0,1.0,1.0,289.0,2.0,0.0069204154,0.6629,0.1578,3.0,False
False,0.0,0.5447,0.5527,0.5527,0.5527,2.0,13133022.0,1.0,1.0,283.0,11.0,0.038869258,0.6685,0.1625,3.0,True
False,0.0,,1.0,1.0,1.0,0.0,0.0,1.0,1.0,97.0,97.0,1.0,0.6911,0.0002,4.0,True
False,0.0,,1.0,1.0,1.0,0.0,0.0,1.0,1.0,863.0,863.0,1.0,0.6911,0.0002,11.0,True
False,0.0,0.5438,0.547,0.547,0.547,1.0,13133022.0,1.0,1.0,853.0,16.0,0.018757327,0.6685,0.1625,11.0,True
False,0.0,,1.0,1.0,1.0,0.0,0.0,1.0,1.0,132.0,132.0,1.0,0.6911,0.0002,8.0,True
False,0.0,,1.0,1.0,1.0,0.0,0.0,1.0,1.0,168.0,168.0,1.0,0.6911,0.0002,2.0,True
False,0.0,0.5438,0.555,0.555,0.555,1.0,13133022.0,1.0,1.0,162.0,10.0,0.061728396,0.6685,0.1625,2.0,True
False,0.0,,1.0,1.0,1.0,0.0,0.0,1.0,1.0,59.0,59.0,1.0,0.6911,0.0002,3.0,True
False,0.0,,1.0,1.0,1.0,0.0,0.0,1.0,1.0,40.0,40.0,1.0,0.6911,0.0002,1.0,True
False,0.0,0.5438,0.566,0.566,0.566,1.0,13133022.0,1.0,1.0,39.0,3.0,0.07692308,0.6685,0.1625,1.0,True
False,0.0,,1.0,1.0,1.0,0.0,0.0,1.0,1.0,57.0,57.0,1.0,0.6911,0.0002,1.0,True
False,0.0,,1.0,1.0,1.0,0.0,0.0,1.0,1.0,158.0,158.0,1.0,0.6911,0.0002,2.0,True
False,0.0,0.5438,0.5641,0.5641,0.5641,1.0,13133022.0,1.0,1.0,155.0,11.0,0.07096774,0.6685,0.1625,2.0,True
False,0.0,,1.0,1.0,1.0,0.0,0.0,1.0,1.0,10.0,10.0,1.0,0.6911,0.0002,,True
False,0.0,,1.0,1.0,1.0,0.0,0.0,1.0,1.0,255.0,255.0,1.0,0.6911,0.0002,9.0,True
False,0.0,0.5438,0.5527,0.5527,0.5527,1.0,13133022.0,1.0,1.0,255.0,8.0,0.03137255,0.6685,0.1625,9.0,True
False,0.0,,1.0,1.0,1.0,0.0,0.0,1.0,1.0,23.0,23.0,1.0,0.6911,0.0002,,True
False,0.0,,1.0,1.0,1.0,0.0,0.0,1.0,1.0,191.0,191.0,1.0,0.6911,0.0002,5.0,True
False,0.0,0.5438,0.5462,0.5462,0.5462,1.0,13133022.0,1.0,1.0,185.0,7.0,0.037837837,0.6685,0.1625,5.0,True
False,0.0,,1.0,1.0,1.0,0.0,0.0,1.0,1.0,22.0,22.0,1.0,0.6911,0.0002,,True
False,0.0,,1.0,1.0,1.0,0.0,0.0,1.0,1.0,22.0,22.0,1.0,0.6911,0.0002,,True
False,0.0,,1.0,1.0,1.0,0.0,0.0,1.0,1.0,84.0,84.0,1.0,0.6655,0.1554,11.0,False
False,0.0,0.988,0.9887,0.9887,0.9887,1.0,288899.0,1.0,1.0,85.0,7.0,0.08235294,0.6685,0.1625,11.0,True
False,0.0,,1.0,1.0,1.0,0.0,0.0,1.0,1.0,64.0,64.0,1.0,0.6911,0.0002,,True
False,0.0,,1.0,1.0,1.0,0.0,0.0,1.0,1.0,162.0,162.0,1.0,0.6911,0.0002,2.0,True
False,0.0,0.5438,0.5606,0.5606,0.5606,1.0,13133022.0,1.0,1.0,161.0,7.0,0.04347826,0.6685,0.1625,2.0,True
False,0.0,,1.0,1.0,1.0,0.0,0.0,1.0,1.0,148.0,148.0,1.0,0.6911,0.0002,2.0,True
False,0.0,0.5438,0.5621,0.5621,0.5621,1.0,13133022.0,1.0,1.0,147.0,7.0,0.04761905,0.6685,0.1625,2.0,True
False,0.0,,1.0,1.0,1.0,0.0,0.0,1.0,1.0,64.0,64.0,1.0,0.6911,0.0002,,True
False,0.0,,1.0,1.0,1.0,0.0,0.0,1.0,1.0,517.0,517.0,1.0,0.6911,0.0002,4.0,True
False,0.0,0.5438,0.5473,0.5473,0.5473,1.0,13133022.0,1.0,1.0,511.0,10.0,0.019569471,0.6685,0.1625,4.0,True
False,0.0,,1.0,1.0,1.0,0.0,0.0,1.0,1.0,53.0,53.0,1.0,0.6911,0.0002,,True
False,0.0,,1.0,1.0,1.0,0.0,0.0,1.0,1.0,51.0,51.0,1.0,0.6911,0.0002,1.0,True
False,0.0,0.5438,0.5789,0.5789,0.5789,1.0,13133022.0,1.0,1.0,50.0,7.0,0.14,0.6685,0.1625,1.0,True
False,0.0,,1.0,1.0,1.0,0.0,0.0,1.0,1.0,101.0,101.0,1.0,0.6911,0.0002,,True
False,0.0,,1.0,1.0,1.0,0.0,0.0,1.0,1.0,43.0,43.0,1.0,0.6911,0.0002,1.0,True
False,0.0,0.5438,0.5852,0.5852,0.5852,1.0,13133022.0,1.0,1.0,42.0,7.0,0.16666667,0.6685,0.1625,1.0,True
False,0.0,,1.0,1.0,1.0,0.0,0.0,1.0,1.0,61.0,61.0,1.0,0.6911,0.0002,5.0,True
False,0.0,,1.0,1.0,1.0,0.0,0.0,1.0,1.0,59.0,59.0,1.0,0.6911,0.0002,1.0,True
False,0.0,0.5438,0.5737,0.5737,0.5737,1.0,13133022.0,1.0,1.0,59.0,6.0,0.10169491,0.6685,0.1625,1.0,True
False,0.0,,1.0,1.0,1.0,0.0,0.0,1.0,1.0,60.0,60.0,1.0,0.6911,0.0002,6.0,True
False,0.0,,1.0,1.0,1.0,0.0,0.0,1.0,1.0,47.0,47.0,1.0,0.6911,0.0002,2.0,True
False,0.0,0.5438,0.5628,0.5628,0.5628,1.0,13133022.0,1.0,1.0,46.0,3.0,0.06521739,0.6685,0.1625,2.0,True
False,0.0,,1.0,1.0,1.0,0.0,0.0,1.0,1.0,149.0,149.0,1.0,0.6911,0.0002,1.0,True
False,0.0,,1.0,1.0,1.0,0.0,0.0,1.0,1.0,52.0,52.0,1.0,0.6911,0.0002,1.0,True
False,0.0,0.5438,0.5776,0.5776,0.5776,1.0,13133022.0,1.0,1.0,52.0,6.0,0.115384616,0.6685,0.1625,1.0,True
False,0.0,,1.0,1.0,1.0,0.0,0.0,1.0,1.0,162.0,162.0,1.0,0.6911,0.0002,,True
False,0.0,,1.0,1.0,1.0,0.0,0.0,1.0,1.0,142.0,142.0,1.0,0.6911,0.0002,5.0,True
False,0.0,0.5438,0.566,0.566,0.566,1.0,13133022.0,1.0,1.0,142.0,12.0,0.08450704,0.6685,0.1625,5.0,True
False,0.0,,1.0,1.0,1.0,0.0,0.0,1.0,1.0,64.0,64.0,1.0,0.6911,0.0002,,True
False,0.0,,1.0,1.0,1.0,0.0,0.0,1.0,1.0,115.0,115.0,1.0,0.6911,0.0002,4.0,True
False,0.0,0.5438,0.5594,0.5594,0.5594,1.0,13133022.0,1.0,1.0,115.0,6.0,0.052173913,0.6685,0.1625,4.0,True
False,0.0,,1.0,1.0,1.0,0.0,0.0,1.0,1.0,374.0,374.0,1.0,0.6911,0.0002,,True
False,0.0,,1.0,1.0,1.0,0.0,0.0,1.0,1.0,118.0,118.0,1.0,0.6911,0.0002,4.0,True
False,0.0,0.5438,0.5636,0.5636,0.5636,1.0,13133022.0,1.0,1.0,113.0,12.0,0.10619469,0.6685,0.1625,4.0,True
False,0.0,,1.0,1.0,1.0,0.0,0.0,1.0,1.0,269.0,269.0,1.0,0.6911,0.0002,,True
False,0.0,,1.0,1.0,1.0,0.0,0.0,1.0,1.0,131.0,131.0,1.0,0.6911,0.0002,3.0,True
False,0.0,0.5438,0.5687,0.5687,0.5687,1.0,13133022.0,1.0,1.0,126.0,12.0,0.0952381,0.6685,0.1625,3.0,True
False,0.0,,1.0,1.0,1.0,0.0,0.0,1.0,1.0,214.0,214.0,1.0,0.6911,0.0002,,True
False,0.0,,1.0,1.0,1.0,0.0,0.0,1.0,1.0,263.0,263.0,1.0,0.6911,0.0002,,True
False,0.0,,1.0,1.0,1.0,0.0,0.0,1.0,1.0,125.0,125.0,1.0,0.6911,0.0002,3.0,True
False,0.0,0.5438,0.5592,0.5592,0.5592,1.0,13133022.0,1.0,1.0,116.0,15.0,0.12931034,0.6685,0.1625,3.0,True
False,0.0,,1.0,1.0,1.0,0.0,0.0,1.0,1.0,146.0,146.0,1.0,0.6911,0.0002,3.0,True
False,0.0,0.5438,0.5628,0.5628,0.5628,1.0,13133022.0,1.0,1.0,142.0,14.0,0.09859155,0.6685,0.1625,3.0,True
False,0.0,,1.0,1.0,1.0,0.0,0.0,1.0,1.0,137.0,137.0,1.0,0.6911,0.0002,,True
False,0.0,,1.0,1.0,1.0,0.0,0.0,1.0,1.0,135.0,135.0,1.0,0.6911,0.0002,10.0,True
False,0.0,0.5438,0.5472,0.5472,0.5472,1.0,13133022.0,1.0,1.0,131.0,5.0,0.03816794,0.6685,0.1625,10.0,True
False,0.0,,1.0,1.0,1.0,0.0,0.0,1.0,1.0,65.0,65.0,1.0,0.6911,0.0002,,True
False,0.0,,1.0,1.0,1.0,0.0,0.0,1.0,1.0,54.0,54.0,1.0,0.6911,0.0002,1.0,True
False,0.0,0.5438,0.5782,0.5782,0.5782,1.0,13133022.0,1.0,1.0,51.0,9.0,0.1764706,0.6685,0.1625,1.0,True
False,0.0,,1.0,1.0,1.0,0.0,0.0,1.0,1.0,202.0,202.0,1.0,0.6911,0.0002,,True
False,0.0,,1.0,1.0,1.0,0.0,0.0,1.0,1.0,104.0,104.0,1.0,0.6911,0.0002,2.0,True
False,0.0,0.5438,0.5615,0.5615,0.5615,1.0,13133022.0,1.0,1.0,102.0,6.0,0.05882353,0.6685,0.1625,2.0,True
False,0.0,,1.0,1.0,1.0,0.0,0.0,1.0,1.0,42.0,42.0,1.0,0.6911,0.0002,,True
False,0.0,,1.0,1.0,1.0,0.0,0.0,1.0,1.0,223.0,223.0,1.0,0.6911,0.0002,3.0,True
False,0.0,0.5438,0.548,0.548,0.548,1.0,13133022.0,1.0,1.0,215.0,10.0,0.046511628,0.6685,0.1625,3.0,True
False,0.0,,1.0,1.0,1.0,0.0,0.0,1.0,1.0,42.0,42.0,1.0,0.6911,0.0002,,True
False,0.0,,1.0,1.0,1.0,0.0,0.0,1.0,1.0,72.0,72.0,1.0,0.6911,0.0002,1.0,True
False,0.0,0.5438,0.5808,0.5808,0.5808,1.0,13133022.0,1.0,1.0,72.0,10.0,0.1388889,0.6685,0.1625,1.0,True
False,0.0,,1.0,1.0,1.0,0.0,0.0,1.0,1.0,206.0,206.0,1.0,0.6911,0.0002,7.0,True
False,0.0,,1.0,1.0,1.0,0.0,0.0,1.0,1.0,135.0,135.0,1.0,0.6911,0.0002,3.0,True
False,0.0,0.5438,0.5571,0.5571,0.5571,1.0,13133022.0,1.0,1.0,135.0,6.0,0.044444446,0.6685,0.1625,3.0,True
False,0.0,,1.0,1.0,1.0,0.0,0.0,1.0,1.0,51.0,51.0,1.0,0.6911,0.0002,3.0,True
False,0.0,,1.0,1.0,1.0,0.0,0.0,1.0,1.0,71.0,71.0,1.0,0.6911,0.0002,1.0,True
False,0.0,0.8587,0.8625,0.8625,0.8625,1.0,3344246.0,1.0,1.0,72.0,1.0,0.013888889,0.6629,0.1578,1.0,False
False,0.0,0.5463,0.5706,0.5706,0.5706,2.0,13133022.0,1.0,1.0,72.0,6.0,0.083333336,0.6685,0.1625,1.0,True
False,0.0,,1.0,1.0,1.0,0.0,0.0,1.0,1.0,87.0,87.0,1.0,0.6911,0.0002,2.0,True
False,0.0,,1.0,1.0,1.0,0.0,0.0,1.0,1.0,63.0,63.0,1.0,0.6911,0.0002,1.0,True
False,0.0,0.5438,0.5718,0.5718,0.5718,1.0,13133022.0,1.0,1.0,63.0,6.0,0.0952381,0.6685,0.1625,1.0,True
False,0.0,,1.0,1.0,1.0,0.0,0.0,1.0,1.0,53.0,53.0,1.0,0.6911,0.0002,4.0,True
False,0.0,,1.0,1.0,1.0,0.0,0.0,1.0,1.0,92.0,92.0,1.0,0.6911,0.0002,2.0,True
False,0.0,0.8587,0.8646,0.8646,0.8646,1.0,3344246.0,1.0,1.0,94.0,2.0,0.021276595,0.6629,0.1578,2.0,False
True,1.0,0.8307,0.844,0.844,0.844,2.0,4197406.0,1.0,1.0,97.0,5.0,0.05154639,0.6646,0.168,2.0,True
False,1.0,0.5565,0.5783,0.5783,0.5783,3.0,13133022.0,1.0,1.0,97.0,8.0,0.082474224,0.6685,0.1625,2.0,True
False,0.0,,1.0,1.0,1.0,0.0,0.0,1.0,1.0,59.0,59.0,1.0,0.6911,0.0002,2.0,True
False,0.0,,1.0,1.0,1.0,0.0,0.0,1.0,1.0,76.0,76.0,1.0,0.6911,0.0002,1.0,True
False,0.0,0.5438,0.5672,0.5672,0.5672,1.0,13133022.0,1.0,1.0,76.0,6.0,0.078947365,0.6685,0.1625,1.0,True
False,0.0,,1.0,1.0,1.0,0.0,0.0,1.0,1.0,49.0,49.0,1.0,0.6911,0.0002,2.0,True
False,0.0,,1.0,1.0,1.0,0.0,0.0,1.0,1.0,26.0,26.0,1.0,0.6911,0.0002,0.0,True
False,0.0,,1.0,1.0,1.0,0.0,0.0,1.0,1.0,68.0,68.0,1.0,0.6911,0.0002,1.0,True
False,0.0,0.5438,0.5698,0.5698,0.5698,1.0,13133022.0,1.0,1.0,68.0,6.0,0.0882353,0.6685,0.1625,1.0,True
False,0.0,,1.0,1.0,1.0,0.0,0.0,1.0,1.0,139.0,139.0,1.0,0.6911,0.0002,3.0,True
False,0.0,0.5438,0.5632,0.5632,0.5632,1.0,13133022.0,1.0,1.0,139.0,10.0,0.07194245,0.6685,0.1625,3.0,True
False,0.0,,1.0,1.0,1.0,0.0,0.0,1.0,1.0,52.0,52.0,1.0,0.6911,0.0002,,True
False,0.0,,1.0,1.0,1.0,0.0,0.0,1.0,1.0,64.0,64.0,1.0,0.6911,0.0002,2.0,True
False,0.0,0.5438,0.5714,0.5714,0.5714,1.0,13133022.0,1.0,1.0,64.0,6.0,0.09375,0.6685,0.1625,2.0,True
False,0.0,,1.0,1.0,1.0,0.0,0.0,1.0,1.0,81.0,81.0,1.0,0.6911,0.0002,,True
False,0.0,,1.0,1.0,1.0,0.0,0.0,1.0,1.0,58.0,58.0,1.0,0.6911,0.0002,1.0,True
False,0.0,0.5438,0.5818,0.5818,0.5818,1.0,13133022.0,1.0,1.0,58.0,8.0,0.13793103,0.6685,0.1625,1.0,True
False,0.0,,1.0,1.0,1.0,0.0,0.0,1.0,1.0,105.0,105.0,1.0,0.6911,0.0002,,True
False,0.0,,1.0,1.0,1.0,0.0,0.0,1.0,1.0,153.0,153.0,1.0,0.6911,0.0002,6.0,True
False,0.0,0.5438,0.5615,0.5615,0.5615,1.0,13133022.0,1.0,1.0,152.0,11.0,0.07236842,0.6685,0.1625,6.0,True
False,0.0,,1.0,1.0,1.0,0.0,0.0,1.0,1.0,103.0,103.0,1.0,0.6911,0.0002,,True
False,0.0,,1.0,1.0,1.0,0.0,0.0,1.0,1.0,177.0,177.0,1.0,0.6911,0.0002,5.0,True
False,0.0,0.5438,0.5543,0.5543,0.5543,1.0,13133022.0,1.0,1.0,172.0,9.0,0.05232558,0.6685,0.1625,5.0,True
False,0.0,,1.0,1.0,1.0,0.0,0.0,1.0,1.0,93.0,93.0,1.0,0.6911,0.0002,3.0,True
False,0.0,0.5438,0.5634,0.5634,0.5634,1.0,13133022.0,1.0,1.0,92.0,5.0,0.054347824,0.6685,0.1625,3.0,True
False,0.0,,1.0,1.0,1.0,0.0,0.0,1.0,1.0,130.0,130.0,1.0,0.6911,0.0002,5.0,True
False,0.0,0.5438,0.5474,0.5474,0.5474,1.0,13133022.0,1.0,1.0,126.0,5.0,0.03968254,0.6685,0.1625,5.0,True
False,0.0,,1.0,1.0,1.0,0.0,0.0,1.0,1.0,254.0,254.0,1.0,0.6911,0.0002,12.0,True
False,0.0,0.5438,0.5563,0.5563,0.5563,1.0,13133022.0,1.0,1.0,253.0,9.0,0.03557312,0.6685,0.1625,12.0,True
False,0.0,,1.0,1.0,1.0,0.0,0.0,1.0,1.0,80.0,80.0,1.0,0.6911,0.0002,2.0,True
False,0.0,0.5438,0.5716,0.5716,0.5716,1.0,13133022.0,1.0,1.0,80.0,8.0,0.1,0.6685,0.1625,2.0,True
False,0.0,,1.0,1.0,1.0,0.0,0.0,1.0,1.0,196.0,196.0,1.0,0.6911,0.0002,6.0,True
False,0.0,0.5438,0.558,0.558,0.558,1.0,13133022.0,1.0,1.0,190.0,16.0,0.08421053,0.6685,0.1625,6.0,True
False,0.0,,1.0,1.0,1.0,0.0,0.0,1.0,1.0,69.0,69.0,1.0,0.6911,0.0002,1.0,True
False,0.0,0.5438,0.5764,0.5764,0.5764,1.0,13133022.0,1.0,1.0,68.0,7.0,0.10294118,0.6685,0.1625,1.0,True
False,0.0,,1.0,1.0,1.0,0.0,0.0,1.0,1.0,102.0,102.0,1.0,0.6911,0.0002,2.0,True
False,0.0,0.5438,0.5789,0.5789,0.5789,1.0,13133022.0,1.0,1.0,102.0,14.0,0.13725491,0.6685,0.1625,2.0,True
False,0.0,,1.0,1.0,1.0,0.0,0.0,1.0,1.0,145.0,145.0,1.0,0.6911,0.0002,2.0,True
False,0.0,0.8587,0.8606,0.8606,0.8606,1.0,3344246.0,1.0,1.0,146.0,1.0,0.006849315,0.6629,0.1578,2.0,False
False,0.0,0.545,0.5616,0.5616,0.5616,2.0,13133022.0,1.0,1.0,136.0,15.0,0.11029412,0.6685,0.1625,2.0,True
False,0.0,,1.0,1.0,1.0,0.0,0.0,1.0,1.0,37.0,37.0,1.0,0.6911,0.0002,4.0,True
False,0.0,,1.0,1.0,1.0,0.0,0.0,1.0,1.0,46.0,46.0,1.0,0.6911,0.0002,1.0,True
False,0.0,0.5438,0.5729,0.5729,0.5729,1.0,13133022.0,1.0,1.0,45.0,5.0,0.11111111,0.6685,0.1625,1.0,True
False,0.0,,1.0,1.0,1.0,0.0,0.0,1.0,1.0,61.0,61.0,1.0,0.6911,0.0002,3.0,True
False,0.0,,1.0,1.0,1.0,0.0,0.0,1.0,1.0,60.0,60.0,1.0,0.6911,0.0002,1.0,True
False,0.0,0.5438,0.5732,0.5732,0.5732,1.0,13133022.0,1.0,1.0,60.0,6.0,0.1,0.6685,0.1625,1.0,True
False,0.0,,1.0,1.0,1.0,0.0,0.0,1.0,1.0,33.0,33.0,1.0,0.6911,0.0002,0.0,True
False,0.0,,1.0,1.0,1.0,0.0,0.0,1.0,1.0,247.0,247.0,1.0,0.6911,0.0002,4.0,True
False,0.0,0.5438,0.5624,0.5624,0.5624,1.0,13133022.0,1.0,1.0,243.0,22.0,0.09053498,0.6685,0.1625,4.0,True
False,0.0,,1.0,1.0,1.0,0.0,0.0,1.0,1.0,222.0,222.0,1.0,0.6911,0.0002,6.0,True
False,0.0,0.5438,0.5541,0.5541,0.5541,1.0,13133022.0,1.0,1.0,218.0,12.0,0.055045873,0.6685,0.1625,6.0,True
False,0.0,,1.0,1.0,1.0,0.0,0.0,1.0,1.0,220.0,220.0,1.0,0.6911,0.0002,6.0,True
False,0.0,0.5438,0.5603,0.5603,0.5603,1.0,13133022.0,1.0,1.0,219.0,9.0,0.04109589,0.6685,0.1625,6.0,True
False,0.0,,1.0,1.0,1.0,0.0,0.0,1.0,1.0,77.0,77.0,1.0,0.6911,0.0002,1.0,True
False,0.0,0.5438,0.5669,0.5669,0.5669,1.0,13133022.0,1.0,1.0,77.0,6.0,0.077922076,0.6685,0.1625,1.0,True
False,0.0,,1.0,1.0,1.0,0.0,0.0,1.0,1.0,104.0,104.0,1.0,0.6911,0.0002,1.0,True
False,0.0,0.5438,0.5829,0.5829,0.5829,1.0,13133022.0,1.0,1.0,103.0,17.0,0.16504854,0.6685,0.1625,1.0,True
False,0.0,,1.0,1.0,1.0,0.0,0.0,1.0,1.0,121.0,121.0,1.0,0.6911,0.0002,3.0,True
False,0.0,0.5438,0.5625,0.5625,0.5625,1.0,13133022.0,1.0,1.0,120.0,9.0,0.075,0.6685,0.1625,3.0,True
False,0.0,,1.0,1.0,1.0,0.0,0.0,1.0,1.0,183.0,183.0,1.0,0.6911,0.0002,5.0,True
False,0.0,0.5438,0.5636,0.5636,0.5636,1.0,13133022.0,1.0,1.0,182.0,9.0,0.04945055,0.6685,0.1625,5.0,True
False,0.0,,1.0,1.0,1.0,0.0,0.0,1.0,1.0,100.0,100.0,1.0,0.6911,0.0002,4.0,True
False,0.0,0.5438,0.5572,0.5572,0.5572,1.0,13133022.0,1.0,1.0,100.0,4.0,0.04,0.6685,0.1625,4.0,True
False,0.0,,1.0,1.0,1.0,0.0,0.0,1.0,1.0,343.0,343.0,1.0,0.6911,0.0002,11.0,True
False,0.0,0.8553,0.857,0.857,0.857,1.0,3435044.0,1.0,1.0,336.0,11.0,0.032738097,0.6641,0.1654,11.0,True
False,0.0,0.5449,0.5502,0.5502,0.5502,2.0,13133022.0,1.0,1.0,338.0,3.0,0.00887574,0.6685,0.1625,11.0,True
False,0.0,,1.0,1.0,1.0,0.0,0.0,1.0,1.0,98.0,98.0,1.0,0.6911,0.0002,1.0,True
False,0.0,0.5438,0.576,0.576,0.576,1.0,13133022.0,1.0,1.0,97.0,9.0,0.0927835,0.6685,0.1625,1.0,True
False,0.0,,1.0,1.0,1.0,0.0,0.0,1.0,1.0,119.0,119.0,1.0,0.6911,0.0002,5.0,True
False,0.0,0.5438,0.5818,0.5818,0.5818,1.0,13133022.0,1.0,1.0,118.0,13.0,0.11016949,0.6685,0.1625,5.0,True
False,0.0,,1.0,1.0,1.0,0.0,0.0,1.0,1.0,130.0,130.0,1.0,0.6911,0.0002,2.0,True
False,0.0,0.5438,0.5751,0.5751,0.5751,1.0,13133022.0,1.0,1.0,129.0,10.0,0.07751938,0.6685,0.1625,2.0,True
False,0.0,,1.0,1.0,1.0,0.0,0.0,1.0,1.0,324.0,324.0,1.0,0.6911,0.0002,9.0,True
False,0.0,0.5438,0.5565,0.5565,0.5565,1.0,13133022.0,1.0,1.0,283.0,50.0,0.17667845,0.6685,0.1625,9.0,True
False,0.0,,1.0,1.0,1.0,0.0,0.0,1.0,1.0,116.0,116.0,1.0,0.6911,0.0002,3.0,True
False,0.0,0.5438,0.5631,0.5631,0.5631,1.0,13133022.0,1.0,1.0,116.0,8.0,0.06896552,0.6685,0.1625,3.0,True
False,0.0,,1.0,1.0,1.0,0.0,0.0,1.0,1.0,99.0,99.0,1.0,0.6911,0.0002,1.0,True
False,0.0,0.5438,0.5945,0.5945,0.5945,1.0,13133022.0,1.0,1.0,97.0,15.0,0.15463917,0.6685,0.1625,1.0,True
False,0.0,,1.0,1.0,1.0,0.0,0.0,1.0,1.0,100.0,100.0,1.0,0.6911,0.0002,1.0,True
False,0.0,0.5438,0.594,0.594,0.594,1.0,13133022.0,1.0,1.0,98.0,15.0,0.15306123,0.6685,0.1625,1.0,True
False,0.0,,1.0,1.0,1.0,0.0,0.0,1.0,1.0,101.0,101.0,1.0,0.6911,0.0002,1.0,True
False,0.0,0.5438,0.5935,0.5935,0.5935,1.0,13133022.0,1.0,1.0,99.0,21.0,0.21212122,0.6685,0.1625,1.0,True
False,0.0,,1.0,1.0,1.0,0.0,0.0,1.0,1.0,162.0,162.0,1.0,0.6911,0.0002,3.0,True
True,1.0,0.953,0.9545,0.9545,0.9545,1.0,1102080.0,1.0,1.0,162.0,5.0,0.030864198,0.6624,0.1751,3.0,False
False,1.0,0.5447,0.5803,0.5803,0.5803,2.0,13133022.0,1.0,1.0,161.0,25.0,0.1552795,0.6685,0.1625,3.0,True
False,0.0,,1.0,1.0,1.0,0.0,0.0,1.0,1.0,410.0,410.0,1.0,0.6911,0.0002,17.0,True
False,0.0,0.8587,0.8598,0.8598,0.8598,1.0,3344246.0,1.0,1.0,411.0,2.0,0.00486618,0.6629,0.1578,17.0,False
False,0.0,0.5444,0.5523,0.5523,0.5523,2.0,13133022.0,1.0,1.0,406.0,12.0,0.02955665,0.6685,0.1625,17.0,True
False,0.0,,1.0,1.0,1.0,0.0,0.0,1.0,1.0,136.0,136.0,1.0,0.6911,0.0002,2.0,True
False,0.0,0.5438,0.5746,0.5746,0.5746,1.0,13133022.0,1.0,1.0,130.0,20.0,0.15384616,0.6685,0.1625,2.0,True
False,0.0,,1.0,1.0,1.0,0.0,0.0,1.0,1.0,124.0,124.0,1.0,0.6911,0.0002,2.0,True
False,0.0,0.5438,0.5727,0.5727,0.5727,1.0,13133022.0,1.0,1.0,124.0,14.0,0.11290322,0.6685,0.1625,2.0,True
False,0.0,,1.0,1.0,1.0,0.0,0.0,1.0,1.0,60.0,60.0,1.0,0.6911,0.0002,1.0,True
False,0.0,0.5438,0.5806,0.5806,0.5806,1.0,13133022.0,1.0,1.0,60.0,8.0,0.13333334,0.6685,0.1625,1.0,True
False,0.0,,1.0,1.0,1.0,0.0,0.0,1.0,1.0,70.0,70.0,1.0,0.6911,0.0002,2.0,True
False,0.0,0.5438,0.5691,0.5691,0.5691,1.0,13133022.0,1.0,1.0,70.0,6.0,0.08571429,0.6685,0.1625,2.0,True
False,0.0,,1.0,1.0,1.0,0.0,0.0,1.0,1.0,70.0,70.0,1.0,0.6911,0.0002,4.0,True
False,0.0,0.1343,0.1343,0.1343,0.1343,1.0,43348312.0,1.0,1.0,68.0,2.0,0.029411765,0.5688,0.4464,4.0,False
False,0.0,0.0955,0.1465,0.1465,0.1465,2.0,50699629.0,1.0,1.0,69.0,3.0,0.04347826,0.5935,0.6782,4.0,True
False,0.0,,0.0423,0.1457,0.0728,3.0,50805115.0,2.0,2.0,69.0,3.0,0.04347826,0.6189,0.6958,4.0,False
True,1.0,0.1018,0.1018,0.1434,0.0717,4.0,51199743.0,2.0,2.0,69.0,3.0,0.04347826,0.6402,0.7117,,False
False,0.0,,1.0,1.0,1.0,0.0,0.0,1.0,1.0,52.0,52.0,1.0,0.6911,0.0002,3.0,True
False,0.0,0.0955,0.1296,0.1296,0.1296,1.0,50699629.0,1.0,1.0,52.0,2.0,0.03846154,0.5935,0.6782,3.0,True
False,0.0,,,0.1287,0.1287,2.0,50805115.0,1.0,2.0,52.0,2.0,0.03846154,0.6189,0.6958,3.0,False
True,1.0,0.1267,0.1267,0.1267,0.1267,3.0,51199743.0,1.0,2.0,52.0,2.0,0.03846154,0.6402,0.7117,,False
False,0.0,,1.0,1.0,1.0,0.0,0.0,1.0,1.0,94.0,94.0,1.0,0.6911,0.0002,3.0,True
False,0.0,0.0955,0.1328,0.1328,0.1328,1.0,50699629.0,1.0,1.0,95.0,3.0,0.031578947,0.5935,0.6782,3.0,True
False,0.0,,0.0309,0.132,0.066,2.0,50805115.0,2.0,2.0,95.0,3.0,0.031578947,0.6189,0.6958,3.0,False
True,1.0,0.0995,0.0995,0.1299,0.065,3.0,51199743.0,2.0,2.0,95.0,3.0,0.031578947,0.6402,0.7117,,False
False,0.0,,1.0,1.0,1.0,0.0,0.0,1.0,1.0,217.0,217.0,1.0,0.6911,0.0002,12.0,True
False,0.0,0.9802,0.9816,0.9816,0.9816,1.0,434111.0,1.0,1.0,229.0,13.0,0.05676856,0.6921,0.0081,12.0,True
False,0.0,0.0956,0.1148,0.1148,0.1148,2.0,50699629.0,1.0,1.0,230.0,4.0,0.017391304,0.5935,0.6782,12.0,True
False,0.0,,0.0169,0.114,0.057,3.0,50805115.0,2.0,2.0,230.0,4.0,0.017391304,0.6189,0.6958,12.0,False
True,1.0,0.0955,0.0955,0.1122,0.0561,4.0,51199743.0,2.0,2.0,230.0,4.0,0.017391304,0.6402,0.7117,,False
False,0.0,,1.0,1.0,1.0,0.0,0.0,1.0,1.0,309.0,309.0,1.0,0.6911,0.0002,14.0,True
True,1.0,0.0994,0.1023,0.1023,0.1023,1.0,49833434.0,1.0,1.0,309.0,1.0,0.003236246,0.5518,0.5998,14.0,True
False,1.0,0.0983,0.1099,0.1099,0.1099,2.0,50699629.0,1.0,1.0,310.0,3.0,0.009677419,0.5935,0.6782,14.0,True
False,1.0,,0.0096,0.1091,0.0545,3.0,50805115.0,2.0,2.0,310.0,3.0,0.009677419,0.6189,0.6958,14.0,False
True,2.0,0.0979,0.0979,0.1074,0.0537,4.0,51199743.0,2.0,2.0,310.0,3.0,0.009677419,0.6402,0.7117,,False
False,0.0,,1.0,1.0,1.0,0.0,0.0,1.0,1.0,49.0,49.0,1.0,0.6911,0.0002,1.0,True
False,0.0,0.0955,0.1651,0.1651,0.1651,1.0,50699629.0,1.0,1.0,50.0,3.0,0.06,0.5935,0.6782,1.0,True
False,0.0,,0.0577,0.1643,0.0821,2.0,50805115.0,2.0,2.0,50.0,3.0,0.06,0.6189,0.6958,1.0,False
True,1.0,0.1049,0.1049,0.1617,0.0808,3.0,51199743.0,2.0,2.0,50.0,3.0,0.06,0.6402,0.7117,,False
False,0.0,,1.0,1.0,1.0,0.0,0.0,1.0,1.0,603.0,603.0,1.0,0.6911,0.0002,19.0,True
True,1.0,0.0994,0.1054,0.1054,0.1054,1.0,49833434.0,1.0,1.0,603.0,4.0,0.006633499,0.5518,0.5998,19.0,True
False,1.0,0.1012,0.1072,0.1072,0.1072,2.0,50699629.0,1.0,1.0,604.0,3.0,0.0049668876,0.5935,0.6782,19.0,True
False,1.0,,0.005,0.1064,0.0532,3.0,50805115.0,2.0,2.0,604.0,3.0,0.0049668876,0.6189,0.6958,19.0,False
True,2.0,0.0998,0.0998,0.1047,0.0523,4.0,51199743.0,2.0,2.0,604.0,3.0,0.0049668876,0.6402,0.7117,,False
False,0.0,,1.0,1.0,1.0,0.0,0.0,1.0,1.0,328.0,328.0,1.0,0.6911,0.0002,27.0,True
False,0.0,0.988,0.9889,0.9889,0.9889,1.0,261526.0,1.0,1.0,347.0,20.0,0.057636887,0.6914,0.0064,29.0,False
False,0.0,0.0956,0.1058,0.1058,0.1058,2.0,50699629.0,1.0,1.0,348.0,3.0,0.00862069,0.5935,0.6782,29.0,True
False,0.0,,0.0085,0.1051,0.0525,3.0,50805115.0,2.0,2.0,348.0,3.0,0.00862069,0.6189,0.6958,29.0,False
True,1.0,0.095,0.095,0.1034,0.0517,4.0,51199743.0,2.0,2.0,348.0,3.0,0.00862069,0.6402,0.7117,,False
False,0.0,,1.0,1.0,1.0,0.0,0.0,1.0,1.0,727.0,727.0,1.0,0.6911,0.0002,56.0,True
False,0.0,0.0955,0.1004,0.1004,0.1004,1.0,50699629.0,1.0,1.0,728.0,3.0,0.0041208793,0.5935,0.6782,56.0,True
False,0.0,,0.0041,0.0997,0.0498,2.0,50805115.0,2.0,2.0,728.0,3.0,0.0041208793,0.6189,0.6958,56.0,False
True,1.0,0.0941,0.0941,0.0981,0.049,3.0,51199743.0,2.0,2.0,728.0,3.0,0.0041208793,0.6402,0.7117,,False
False,0.0,,1.0,1.0,1.0,0.0,0.0,1.0,1.0,45.0,45.0,1.0,0.6911,0.0002,1.0,True
False,0.0,0.0955,0.1709,0.1709,0.1709,1.0,50699629.0,1.0,1.0,46.0,3.0,0.06521739,0.5935,0.6782,1.0,True
False,0.0,,0.0625,0.1701,0.085,2.0,50805115.0,2.0,2.0,46.0,3.0,0.06521739,0.6189,0.6958,1.0,False
True,1.0,0.1059,0.1059,0.1674,0.0837,3.0,51199743.0,2.0,2.0,46.0,3.0,0.06521739,0.6402,0.7117,,False
False,0.0,,1.0,1.0,1.0,0.0,0.0,1.0,1.0,188.0,188.0,1.0,0.6911,0.0002,5.0,True
False,0.0,0.0955,0.1144,0.1144,0.1144,1.0,50699629.0,1.0,1.0,189.0,3.0,0.015873017,0.5935,0.6782,5.0,True
False,0.0,,0.0157,0.1137,0.0568,2.0,50805115.0,2.0,2.0,189.0,3.0,0.015873017,0.6189,0.6958,5.0,False
True,1.0,0.0964,0.0964,0.1119,0.0559,3.0,51199743.0,2.0,2.0,189.0,3.0,0.015873017,0.6402,0.7117,,False
False,0.0,,1.0,1.0,1.0,0.0,0.0,1.0,1.0,184.0,184.0,1.0,0.6911,0.0002,11.0,True
False,0.0,0.0955,0.1148,0.1148,0.1148,1.0,50699629.0,1.0,1.0,185.0,3.0,0.016216217,0.5935,0.6782,11.0,True
False,0.0,,0.016,0.1141,0.057,2.0,50805115.0,2.0,2.0,185.0,3.0,0.016216217,0.6189,0.6958,11.0,False
True,1.0,0.0965,0.0965,0.1123,0.0561,3.0,51199743.0,2.0,2.0,185.0,3.0,0.016216217,0.6402,0.7117,,False
False,0.0,,1.0,1.0,1.0,0.0,0.0,1.0,1.0,180.0,180.0,1.0,0.6911,0.0002,11.0,True
False,0.0,0.0955,0.1153,0.1153,0.1153,1.0,50699629.0,1.0,1.0,181.0,3.0,0.016574586,0.5935,0.6782,11.0,True
False,0.0,,0.0164,0.1145,0.0572,2.0,50805115.0,2.0,2.0,181.0,3.0,0.016574586,0.6189,0.6958,11.0,False
True,1.0,0.0965,0.0965,0.1127,0.0563,3.0,51199743.0,2.0,2.0,181.0,3.0,0.016574586,0.6402,0.7117,,False
False,0.0,,1.0,1.0,1.0,0.0,0.0,1.0,1.0,60.0,60.0,1.0,0.6911,0.0002,2.0,True
False,0.0,0.0955,0.179,0.179,0.179,1.0,50699629.0,1.0,1.0,63.0,5.0,0.07936508,0.5935,0.6782,2.0,True
False,0.0,,0.0615,0.1782,0.0891,2.0,50805115.0,2.0,2.0,63.0,4.0,0.06349207,0.6189,0.6958,2.0,False
True,1.0,0.1148,0.1148,0.1753,0.0877,3.0,51199743.0,2.0,2.0,63.0,4.0,0.06349207,0.6402,0.7117,,False
False,0.0,,1.0,1.0,1.0,0.0,0.0,1.0,1.0,144.0,144.0,1.0,0.6911,0.0002,7.0,True
False,0.0,0.1887,0.1943,0.1943,0.1943,1.0,36015051.0,1.0,1.0,144.0,1.0,0.0069444445,0.5792,0.3782,7.0,False
False,0.0,0.1383,0.2908,0.2908,0.2908,2.0,43348312.0,1.0,1.0,148.0,25.0,0.16891892,0.5688,0.4464,7.0,False
False,0.0,0.2069,0.2288,0.2288,0.2288,3.0,50699629.0,1.0,1.0,149.0,3.0,0.020134227,0.5935,0.6782,7.0,True
False,0.0,,0.0194,0.2276,0.1138,4.0,50805115.0,2.0,2.0,149.0,3.0,0.020134227,0.6189,0.6958,7.0,False
True,1.0,0.2049,0.2049,0.224,0.112,5.0,51199743.0,2.0,2.0,149.0,3.0,0.020134227,0.6402,0.7117,,False
False,0.0,,1.0,1.0,1.0,0.0,0.0,1.0,1.0,180.0,180.0,1.0,0.6911,0.0002,3.0,True
False,0.0,0.0955,0.1153,0.1153,0.1153,1.0,50699629.0,1.0,1.0,181.0,3.0,0.016574586,0.5935,0.6782,3.0,True
False,0.0,,0.0164,0.1145,0.0572,2.0,50805115.0,2.0,2.0,181.0,3.0,0.016574586,0.6189,0.6958,3.0,False
True,1.0,0.0965,0.0965,0.1127,0.0563,3.0,51199743.0,2.0,2.0,181.0,3.0,0.016574586,0.6402,0.7117,,False
False,0.0,,1.0,1.0,1.0,0.0,0.0,1.0,1.0,161.0,161.0,1.0,0.6911,0.0002,3.0,True
False,0.0,0.0955,0.1176,0.1176,0.1176,1.0,50699629.0,1.0,1.0,162.0,3.0,0.018518519,0.5935,0.6782,3.0,True
False,0.0,,0.0183,0.1168,0.0584,2.0,50805115.0,2.0,2.0,162.0,3.0,0.018518519,0.6189,0.6958,3.0,False
True,1.0,0.0969,0.0969,0.1149,0.0575,3.0,51199743.0,2.0,2.0,162.0,3.0,0.018518519,0.6402,0.7117,,False
False,0.0,,1.0,1.0,1.0,0.0,0.0,1.0,1.0,611.0,611.0,1.0,0.6911,0.0002,10.0,True
False,0.0,0.5438,0.5468,0.5468,0.5468,1.0,13133022.0,1.0,1.0,603.0,12.0,0.019900497,0.6685,0.1625,10.0,True
False,0.0,0.096,0.1065,0.1065,0.1065,2.0,50699629.0,1.0,1.0,604.0,6.0,0.009933775,0.5935,0.6782,10.0,True
False,0.0,,0.005,0.1057,0.0528,3.0,50805115.0,2.0,2.0,604.0,3.0,0.0049668876,0.6189,0.6958,10.0,False
True,1.0,0.0991,0.0991,0.104,0.052,4.0,51199743.0,2.0,2.0,604.0,3.0,0.0049668876,0.6402,0.7117,,False
False,0.0,,1.0,1.0,1.0,0.0,0.0,1.0,1.0,131.0,131.0,1.0,0.6911,0.0002,9.0,True
False,0.0,0.0955,0.1225,0.1225,0.1225,1.0,50699629.0,1.0,1.0,132.0,3.0,0.022727273,0.5935,0.6782,9.0,True
False,0.0,,0.0224,0.1217,0.0609,2.0,50805115.0,2.0,2.0,132.0,3.0,0.022727273,0.6189,0.6958,9.0,False
True,1.0,0.0978,0.0978,0.1198,0.0599,3.0,51199743.0,2.0,2.0,132.0,3.0,0.022727273,0.6402,0.7117,,False
False,0.0,,1.0,1.0,1.0,0.0,0.0,1.0,1.0,426.0,426.0,1.0,0.6911,0.0002,32.0,True
False,0.0,0.0955,0.1039,0.1039,0.1039,1.0,50699629.0,1.0,1.0,427.0,3.0,0.007025761,0.5935,0.6782,32.0,True
False,0.0,,0.007,0.1032,0.0516,2.0,50805115.0,2.0,2.0,427.0,3.0,0.007025761,0.6189,0.6958,32.0,False
True,1.0,0.0946,0.0946,0.1015,0.0508,3.0,51199743.0,2.0,2.0,427.0,3.0,0.007025761,0.6402,0.7117,,False
False,0.0,,1.0,1.0,1.0,0.0,0.0,1.0,1.0,171.0,171.0,1.0,0.6911,0.0002,3.0,True
False,0.0,,0.0058,0.1965,0.0982,1.0,35675047.0,2.0,2.0,171.0,1.0,0.0058479533,0.6345,0.3026,3.0,False
False,0.0,,,0.1934,0.0967,2.0,36004097.0,2.0,3.0,171.0,1.0,0.0058479533,0.5815,0.3819,,False
True,1.0,0.0988,0.1093,0.1123,0.0562,3.0,49833434.0,2.0,3.0,171.0,2.0,0.0116959065,0.5518,0.5998,3.0,True
False,1.0,0.105,0.1413,0.1442,0.0721,4.0,50699629.0,2.0,3.0,172.0,6.0,0.034883723,0.5935,0.6782,3.0,True
False,1.0,,0.0172,0.1433,0.0478,5.0,50805115.0,3.0,4.0,172.0,3.0,0.017441861,0.6189,0.6958,3.0,False
True,2.0,0.1212,0.1212,0.141,0.047,6.0,51199743.0,3.0,4.0,172.0,3.0,0.017441861,0.6402,0.7117,,False
False,0.0,,1.0,1.0,1.0,0.0,0.0,1.0,1.0,238.0,238.0,1.0,0.6911,0.0002,7.0,True
False,0.0,0.992,0.9923,0.9923,0.9923,1.0,256144.0,1.0,1.0,241.0,6.0,0.024896266,0.6913,0.0055,7.0,False
False,0.0,0.0955,0.1102,0.1102,0.1102,2.0,50699629.0,1.0,1.0,242.0,3.0,0.012396694,0.5935,0.6782,7.0,True
False,0.0,,0.0121,0.1094,0.0547,3.0,50805115.0,2.0,2.0,242.0,3.0,0.012396694,0.6189,0.6958,7.0,False
True,1.0,0.0957,0.0957,0.1077,0.0538,4.0,51199743.0,2.0,2.0,242.0,3.0,0.012396694,0.6402,0.7117,,False
False,0.0,,1.0,1.0,1.0,0.0,0.0,1.0,1.0,829.0,829.0,1.0,0.6911,0.0002,33.0,True
False,0.0,0.5438,0.5483,0.5483,0.5483,1.0,13133022.0,1.0,1.0,801.0,39.0,0.04868914,0.6685,0.1625,33.0,True
False,0.0,0.1135,0.1233,0.1233,0.1233,2.0,47163297.0,1.0,1.0,808.0,8.0,0.00990099,0.5733,0.5036,33.0,True
True,1.0,0.109,0.1101,0.1101,0.1101,3.0,49833434.0,1.0,1.0,808.0,1.0,0.0012376237,0.5518,0.5998,33.0,True
False,1.0,0.1057,0.1157,0.1157,0.1157,4.0,50699629.0,1.0,1.0,809.0,8.0,0.009888751,0.5935,0.6782,33.0,True
False,1.0,,0.0037,0.1149,0.0574,5.0,50805115.0,2.0,2.0,809.0,3.0,0.0037082818,0.6189,0.6958,33.0,False
True,2.0,0.1094,0.1094,0.113,0.0565,6.0,51199743.0,2.0,2.0,809.0,3.0,0.0037082818,0.6402,0.7117,,False
False,0.0,,1.0,1.0,1.0,0.0,0.0,1.0,1.0,101.0,101.0,1.0,0.6911,0.0002,4.0,True
False,0.0,0.992,0.992,0.992,0.992,1.0,256144.0,1.0,1.0,99.0,2.0,0.02020202,0.6913,0.0055,4.0,False
False,0.0,0.0955,0.131,0.131,0.131,2.0,50699629.0,1.0,1.0,100.0,3.0,0.03,0.5935,0.6782,4.0,True
False,0.0,,0.0294,0.1302,0.0651,3.0,50805115.0,2.0,2.0,100.0,3.0,0.03,0.6189,0.6958,4.0,False
True,1.0,0.0992,0.0992,0.1281,0.0641,4.0,51199743.0,2.0,2.0,100.0,3.0,0.03,0.6402,0.7117,,False
False,0.0,,1.0,1.0,1.0,0.0,0.0,1.0,1.0,585.0,585.0,1.0,0.6911,0.0002,18.0,True
False,0.0,0.992,0.9921,0.9921,0.9921,1.0,256144.0,1.0,1.0,585.0,3.0,0.0051282053,0.6913,0.0055,18.0,False
False,0.0,0.1126,0.1347,0.1347,0.1347,2.0,47163297.0,1.0,1.0,599.0,14.0,0.023372287,0.5733,0.5036,19.0,True
True,1.0,0.1191,0.1206,0.1206,0.1206,3.0,49833434.0,1.0,1.0,599.0,1.0,0.001669449,0.5518,0.5998,19.0,True
False,1.0,0.1158,0.1217,0.1217,0.1217,4.0,50699629.0,1.0,1.0,600.0,3.0,0.005,0.5935,0.6782,19.0,True
False,1.0,,0.005,0.1208,0.0604,5.0,50805115.0,2.0,2.0,600.0,3.0,0.005,0.6189,0.6958,19.0,False
True,2.0,0.114,0.114,0.1189,0.0595,6.0,51199743.0,2.0,2.0,600.0,3.0,0.005,0.6402,0.7117,,False
False,0.0,,1.0,1.0,1.0,0.0,0.0,1.0,1.0,659.0,659.0,1.0,0.6911,0.0002,19.0,True
False,0.0,0.1125,0.1323,0.1323,0.1323,1.0,47163297.0,1.0,1.0,673.0,14.0,0.020802377,0.5733,0.5036,20.0,True
True,1.0,0.1169,0.1196,0.1196,0.1196,2.0,49833434.0,1.0,1.0,673.0,2.0,0.0029717681,0.5518,0.5998,20.0,True
False,1.0,0.1149,0.1175,0.1175,0.1175,3.0,50699629.0,1.0,1.0,673.0,2.0,0.0029717681,0.5935,0.6782,20.0,True
False,1.0,,,0.1166,0.1166,4.0,50805115.0,1.0,2.0,673.0,2.0,0.0029717681,0.6189,0.6958,20.0,False
True,2.0,0.1148,0.1148,0.1148,0.1148,5.0,51199743.0,1.0,2.0,673.0,2.0,0.0029717681,0.6402,0.7117,,False
False,0.0,,1.0,1.0,1.0,0.0,0.0,1.0,1.0,133.0,133.0,1.0,0.6911,0.0002,3.0,True
False,0.0,0.5438,0.5708,0.5708,0.5708,1.0,13133022.0,1.0,1.0,133.0,14.0,0.10526316,0.6685,0.1625,3.0,True
False,0.0,0.1002,0.1332,0.1332,0.1332,2.0,50699629.0,1.0,1.0,134.0,4.0,0.029850746,0.5935,0.6782,3.0,True
False,0.0,,0.0219,0.1324,0.0662,3.0,50805115.0,2.0,2.0,134.0,3.0,0.02238806,0.6189,0.6958,3.0,False
True,1.0,0.1087,0.1087,0.1302,0.0651,4.0,51199743.0,2.0,2.0,134.0,3.0,0.02238806,0.6402,0.7117,,False
False,0.0,,1.0,1.0,1.0,0.0,0.0,1.0,1.0,344.0,344.0,1.0,0.6911,0.0002,6.0,True
False,0.0,0.5438,0.5545,0.5545,0.5545,1.0,13133022.0,1.0,1.0,339.0,18.0,0.053097345,0.6685,0.1625,6.0,True
False,0.0,0.0974,0.1132,0.1132,0.1132,2.0,50699629.0,1.0,1.0,340.0,5.0,0.014705882,0.5935,0.6782,6.0,True
False,0.0,,0.0087,0.1124,0.0562,3.0,50805115.0,2.0,2.0,340.0,3.0,0.00882353,0.6189,0.6958,6.0,False
True,1.0,0.102,0.102,0.1106,0.0553,4.0,51199743.0,2.0,2.0,340.0,3.0,0.00882353,0.6402,0.7117,,False
False,0.0,,1.0,1.0,1.0,0.0,0.0,1.0,1.0,375.0,375.0,1.0,0.6911,0.0002,5.0,True
False,0.0,0.0955,0.117,0.117,0.117,1.0,50699629.0,1.0,1.0,376.0,8.0,0.021276595,0.5935,0.6782,5.0,True
False,0.0,,0.0079,0.1162,0.0581,2.0,50805115.0,2.0,2.0,376.0,3.0,0.007978723,0.6189,0.6958,5.0,False
True,1.0,0.1066,0.1066,0.1144,0.0572,3.0,51199743.0,2.0,2.0,376.0,3.0,0.007978723,0.6402,0.7117,,False
False,0.0,,1.0,1.0,1.0,0.0,0.0,1.0,1.0,90.0,90.0,1.0,0.6911,0.0002,7.0,True
True,1.0,0.0994,0.1895,0.1895,0.1895,1.0,49833434.0,1.0,1.0,89.0,10.0,0.11235955,0.5518,0.5998,6.0,True
False,1.0,0.182,0.2195,0.2195,0.2195,2.0,50699629.0,1.0,1.0,90.0,3.0,0.033333335,0.5935,0.6782,6.0,True
False,1.0,,0.0326,0.2184,0.1092,3.0,50805115.0,2.0,2.0,90.0,3.0,0.033333335,0.6189,0.6958,6.0,False
True,2.0,0.1828,0.1828,0.2149,0.1075,4.0,51199743.0,2.0,2.0,90.0,3.0,0.033333335,0.6402,0.7117,,False
False,0.0,,1.0,1.0,1.0,0.0,0.0,1.0,1.0,467.0,467.0,1.0,0.6911,0.0002,11.0,True
False,0.0,0.0955,0.1032,0.1032,0.1032,1.0,50699629.0,1.0,1.0,468.0,3.0,0.0064102565,0.5935,0.6782,11.0,True
False,0.0,,0.0064,0.1024,0.0512,2.0,50805115.0,2.0,2.0,468.0,3.0,0.0064102565,0.6189,0.6958,11.0,False
True,1.0,0.0945,0.0945,0.1008,0.0504,3.0,51199743.0,2.0,2.0,468.0,3.0,0.0064102565,0.6402,0.7117,,False
False,0.0,,1.0,1.0,1.0,0.0,0.0,1.0,1.0,46.0,46.0,1.0,0.6911,0.0002,2.0,True
False,0.0,0.0955,0.1693,0.1693,0.1693,1.0,50699629.0,1.0,1.0,47.0,3.0,0.06382979,0.5935,0.6782,2.0,True
False,0.0,,0.0612,0.1685,0.0843,2.0,50805115.0,2.0,2.0,47.0,3.0,0.06382979,0.6189,0.6958,2.0,False
True,1.0,0.1056,0.1056,0.1659,0.0829,3.0,51199743.0,2.0,2.0,47.0,3.0,0.06382979,0.6402,0.7117,,False
False,0.0,,1.0,1.0,1.0,0.0,0.0,1.0,1.0,472.0,472.0,1.0,0.6911,0.0002,6.0,True
False,0.0,0.0955,0.1031,0.1031,0.1031,1.0,50699629.0,1.0,1.0,473.0,3.0,0.006342495,0.5935,0.6782,6.0,True
False,0.0,,0.0063,0.1023,0.0512,2.0,50805115.0,2.0,2.0,473.0,3.0,0.006342495,0.6189,0.6958,6.0,False
True,1.0,0.0945,0.0945,0.1007,0.0504,3.0,51199743.0,2.0,2.0,473.0,3.0,0.006342495,0.6402,0.7117,,False
False,0.0,,1.0,1.0,1.0,0.0,0.0,1.0,1.0,117.0,117.0,1.0,0.6911,0.0002,9.0,True
False,0.0,0.0955,0.1256,0.1256,0.1256,1.0,50699629.0,1.0,1.0,118.0,3.0,0.025423728,0.5935,0.6782,9.0,True
False,0.0,,0.025,0.1249,0.0624,2.0,50805115.0,2.0,2.0,118.0,3.0,0.025423728,0.6189,0.6958,9.0,False
True,1.0,0.0983,0.0983,0.1229,0.0614,3.0,51199743.0,2.0,2.0,118.0,3.0,0.025423728,0.6402,0.7117,,False
False,0.0,,1.0,1.0,1.0,0.0,0.0,1.0,1.0,131.0,131.0,1.0,0.6911,0.0002,10.0,True
False,0.0,0.0955,0.1225,0.1225,0.1225,1.0,50699629.0,1.0,1.0,132.0,3.0,0.022727273,0.5935,0.6782,10.0,True
False,0.0,,0.0224,0.1217,0.0609,2.0,50805115.0,2.0,2.0,132.0,3.0,0.022727273,0.6189,0.6958,10.0,False
True,1.0,0.0978,0.0978,0.1198,0.0599,3.0,51199743.0,2.0,2.0,132.0,3.0,0.022727273,0.6402,0.7117,,False
False,0.0,,1.0,1.0,1.0,0.0,0.0,1.0,1.0,987.0,987.0,1.0,0.6911,0.0002,38.0,True
True,1.0,0.0994,0.1102,0.1102,0.1102,1.0,49833434.0,1.0,1.0,991.0,8.0,0.008072654,0.5518,0.5998,38.0,True
False,1.0,0.1059,0.124,0.124,0.124,2.0,50699629.0,1.0,1.0,991.0,20.0,0.020181635,0.5935,0.6782,38.0,True
False,1.0,,0.005,0.1232,0.0616,3.0,50805115.0,2.0,2.0,991.0,5.0,0.005045409,0.6189,0.6958,38.0,False
True,2.0,0.1163,0.1163,0.1212,0.0606,4.0,51199743.0,2.0,2.0,991.0,5.0,0.005045409,0.6402,0.7117,,False
False,0.0,,1.0,1.0,1.0,0.0,0.0,1.0,1.0,211.0,211.0,1.0,0.6911,0.0002,8.0,True
False,0.0,0.5438,0.557,0.557,0.557,1.0,13133022.0,1.0,1.0,205.0,15.0,0.07317073,0.6685,0.1625,8.0,True
False,0.0,0.0978,0.1022,0.1022,0.1022,2.0,50699629.0,1.0,1.0,205.0,1.0,0.004878049,0.5935,0.6782,8.0,True
False,0.0,,,0.1014,0.1014,3.0,50805115.0,1.0,2.0,205.0,1.0,0.004878049,0.6189,0.6958,8.0,False
True,1.0,0.0998,0.0998,0.0998,0.0998,4.0,51199743.0,1.0,2.0,205.0,1.0,0.004878049,0.6402,0.7117,,False
False,0.0,,1.0,1.0,1.0,0.0,0.0,1.0,1.0,138.0,138.0,1.0,0.6911,0.0002,8.0,True
False,0.0,0.5438,0.5438,0.5438,0.5438,1.0,13133022.0,1.0,1.0,136.0,2.0,0.014705882,0.6685,0.1625,8.0,True
False,0.0,0.0955,0.1215,0.1215,0.1215,2.0,50699629.0,1.0,1.0,137.0,3.0,0.02189781,0.5935,0.6782,8.0,True
False,0.0,,0.0216,0.1208,0.0604,3.0,50805115.0,2.0,2.0,137.0,3.0,0.02189781,0.6189,0.6958,8.0,False
True,1.0,0.0976,0.0976,0.1188,0.0594,4.0,51199743.0,2.0,2.0,137.0,3.0,0.02189781,0.6402,0.7117,,False
False,0.0,,1.0,1.0,1.0,0.0,0.0,1.0,1.0,60.0,60.0,1.0,0.6911,0.0002,1.0,True
False,0.0,0.5438,0.5592,0.5592,0.5592,1.0,13133022.0,1.0,1.0,57.0,5.0,0.0877193,0.6685,0.1625,1.0,True
False,0.0,0.0982,0.1413,0.1413,0.1413,2.0,50699629.0,1.0,1.0,58.0,2.0,0.03448276,0.5935,0.6782,1.0,True
False,0.0,,0.1563,0.2374,0.1187,3.0,50805115.0,2.0,2.0,59.0,10.0,0.16949153,0.6189,0.6958,1.0,False
True,1.0,0.0799,0.2216,0.295,0.1475,4.0,51199743.0,2.0,2.0,60.0,10.0,0.16666667,0.6402,0.7117,,False
False,0.0,,1.0,1.0,1.0,0.0,0.0,1.0,1.0,213.0,213.0,1.0,0.6911,0.0002,3.0,True
False,0.0,0.0955,0.1164,0.1164,0.1164,1.0,50699629.0,1.0,1.0,214.0,4.0,0.018691588,0.5935,0.6782,3.0,True
False,0.0,,0.0139,0.1156,0.0578,2.0,50805115.0,2.0,2.0,214.0,3.0,0.014018691,0.6189,0.6958,3.0,False
True,1.0,0.1001,0.1001,0.1138,0.0569,3.0,51199743.0,2.0,2.0,214.0,3.0,0.014018691,0.6402,0.7117,,False
False,0.0,,1.0,1.0,1.0,0.0,0.0,1.0,1.0,244.0,244.0,1.0,0.6911,0.0002,6.0,True
True,1.0,0.0994,0.139,0.139,0.139,1.0,49833434.0,1.0,1.0,248.0,10.0,0.04032258,0.5518,0.5998,6.0,True
False,1.0,0.1336,0.1512,0.1512,0.1512,2.0,50699629.0,1.0,1.0,249.0,4.0,0.016064256,0.5935,0.6782,6.0,True
False,1.0,,0.0159,0.1503,0.0752,3.0,50805115.0,2.0,2.0,249.0,4.0,0.016064256,0.6189,0.6958,6.0,False
True,2.0,0.1323,0.1323,0.1479,0.074,4.0,51199743.0,2.0,2.0,249.0,4.0,0.016064256,0.6402,0.7117,,False
False,0.0,,1.0,1.0,1.0,0.0,0.0,1.0,1.0,331.0,331.0,1.0,0.6911,0.0002,6.0,True
False,0.0,0.9802,0.9804,0.9804,0.9804,1.0,434111.0,1.0,1.0,332.0,3.0,0.009036144,0.6921,0.0081,6.0,True
True,1.0,0.0994,0.1442,0.1442,0.1442,2.0,49833434.0,1.0,1.0,338.0,16.0,0.04733728,0.5518,0.5998,6.0,True
False,1.0,0.1385,0.1567,0.1567,0.1567,3.0,50699629.0,1.0,1.0,339.0,6.0,0.017699115,0.5935,0.6782,6.0,True
False,1.0,,0.0087,0.1557,0.0779,4.0,50805115.0,2.0,2.0,339.0,3.0,0.0088495575,0.6189,0.6958,6.0,False
True,2.0,0.1447,0.1447,0.1533,0.0766,5.0,51199743.0,2.0,2.0,339.0,3.0,0.0088495575,0.6402,0.7117,,False
False,0.0,,1.0,1.0,1.0,0.0,0.0,1.0,1.0,66.0,66.0,1.0,0.6911,0.0002,4.0,True
False,0.0,0.0955,0.1479,0.1479,0.1479,1.0,50699629.0,1.0,1.0,67.0,3.0,0.04477612,0.5935,0.6782,4.0,True
False,0.0,,0.0435,0.1472,0.0736,2.0,50805115.0,2.0,2.0,67.0,3.0,0.04477612,0.6189,0.6958,4.0,False
True,1.0,0.102,0.102,0.1448,0.0724,3.0,51199743.0,2.0,2.0,67.0,3.0,0.04477612,0.6402,0.7117,,False
False,0.0,,1.0,1.0,1.0,0.0,0.0,1.0,1.0,62.0,62.0,1.0,0.6911,0.0002,4.0,True
False,0.0,0.0955,0.1512,0.1512,0.1512,1.0,50699629.0,1.0,1.0,63.0,3.0,0.04761905,0.5935,0.6782,4.0,True
False,0.0,,0.0462,0.1504,0.0752,2.0,50805115.0,2.0,2.0,63.0,3.0,0.04761905,0.6189,0.6958,4.0,False
True,1.0,0.1026,0.1026,0.148,0.074,3.0,51199743.0,2.0,2.0,63.0,3.0,0.04761905,0.6402,0.7117,,False
False,0.0,,1.0,1.0,1.0,0.0,0.0,1.0,1.0,110.0,110.0,1.0,0.6911,0.0002,9.0,True
False,0.0,0.0955,0.1275,0.1275,0.1275,1.0,50699629.0,1.0,1.0,111.0,3.0,0.027027028,0.5935,0.6782,9.0,True
False,0.0,,0.0265,0.1267,0.0634,2.0,50805115.0,2.0,2.0,111.0,3.0,0.027027028,0.6189,0.6958,9.0,False
True,1.0,0.0986,0.0986,0.1247,0.0624,3.0,51199743.0,2.0,2.0,111.0,3.0,0.027027028,0.6402,0.7117,,False
False,0.0,,1.0,1.0,1.0,0.0,0.0,1.0,1.0,110.0,110.0,1.0,0.6911,0.0002,8.0,True
False,0.0,0.0955,0.1275,0.1275,0.1275,1.0,50699629.0,1.0,1.0,111.0,3.0,0.027027028,0.5935,0.6782,8.0,True
False,0.0,,0.0265,0.1267,0.0634,2.0,50805115.0,2.0,2.0,111.0,3.0,0.027027028,0.6189,0.6958,8.0,False
True,1.0,0.0986,0.0986,0.1247,0.0624,3.0,51199743.0,2.0,2.0,111.0,3.0,0.027027028,0.6402,0.7117,,False
False,0.0,,1.0,1.0,1.0,0.0,0.0,1.0,1.0,349.0,349.0,1.0,0.6911,0.0002,11.0,True
False,0.0,0.5438,0.5556,0.5556,0.5556,1.0,13133022.0,1.0,1.0,344.0,21.0,0.06104651,0.6685,0.1625,11.0,True
False,0.0,0.0976,0.1155,0.1155,0.1155,2.0,50699629.0,1.0,1.0,345.0,6.0,0.017391304,0.5935,0.6782,11.0,True
False,0.0,,0.0086,0.1147,0.0574,3.0,50805115.0,2.0,2.0,345.0,3.0,0.008695652,0.6189,0.6958,11.0,False
True,1.0,0.1044,0.1044,0.1129,0.0564,4.0,51199743.0,2.0,2.0,345.0,3.0,0.008695652,0.6402,0.7117,,False
False,0.0,,1.0,1.0,1.0,0.0,0.0,1.0,1.0,138.0,138.0,1.0,0.6911,0.0002,2.0,True
False,0.0,0.0955,0.1212,0.1212,0.1212,1.0,50699629.0,1.0,1.0,139.0,3.0,0.021582734,0.5935,0.6782,2.0,True
False,0.0,,0.0213,0.1204,0.0602,2.0,50805115.0,2.0,2.0,139.0,3.0,0.021582734,0.6189,0.6958,2.0,False
True,1.0,0.0975,0.0975,0.1185,0.0592,3.0,51199743.0,2.0,2.0,139.0,3.0,0.021582734,0.6402,0.7117,,False
False,0.0,,1.0,1.0,1.0,0.0,0.0,1.0,1.0,414.0,414.0,1.0,0.6911,0.0002,18.0,True
False,0.0,0.0955,0.1085,0.1085,0.1085,1.0,50699629.0,1.0,1.0,415.0,5.0,0.012048192,0.5935,0.6782,18.0,True
False,0.0,,0.0072,0.1077,0.0539,2.0,50805115.0,2.0,2.0,415.0,3.0,0.0072289156,0.6189,0.6958,18.0,False
True,1.0,0.0989,0.0989,0.106,0.053,3.0,51199743.0,2.0,2.0,415.0,3.0,0.0072289156,0.6402,0.7117,,False
False,0.0,,1.0,1.0,1.0,0.0,0.0,1.0,1.0,452.0,452.0,1.0,0.6911,0.0002,17.0,True
True,1.0,0.0994,0.1014,0.1014,0.1014,1.0,49833434.0,1.0,1.0,452.0,1.0,0.0022123894,0.5518,0.5998,17.0,True
False,1.0,0.0974,0.1053,0.1053,0.1053,2.0,50699629.0,1.0,1.0,453.0,3.0,0.0066225166,0.5935,0.6782,17.0,True
False,1.0,,0.0066,0.1046,0.0523,3.0,50805115.0,2.0,2.0,453.0,3.0,0.0066225166,0.6189,0.6958,17.0,False
True,2.0,0.0964,0.0964,0.1029,0.0515,4.0,51199743.0,2.0,2.0,453.0,3.0,0.0066225166,0.6402,0.7117,,False
False,0.0,,1.0,1.0,1.0,0.0,0.0,1.0,1.0,97.0,97.0,1.0,0.6911,0.0002,2.0,True
False,0.0,0.546,0.5506,0.5506,0.5506,1.0,13116919.0,1.0,1.0,97.0,1.0,0.010309278,0.6656,0.1544,2.0,False
False,0.0,0.5484,0.553,0.553,0.553,2.0,13133022.0,1.0,1.0,97.0,2.0,0.020618556,0.6685,0.1625,2.0,True
False,0.0,0.0971,0.1329,0.1329,0.1329,3.0,50699629.0,1.0,1.0,98.0,3.0,0.030612245,0.5935,0.6782,2.0,True
False,0.0,,0.0297,0.1321,0.0661,4.0,50805115.0,2.0,2.0,98.0,3.0,0.030612245,0.6189,0.6958,2.0,False
True,1.0,0.1008,0.1008,0.13,0.065,5.0,51199743.0,2.0,2.0,98.0,3.0,0.030612245,0.6402,0.7117,,False
False,0.0,,1.0,1.0,1.0,0.0,0.0,1.0,1.0,243.0,243.0,1.0,0.6911,0.0002,13.0,True
False,0.0,0.546,0.5497,0.5497,0.5497,1.0,13116919.0,1.0,1.0,243.0,2.0,0.008230452,0.6656,0.1544,13.0,False
False,0.0,0.0961,0.1108,0.1108,0.1108,2.0,50699629.0,1.0,1.0,244.0,3.0,0.012295082,0.5935,0.6782,13.0,True
False,0.0,,0.0121,0.11,0.055,3.0,50805115.0,2.0,2.0,244.0,3.0,0.012295082,0.6189,0.6958,13.0,False
True,1.0,0.0963,0.0963,0.1083,0.0541,4.0,51199743.0,2.0,2.0,244.0,3.0,0.012295082,0.6402,0.7117,,False
False,0.0,,1.0,1.0,1.0,0.0,0.0,1.0,1.0,38.0,38.0,1.0,0.6911,0.0002,1.0,True
False,0.0,0.546,0.5687,0.5687,0.5687,1.0,13116919.0,1.0,1.0,38.0,2.0,0.05263158,0.6656,0.1544,1.0,False
False,0.0,0.0995,0.1855,0.1855,0.1855,2.0,50699629.0,1.0,1.0,39.0,3.0,0.07692308,0.5935,0.6782,1.0,True
False,0.0,,0.0714,0.1846,0.0923,3.0,50805115.0,2.0,2.0,39.0,3.0,0.07692308,0.6189,0.6958,1.0,False
True,1.0,0.1114,0.1114,0.1817,0.0908,4.0,51199743.0,2.0,2.0,39.0,3.0,0.07692308,0.6402,0.7117,,False
False,0.0,,1.0,1.0,1.0,0.0,0.0,1.0,1.0,164.0,164.0,1.0,0.6911,0.0002,2.0,True
False,0.0,0.546,0.5514,0.5514,0.5514,1.0,13116919.0,1.0,1.0,164.0,2.0,0.0121951215,0.6656,0.1544,2.0,False
False,0.0,0.0965,0.118,0.118,0.118,2.0,50699629.0,1.0,1.0,165.0,3.0,0.018181818,0.5935,0.6782,2.0,True
False,0.0,,0.0179,0.1172,0.0586,3.0,50805115.0,2.0,2.0,165.0,3.0,0.018181818,0.6189,0.6958,2.0,False
True,1.0,0.0978,0.0978,0.1153,0.0577,4.0,51199743.0,2.0,2.0,165.0,3.0,0.018181818,0.6402,0.7117,,False
False,0.0,,1.0,1.0,1.0,0.0,0.0,1.0,1.0,102.0,102.0,1.0,0.6911,0.0002,4.0,True
False,0.0,0.0955,0.1299,0.1299,0.1299,1.0,50699629.0,1.0,1.0,103.0,3.0,0.029126214,0.5935,0.6782,4.0,True
False,0.0,,0.0286,0.1292,0.0646,2.0,50805115.0,2.0,2.0,103.0,3.0,0.029126214,0.6189,0.6958,4.0,False
True,1.0,0.099,0.099,0.1271,0.0636,3.0,51199743.0,2.0,2.0,103.0,3.0,0.029126214,0.6402,0.7117,,False
False,0.0,,1.0,1.0,1.0,0.0,0.0,1.0,1.0,96.0,96.0,1.0,0.6911,0.0002,3.0,True
False,0.0,0.0955,0.132,0.132,0.132,1.0,50699629.0,1.0,1.0,97.0,3.0,0.030927835,0.5935,0.6782,3.0,True
False,0.0,,0.0303,0.1313,0.0656,2.0,50805115.0,2.0,2.0,97.0,3.0,0.030927835,0.6189,0.6958,3.0,False
True,1.0,0.0994,0.0994,0.1292,0.0646,3.0,51199743.0,2.0,2.0,97.0,3.0,0.030927835,0.6402,0.7117,,False
False,0.0,,1.0,1.0,1.0,0.0,0.0,1.0,1.0,236.0,236.0,1.0,0.6911,0.0002,5.0,True
False,0.0,0.0955,0.1106,0.1106,0.1106,1.0,50699629.0,1.0,1.0,237.0,3.0,0.012658228,0.5935,0.6782,5.0,True
False,0.0,,0.0126,0.1099,0.0549,2.0,50805115.0,2.0,2.0,237.0,3.0,0.012658228,0.6189,0.6958,5.0,False
True,1.0,0.0958,0.0958,0.1081,0.0541,3.0,51199743.0,2.0,2.0,237.0,3.0,0.012658228,0.6402,0.7117,,False
False,0.0,,1.0,1.0,1.0,0.0,0.0,1.0,1.0,86.0,86.0,1.0,0.6911,0.0002,3.0,True
False,0.0,0.0955,0.1361,0.1361,0.1361,1.0,50699629.0,1.0,1.0,87.0,3.0,0.03448276,0.5935,0.6782,3.0,True
False,0.0,,0.0337,0.1354,0.0677,2.0,50805115.0,2.0,2.0,87.0,3.0,0.03448276,0.6189,0.6958,3.0,False
True,1.0,0.1,0.1,0.1332,0.0666,3.0,51199743.0,2.0,2.0,87.0,3.0,0.03448276,0.6402,0.7117,,False
False,0.0,,1.0,1.0,1.0,0.0,0.0,1.0,1.0,85.0,85.0,1.0,0.6911,0.0002,3.0,True
False,0.0,0.0955,0.1366,0.1366,0.1366,1.0,50699629.0,1.0,1.0,86.0,3.0,0.034883723,0.5935,0.6782,3.0,True
False,0.0,,0.0341,0.1358,0.0679,2.0,50805115.0,2.0,2.0,86.0,3.0,0.034883723,0.6189,0.6958,3.0,False
True,1.0,0.1001,0.1001,0.1337,0.0668,3.0,51199743.0,2.0,2.0,86.0,3.0,0.034883723,0.6402,0.7117,,False
False,0.0,,1.0,1.0,1.0,0.0,0.0,1.0,1.0,185.0,185.0,1.0,0.6911,0.0002,7.0,True
False,0.0,0.0955,0.1147,0.1147,0.1147,1.0,50699629.0,1.0,1.0,186.0,3.0,0.016129032,0.5935,0.6782,7.0,True
False,0.0,,0.016,0.114,0.057,2.0,50805115.0,2.0,2.0,186.0,3.0,0.016129032,0.6189,0.6958,7.0,False
True,1.0,0.0965,0.0965,0.1122,0.0561,3.0,51199743.0,2.0,2.0,186.0,3.0,0.016129032,0.6402,0.7117,,False
False,0.0,,1.0,1.0,1.0,0.0,0.0,1.0,1.0,69.0,69.0,1.0,0.6911,0.0002,,True
False,0.0,0.9802,0.9804,0.9804,0.9804,1.0,434111.0,1.0,1.0,68.0,2.0,0.029411765,0.6921,0.0081,,True
True,1.0,0.0889,0.194,0.194,0.194,2.0,52254544.0,1.0,1.0,51.0,23.0,0.4509804,0.7538,0.7303,,False
False,1.0,0.1659,0.2743,0.2743,0.2743,3.0,55636303.0,1.0,1.0,51.0,10.0,0.19607843,0.7579,0.6482,,False
False,0.0,,1.0,1.0,1.0,0.0,0.0,1.0,1.0,59.0,59.0,1.0,0.6911,0.0002,,True
False,0.0,0.9802,0.9805,0.9805,0.9805,1.0,434111.0,1.0,1.0,58.0,2.0,0.03448276,0.6921,0.0081,,True
True,1.0,0.0889,0.2005,0.2005,0.2005,2.0,52254544.0,1.0,1.0,47.0,17.0,0.3617021,0.7538,0.7303,,False
False,1.0,0.1714,0.2498,0.2498,0.2498,3.0,55636303.0,1.0,1.0,47.0,5.0,0.10638298,0.7579,0.6482,,False
True,1.0,,1.0,1.0,1.0,0.0,0.0,1.0,1.0,35.0,35.0,1.0,0.7538,0.7303,,False
False,1.0,0.8553,0.8866,0.8866,0.8866,1.0,3381759.0,1.0,1.0,35.0,13.0,0.37142858,0.7579,0.6482,,False
True,1.0,,1.0,1.0,1.0,0.0,0.0,1.0,1.0,31.0,31.0,1.0,0.7538,0.7303,,False
False,1.0,0.8553,0.8786,0.8786,0.8786,1.0,3381759.0,1.0,1.0,30.0,6.0,0.2,0.7579,0.6482,,False
False,0.0,,1.0,1.0,1.0,0.0,0.0,1.0,1.0,52.0,52.0,1.0,0.6911,0.0002,,True
True,1.0,0.0888,0.2407,0.2407,0.2407,1.0,52254544.0,1.0,1.0,35.0,23.0,0.6571429,0.7538,0.7303,,False
False,1.0,0.2059,0.36,0.36,0.36,2.0,55636303.0,1.0,1.0,35.0,13.0,0.37142858,0.7579,0.6482,,False
False,0.0,,1.0,1.0,1.0,0.0,0.0,1.0,1.0,42.0,42.0,1.0,0.6911,0.0002,,True
True,1.0,0.0888,0.2821,0.2821,0.2821,1.0,52254544.0,1.0,1.0,31.0,18.0,0.58064514,0.7538,0.7303,,False
False,1.0,0.2413,0.3421,0.3421,0.3421,2.0,55636303.0,1.0,1.0,30.0,6.0,0.2,0.7579,0.6482,,False
False,0.0,,1.0,1.0,1.0,0.0,0.0,1.0,1.0,45.0,45.0,1.0,0.6911,0.0002,,True
True,1.0,0.0888,0.2774,0.2774,0.2774,1.0,52254544.0,1.0,1.0,27.0,24.0,0.8888889,0.7538,0.7303,,False
False,1.0,0.2372,0.2422,0.2422,0.2422,2.0,55636303.0,1.0,1.0,27.0,1.0,0.037037037,0.7579,0.6482,,False
False,0.0,,1.0,1.0,1.0,0.0,0.0,1.0,1.0,45.0,45.0,1.0,0.6911,0.0002,,True
True,1.0,0.0888,0.2774,0.2774,0.2774,1.0,52254544.0,1.0,1.0,27.0,24.0,0.8888889,0.7538,0.7303,,False
False,1.0,0.2372,0.2422,0.2422,0.2422,2.0,55636303.0,1.0,1.0,27.0,1.0,0.037037037,0.7579,0.6482,,False
False,0.0,,1.0,1.0,1.0,0.0,0.0,1.0,1.0,43.0,43.0,1.0,0.6911,0.0002,,True
True,1.0,0.0888,0.8937,0.8937,0.8937,1.0,52254544.0,1.0,1.0,55.0,58.0,1.0545454,0.7538,0.7303,,False
False,1.0,0.8689,0.8694,0.8694,0.8694,2.0,52943549.0,1.0,1.0,55.0,1.0,0.018181818,0.7548,0.6908,,False
False,1.0,0.7648,0.7804,0.7804,0.7804,3.0,55636303.0,1.0,1.0,51.0,17.0,0.33333334,0.7579,0.6482,,False
True,1.0,,1.0,1.0,1.0,0.0,0.0,1.0,1.0,22.0,22.0,1.0,0.7538,0.7303,,False
False,1.0,0.9723,0.9735,0.9735,0.9735,1.0,689005.0,1.0,1.0,22.0,1.0,0.045454547,0.7548,0.6908,,False
False,1.0,0.8565,0.9326,0.9326,0.9326,2.0,3381759.0,1.0,1.0,47.0,25.0,0.5319149,0.7579,0.6482,,False
False,0.0,,1.0,1.0,1.0,0.0,0.0,1.0,1.0,236.0,236.0,1.0,0.6911,0.0002,6.0,True
False,0.0,0.0955,0.1106,0.1106,0.1106,1.0,50699629.0,1.0,1.0,237.0,3.0,0.012658228,0.5935,0.6782,6.0,True
False,0.0,,0.0126,0.1099,0.0549,2.0,50805115.0,2.0,2.0,237.0,3.0,0.012658228,0.6189,0.6958,6.0,False
True,1.0,0.0958,0.0958,0.1081,0.0541,3.0,51199743.0,2.0,2.0,237.0,3.0,0.012658228,0.6402,0.7117,,False
False,0.0,,1.0,1.0,1.0,0.0,0.0,1.0,1.0,245.0,245.0,1.0,0.6911,0.0002,4.0,True
False,0.0,0.0955,0.1101,0.1101,0.1101,1.0,50699629.0,1.0,1.0,246.0,3.0,0.0121951215,0.5935,0.6782,4.0,True
False,0.0,,0.0121,0.1093,0.0547,2.0,50805115.0,2.0,2.0,246.0,3.0,0.0121951215,0.6189,0.6958,4.0,False
True,1.0,0.0957,0.0957,0.1076,0.0538,3.0,51199743.0,2.0,2.0,246.0,3.0,0.0121951215,0.6402,0.7117,,False
False,0.0,,1.0,1.0,1.0,0.0,0.0,1.0,1.0,187.0,187.0,1.0,0.6911,0.0002,4.0,True
False,0.0,0.0955,0.1145,0.1145,0.1145,1.0,50699629.0,1.0,1.0,188.0,3.0,0.015957447,0.5935,0.6782,4.0,True
False,0.0,,0.0158,0.1138,0.0569,2.0,50805115.0,2.0,2.0,188.0,3.0,0.015957447,0.6189,0.6958,4.0,False
True,1.0,0.0964,0.0964,0.112,0.056,3.0,51199743.0,2.0,2.0,188.0,3.0,0.015957447,0.6402,0.7117,,False
False,0.0,,1.0,1.0,1.0,0.0,0.0,1.0,1.0,353.0,353.0,1.0,0.6911,0.0002,7.0,True
True,1.0,0.825,0.826,0.826,0.826,1.0,4197406.0,1.0,1.0,353.0,2.0,0.0056657223,0.6646,0.168,7.0,True
True,2.0,0.0995,0.1046,0.1046,0.1046,2.0,49833434.0,1.0,1.0,353.0,2.0,0.0056657223,0.5518,0.5998,7.0,True
False,2.0,0.1005,0.1106,0.1106,0.1106,3.0,50699629.0,1.0,1.0,354.0,3.0,0.008474576,0.5935,0.6782,7.0,True
False,2.0,,0.0084,0.1098,0.0549,4.0,50805115.0,2.0,2.0,354.0,3.0,0.008474576,0.6189,0.6958,7.0,False
True,3.0,0.0998,0.0998,0.1081,0.054,5.0,51199743.0,2.0,2.0,354.0,3.0,0.008474576,0.6402,0.7117,,False
False,0.0,,1.0,1.0,1.0,0.0,0.0,1.0,1.0,249.0,249.0,1.0,0.6911,0.0002,6.0,True
False,0.0,0.0955,0.117,0.117,0.117,1.0,50699629.0,1.0,1.0,250.0,5.0,0.02,0.5935,0.6782,6.0,True
False,0.0,,0.0119,0.1162,0.0581,2.0,50805115.0,2.0,2.0,250.0,3.0,0.012,0.6189,0.6958,6.0,False
True,1.0,0.1027,0.1027,0.1144,0.0572,3.0,51199743.0,2.0,2.0,250.0,3.0,0.012,0.6402,0.7117,,False
False,0.0,,1.0,1.0,1.0,0.0,0.0,1.0,1.0,185.0,185.0,1.0,0.6911,0.0002,10.0,True
False,0.0,0.0955,0.1147,0.1147,0.1147,1.0,50699629.0,1.0,1.0,186.0,3.0,0.016129032,0.5935,0.6782,10.0,True
False,0.0,,0.016,0.114,0.057,2.0,50805115.0,2.0,2.0,186.0,3.0,0.016129032,0.6189,0.6958,10.0,False
True,1.0,0.0965,0.0965,0.1122,0.0561,3.0,51199743.0,2.0,2.0,186.0,3.0,0.016129032,0.6402,0.7117,,False
False,0.0,,1.0,1.0,1.0,0.0,0.0,1.0,1.0,365.0,365.0,1.0,0.6911,0.0002,12.0,True
False,0.0,0.0955,0.1053,0.1053,0.1053,1.0,50699629.0,1.0,1.0,366.0,3.0,0.008196721,0.5935,0.6782,12.0,True
False,0.0,,0.0082,0.1046,0.0523,2.0,50805115.0,2.0,2.0,366.0,3.0,0.008196721,0.6189,0.6958,12.0,False
True,1.0,0.0949,0.0949,0.1029,0.0514,3.0,51199743.0,2.0,2.0,366.0,3.0,0.008196721,0.6402,0.7117,,False
False,0.0,,1.0,1.0,1.0,0.0,0.0,1.0,1.0,58.0,58.0,1.0,0.6911,0.0002,3.0,True
False,0.0,0.0955,0.1548,0.1548,0.1548,1.0,50699629.0,1.0,1.0,59.0,3.0,0.050847456,0.5935,0.6782,3.0,True
False,0.0,,0.0492,0.154,0.077,2.0,50805115.0,2.0,2.0,59.0,3.0,0.050847456,0.6189,0.6958,3.0,False
True,1.0,0.1032,0.1032,0.1516,0.0758,3.0,51199743.0,2.0,2.0,59.0,3.0,0.050847456,0.6402,0.7117,,False
False,0.0,,1.0,1.0,1.0,0.0,0.0,1.0,1.0,105.0,105.0,1.0,0.6911,0.0002,9.0,True
False,0.0,0.0955,0.129,0.129,0.129,1.0,50699629.0,1.0,1.0,106.0,3.0,0.028301887,0.5935,0.6782,9.0,True
False,0.0,,0.0278,0.1282,0.0641,2.0,50805115.0,2.0,2.0,106.0,3.0,0.028301887,0.6189,0.6958,9.0,False
True,1.0,0.0988,0.0988,0.1262,0.0631,3.0,51199743.0,2.0,2.0,106.0,3.0,0.028301887,0.6402,0.7117,,False
False,0.0,,1.0,1.0,1.0,0.0,0.0,1.0,1.0,249.0,249.0,1.0,0.6911,0.0002,7.0,True
False,0.0,0.0955,0.1099,0.1099,0.1099,1.0,50699629.0,1.0,1.0,250.0,3.0,0.012,0.5935,0.6782,7.0,True
False,0.0,,0.0119,0.1091,0.0545,2.0,50805115.0,2.0,2.0,250.0,3.0,0.012,0.6189,0.6958,7.0,False
True,1.0,0.0956,0.0956,0.1073,0.0537,3.0,51199743.0,2.0,2.0,250.0,3.0,0.012,0.6402,0.7117,,False
False,0.0,,1.0,1.0,1.0,0.0,0.0,1.0,1.0,30.0,30.0,1.0,0.6911,0.0002,,True
True,1.0,0.0888,0.1717,0.1717,0.1717,1.0,52254544.0,1.0,1.0,31.0,2.0,0.06451613,0.7538,0.7303,,False
False,1.0,0.1468,0.1748,0.1748,0.1748,2.0,55636303.0,1.0,1.0,31.0,1.0,0.032258064,0.7579,0.6482,,False
False,0.0,,1.0,1.0,1.0,0.0,0.0,1.0,1.0,24.0,24.0,1.0,0.6911,0.0002,,True
True,1.0,0.0888,0.3014,0.3014,0.3014,1.0,52254544.0,1.0,1.0,28.0,6.0,0.21428572,0.7538,0.7303,,False
False,1.0,0.2578,0.2627,0.2627,0.2627,2.0,55636303.0,1.0,1.0,28.0,1.0,0.035714287,0.7579,0.6482,,False
True,1.0,,1.0,1.0,1.0,0.0,0.0,1.0,1.0,39.0,39.0,1.0,0.6646,0.168,,True
False,1.0,0.1627,0.1837,0.1837,0.1837,1.0,39152972.0,1.0,1.0,39.0,1.0,0.025641026,0.5594,0.4426,,False
False,1.0,0.1729,0.1744,0.1744,0.1744,2.0,40455136.0,1.0,1.0,39.0,1.0,0.025641026,0.5698,0.4412,,True
False,1.0,0.1062,0.1159,0.1159,0.1159,3.0,51151584.0,1.0,1.0,39.0,1.0,0.025641026,0.7568,0.6669,,False
False,1.0,0.1145,0.1145,0.1145,0.1145,4.0,51429966.0,1.0,1.0,39.0,1.0,0.025641026,0.7561,0.6501,,False
False,1.0,0.1145,0.2129,0.2129,0.2129,5.0,51434256.0,1.0,1.0,43.0,4.0,0.093023255,0.7562,0.6458,,False
True,1.0,,1.0,1.0,1.0,0.0,0.0,1.0,1.0,28.0,28.0,1.0,0.6646,0.168,,True
False,1.0,0.1627,0.1916,0.1916,0.1916,1.0,39152972.0,1.0,1.0,28.0,1.0,0.035714287,0.5594,0.4426,,False
False,1.0,0.1804,0.1824,0.1824,0.1824,2.0,40455136.0,1.0,1.0,28.0,1.0,0.035714287,0.5698,0.4412,,True
False,1.0,0.1111,0.1245,0.1245,0.1245,3.0,51151584.0,1.0,1.0,28.0,1.0,0.035714287,0.7568,0.6669,,False
False,1.0,0.123,0.123,0.123,0.123,4.0,51429966.0,1.0,1.0,28.0,1.0,0.035714287,0.7561,0.6501,,False
False,1.0,0.123,0.1856,0.1856,0.1856,5.0,51434256.0,1.0,1.0,28.0,2.0,0.071428575,0.7562,0.6458,,False
True,1.0,,1.0,1.0,1.0,0.0,0.0,1.0,1.0,3.0,3.0,1.0,0.6646,0.168,0.0,True
False,1.0,0.6618,0.8309,0.8309,0.8309,1.0,8935616.0,1.0,1.0,5.0,2.0,0.4,0.6685,0.1625,0.0,True
False,1.0,0.2048,0.299,0.299,0.299,2.0,39152972.0,1.0,1.0,5.0,1.0,0.2,0.5594,0.4426,0.0,False
False,1.0,0.2815,0.2888,0.2888,0.2888,3.0,40455136.0,1.0,1.0,5.0,1.0,0.2,0.5698,0.4412,0.0,True
False,1.0,0.176,0.2246,0.2246,0.2246,4.0,51151584.0,1.0,1.0,5.0,1.0,0.2,0.7568,0.6669,0.0,False
False,1.0,0.222,0.222,0.222,0.222,5.0,51429966.0,1.0,1.0,5.0,1.0,0.2,0.7561,0.6501,0.0,False
False,0.0,,1.0,1.0,1.0,0.0,0.0,1.0,1.0,99.0,99.0,1.0,0.6911,0.0002,5.0,True
False,0.0,0.5438,0.5438,0.5438,0.5438,1.0,13133022.0,1.0,1.0,98.0,1.0,0.010204081,0.6685,0.1625,5.0,True
False,0.0,,0.6972,0.7735,0.3868,2.0,29780955.0,2.0,2.0,104.0,81.0,0.77884614,0.6258,0.6459,7.0,True
False,0.0,,0.6387,0.8225,0.2742,3.0,29955483.0,3.0,3.0,110.0,81.0,0.73636365,0.6244,0.7563,,False
False,0.0,0.096,0.209,0.6774,0.2258,4.0,35675047.0,3.0,3.0,124.0,14.0,0.11290322,0.6345,0.3026,7.0,False
False,0.0,0.4221,0.4863,0.7041,0.2347,5.0,36004097.0,3.0,3.0,138.0,14.0,0.10144927,0.5815,0.3819,,False
False,0.0,0.0175,0.0418,0.3762,0.1254,6.0,50699629.0,3.0,3.0,139.0,3.0,0.021582734,0.5935,0.6782,7.0,True
False,0.0,,0.0194,0.3745,0.0936,7.0,50805115.0,4.0,4.0,139.0,3.0,0.021582734,0.6189,0.6958,7.0,False
True,1.0,0.022,0.022,0.3685,0.0921,8.0,51199743.0,4.0,4.0,139.0,3.0,0.021582734,0.6402,0.7117,,False
False,1.0,0.018,0.0435,0.3185,0.0796,9.0,55543907.0,4.0,4.0,139.0,5.0,0.035971224,0.756,0.6601,7.0,False
True,1.0,,1.0,1.0,1.0,0.0,0.0,1.0,1.0,921.0,921.0,1.0,0.5518,0.5998,54.0,True
False,1.0,0.9341,0.9342,0.9342,0.9342,1.0,1469057.0,1.0,1.0,921.0,1.0,0.0010857764,0.6909,0.6801,54.0,False
False,1.0,0.7676,0.7922,0.7922,0.7922,2.0,5710473.0,1.0,1.0,955.0,96.0,0.10052356,0.756,0.6601,54.0,False
False,0.0,,1.0,1.0,1.0,0.0,0.0,1.0,1.0,55.0,55.0,1.0,0.6651,0.1599,,False
False,0.0,,0.0179,0.1903,0.0952,1.0,37503677.0,2.0,2.0,55.0,1.0,0.018181818,0.5594,0.4426,,False
False,0.0,0.0168,0.0507,0.2075,0.1038,2.0,38805841.0,2.0,2.0,56.0,1.0,0.017857144,0.5698,0.4412,,True
False,0.0,0.031,0.0377,0.1335,0.0667,3.0,49502289.0,2.0,2.0,56.0,1.0,0.017857144,0.7568,0.6669,,False
False,0.0,,1.0,1.0,1.0,0.0,0.0,1.0,1.0,34.0,34.0,1.0,0.6911,0.0002,,True
False,0.0,0.9802,0.9817,0.9817,0.9817,1.0,465556.0,1.0,1.0,36.0,2.0,0.055555556,0.6598,0.1849,,True
False,0.0,0.0956,0.2008,0.2008,0.2008,2.0,50699629.0,1.0,1.0,39.0,3.0,0.07692308,0.5935,0.6782,,True
False,0.0,,0.0444,0.2353,0.1176,3.0,50805115.0,2.0,2.0,40.0,1.0,0.025,0.6189,0.6958,,False
True,1.0,0.1878,0.1878,0.2315,0.1157,4.0,51199743.0,2.0,2.0,41.0,1.0,0.024390243,0.6402,0.7117,,False
False,1.0,0.1789,0.2526,0.2926,0.1463,5.0,52254497.0,2.0,2.0,41.0,4.0,0.09756097,0.7465,0.7207,,True
False,1.0,0.219,0.2231,0.2576,0.1288,6.0,55348990.0,2.0,2.0,41.0,1.0,0.024390243,0.7568,0.6669,,False
False,0.0,,1.0,1.0,1.0,0.0,0.0,1.0,1.0,65.0,65.0,1.0,0.6911,0.0002,2.0,True
False,0.0,0.0955,0.1487,0.1487,0.1487,1.0,50699629.0,1.0,1.0,66.0,3.0,0.045454547,0.5935,0.6782,2.0,True
False,0.0,,0.0441,0.1479,0.074,2.0,50805115.0,2.0,2.0,66.0,3.0,0.045454547,0.6189,0.6958,2.0,False
True,1.0,0.1022,0.1022,0.1456,0.0728,3.0,51199743.0,2.0,2.0,66.0,3.0,0.045454547,0.6402,0.7117,,False
False,0.0,,1.0,1.0,1.0,0.0,0.0,1.0,1.0,145.0,145.0,1.0,0.6911,0.0002,4.0,True
False,0.0,0.0955,0.1199,0.1199,0.1199,1.0,50699629.0,1.0,1.0,146.0,3.0,0.020547945,0.5935,0.6782,4.0,True
False,0.0,,0.0203,0.1192,0.0596,2.0,50805115.0,2.0,2.0,146.0,3.0,0.020547945,0.6189,0.6958,4.0,False
True,1.0,0.0973,0.0973,0.1173,0.0586,3.0,51199743.0,2.0,2.0,146.0,3.0,0.020547945,0.6402,0.7117,,False
False,0.0,,1.0,1.0,1.0,0.0,0.0,1.0,1.0,161.0,161.0,1.0,0.6911,0.0002,5.0,True
False,0.0,0.0955,0.1176,0.1176,0.1176,1.0,50699629.0,1.0,1.0,162.0,3.0,0.018518519,0.5935,0.6782,5.0,True
False,0.0,,0.0183,0.1168,0.0584,2.0,50805115.0,2.0,2.0,162.0,3.0,0.018518519,0.6189,0.6958,5.0,False
True,1.0,0.0969,0.0969,0.1149,0.0575,3.0,51199743.0,2.0,2.0,162.0,3.0,0.018518519,0.6402,0.7117,,False
False,0.0,,1.0,1.0,1.0,0.0,0.0,1.0,1.0,361.0,361.0,1.0,0.6911,0.0002,9.0,True
True,1.0,0.0959,0.1059,0.1059,0.1059,1.0,50612147.0,1.0,1.0,361.0,4.0,0.011080332,0.5905,0.6444,9.0,True
False,1.0,0.1054,0.1153,0.1153,0.1153,2.0,50699629.0,1.0,1.0,362.0,3.0,0.008287293,0.5935,0.6782,9.0,True
False,1.0,,0.0082,0.1145,0.0573,3.0,50805115.0,2.0,2.0,362.0,3.0,0.008287293,0.6189,0.6958,9.0,False
True,2.0,0.1046,0.1046,0.1127,0.0564,4.0,51199743.0,2.0,2.0,362.0,3.0,0.008287293,0.6402,0.7117,,False
False,0.0,,1.0,1.0,1.0,0.0,0.0,1.0,1.0,154.0,154.0,1.0,0.6911,0.0002,3.0,True
False,0.0,0.0955,0.1185,0.1185,0.1185,1.0,50699629.0,1.0,1.0,155.0,3.0,0.019354839,0.5935,0.6782,3.0,True
False,0.0,,0.0191,0.1178,0.0589,2.0,50805115.0,2.0,2.0,155.0,3.0,0.019354839,0.6189,0.6958,3.0,False
True,1.0,0.0971,0.0971,0.1159,0.0579,3.0,51199743.0,2.0,2.0,155.0,3.0,0.019354839,0.6402,0.7117,,False
False,0.0,,1.0,1.0,1.0,0.0,0.0,1.0,1.0,114.0,114.0,1.0,0.6911,0.0002,0.0,True
False,0.0,0.0955,0.1264,0.1264,0.1264,1.0,50699629.0,1.0,1.0,115.0,3.0,0.026086956,0.5935,0.6782,0.0,True
False,0.0,,0.0256,0.1256,0.0628,2.0,50805115.0,2.0,2.0,115.0,3.0,0.026086956,0.6189,0.6958,0.0,False
True,1.0,0.0984,0.0984,0.1236,0.0618,3.0,51199743.0,2.0,2.0,115.0,3.0,0.026086956,0.6402,0.7117,,False
False,0.0,,1.0,1.0,1.0,0.0,0.0,1.0,1.0,399.0,399.0,1.0,0.6911,0.0002,17.0,True
False,0.0,0.0955,0.1045,0.1045,0.1045,1.0,50699629.0,1.0,1.0,400.0,3.0,0.0075,0.5935,0.6782,17.0,True
False,0.0,,0.0075,0.1037,0.0519,2.0,50805115.0,2.0,2.0,400.0,3.0,0.0075,0.6189,0.6958,17.0,False
True,1.0,0.0947,0.0947,0.1021,0.051,3.0,51199743.0,2.0,2.0,400.0,3.0,0.0075,0.6402,0.7117,,False
False,0.0,,1.0,1.0,1.0,0.0,0.0,1.0,1.0,60.0,60.0,1.0,0.6911,0.0002,3.0,True
False,0.0,0.0955,0.1529,0.1529,0.1529,1.0,50699629.0,1.0,1.0,61.0,3.0,0.04918033,0.5935,0.6782,3.0,True
False,0.0,,0.0476,0.1521,0.0761,2.0,50805115.0,2.0,2.0,61.0,3.0,0.04918033,0.6189,0.6958,3.0,False
True,1.0,0.1029,0.1029,0.1497,0.0749,3.0,51199743.0,2.0,2.0,61.0,3.0,0.04918033,0.6402,0.7117,,False
False,0.0,,1.0,1.0,1.0,0.0,0.0,1.0,1.0,110.0,110.0,1.0,0.6911,0.0002,0.0,True
False,0.0,0.0955,0.1355,0.1355,0.1355,1.0,50699629.0,1.0,1.0,111.0,4.0,0.036036037,0.5935,0.6782,0.0,True
False,0.0,,0.0265,0.1347,0.0674,2.0,50805115.0,2.0,2.0,111.0,3.0,0.027027028,0.6189,0.6958,0.0,False
True,1.0,0.1064,0.1064,0.1326,0.0663,3.0,51199743.0,2.0,2.0,111.0,3.0,0.027027028,0.6402,0.7117,,False
False,0.0,,1.0,1.0,1.0,0.0,0.0,1.0,1.0,117.0,117.0,1.0,0.6911,0.0002,7.0,True
False,0.0,0.0955,0.1256,0.1256,0.1256,1.0,50699629.0,1.0,1.0,118.0,3.0,0.025423728,0.5935,0.6782,7.0,True
False,0.0,,0.025,0.1249,0.0624,2.0,50805115.0,2.0,2.0,118.0,3.0,0.025423728,0.6189,0.6958,7.0,False
True,1.0,0.0983,0.0983,0.1229,0.0614,3.0,51199743.0,2.0,2.0,118.0,3.0,0.025423728,0.6402,0.7117,,False
False,0.0,,1.0,1.0,1.0,0.0,0.0,1.0,1.0,86.0,86.0,1.0,0.7107,0.7816,,False
False,0.0,0.5059,0.5224,0.5224,0.5224,1.0,14771950.0,1.0,1.0,88.0,2.0,0.022727273,0.5747,0.4782,,True
False,0.0,0.4043,0.4111,0.4111,0.4111,2.0,20285497.0,1.0,1.0,88.0,1.0,0.011363637,0.7538,0.7127,,False
False,0.0,0.3587,0.3623,0.3623,0.3623,3.0,23218097.0,1.0,1.0,88.0,1.0,0.011363637,0.7568,0.6669,,False
False,0.0,,1.0,1.0,1.0,0.0,0.0,1.0,1.0,49.0,49.0,1.0,0.6911,0.0002,,True
False,0.0,,0.1961,0.3503,0.1751,1.0,35674991.0,2.0,2.0,49.0,13.0,0.26530612,0.6384,0.3034,,True
False,0.0,,0.1923,0.4216,0.1405,2.0,36004097.0,3.0,3.0,49.0,13.0,0.26530612,0.5815,0.3819,,False
False,0.0,0.0955,0.1122,0.3165,0.1055,3.0,43348312.0,3.0,3.0,49.0,1.0,0.020408163,0.5688,0.4464,,False
False,0.0,0.1122,0.1122,0.3165,0.1055,4.0,43357169.0,3.0,3.0,49.0,1.0,0.020408163,0.5612,0.4404,,False
False,0.0,,,0.2981,0.0994,5.0,44648482.0,3.0,4.0,49.0,1.0,0.020408163,0.5656,0.4401,,False
False,0.0,0.1056,0.1056,0.2981,0.0994,6.0,44652542.0,3.0,4.0,49.0,1.0,0.020408163,0.5698,0.4412,,True
True,1.0,0.0801,0.5814,0.5814,0.5814,7.0,50612147.0,1.0,4.0,50.0,28.0,0.56,0.5905,0.6444,,True
False,1.0,0.4681,0.4717,0.4717,0.4717,8.0,55348990.0,1.0,4.0,50.0,1.0,0.02,0.7568,0.6669,,False
False,0.0,,1.0,1.0,1.0,0.0,0.0,1.0,1.0,136.0,136.0,1.0,0.6911,0.0002,,True
False,0.0,0.2234,0.229,0.229,0.229,1.0,32373166.0,1.0,1.0,136.0,1.0,0.007352941,0.6943,0.7435,,True
False,0.0,0.2023,0.2031,0.2031,0.2031,2.0,35054952.0,1.0,1.0,136.0,1.0,0.007352941,0.7483,0.7267,,True
False,0.0,0.1383,0.1446,0.1446,0.1446,3.0,43348312.0,1.0,1.0,136.0,1.0,0.007352941,0.5688,0.4464,,False
False,0.0,0.1446,0.1446,0.1446,0.1446,4.0,43357169.0,1.0,1.0,136.0,1.0,0.007352941,0.5612,0.4404,,False
False,0.0,,,0.1361,0.1361,5.0,44648482.0,1.0,2.0,136.0,1.0,0.007352941,0.5656,0.4401,,False
False,0.0,0.1361,0.1361,0.1361,0.1361,6.0,44652542.0,1.0,2.0,136.0,1.0,0.007352941,0.5698,0.4412,,True
False,0.0,0.1227,0.1291,0.1291,0.1291,7.0,46902843.0,1.0,2.0,136.0,1.0,0.007352941,0.5747,0.4782,,True
True,1.0,0.1127,0.1896,0.1896,0.1896,8.0,49833434.0,1.0,2.0,145.0,9.0,0.062068965,0.5518,0.5998,,True
False,1.0,0.1892,0.2204,0.2204,0.2204,9.0,49906551.0,1.0,2.0,150.0,5.0,0.033333335,0.5527,0.5914,,True
True,2.0,0.2131,0.818,0.818,0.818,10.0,50612147.0,1.0,2.0,142.0,131.0,0.92253524,0.5905,0.6444,,True
False,2.0,0.8147,0.8097,0.8097,0.8097,11.0,50699629.0,1.0,2.0,138.0,4.0,0.028985508,0.5935,0.6782,,True
False,2.0,0.7841,0.7939,0.7939,0.7939,12.0,51392940.0,1.0,2.0,138.0,40.0,0.28985506,0.698,0.6956,,False
False,2.0,0.6628,0.6642,0.6642,0.6642,13.0,55348990.0,1.0,2.0,138.0,1.0,0.007246377,0.7568,0.6669,,False
False,0.0,,1.0,1.0,1.0,0.0,0.0,1.0,1.0,64.0,64.0,1.0,0.6911,0.0002,,True
False,0.0,0.8587,0.8609,0.8609,0.8609,1.0,3344246.0,1.0,1.0,64.0,1.0,0.015625,0.6629,0.1578,,False
False,0.0,0.2239,0.2359,0.2359,0.2359,2.0,32373166.0,1.0,1.0,64.0,1.0,0.015625,0.6943,0.7435,,True
False,0.0,0.2083,0.2101,0.2101,0.2101,3.0,35054952.0,1.0,1.0,64.0,1.0,0.015625,0.7483,0.7267,,True
False,0.0,0.143,0.1564,0.1564,0.1564,4.0,43348312.0,1.0,1.0,64.0,1.0,0.015625,0.5688,0.4464,,False
False,0.0,0.1563,0.1563,0.1563,0.1563,5.0,43357169.0,1.0,1.0,64.0,1.0,0.015625,0.5612,0.4404,,False
False,0.0,,,0.1472,0.1472,6.0,44648482.0,1.0,2.0,64.0,1.0,0.015625,0.5656,0.4401,,False
False,0.0,0.1472,0.1472,0.1472,0.1472,7.0,44652542.0,1.0,2.0,64.0,1.0,0.015625,0.5698,0.4412,,True
True,1.0,0.1116,0.6896,0.6896,0.6896,8.0,50612147.0,1.0,2.0,65.0,43.0,0.6615385,0.5905,0.6444,,True
False,1.0,0.6652,0.6657,0.6657,0.6657,9.0,51392940.0,1.0,2.0,65.0,1.0,0.015384615,0.698,0.6956,,False
False,1.0,0.5558,0.5587,0.5587,0.5587,10.0,55348990.0,1.0,2.0,65.0,1.0,0.015384615,0.7568,0.6669,,False
False,0.0,,1.0,1.0,1.0,0.0,0.0,1.0,1.0,110.0,110.0,1.0,0.6911,0.0002,,True
False,0.0,0.9492,0.9492,0.9492,0.9492,1.0,1205864.0,1.0,1.0,44.0,66.0,1.5,0.6626,0.17,,False
False,0.0,0.8587,0.8619,0.8619,0.8619,2.0,3344246.0,1.0,1.0,44.0,1.0,0.022727273,0.6629,0.1578,,False
False,0.0,0.1347,0.154,0.154,0.154,3.0,43348312.0,1.0,1.0,44.0,1.0,0.022727273,0.5688,0.4464,,False
False,0.0,0.154,0.154,0.154,0.154,4.0,43357169.0,1.0,1.0,44.0,1.0,0.022727273,0.5612,0.4404,,False
False,0.0,,,0.145,0.145,5.0,44648482.0,1.0,2.0,44.0,1.0,0.022727273,0.5656,0.4401,,False
False,0.0,0.145,0.145,0.145,0.145,6.0,44652542.0,1.0,2.0,44.0,1.0,0.022727273,0.5698,0.4412,,True
True,1.0,0.11,0.5768,0.5768,0.5768,7.0,50612147.0,1.0,2.0,45.0,24.0,0.53333336,0.5905,0.6444,,True
False,1.0,0.5564,0.6572,0.6572,0.6572,8.0,51392940.0,1.0,2.0,57.0,20.0,0.3508772,0.698,0.6956,,False
False,1.0,0.5486,0.5519,0.5519,0.5519,9.0,55348990.0,1.0,2.0,57.0,1.0,0.01754386,0.7568,0.6669,,False
False,0.0,,1.0,1.0,1.0,0.0,0.0,1.0,1.0,72.0,72.0,1.0,0.6911,0.0002,,True
False,0.0,0.2234,0.234,0.234,0.234,1.0,32373166.0,1.0,1.0,72.0,1.0,0.013888889,0.6943,0.7435,,True
False,0.0,0.2067,0.2083,0.2083,0.2083,2.0,35054952.0,1.0,1.0,72.0,1.0,0.013888889,0.7483,0.7267,,True
False,0.0,0.1418,0.1536,0.1536,0.1536,3.0,43348312.0,1.0,1.0,72.0,1.0,0.013888889,0.5688,0.4464,,False
False,0.0,0.1536,0.1536,0.1536,0.1536,4.0,43357169.0,1.0,1.0,72.0,1.0,0.013888889,0.5612,0.4404,,False
False,0.0,,,0.1446,0.1446,5.0,44648482.0,1.0,2.0,72.0,1.0,0.013888889,0.5656,0.4401,,False
False,0.0,0.1446,0.1446,0.1446,0.1446,6.0,44652542.0,1.0,2.0,72.0,1.0,0.013888889,0.5698,0.4412,,True
False,0.0,0.1133,0.1807,0.1807,0.1807,7.0,49906551.0,1.0,2.0,75.0,3.0,0.04,0.5527,0.5914,,True
True,1.0,0.1749,0.6947,0.6947,0.6947,8.0,50612147.0,1.0,2.0,73.0,53.0,0.72602737,0.5905,0.6444,,True
False,1.0,0.6438,0.6476,0.6476,0.6476,9.0,52254497.0,1.0,2.0,73.0,4.0,0.05479452,0.7465,0.7207,,True
False,1.0,0.5627,0.5652,0.5652,0.5652,10.0,55348990.0,1.0,2.0,73.0,1.0,0.01369863,0.7568,0.6669,,False
False,0.0,,1.0,1.0,1.0,0.0,0.0,1.0,1.0,37.0,37.0,1.0,0.6911,0.0002,,True
False,0.0,0.8587,0.8624,0.8624,0.8624,1.0,3344246.0,1.0,1.0,37.0,1.0,0.027027028,0.6629,0.1578,,False
False,0.0,0.1348,0.1576,0.1576,0.1576,2.0,43348312.0,1.0,1.0,37.0,1.0,0.027027028,0.5688,0.4464,,False
False,0.0,0.1576,0.1576,0.1576,0.1576,3.0,43357169.0,1.0,1.0,37.0,1.0,0.027027028,0.5612,0.4404,,False
False,0.0,,,0.1484,0.1484,4.0,44648482.0,1.0,2.0,37.0,1.0,0.027027028,0.5656,0.4401,,False
False,0.0,0.1484,0.1484,0.1484,0.1484,5.0,44652542.0,1.0,2.0,37.0,1.0,0.027027028,0.5698,0.4412,,True
False,0.0,0.0904,0.1015,0.1015,0.1015,6.0,55348990.0,1.0,2.0,37.0,1.0,0.027027028,0.7568,0.6669,,False
False,0.0,,1.0,1.0,1.0,0.0,0.0,1.0,1.0,138.0,138.0,1.0,0.6911,0.0002,,True
False,0.0,0.8587,0.8597,0.8597,0.8597,1.0,3344246.0,1.0,1.0,138.0,1.0,0.007246377,0.6629,0.1578,,False
False,0.0,0.2236,0.2292,0.2292,0.2292,2.0,32373166.0,1.0,1.0,138.0,1.0,0.007246377,0.6943,0.7435,,True
False,0.0,0.2024,0.2033,0.2033,0.2033,3.0,35054952.0,1.0,1.0,138.0,1.0,0.007246377,0.7483,0.7267,,True
False,0.0,0.1384,0.1446,0.1446,0.1446,4.0,43348312.0,1.0,1.0,138.0,1.0,0.007246377,0.5688,0.4464,,False
False,0.0,0.1446,0.1446,0.1446,0.1446,5.0,43357169.0,1.0,1.0,138.0,1.0,0.007246377,0.5612,0.4404,,False
False,0.0,,,0.1361,0.1361,6.0,44648482.0,1.0,2.0,138.0,1.0,0.007246377,0.5656,0.4401,,False
False,0.0,0.1361,0.1361,0.1361,0.1361,7.0,44652542.0,1.0,2.0,138.0,1.0,0.007246377,0.5698,0.4412,,True
False,0.0,0.1246,0.2059,0.2059,0.2059,8.0,46556147.0,1.0,2.0,148.0,12.0,0.08108108,0.5734,0.4777,,True
False,0.0,0.2026,0.2339,0.2339,0.2339,9.0,46902843.0,1.0,2.0,152.0,5.0,0.032894738,0.5747,0.4782,,True
True,1.0,0.2045,0.2396,0.2396,0.2396,10.0,49833434.0,1.0,2.0,155.0,4.0,0.025806451,0.5518,0.5998,,True
False,1.0,0.2388,0.2831,0.2831,0.2831,11.0,49906551.0,1.0,2.0,160.0,5.0,0.03125,0.5527,0.5914,,True
True,2.0,0.2739,0.8267,0.8267,0.8267,12.0,50612147.0,1.0,2.0,175.0,162.0,0.9257143,0.5905,0.6444,,True
False,2.0,0.8234,0.7722,0.7722,0.7722,13.0,50699629.0,1.0,2.0,132.0,44.0,0.33333334,0.5935,0.6782,,True
False,2.0,0.7478,0.7698,0.7698,0.7698,14.0,51392940.0,1.0,2.0,140.0,38.0,0.27142859,0.698,0.6956,,False
False,2.0,0.7404,0.685,0.685,0.685,15.0,52254497.0,1.0,2.0,109.0,31.0,0.28440368,0.7465,0.7207,,True
False,2.0,0.5951,0.5967,0.5967,0.5967,16.0,55348990.0,1.0,2.0,109.0,1.0,0.0091743115,0.7568,0.6669,,False
False,0.0,,1.0,1.0,1.0,0.0,0.0,1.0,1.0,1673.0,1673.0,1.0,0.6911,0.0002,60.0,True
False,0.0,0.988,0.9881,0.9881,0.9881,1.0,333686.0,1.0,1.0,1678.0,10.0,0.0059594754,0.6921,0.0081,60.0,False
False,0.0,0.1343,0.1348,0.1348,0.1348,2.0,43350378.0,1.0,1.0,1678.0,1.0,0.00059594755,0.5594,0.4426,60.0,False
False,0.0,0.1269,0.127,0.127,0.127,3.0,44652542.0,1.0,1.0,1678.0,1.0,0.00059594755,0.5698,0.4412,60.0,True
True,1.0,0.0998,0.1089,0.1089,0.1089,4.0,49833434.0,1.0,1.0,1678.0,17.0,0.010131109,0.5518,0.5998,60.0,True
False,1.0,0.1047,0.1068,0.1068,0.1068,5.0,50699629.0,1.0,1.0,1679.0,3.0,0.0017867779,0.5935,0.6782,60.0,True
False,1.0,,0.0018,0.106,0.053,6.0,50805115.0,2.0,2.0,1679.0,3.0,0.0017867779,0.6189,0.6958,60.0,False
True,2.0,0.1026,0.1026,0.1043,0.0522,7.0,51199743.0,2.0,2.0,1679.0,3.0,0.0017867779,0.6402,0.7117,,False
False,2.0,0.0846,0.0852,0.0866,0.0433,8.0,55348990.0,2.0,2.0,1679.0,1.0,0.0005955926,0.7568,0.6669,60.0,False
False,0.0,,1.0,1.0,1.0,0.0,0.0,1.0,1.0,1411.0,1411.0,1.0,0.6911,0.0002,58.0,True
False,0.0,0.988,0.9881,0.9881,0.9881,1.0,333686.0,1.0,1.0,1416.0,10.0,0.007062147,0.6921,0.0081,58.0,False
False,0.0,0.1343,0.1349,0.1349,0.1349,2.0,43350378.0,1.0,1.0,1416.0,1.0,0.0007062147,0.5594,0.4426,58.0,False
False,0.0,0.127,0.1271,0.1271,0.1271,3.0,44652542.0,1.0,1.0,1416.0,1.0,0.0007062147,0.5698,0.4412,58.0,True
True,1.0,0.0999,0.1107,0.1107,0.1107,4.0,49833434.0,1.0,1.0,1416.0,17.0,0.0120056495,0.5518,0.5998,58.0,True
False,1.0,0.1063,0.1089,0.1089,0.1089,5.0,50699629.0,1.0,1.0,1417.0,3.0,0.0021171488,0.5935,0.6782,58.0,True
False,1.0,,0.0021,0.1081,0.054,6.0,50805115.0,2.0,2.0,1417.0,3.0,0.0021171488,0.6189,0.6958,58.0,False
True,2.0,0.1043,0.1043,0.1064,0.0532,7.0,51199743.0,2.0,2.0,1417.0,3.0,0.0021171488,0.6402,0.7117,,False
False,2.0,0.086,0.0867,0.0884,0.0442,8.0,55348990.0,2.0,2.0,1417.0,1.0,0.0007057163,0.7568,0.6669,58.0,False
False,0.0,,1.0,1.0,1.0,0.0,0.0,1.0,1.0,155.0,155.0,1.0,0.6911,0.0002,5.0,True
False,0.0,0.1125,0.1456,0.1456,0.1456,1.0,47163297.0,1.0,1.0,158.0,4.0,0.025316456,0.5733,0.5036,5.0,True
False,0.0,0.1237,0.1566,0.1566,0.1566,2.0,50699629.0,1.0,1.0,159.0,5.0,0.031446543,0.5935,0.6782,5.0,True
False,0.0,,0.0307,0.1556,0.0778,3.0,50805115.0,2.0,2.0,159.0,5.0,0.031446543,0.6189,0.6958,5.0,False
True,1.0,0.123,0.123,0.1532,0.0766,4.0,51199743.0,2.0,2.0,159.0,5.0,0.031446543,0.6402,0.7117,,False
False,0.0,,1.0,1.0,1.0,0.0,0.0,1.0,1.0,339.0,339.0,1.0,0.6911,0.0002,14.0,True
False,0.0,0.0955,0.1061,0.1061,0.1061,1.0,50699629.0,1.0,1.0,340.0,3.0,0.00882353,0.5935,0.6782,14.0,True
False,0.0,,0.0088,0.1053,0.0527,2.0,50805115.0,2.0,2.0,340.0,3.0,0.00882353,0.6189,0.6958,14.0,False
True,1.0,0.095,0.095,0.1036,0.0518,3.0,51199743.0,2.0,2.0,340.0,3.0,0.00882353,0.6402,0.7117,,False
False,0.0,,1.0,1.0,1.0,0.0,0.0,1.0,1.0,106.0,106.0,1.0,0.6911,0.0002,0.0,True
False,0.0,0.0955,0.1287,0.1287,0.1287,1.0,50699629.0,1.0,1.0,107.0,3.0,0.028037382,0.5935,0.6782,0.0,True
False,0.0,,0.0275,0.1279,0.064,2.0,50805115.0,2.0,2.0,107.0,3.0,0.028037382,0.6189,0.6958,0.0,False
True,1.0,0.0988,0.0988,0.1259,0.0629,3.0,51199743.0,2.0,2.0,107.0,3.0,0.028037382,0.6402,0.7117,,False
False,0.0,,1.0,1.0,1.0,0.0,0.0,1.0,1.0,124.0,124.0,1.0,0.6911,0.0002,7.0,True
False,0.0,0.0955,0.124,0.124,0.124,1.0,50699629.0,1.0,1.0,125.0,3.0,0.024,0.5935,0.6782,7.0,True
False,0.0,,0.0236,0.1232,0.0616,2.0,50805115.0,2.0,2.0,125.0,3.0,0.024,0.6189,0.6958,7.0,False
True,1.0,0.098,0.098,0.1213,0.0606,3.0,51199743.0,2.0,2.0,125.0,3.0,0.024,0.6402,0.7117,,False
False,0.0,,1.0,1.0,1.0,0.0,0.0,1.0,1.0,216.0,216.0,1.0,0.6911,0.0002,3.0,True
False,0.0,0.8217,0.8233,0.8233,0.8233,1.0,4306466.0,1.0,1.0,217.0,1.0,0.004608295,0.6647,0.166,3.0,False
False,0.0,0.5449,0.5598,0.5598,0.5598,2.0,13133022.0,1.0,1.0,211.0,17.0,0.08056872,0.6685,0.1625,3.0,True
False,0.0,0.0983,0.1192,0.1192,0.1192,3.0,50699629.0,1.0,1.0,212.0,4.0,0.018867925,0.5935,0.6782,3.0,True
False,0.0,,0.0139,0.1184,0.0592,4.0,50805115.0,2.0,2.0,212.0,3.0,0.014150944,0.6189,0.6958,3.0,False
True,1.0,0.1029,0.1029,0.1165,0.0583,5.0,51199743.0,2.0,2.0,212.0,3.0,0.014150944,0.6402,0.7117,,False
False,0.0,,1.0,1.0,1.0,0.0,0.0,1.0,1.0,70.0,70.0,1.0,0.6911,0.0002,1.0,True
False,0.0,0.5438,0.5695,0.5695,0.5695,1.0,13133022.0,1.0,1.0,69.0,7.0,0.10144927,0.6685,0.1625,1.0,True
False,0.0,0.1,0.1742,0.1742,0.1742,2.0,50699629.0,1.0,1.0,70.0,5.0,0.071428575,0.5935,0.6782,1.0,True
False,0.0,,0.0411,0.1733,0.0867,3.0,50805115.0,2.0,2.0,70.0,3.0,0.042857144,0.6189,0.6958,1.0,False
True,1.0,0.1301,0.1301,0.1706,0.0853,4.0,51199743.0,2.0,2.0,70.0,3.0,0.042857144,0.6402,0.7117,,False
False,0.0,,1.0,1.0,1.0,0.0,0.0,1.0,1.0,259.0,259.0,1.0,0.6911,0.0002,8.0,True
False,0.0,0.9569,0.9575,0.9575,0.9575,1.0,1016668.0,1.0,1.0,262.0,3.0,0.011450382,0.6621,0.184,8.0,False
True,1.0,0.8256,0.8295,0.8295,0.8295,2.0,4197406.0,1.0,1.0,265.0,4.0,0.01509434,0.6646,0.168,8.0,True
False,1.0,0.5468,0.5539,0.5539,0.5539,3.0,13133022.0,1.0,1.0,257.0,14.0,0.054474708,0.6685,0.1625,8.0,True
False,1.0,0.0972,0.1212,0.1212,0.1212,4.0,50699629.0,1.0,1.0,258.0,6.0,0.023255814,0.5935,0.6782,8.0,True
False,1.0,,0.0114,0.1204,0.0602,5.0,50805115.0,2.0,2.0,258.0,3.0,0.011627907,0.6189,0.6958,8.0,False
True,2.0,0.1073,0.1073,0.1185,0.0592,6.0,51199743.0,2.0,2.0,258.0,3.0,0.011627907,0.6402,0.7117,,False
False,0.0,,1.0,1.0,1.0,0.0,0.0,1.0,1.0,150.0,150.0,1.0,0.6911,0.0002,5.0,True
False,0.0,0.5438,0.5498,0.5498,0.5498,1.0,13133022.0,1.0,1.0,150.0,2.0,0.013333334,0.6685,0.1625,5.0,True
False,0.0,0.0965,0.1259,0.1259,0.1259,2.0,50699629.0,1.0,1.0,151.0,4.0,0.026490066,0.5935,0.6782,5.0,True
False,0.0,,0.0195,0.1251,0.0626,3.0,50805115.0,2.0,2.0,151.0,3.0,0.01986755,0.6189,0.6958,5.0,False
True,1.0,0.1039,0.1039,0.1231,0.0616,4.0,51199743.0,2.0,2.0,151.0,3.0,0.01986755,0.6402,0.7117,,False
False,0.0,,1.0,1.0,1.0,0.0,0.0,1.0,1.0,261.0,261.0,1.0,0.6911,0.0002,7.0,True
False,0.0,0.0955,0.116,0.116,0.116,1.0,50699629.0,1.0,1.0,262.0,5.0,0.01908397,0.5935,0.6782,7.0,True
False,0.0,,0.0114,0.1153,0.0576,2.0,50805115.0,2.0,2.0,262.0,3.0,0.011450382,0.6189,0.6958,7.0,False
True,1.0,0.1022,0.1022,0.1134,0.0567,3.0,51199743.0,2.0,2.0,262.0,3.0,0.011450382,0.6402,0.7117,,False
False,0.0,,1.0,1.0,1.0,0.0,0.0,1.0,1.0,314.0,314.0,1.0,0.6911,0.0002,7.0,True
True,1.0,0.9569,0.9648,0.9648,0.9648,1.0,1019301.0,1.0,1.0,294.0,77.0,0.26190478,0.6622,0.181,7.0,False
False,1.0,0.8285,0.8296,0.8296,0.8296,2.0,4306466.0,1.0,1.0,295.0,1.0,0.0033898305,0.6647,0.166,7.0,False
True,2.0,0.0969,0.1089,0.1089,0.1089,3.0,50612147.0,1.0,1.0,295.0,4.0,0.013559322,0.5905,0.6444,7.0,True
False,2.0,0.1084,0.1202,0.1202,0.1202,4.0,50699629.0,1.0,1.0,296.0,3.0,0.010135135,0.5935,0.6782,7.0,True
False,2.0,,0.0099,0.1195,0.0597,5.0,50805115.0,2.0,2.0,296.0,3.0,0.010135135,0.6189,0.6958,7.0,False
True,3.0,0.1079,0.1079,0.1176,0.0588,6.0,51199743.0,2.0,2.0,296.0,3.0,0.010135135,0.6402,0.7117,,False
False,0.0,,1.0,1.0,1.0,0.0,0.0,1.0,1.0,84.0,84.0,1.0,0.6911,0.0002,,True
False,0.0,0.2234,0.2325,0.2325,0.2325,1.0,32373166.0,1.0,1.0,84.0,1.0,0.011904762,0.6943,0.7435,,True
False,0.0,0.2053,0.2067,0.2067,0.2067,2.0,35054952.0,1.0,1.0,84.0,1.0,0.011904762,0.7483,0.7267,,True
False,0.0,0.1407,0.1509,0.1509,0.1509,3.0,43348312.0,1.0,1.0,84.0,1.0,0.011904762,0.5688,0.4464,,False
False,0.0,0.1509,0.1509,0.1509,0.1509,4.0,43357169.0,1.0,1.0,84.0,1.0,0.011904762,0.5612,0.4404,,False
False,0.0,,,0.1421,0.1421,5.0,44648482.0,1.0,2.0,84.0,1.0,0.011904762,0.5656,0.4401,,False
False,0.0,0.1421,0.1421,0.1421,0.1421,6.0,44652542.0,1.0,2.0,84.0,1.0,0.011904762,0.5698,0.4412,,True
False,0.0,0.128,0.2114,0.2114,0.2114,7.0,46902843.0,1.0,2.0,84.0,8.0,0.0952381,0.5747,0.4782,,True
True,1.0,0.1848,0.2035,0.2035,0.2035,8.0,49833434.0,1.0,2.0,85.0,1.0,0.011764706,0.5518,0.5998,,True
True,2.0,0.1963,0.6681,0.6681,0.6681,9.0,50612147.0,1.0,2.0,77.0,58.0,0.7532467,0.5905,0.6444,,True
False,2.0,0.6191,0.6228,0.6228,0.6228,10.0,52254497.0,1.0,2.0,77.0,4.0,0.051948052,0.7465,0.7207,,True
False,2.0,0.5412,0.5437,0.5437,0.5437,11.0,55348990.0,1.0,2.0,77.0,1.0,0.012987013,0.7568,0.6669,,False
False,0.0,,1.0,1.0,1.0,0.0,0.0,1.0,1.0,91.0,91.0,1.0,0.6911,0.0002,,True
False,0.0,0.2234,0.2318,0.2318,0.2318,1.0,32373166.0,1.0,1.0,91.0,1.0,0.010989011,0.6943,0.7435,,True
False,0.0,0.2047,0.206,0.206,0.206,2.0,35054952.0,1.0,1.0,91.0,1.0,0.010989011,0.7483,0.7267,,True
False,0.0,0.1402,0.1496,0.1496,0.1496,3.0,43348312.0,1.0,1.0,91.0,1.0,0.010989011,0.5688,0.4464,,False
False,0.0,0.1496,0.1496,0.1496,0.1496,4.0,43357169.0,1.0,1.0,91.0,1.0,0.010989011,0.5612,0.4404,,False
False,0.0,,,0.1409,0.1409,5.0,44648482.0,1.0,2.0,91.0,1.0,0.010989011,0.5656,0.4401,,False
False,0.0,0.1409,0.1409,0.1409,0.1409,6.0,44652542.0,1.0,2.0,91.0,1.0,0.010989011,0.5698,0.4412,,True
True,1.0,0.1068,0.7692,0.7692,0.7692,7.0,50612147.0,1.0,2.0,92.0,69.0,0.75,0.5905,0.6444,,True
False,1.0,0.7661,0.7324,0.7324,0.7324,8.0,50699629.0,1.0,2.0,80.0,12.0,0.15,0.5935,0.6782,,True
False,1.0,0.7093,0.7413,0.7413,0.7413,9.0,51392940.0,1.0,2.0,89.0,10.0,0.11235955,0.698,0.6956,,False
False,1.0,0.7126,0.7178,0.7178,0.7178,10.0,52254497.0,1.0,2.0,89.0,9.0,0.101123594,0.7465,0.7207,,True
False,1.0,0.6235,0.6256,0.6256,0.6256,11.0,55348990.0,1.0,2.0,89.0,1.0,0.011235955,0.7568,0.6669,,False
False,0.0,,1.0,1.0,1.0,0.0,0.0,1.0,1.0,97.0,97.0,1.0,0.6911,0.0002,,True
False,0.0,0.9762,0.9765,0.9765,0.9765,1.0,600059.0,1.0,1.0,97.0,1.0,0.010309278,0.6619,0.1925,,False
False,0.0,0.859,0.8604,0.8604,0.8604,2.0,3344246.0,1.0,1.0,97.0,1.0,0.010309278,0.6629,0.1578,,False
False,0.0,0.1345,0.1434,0.1434,0.1434,3.0,43348312.0,1.0,1.0,97.0,1.0,0.010309278,0.5688,0.4464,,False
False,0.0,0.1434,0.1434,0.1434,0.1434,4.0,43357169.0,1.0,1.0,97.0,1.0,0.010309278,0.5612,0.4404,,False
False,0.0,,,0.135,0.135,5.0,44648482.0,1.0,2.0,97.0,1.0,0.010309278,0.5656,0.4401,,False
False,0.0,0.135,0.135,0.135,0.135,6.0,44652542.0,1.0,2.0,97.0,1.0,0.010309278,0.5698,0.4412,,True
True,1.0,0.1024,0.7941,0.7941,0.7941,7.0,50612147.0,1.0,2.0,99.0,77.0,0.7777778,0.5905,0.6444,,True
False,1.0,0.7359,0.7507,0.7507,0.7507,8.0,52254497.0,1.0,2.0,104.0,5.0,0.048076924,0.7465,0.7207,,True
False,1.0,0.6524,0.6542,0.6542,0.6542,9.0,55348990.0,1.0,2.0,104.0,1.0,0.009615385,0.7568,0.6669,,False
False,0.0,,1.0,1.0,1.0,0.0,0.0,1.0,1.0,92.0,92.0,1.0,0.6911,0.0002,,True
False,0.0,0.8587,0.8602,0.8602,0.8602,1.0,3344246.0,1.0,1.0,92.0,1.0,0.010869565,0.6629,0.1578,,False
False,0.0,0.1345,0.1438,0.1438,0.1438,2.0,43348312.0,1.0,1.0,92.0,1.0,0.010869565,0.5688,0.4464,,False
False,0.0,0.1438,0.1438,0.1438,0.1438,3.0,43357169.0,1.0,1.0,92.0,1.0,0.010869565,0.5612,0.4404,,False
False,0.0,,,0.1354,0.1354,4.0,44648482.0,1.0,2.0,92.0,1.0,0.010869565,0.5656,0.4401,,False
False,0.0,0.1354,0.1354,0.1354,0.1354,5.0,44652542.0,1.0,2.0,92.0,1.0,0.010869565,0.5698,0.4412,,True
True,1.0,0.1027,0.7808,0.7808,0.7808,6.0,50612147.0,1.0,2.0,96.0,73.0,0.7604167,0.5905,0.6444,,True
False,1.0,0.7532,0.7737,0.7737,0.7737,7.0,51392940.0,1.0,2.0,104.0,8.0,0.07692308,0.698,0.6956,,False
False,1.0,0.7436,0.7571,0.7571,0.7571,8.0,52254497.0,1.0,2.0,109.0,5.0,0.04587156,0.7465,0.7207,,True
False,1.0,0.6577,0.6594,0.6594,0.6594,9.0,55348990.0,1.0,2.0,109.0,1.0,0.0091743115,0.7568,0.6669,,False
False,0.0,,1.0,1.0,1.0,0.0,0.0,1.0,1.0,221.0,221.0,1.0,0.6911,0.0002,,True
False,0.0,0.9802,0.9864,0.9864,0.9864,1.0,458446.0,1.0,1.0,234.0,76.0,0.32478634,0.6921,0.0081,,False
False,0.0,0.9825,0.9829,0.9829,0.9829,2.0,600059.0,1.0,1.0,238.0,4.0,0.016806724,0.6619,0.1925,,False
False,0.0,0.9712,0.9713,0.9713,0.9713,3.0,845164.0,1.0,1.0,238.0,2.0,0.008403362,0.6621,0.191,,True
False,0.0,0.9597,0.962,0.962,0.962,4.0,1087986.0,1.0,1.0,236.0,26.0,0.11016949,0.6622,0.1757,,True
False,0.0,0.9618,0.9622,0.9622,0.9622,5.0,1118674.0,1.0,1.0,237.0,1.0,0.004219409,0.6625,0.1735,,False
False,0.0,0.8671,0.8697,0.8697,0.8697,6.0,3344246.0,1.0,1.0,241.0,4.0,0.016597511,0.6629,0.1578,,False
False,0.0,,0.0234,0.2131,0.1066,7.0,35674991.0,2.0,2.0,246.0,5.0,0.020325202,0.6384,0.3034,,True
False,0.0,,,0.2098,0.1049,8.0,36004097.0,2.0,3.0,251.0,5.0,0.01992032,0.5815,0.3819,,False
False,0.0,0.1328,0.1367,0.1505,0.0752,9.0,43348312.0,2.0,3.0,250.0,2.0,0.008,0.5688,0.4464,,False
False,0.0,0.1367,0.1367,0.1505,0.0752,10.0,43357169.0,2.0,3.0,250.0,1.0,0.004,0.5612,0.4404,,False
False,0.0,,,0.1417,0.0709,11.0,44648482.0,2.0,4.0,250.0,1.0,0.004,0.5656,0.4401,,False
False,0.0,0.1287,0.1287,0.1417,0.0709,12.0,44652542.0,2.0,4.0,250.0,1.0,0.004,0.5698,0.4412,,True
True,1.0,0.0976,0.8668,0.8668,0.8668,13.0,50612147.0,1.0,4.0,244.0,220.0,0.90163934,0.5905,0.6444,,True
False,1.0,0.8033,0.8225,0.8225,0.8225,14.0,52254497.0,1.0,4.0,265.0,24.0,0.09056604,0.7465,0.7207,,True
False,1.0,0.8192,0.804,0.804,0.804,15.0,52349097.0,1.0,4.0,243.0,22.0,0.09053498,0.7538,0.7223,,False
False,1.0,0.7015,0.7023,0.7023,0.7023,16.0,55348990.0,1.0,4.0,243.0,1.0,0.004115226,0.7568,0.6669,,False
False,0.0,,1.0,1.0,1.0,0.0,0.0,1.0,1.0,78.0,78.0,1.0,0.6911,0.0002,,True
False,0.0,0.9762,0.9768,0.9768,0.9768,1.0,600059.0,1.0,1.0,78.0,2.0,0.025641026,0.6619,0.1925,,False
False,0.0,0.228,0.2476,0.2476,0.2476,2.0,31881971.0,1.0,1.0,78.0,2.0,0.025641026,0.6872,0.791,,True
False,0.0,0.1459,0.1568,0.1568,0.1568,3.0,43348312.0,1.0,1.0,78.0,1.0,0.012820513,0.5688,0.4464,,False
False,0.0,0.1568,0.1568,0.1568,0.1568,4.0,43357169.0,1.0,1.0,78.0,1.0,0.012820513,0.5612,0.4404,,False
False,0.0,,,0.1477,0.1477,5.0,44648482.0,1.0,2.0,78.0,1.0,0.012820513,0.5656,0.4401,,False
False,0.0,0.1477,0.1477,0.1477,0.1477,6.0,44652542.0,1.0,2.0,78.0,1.0,0.012820513,0.5698,0.4412,,True
True,1.0,0.112,0.1308,0.1308,0.1308,7.0,50612147.0,1.0,2.0,77.0,3.0,0.038961038,0.5905,0.6444,,True
False,1.0,0.105,0.1104,0.1104,0.1104,8.0,55348990.0,1.0,2.0,77.0,1.0,0.012987013,0.7568,0.6669,,False
False,0.0,,1.0,1.0,1.0,0.0,0.0,1.0,1.0,149.0,149.0,1.0,0.6911,0.0002,5.0,True
False,0.0,0.8587,0.8616,0.8616,0.8616,1.0,3344246.0,1.0,1.0,149.0,3.0,0.020134227,0.6629,0.1578,5.0,False
False,0.0,0.1347,0.1405,0.1405,0.1405,2.0,43350378.0,1.0,1.0,149.0,1.0,0.0067114094,0.5594,0.4426,5.0,False
False,0.0,0.1323,0.1327,0.1327,0.1327,3.0,44652542.0,1.0,1.0,149.0,1.0,0.0067114094,0.5698,0.4412,5.0,True
False,0.0,0.0807,0.0833,0.0833,0.0833,4.0,55348990.0,1.0,1.0,149.0,1.0,0.0067114094,0.7568,0.6669,5.0,False
False,0.0,,1.0,1.0,1.0,0.0,0.0,1.0,1.0,21.0,21.0,1.0,0.6911,0.0002,,True
False,0.0,0.1343,0.1736,0.1736,0.1736,1.0,43350378.0,1.0,1.0,21.0,1.0,0.04761905,0.5594,0.4426,,False
False,0.0,0.1635,0.1661,0.1661,0.1661,2.0,44652542.0,1.0,1.0,21.0,1.0,0.04761905,0.5698,0.4412,,True
True,1.0,0.1261,0.1672,0.1672,0.1672,3.0,50612147.0,1.0,1.0,21.0,1.0,0.04761905,0.5905,0.6444,,True
False,1.0,0.1343,0.152,0.152,0.152,4.0,55348990.0,1.0,1.0,21.0,1.0,0.04761905,0.7568,0.6669,,False
False,0.0,,1.0,1.0,1.0,0.0,0.0,1.0,1.0,162.0,162.0,1.0,0.6911,0.0002,,True
False,0.0,0.1343,0.1449,0.1449,0.1449,1.0,43348312.0,1.0,1.0,162.0,2.0,0.012345679,0.5688,0.4464,,False
False,0.0,0.1364,0.1371,0.1371,0.1371,2.0,44652542.0,1.0,1.0,162.0,2.0,0.012345679,0.5698,0.4412,,True
False,0.0,0.0835,0.0882,0.0882,0.0882,3.0,55348990.0,1.0,1.0,162.0,2.0,0.012345679,0.7568,0.6669,,False
False,0.0,,1.0,1.0,1.0,0.0,0.0,1.0,1.0,189.0,189.0,1.0,0.6911,0.0002,,True
False,0.0,0.1343,0.1434,0.1434,0.1434,1.0,43348312.0,1.0,1.0,189.0,2.0,0.01058201,0.5688,0.4464,,False
False,0.0,0.135,0.1356,0.1356,0.1356,2.0,44652542.0,1.0,1.0,189.0,2.0,0.01058201,0.5698,0.4412,,True
False,0.0,0.0825,0.0866,0.0866,0.0866,3.0,55348990.0,1.0,1.0,189.0,2.0,0.01058201,0.7568,0.6669,,False
False,0.0,,1.0,1.0,1.0,0.0,0.0,1.0,1.0,148.0,148.0,1.0,0.6911,0.0002,3.0,True
False,0.0,0.0955,0.1254,0.1254,0.1254,1.0,50699629.0,1.0,1.0,149.0,4.0,0.026845638,0.5935,0.6782,3.0,True
False,0.0,,0.0199,0.1247,0.0623,2.0,50805115.0,2.0,2.0,149.0,3.0,0.020134227,0.6189,0.6958,3.0,False
True,1.0,0.1031,0.1031,0.1227,0.0613,3.0,51199743.0,2.0,2.0,149.0,3.0,0.020134227,0.6402,0.7117,,False
False,0.0,,1.0,1.0,1.0,0.0,0.0,1.0,1.0,285.0,285.0,1.0,0.6911,0.0002,11.0,True
True,1.0,0.0959,0.099,0.099,0.099,1.0,50612147.0,1.0,1.0,285.0,1.0,0.003508772,0.5905,0.6444,11.0,True
False,1.0,0.0986,0.1206,0.1206,0.1206,2.0,50699629.0,1.0,1.0,286.0,6.0,0.02097902,0.5935,0.6782,11.0,True
False,1.0,,0.0104,0.1198,0.0599,3.0,50805115.0,2.0,2.0,286.0,3.0,0.01048951,0.6189,0.6958,11.0,False
True,2.0,0.1076,0.1076,0.1179,0.0589,4.0,51199743.0,2.0,2.0,286.0,3.0,0.01048951,0.6402,0.7117,,False
False,0.0,,1.0,1.0,1.0,0.0,0.0,1.0,1.0,102.0,102.0,1.0,0.6911,0.0002,2.0,True
False,0.0,0.0955,0.1644,0.1644,0.1644,1.0,50699629.0,1.0,1.0,103.0,7.0,0.067961164,0.5935,0.6782,2.0,True
False,0.0,,0.0286,0.1635,0.0818,2.0,50805115.0,2.0,2.0,103.0,3.0,0.029126214,0.6189,0.6958,2.0,False
True,1.0,0.1328,0.1328,0.1609,0.0805,3.0,51199743.0,2.0,2.0,103.0,3.0,0.029126214,0.6402,0.7117,,False
False,0.0,,1.0,1.0,1.0,0.0,0.0,1.0,1.0,170.0,170.0,1.0,0.6911,0.0002,3.0,True
True,1.0,0.825,0.8309,0.8309,0.8309,1.0,4197406.0,1.0,1.0,174.0,4.0,0.022988506,0.6646,0.168,3.0,True
False,1.0,0.5478,0.5505,0.5505,0.5505,2.0,13133022.0,1.0,1.0,169.0,6.0,0.03550296,0.6685,0.1625,3.0,True
True,2.0,0.1006,0.3187,0.3187,0.3187,3.0,49833434.0,1.0,1.0,187.0,43.0,0.22994652,0.5518,0.5998,3.0,True
False,2.0,0.3061,0.3317,0.3317,0.3317,4.0,50699629.0,1.0,1.0,188.0,5.0,0.026595745,0.5935,0.6782,3.0,True
False,2.0,,0.0153,0.3302,0.1651,5.0,50805115.0,2.0,2.0,188.0,3.0,0.015957447,0.6189,0.6958,3.0,False
True,3.0,0.3098,0.3098,0.3249,0.1624,6.0,51199743.0,2.0,2.0,188.0,3.0,0.015957447,0.6402,0.7117,,False
False,0.0,,1.0,1.0,1.0,0.0,0.0,1.0,1.0,133.0,133.0,1.0,0.6911,0.0002,1.0,True
True,1.0,0.0959,0.1094,0.1094,0.1094,1.0,50612147.0,1.0,1.0,133.0,2.0,0.015037594,0.5905,0.6444,1.0,True
False,1.0,0.1089,0.1619,0.1619,0.1619,2.0,50699629.0,1.0,1.0,134.0,7.0,0.052238807,0.5935,0.6782,1.0,True
False,1.0,,0.0221,0.161,0.0805,3.0,50805115.0,2.0,2.0,134.0,3.0,0.02238806,0.6189,0.6958,1.0,False
True,2.0,0.1368,0.1368,0.1585,0.0792,4.0,51199743.0,2.0,2.0,134.0,3.0,0.02238806,0.6402,0.7117,,False
False,0.0,,1.0,1.0,1.0,0.0,0.0,1.0,1.0,537.0,537.0,1.0,0.6911,0.0002,14.0,True
False,0.0,0.8587,0.8593,0.8593,0.8593,1.0,3344246.0,1.0,1.0,538.0,1.0,0.001858736,0.6629,0.1578,14.0,False
False,0.0,0.0956,0.1172,0.1172,0.1172,2.0,50699629.0,1.0,1.0,539.0,12.0,0.02226345,0.5935,0.6782,14.0,True
False,0.0,,0.0055,0.1164,0.0582,3.0,50805115.0,2.0,2.0,539.0,3.0,0.0055658626,0.6189,0.6958,14.0,False
True,1.0,0.1091,0.1091,0.1146,0.0573,4.0,51199743.0,2.0,2.0,539.0,3.0,0.0055658626,0.6402,0.7117,,False
False,0.0,,1.0,1.0,1.0,0.0,0.0,1.0,1.0,3664.0,3664.0,1.0,0.6911,0.0002,48.0,True
False,0.0,0.8553,0.8554,0.8554,0.8554,1.0,3435044.0,1.0,1.0,3666.0,2.0,0.00054555375,0.6641,0.1654,48.0,True
False,0.0,0.1126,0.1353,0.1353,0.1353,2.0,47163297.0,1.0,1.0,3663.0,97.0,0.026481027,0.5733,0.5036,48.0,True
False,0.0,0.1149,0.1188,0.1188,0.1188,3.0,50699629.0,1.0,1.0,3664.0,15.0,0.0040938864,0.5935,0.6782,48.0,True
False,0.0,,0.0008,0.1179,0.059,4.0,50805115.0,2.0,2.0,3664.0,3.0,0.0008187773,0.6189,0.6958,48.0,False
True,1.0,0.1152,0.1152,0.116,0.058,5.0,51199743.0,2.0,2.0,3664.0,3.0,0.0008187773,0.6402,0.7117,,False
False,0.0,,1.0,1.0,1.0,0.0,0.0,1.0,1.0,174.0,174.0,1.0,0.6911,0.0002,7.0,True
False,0.0,0.988,0.9904,0.9904,0.9904,1.0,261526.0,1.0,1.0,184.0,41.0,0.2228261,0.6914,0.0064,7.0,False
False,0.0,0.5455,0.5455,0.5455,0.5455,2.0,13133022.0,1.0,1.0,182.0,2.0,0.010989011,0.6685,0.1625,7.0,True
True,1.0,0.0996,0.1142,0.1142,0.1142,3.0,49833434.0,1.0,1.0,179.0,6.0,0.033519555,0.5518,0.5998,7.0,True
False,1.0,0.1097,0.1288,0.1288,0.1288,4.0,50699629.0,1.0,1.0,180.0,3.0,0.016666668,0.5935,0.6782,7.0,True
False,1.0,,0.016,0.128,0.064,5.0,50805115.0,2.0,2.0,180.0,3.0,0.016666668,0.6189,0.6958,7.0,False
True,2.0,0.1102,0.1102,0.1259,0.063,6.0,51199743.0,2.0,2.0,180.0,3.0,0.016666668,0.6402,0.7117,,False
False,0.0,,1.0,1.0,1.0,0.0,0.0,1.0,1.0,87.0,87.0,1.0,0.6914,0.0064,3.0,False
False,0.0,0.5526,0.5777,0.5777,0.5777,1.0,12871496.0,1.0,1.0,87.0,8.0,0.09195402,0.6685,0.1625,3.0,True
False,0.0,0.1011,0.1506,0.1506,0.1506,2.0,50438103.0,1.0,1.0,88.0,4.0,0.045454547,0.5935,0.6782,3.0,True
False,0.0,,0.033,0.1501,0.0751,3.0,50543589.0,2.0,2.0,88.0,3.0,0.03409091,0.6189,0.6958,3.0,False
True,1.0,0.1149,0.1149,0.1474,0.0737,4.0,50938217.0,2.0,2.0,88.0,3.0,0.03409091,0.6402,0.7117,,False
False,0.0,,1.0,1.0,1.0,0.0,0.0,1.0,1.0,100.0,100.0,1.0,0.6911,0.0002,3.0,True
False,0.0,0.988,0.9887,0.9887,0.9887,1.0,261526.0,1.0,1.0,102.0,4.0,0.039215688,0.6914,0.0064,3.0,False
False,0.0,0.0956,0.1294,0.1294,0.1294,2.0,50699629.0,1.0,1.0,103.0,3.0,0.029126214,0.5935,0.6782,3.0,True
False,0.0,,0.028,0.1286,0.0643,3.0,50805115.0,2.0,2.0,103.0,3.0,0.029126214,0.6189,0.6958,3.0,False
True,1.0,0.099,0.099,0.1266,0.0633,4.0,51199743.0,2.0,2.0,103.0,3.0,0.029126214,0.6402,0.7117,,False
False,0.0,,1.0,1.0,1.0,0.0,0.0,1.0,1.0,143.0,143.0,1.0,0.6911,0.0002,,True
False,0.0,0.1343,0.1463,0.1463,0.1463,1.0,43348312.0,1.0,1.0,143.0,2.0,0.013986014,0.5688,0.4464,,False
False,0.0,0.1377,0.1386,0.1386,0.1386,2.0,44652542.0,1.0,1.0,143.0,2.0,0.013986014,0.5698,0.4412,,True
False,0.0,0.0843,0.0897,0.0897,0.0897,3.0,55348990.0,1.0,1.0,143.0,2.0,0.013986014,0.7568,0.6669,,False
False,0.0,,1.0,1.0,1.0,0.0,0.0,1.0,1.0,191.0,191.0,1.0,0.6911,0.0002,,True
False,0.0,0.1343,0.1433,0.1433,0.1433,1.0,43348312.0,1.0,1.0,191.0,2.0,0.010471204,0.5688,0.4464,,False
False,0.0,0.1349,0.1355,0.1355,0.1355,2.0,44652542.0,1.0,1.0,191.0,2.0,0.010471204,0.5698,0.4412,,True
False,0.0,0.0825,0.0845,0.0845,0.0845,3.0,55348990.0,1.0,1.0,191.0,1.0,0.005235602,0.7568,0.6669,,False
False,0.0,,1.0,1.0,1.0,0.0,0.0,1.0,1.0,176.0,176.0,1.0,0.6911,0.0002,,True
False,0.0,0.1343,0.144,0.144,0.144,1.0,43348312.0,1.0,1.0,176.0,2.0,0.011363637,0.5688,0.4464,,False
False,0.0,0.1356,0.1363,0.1363,0.1363,2.0,44652542.0,1.0,1.0,176.0,2.0,0.011363637,0.5698,0.4412,,True
False,0.0,0.0829,0.0873,0.0873,0.0873,3.0,55348990.0,1.0,1.0,176.0,2.0,0.011363637,0.7568,0.6669,,False
False,0.0,,1.0,1.0,1.0,0.0,0.0,1.0,1.0,182.0,182.0,1.0,0.6911,0.0002,,True
False,0.0,0.1343,0.1437,0.1437,0.1437,1.0,43348312.0,1.0,1.0,182.0,2.0,0.010989011,0.5688,0.4464,,False
False,0.0,0.1353,0.136,0.136,0.136,2.0,44652542.0,1.0,1.0,182.0,2.0,0.010989011,0.5698,0.4412,,True
False,0.0,0.0827,0.087,0.087,0.087,3.0,55348990.0,1.0,1.0,182.0,2.0,0.010989011,0.7568,0.6669,,False
False,0.0,,1.0,1.0,1.0,0.0,0.0,1.0,1.0,182.0,182.0,1.0,0.6911,0.0002,,True
False,0.0,0.1343,0.1437,0.1437,0.1437,1.0,43348312.0,1.0,1.0,182.0,2.0,0.010989011,0.5688,0.4464,,False
False,0.0,0.1353,0.136,0.136,0.136,2.0,44652542.0,1.0,1.0,182.0,2.0,0.010989011,0.5698,0.4412,,True
False,0.0,0.0827,0.087,0.087,0.087,3.0,55348990.0,1.0,1.0,182.0,2.0,0.010989011,0.7568,0.6669,,False
False,0.0,,1.0,1.0,1.0,0.0,0.0,1.0,1.0,186.0,186.0,1.0,0.6911,0.0002,,True
False,0.0,0.1343,0.1435,0.1435,0.1435,1.0,43348312.0,1.0,1.0,186.0,2.0,0.010752688,0.5688,0.4464,,False
False,0.0,0.1351,0.1358,0.1358,0.1358,2.0,44652542.0,1.0,1.0,186.0,2.0,0.010752688,0.5698,0.4412,,True
False,0.0,0.0826,0.0868,0.0868,0.0868,3.0,55348990.0,1.0,1.0,186.0,2.0,0.010752688,0.7568,0.6669,,False
False,0.0,,1.0,1.0,1.0,0.0,0.0,1.0,1.0,186.0,186.0,1.0,0.6911,0.0002,,True
False,0.0,0.1343,0.1435,0.1435,0.1435,1.0,43348312.0,1.0,1.0,186.0,2.0,0.010752688,0.5688,0.4464,,False
False,0.0,0.1351,0.1358,0.1358,0.1358,2.0,44652542.0,1.0,1.0,186.0,2.0,0.010752688,0.5698,0.4412,,True
False,0.0,0.0826,0.0868,0.0868,0.0868,3.0,55348990.0,1.0,1.0,186.0,2.0,0.010752688,0.7568,0.6669,,False
False,0.0,,1.0,1.0,1.0,0.0,0.0,1.0,1.0,106.0,106.0,1.0,0.6911,0.0002,,True
False,0.0,0.1343,0.1504,0.1504,0.1504,1.0,43348312.0,1.0,1.0,106.0,2.0,0.018867925,0.5688,0.4464,,False
False,0.0,0.1417,0.1427,0.1427,0.1427,2.0,44652542.0,1.0,1.0,106.0,2.0,0.018867925,0.5698,0.4412,,True
False,0.0,0.0869,0.0942,0.0942,0.0942,3.0,55348990.0,1.0,1.0,106.0,2.0,0.018867925,0.7568,0.6669,,False
False,0.0,,1.0,1.0,1.0,0.0,0.0,1.0,1.0,164.0,164.0,1.0,0.6911,0.0002,,True
False,0.0,0.1343,0.1447,0.1447,0.1447,1.0,43348312.0,1.0,1.0,164.0,2.0,0.0121951215,0.5688,0.4464,,False
False,0.0,0.1363,0.137,0.137,0.137,2.0,44652542.0,1.0,1.0,164.0,2.0,0.0121951215,0.5698,0.4412,,True
False,0.0,0.0834,0.0881,0.0881,0.0881,3.0,55348990.0,1.0,1.0,164.0,2.0,0.0121951215,0.7568,0.6669,,False
False,0.0,,1.0,1.0,1.0,0.0,0.0,1.0,1.0,174.0,174.0,1.0,0.6911,0.0002,,True
False,0.0,0.1343,0.1441,0.1441,0.1441,1.0,43348312.0,1.0,1.0,174.0,2.0,0.011494253,0.5688,0.4464,,False
False,0.0,0.1357,0.1364,0.1364,0.1364,2.0,44652542.0,1.0,1.0,174.0,2.0,0.011494253,0.5698,0.4412,,True
False,0.0,0.083,0.0875,0.0875,0.0875,3.0,55348990.0,1.0,1.0,174.0,2.0,0.011494253,0.7568,0.6669,,False
False,0.0,,1.0,1.0,1.0,0.0,0.0,1.0,1.0,127.0,127.0,1.0,0.6911,0.0002,,True
False,0.0,0.1343,0.1478,0.1478,0.1478,1.0,43348312.0,1.0,1.0,127.0,2.0,0.015748031,0.5688,0.4464,,False
False,0.0,0.1392,0.1401,0.1401,0.1401,2.0,44652542.0,1.0,1.0,127.0,2.0,0.015748031,0.5698,0.4412,,True
False,0.0,0.0853,0.0913,0.0913,0.0913,3.0,55348990.0,1.0,1.0,127.0,2.0,0.015748031,0.7568,0.6669,,False
False,0.0,,1.0,1.0,1.0,0.0,0.0,1.0,1.0,175.0,175.0,1.0,0.6911,0.0002,,True
False,0.0,0.1343,0.1441,0.1441,0.1441,1.0,43348312.0,1.0,1.0,175.0,2.0,0.011428571,0.5688,0.4464,,False
False,0.0,0.1357,0.1363,0.1363,0.1363,2.0,44652542.0,1.0,1.0,175.0,2.0,0.011428571,0.5698,0.4412,,True
False,0.0,0.083,0.0874,0.0874,0.0874,3.0,55348990.0,1.0,1.0,175.0,2.0,0.011428571,0.7568,0.6669,,False
False,0.0,,1.0,1.0,1.0,0.0,0.0,1.0,1.0,159.0,159.0,1.0,0.6911,0.0002,,True
False,0.0,0.1343,0.1451,0.1451,0.1451,1.0,43348312.0,1.0,1.0,159.0,2.0,0.012578616,0.5688,0.4464,,False
False,0.0,0.1366,0.1373,0.1373,0.1373,2.0,44652542.0,1.0,1.0,159.0,2.0,0.012578616,0.5698,0.4412,,True
False,0.0,0.0836,0.0884,0.0884,0.0884,3.0,55348990.0,1.0,1.0,159.0,2.0,0.012578616,0.7568,0.6669,,False
False,0.0,,1.0,1.0,1.0,0.0,0.0,1.0,1.0,166.0,166.0,1.0,0.6911,0.0002,,True
False,0.0,0.1343,0.1446,0.1446,0.1446,1.0,43348312.0,1.0,1.0,166.0,2.0,0.012048192,0.5688,0.4464,,False
False,0.0,0.1362,0.1369,0.1369,0.1369,2.0,44652542.0,1.0,1.0,166.0,2.0,0.012048192,0.5698,0.4412,,True
False,0.0,0.0833,0.088,0.088,0.088,3.0,55348990.0,1.0,1.0,166.0,2.0,0.012048192,0.7568,0.6669,,False
False,0.0,,1.0,1.0,1.0,0.0,0.0,1.0,1.0,167.0,167.0,1.0,0.6911,0.0002,,True
False,0.0,0.1343,0.1446,0.1446,0.1446,1.0,43348312.0,1.0,1.0,167.0,2.0,0.011976048,0.5688,0.4464,,False
False,0.0,0.1361,0.1368,0.1368,0.1368,2.0,44652542.0,1.0,1.0,167.0,2.0,0.011976048,0.5698,0.4412,,True
False,0.0,0.0833,0.0879,0.0879,0.0879,3.0,55348990.0,1.0,1.0,167.0,2.0,0.011976048,0.7568,0.6669,,False
False,0.0,,1.0,1.0,1.0,0.0,0.0,1.0,1.0,170.0,170.0,1.0,0.6911,0.0002,,True
False,0.0,0.1343,0.1444,0.1444,0.1444,1.0,43348312.0,1.0,1.0,170.0,2.0,0.011764706,0.5688,0.4464,,False
False,0.0,0.136,0.1366,0.1366,0.1366,2.0,44652542.0,1.0,1.0,170.0,2.0,0.011764706,0.5698,0.4412,,True
False,0.0,0.0832,0.0877,0.0877,0.0877,3.0,55348990.0,1.0,1.0,170.0,2.0,0.011764706,0.7568,0.6669,,False
False,0.0,,1.0,1.0,1.0,0.0,0.0,1.0,1.0,170.0,170.0,1.0,0.6911,0.0002,,True
False,0.0,0.1343,0.1444,0.1444,0.1444,1.0,43348312.0,1.0,1.0,170.0,2.0,0.011764706,0.5688,0.4464,,False
False,0.0,0.136,0.1366,0.1366,0.1366,2.0,44652542.0,1.0,1.0,170.0,2.0,0.011764706,0.5698,0.4412,,True
False,0.0,0.0832,0.0877,0.0877,0.0877,3.0,55348990.0,1.0,1.0,170.0,2.0,0.011764706,0.7568,0.6669,,False
False,0.0,,1.0,1.0,1.0,0.0,0.0,1.0,1.0,90.0,90.0,1.0,0.6911,0.0002,,True
False,0.0,0.1343,0.1533,0.1533,0.1533,1.0,43348312.0,1.0,1.0,90.0,2.0,0.022222223,0.5688,0.4464,,False
False,0.0,0.1443,0.1456,0.1456,0.1456,2.0,44652542.0,1.0,1.0,90.0,2.0,0.022222223,0.5698,0.4412,,True
False,0.0,0.0886,0.0972,0.0972,0.0972,3.0,55348990.0,1.0,1.0,90.0,2.0,0.022222223,0.7568,0.6669,,False
False,0.0,,1.0,1.0,1.0,0.0,0.0,1.0,1.0,61.0,61.0,1.0,0.6911,0.0002,,True
False,0.0,0.1343,0.1482,0.1482,0.1482,1.0,43348312.0,1.0,1.0,61.0,1.0,0.016393442,0.5688,0.4464,,False
False,0.0,0.1482,0.1482,0.1482,0.1482,2.0,43357169.0,1.0,1.0,61.0,1.0,0.016393442,0.5612,0.4404,,False
False,0.0,,,0.1396,0.1396,3.0,44648482.0,1.0,2.0,61.0,1.0,0.016393442,0.5656,0.4401,,False
False,0.0,0.1396,0.1396,0.1396,0.1396,4.0,44652542.0,1.0,2.0,61.0,1.0,0.016393442,0.5698,0.4412,,True
True,1.0,0.1058,0.6751,0.6751,0.6751,5.0,50612147.0,1.0,2.0,62.0,40.0,0.6451613,0.5905,0.6444,,True
False,1.0,0.5436,0.5466,0.5466,0.5466,6.0,55348990.0,1.0,2.0,62.0,1.0,0.016129032,0.7568,0.6669,,False
False,0.0,,1.0,1.0,1.0,0.0,0.0,1.0,1.0,138.0,138.0,1.0,0.6911,0.0002,,True
False,0.0,0.9802,0.9803,0.9803,0.9803,1.0,465556.0,1.0,1.0,138.0,1.0,0.007246377,0.6598,0.1849,,True
False,0.0,0.9494,0.9662,0.9662,0.9662,2.0,1205864.0,1.0,1.0,196.0,72.0,0.36734694,0.6626,0.17,,False
False,0.0,0.8753,0.8784,0.8784,0.8784,3.0,3344246.0,1.0,1.0,200.0,4.0,0.02,0.6629,0.1578,,False
False,0.0,0.1373,0.1416,0.1416,0.1416,4.0,43348312.0,1.0,1.0,200.0,1.0,0.005,0.5688,0.4464,,False
False,0.0,0.1416,0.1416,0.1416,0.1416,5.0,43357169.0,1.0,1.0,200.0,1.0,0.005,0.5612,0.4404,,False
False,0.0,,,0.1333,0.1333,6.0,44648482.0,1.0,2.0,200.0,1.0,0.005,0.5656,0.4401,,False
False,0.0,0.1333,0.1333,0.1333,0.1333,7.0,44652542.0,1.0,2.0,200.0,1.0,0.005,0.5698,0.4412,,True
False,0.0,0.1044,0.1132,0.1132,0.1132,8.0,49906551.0,1.0,2.0,201.0,1.0,0.0049751243,0.5527,0.5914,,True
True,1.0,0.1096,0.1186,0.1186,0.1186,9.0,50612147.0,1.0,2.0,200.0,4.0,0.02,0.5905,0.6444,,True
False,1.0,0.1144,0.1518,0.1518,0.1518,10.0,51392940.0,1.0,2.0,208.0,8.0,0.03846154,0.698,0.6956,,False
False,1.0,0.1265,0.1285,0.1285,0.1285,11.0,55348990.0,1.0,2.0,208.0,1.0,0.0048076925,0.7568,0.6669,,False
True,1.0,,1.0,1.0,1.0,0.0,0.0,1.0,1.0,28.0,28.0,1.0,0.6646,0.168,,True
False,1.0,0.1627,0.2205,0.2205,0.2205,1.0,39152972.0,1.0,1.0,28.0,2.0,0.071428575,0.5594,0.4426,,False
False,1.0,0.2076,0.2116,0.2116,0.2116,2.0,40455136.0,1.0,1.0,28.0,2.0,0.071428575,0.5698,0.4412,,True
False,1.0,0.1289,0.1558,0.1558,0.1558,3.0,51151584.0,1.0,1.0,28.0,2.0,0.071428575,0.7568,0.6669,,False
True,1.0,,1.0,1.0,1.0,0.0,0.0,1.0,1.0,3.0,3.0,1.0,0.6646,0.168,0.0,True
False,1.0,0.6618,0.8309,0.8309,0.8309,1.0,8935616.0,1.0,1.0,5.0,2.0,0.4,0.6685,0.1625,0.0,True
False,1.0,0.2048,0.299,0.299,0.299,2.0,39152972.0,1.0,1.0,5.0,1.0,0.2,0.5594,0.4426,0.0,False
False,1.0,0.2815,0.2888,0.2888,0.2888,3.0,40455136.0,1.0,1.0,5.0,1.0,0.2,0.5698,0.4412,0.0,True
False,1.0,0.176,0.2246,0.2246,0.2246,4.0,51151584.0,1.0,1.0,5.0,1.0,0.2,0.7568,0.6669,0.0,False
False,0.0,,1.0,1.0,1.0,0.0,0.0,1.0,1.0,45.0,45.0,1.0,0.6911,0.0002,,True
False,0.0,0.8587,0.8618,0.8618,0.8618,1.0,3344246.0,1.0,1.0,45.0,1.0,0.022222223,0.6629,0.1578,,False
False,0.0,0.1347,0.1536,0.1536,0.1536,2.0,43348312.0,1.0,1.0,45.0,1.0,0.022222223,0.5688,0.4464,,False
False,0.0,0.1536,0.1536,0.1536,0.1536,3.0,43357169.0,1.0,1.0,45.0,1.0,0.022222223,0.5612,0.4404,,False
False,0.0,,,0.1446,0.1446,4.0,44648482.0,1.0,2.0,45.0,1.0,0.022222223,0.5656,0.4401,,False
False,0.0,0.1446,0.1446,0.1446,0.1446,5.0,44652542.0,1.0,2.0,45.0,1.0,0.022222223,0.5698,0.4412,,True
False,0.0,0.1303,0.1495,0.1495,0.1495,6.0,46902843.0,1.0,2.0,45.0,1.0,0.022222223,0.5747,0.4782,,True
True,1.0,0.1259,0.11,0.11,0.11,7.0,50612147.0,1.0,2.0,44.0,1.0,0.022727273,0.5905,0.6444,,True
False,1.0,0.1061,0.1955,0.1955,0.1955,8.0,51392940.0,1.0,2.0,48.0,4.0,0.083333336,0.698,0.6956,,False
False,1.0,0.1882,0.191,0.191,0.191,9.0,52254497.0,1.0,2.0,48.0,4.0,0.083333336,0.7465,0.7207,,True
False,1.0,0.1853,0.2594,0.2594,0.2594,10.0,52943549.0,1.0,2.0,52.0,4.0,0.07692308,0.7548,0.6908,,False
False,1.0,0.2322,0.2399,0.2399,0.2399,11.0,55348990.0,1.0,2.0,52.0,1.0,0.01923077,0.7568,0.6669,,False
False,0.0,,1.0,1.0,1.0,0.0,0.0,1.0,1.0,32.0,32.0,1.0,0.6911,0.0002,,True
False,0.0,0.9802,0.9808,0.9808,0.9808,1.0,465556.0,1.0,1.0,32.0,1.0,0.03125,0.6598,0.1849,,True
False,0.0,,0.1515,0.3654,0.1827,2.0,29780955.0,2.0,2.0,32.0,5.0,0.15625,0.6258,0.6459,,True
False,0.0,,,0.3625,0.1812,3.0,29955483.0,2.0,3.0,32.0,5.0,0.15625,0.6244,0.7563,,False
False,0.0,0.114,0.1402,0.221,0.1105,4.0,43348312.0,2.0,3.0,32.0,1.0,0.03125,0.5688,0.4464,,False
False,0.0,0.1402,0.1402,0.221,0.1105,5.0,43357169.0,2.0,3.0,32.0,1.0,0.03125,0.5612,0.4404,,False
False,0.0,,,0.2081,0.104,6.0,44648482.0,2.0,4.0,32.0,1.0,0.03125,0.5656,0.4401,,False
False,0.0,0.132,0.132,0.2081,0.104,7.0,44652542.0,2.0,4.0,32.0,1.0,0.03125,0.5698,0.4412,,True
True,1.0,0.1001,0.7457,0.7457,0.7457,8.0,50612147.0,1.0,4.0,31.0,24.0,0.7741935,0.5905,0.6444,,True
False,1.0,0.7193,0.7959,0.7959,0.7959,9.0,51392940.0,1.0,4.0,42.0,11.0,0.26190478,0.698,0.6956,,False
False,1.0,0.7656,0.7676,0.7676,0.7676,10.0,52254497.0,1.0,4.0,41.0,9.0,0.2195122,0.7465,0.7207,,True
False,1.0,0.6668,0.6714,0.6714,0.6714,11.0,55348990.0,1.0,4.0,41.0,1.0,0.024390243,0.7568,0.6669,,False
False,0.0,,1.0,1.0,1.0,0.0,0.0,1.0,1.0,85.0,85.0,1.0,0.6911,0.0002,,True
False,0.0,0.1343,0.1443,0.1443,0.1443,1.0,43348312.0,1.0,1.0,85.0,1.0,0.011764706,0.5688,0.4464,,False
False,0.0,0.1443,0.1443,0.1443,0.1443,2.0,43357169.0,1.0,1.0,85.0,1.0,0.011764706,0.5612,0.4404,,False
False,0.0,,,0.1359,0.1359,3.0,44648482.0,1.0,2.0,85.0,1.0,0.011764706,0.5656,0.4401,,False
False,0.0,0.1359,0.1359,0.1359,0.1359,4.0,44652542.0,1.0,2.0,85.0,1.0,0.011764706,0.5698,0.4412,,True
True,1.0,0.1031,0.7664,0.7664,0.7664,5.0,50612147.0,1.0,2.0,87.0,65.0,0.74712646,0.5905,0.6444,,True
False,1.0,0.6171,0.6193,0.6193,0.6193,6.0,55348990.0,1.0,2.0,87.0,1.0,0.011494253,0.7568,0.6669,,False
False,0.0,,1.0,1.0,1.0,0.0,0.0,1.0,1.0,38.0,38.0,1.0,0.6384,0.3034,,True
False,0.0,,,0.988,0.988,1.0,329106.0,1.0,2.0,76.0,38.0,0.5,0.5815,0.3819,,False
False,0.0,,0.0333,0.7127,0.3563,2.0,7673321.0,2.0,3.0,67.0,10.0,0.14925373,0.5688,0.4464,,False
False,0.0,0.0333,0.0333,0.7127,0.3563,3.0,7682178.0,2.0,3.0,67.0,1.0,0.014925373,0.5612,0.4404,,False
False,0.0,,,0.6712,0.3356,4.0,8973491.0,2.0,4.0,67.0,1.0,0.014925373,0.5656,0.4401,,False
False,0.0,0.0315,0.0315,0.6712,0.3356,5.0,8977551.0,2.0,4.0,67.0,1.0,0.014925373,0.5698,0.4412,,True
False,0.0,0.0287,0.0621,0.6276,0.3138,6.0,10881156.0,2.0,4.0,67.0,1.0,0.014925373,0.5734,0.4777,,True
False,0.0,0.0611,0.4611,0.7791,0.3896,7.0,11227852.0,2.0,4.0,67.0,12.0,0.17910448,0.5747,0.4782,,True
True,1.0,0.3896,0.8889,0.9447,0.4723,8.0,14937156.0,2.0,4.0,55.0,28.0,0.5090909,0.5905,0.6444,,True
False,1.0,,0.2,0.944,0.3147,9.0,15130124.0,3.0,5.0,56.0,3.0,0.05357143,0.6189,0.6958,,False
True,2.0,0.6834,0.6834,0.929,0.3097,10.0,15524752.0,3.0,5.0,57.0,3.0,0.05263158,0.6402,0.7117,,False
False,2.0,0.6806,0.682,0.9267,0.3089,11.0,15627338.0,3.0,5.0,57.0,1.0,0.01754386,0.6909,0.6911,,False
False,2.0,0.5651,0.5748,0.7774,0.2591,12.0,19673999.0,3.0,5.0,57.0,1.0,0.01754386,0.7568,0.6669,,False
False,0.0,,1.0,1.0,1.0,0.0,0.0,1.0,1.0,41.0,41.0,1.0,0.6911,0.0002,,True
False,0.0,0.8587,0.8621,0.8621,0.8621,1.0,3344246.0,1.0,1.0,41.0,1.0,0.024390243,0.6629,0.1578,,False
False,0.0,0.1348,0.1554,0.1554,0.1554,2.0,43348312.0,1.0,1.0,41.0,1.0,0.024390243,0.5688,0.4464,,False
False,0.0,0.1554,0.1554,0.1554,0.1554,3.0,43357169.0,1.0,1.0,41.0,1.0,0.024390243,0.5612,0.4404,,False
False,0.0,,,0.1463,0.1463,4.0,44648482.0,1.0,2.0,41.0,1.0,0.024390243,0.5656,0.4401,,False
False,0.0,0.1463,0.1463,0.1463,0.1463,5.0,44652542.0,1.0,2.0,41.0,1.0,0.024390243,0.5698,0.4412,,True
False,0.0,0.107,0.1935,0.1935,0.1935,6.0,51392940.0,1.0,2.0,41.0,4.0,0.09756097,0.698,0.6956,,False
False,0.0,0.1613,0.1714,0.1714,0.1714,7.0,55348990.0,1.0,2.0,41.0,1.0,0.024390243,0.7568,0.6669,,False
False,0.0,,1.0,1.0,1.0,0.0,0.0,1.0,1.0,48.0,48.0,1.0,0.6636,0.1624,,True
False,0.0,,0.0204,0.1742,0.0871,1.0,39991886.0,2.0,2.0,48.0,1.0,0.020833334,0.5688,0.4464,,False
False,0.0,0.0204,0.0204,0.1742,0.0871,2.0,40000743.0,2.0,2.0,48.0,1.0,0.020833334,0.5612,0.4404,,False
False,0.0,,,0.164,0.082,3.0,41292056.0,2.0,3.0,48.0,1.0,0.020833334,0.5656,0.4401,,False
False,0.0,0.0192,0.0192,0.164,0.082,4.0,41296116.0,2.0,3.0,48.0,1.0,0.020833334,0.5698,0.4412,,True
True,1.0,0.0146,0.2329,0.3182,0.1591,5.0,47255721.0,2.0,3.0,45.0,13.0,0.2888889,0.5905,0.6444,,True
False,1.0,0.2158,0.1499,0.2364,0.1182,6.0,48898071.0,2.0,3.0,41.0,5.0,0.12195122,0.7465,0.7207,,True
False,1.0,0.1303,0.1404,0.2153,0.1077,7.0,51992564.0,2.0,3.0,41.0,1.0,0.024390243,0.7568,0.6669,,False
False,0.0,,1.0,1.0,1.0,0.0,0.0,1.0,1.0,68.0,68.0,1.0,0.6911,0.0002,,True
False,0.0,0.8587,0.8608,0.8608,0.8608,1.0,3344246.0,1.0,1.0,68.0,1.0,0.014705882,0.6629,0.1578,,False
False,0.0,0.2239,0.2352,0.2352,0.2352,2.0,32373166.0,1.0,1.0,68.0,1.0,0.014705882,0.6943,0.7435,,True
False,0.0,0.2077,0.2094,0.2094,0.2094,3.0,35054952.0,1.0,1.0,68.0,1.0,0.014705882,0.7483,0.7267,,True
False,0.0,0.1425,0.1551,0.1551,0.1551,4.0,43348312.0,1.0,1.0,68.0,1.0,0.014705882,0.5688,0.4464,,False
False,0.0,0.155,0.155,0.155,0.155,5.0,43357169.0,1.0,1.0,68.0,1.0,0.014705882,0.5612,0.4404,,False
False,0.0,,,0.146,0.146,6.0,44648482.0,1.0,2.0,68.0,1.0,0.014705882,0.5656,0.4401,,False
False,0.0,0.146,0.146,0.146,0.146,7.0,44652542.0,1.0,2.0,68.0,1.0,0.014705882,0.5698,0.4412,,True
True,1.0,0.1107,0.7071,0.7071,0.7071,8.0,50612147.0,1.0,2.0,69.0,47.0,0.68115944,0.5905,0.6444,,True
False,1.0,0.7043,0.7273,0.7273,0.7273,9.0,50699629.0,1.0,2.0,74.0,5.0,0.067567565,0.5935,0.6782,,True
False,1.0,0.7044,0.7048,0.7048,0.7048,10.0,51392940.0,1.0,2.0,74.0,1.0,0.013513514,0.698,0.6956,,False
False,1.0,0.6774,0.6813,0.6813,0.6813,11.0,52254497.0,1.0,2.0,74.0,5.0,0.067567565,0.7465,0.7207,,True
False,1.0,0.592,0.5945,0.5945,0.5945,12.0,55348990.0,1.0,2.0,74.0,1.0,0.013513514,0.7568,0.6669,,False
False,0.0,,1.0,1.0,1.0,0.0,0.0,1.0,1.0,37.0,37.0,1.0,0.6911,0.0002,,True
False,0.0,0.1343,0.157,0.157,0.157,1.0,43348312.0,1.0,1.0,37.0,1.0,0.027027028,0.5688,0.4464,,False
False,0.0,0.157,0.157,0.157,0.157,2.0,43357169.0,1.0,1.0,37.0,1.0,0.027027028,0.5612,0.4404,,False
False,0.0,,,0.1479,0.1479,3.0,44648482.0,1.0,2.0,37.0,1.0,0.027027028,0.5656,0.4401,,False
False,0.0,0.1479,0.1479,0.1479,0.1479,4.0,44652542.0,1.0,2.0,37.0,1.0,0.027027028,0.5698,0.4412,,True
False,0.0,0.09,0.1012,0.1012,0.1012,5.0,55348990.0,1.0,2.0,37.0,1.0,0.027027028,0.7568,0.6669,,False
False,0.0,,1.0,1.0,1.0,0.0,0.0,1.0,1.0,27.0,27.0,1.0,0.6911,0.0002,,True
False,0.0,0.1343,0.1652,0.1652,0.1652,1.0,43348312.0,1.0,1.0,27.0,1.0,0.037037037,0.5688,0.4464,,False
False,0.0,0.1652,0.1652,0.1652,0.1652,2.0,43357169.0,1.0,1.0,27.0,1.0,0.037037037,0.5612,0.4404,,False
False,0.0,,,0.1555,0.1555,3.0,44648482.0,1.0,2.0,27.0,1.0,0.037037037,0.5656,0.4401,,False
False,0.0,0.1555,0.1555,0.1555,0.1555,4.0,44652542.0,1.0,2.0,27.0,1.0,0.037037037,0.5698,0.4412,,True
True,1.0,0.118,0.9397,0.9397,0.9397,5.0,50612147.0,1.0,2.0,28.0,27.0,0.96428573,0.5905,0.6444,,True
False,1.0,0.8708,0.8806,0.8806,0.8806,6.0,52254497.0,1.0,2.0,28.0,4.0,0.14285715,0.7465,0.7207,,True
False,1.0,0.7653,0.7718,0.7718,0.7718,7.0,55348990.0,1.0,2.0,28.0,1.0,0.035714287,0.7568,0.6669,,False
False,0.0,,1.0,1.0,1.0,0.0,0.0,1.0,1.0,71.0,71.0,1.0,0.6911,0.0002,,True
False,0.0,0.2234,0.2341,0.2341,0.2341,1.0,32373166.0,1.0,1.0,71.0,1.0,0.014084507,0.6943,0.7435,,True
False,0.0,0.2068,0.2084,0.2084,0.2084,2.0,35054952.0,1.0,1.0,71.0,1.0,0.014084507,0.7483,0.7267,,True
False,0.0,0.1419,0.1539,0.1539,0.1539,3.0,43348312.0,1.0,1.0,71.0,1.0,0.014084507,0.5688,0.4464,,False
False,0.0,0.1539,0.1539,0.1539,0.1539,4.0,43357169.0,1.0,1.0,71.0,1.0,0.014084507,0.5612,0.4404,,False
False,0.0,,,0.1449,0.1449,5.0,44648482.0,1.0,2.0,71.0,1.0,0.014084507,0.5656,0.4401,,False
False,0.0,0.1449,0.1449,0.1449,0.1449,6.0,44652542.0,1.0,2.0,71.0,1.0,0.014084507,0.5698,0.4412,,True
False,0.0,0.1135,0.1375,0.1375,0.1375,7.0,49906551.0,1.0,2.0,72.0,1.0,0.013888889,0.5527,0.5914,,True
True,1.0,0.1331,0.6823,0.6823,0.6823,8.0,50612147.0,1.0,2.0,71.0,49.0,0.69014084,0.5905,0.6444,,True
False,1.0,0.6582,0.7616,0.7616,0.7616,9.0,51392940.0,1.0,2.0,97.0,31.0,0.31958762,0.698,0.6956,,False
False,1.0,0.6358,0.6377,0.6377,0.6377,10.0,55348990.0,1.0,2.0,97.0,1.0,0.010309278,0.7568,0.6669,,False
False,0.0,,1.0,1.0,1.0,0.0,0.0,1.0,1.0,73.0,73.0,1.0,0.6911,0.0002,,True
False,0.0,0.2234,0.2338,0.2338,0.2338,1.0,32373166.0,1.0,1.0,73.0,1.0,0.01369863,0.6943,0.7435,,True
False,0.0,0.2065,0.2081,0.2081,0.2081,2.0,35054952.0,1.0,1.0,73.0,1.0,0.01369863,0.7483,0.7267,,True
False,0.0,0.1417,0.1534,0.1534,0.1534,3.0,43348312.0,1.0,1.0,73.0,1.0,0.01369863,0.5688,0.4464,,False
False,0.0,0.1533,0.1533,0.1533,0.1533,4.0,43357169.0,1.0,1.0,73.0,1.0,0.01369863,0.5612,0.4404,,False
False,0.0,,,0.1444,0.1444,5.0,44648482.0,1.0,2.0,73.0,1.0,0.01369863,0.5656,0.4401,,False
False,0.0,0.1444,0.1444,0.1444,0.1444,6.0,44652542.0,1.0,2.0,73.0,1.0,0.01369863,0.5698,0.4412,,True
True,1.0,0.1095,0.7264,0.7264,0.7264,7.0,50612147.0,1.0,2.0,74.0,52.0,0.7027027,0.5905,0.6444,,True
False,1.0,0.7006,0.7025,0.7025,0.7025,8.0,51392940.0,1.0,2.0,74.0,4.0,0.054054055,0.698,0.6956,,False
False,1.0,0.5865,0.589,0.589,0.589,9.0,55348990.0,1.0,2.0,74.0,1.0,0.013513514,0.7568,0.6669,,False
False,0.0,,1.0,1.0,1.0,0.0,0.0,1.0,1.0,73.0,73.0,1.0,0.6911,0.0002,,True
False,0.0,0.2234,0.2338,0.2338,0.2338,1.0,32373166.0,1.0,1.0,73.0,1.0,0.01369863,0.6943,0.7435,,True
False,0.0,0.2065,0.2081,0.2081,0.2081,2.0,35054952.0,1.0,1.0,73.0,1.0,0.01369863,0.7483,0.7267,,True
False,0.0,0.1417,0.1534,0.1534,0.1534,3.0,43348312.0,1.0,1.0,73.0,1.0,0.01369863,0.5688,0.4464,,False
False,0.0,0.1533,0.1533,0.1533,0.1533,4.0,43357169.0,1.0,1.0,73.0,1.0,0.01369863,0.5612,0.4404,,False
False,0.0,,,0.1444,0.1444,5.0,44648482.0,1.0,2.0,73.0,1.0,0.01369863,0.5656,0.4401,,False
False,0.0,0.1444,0.1444,0.1444,0.1444,6.0,44652542.0,1.0,2.0,73.0,1.0,0.01369863,0.5698,0.4412,,True
True,1.0,0.1095,0.7264,0.7264,0.7264,7.0,50612147.0,1.0,2.0,74.0,52.0,0.7027027,0.5905,0.6444,,True
False,1.0,0.7006,0.7025,0.7025,0.7025,8.0,51392940.0,1.0,2.0,74.0,4.0,0.054054055,0.698,0.6956,,False
False,1.0,0.5865,0.589,0.589,0.589,9.0,55348990.0,1.0,2.0,74.0,1.0,0.013513514,0.7568,0.6669,,False
False,0.0,,1.0,1.0,1.0,0.0,0.0,1.0,1.0,42.0,42.0,1.0,0.6911,0.0002,,True
False,0.0,0.8587,0.8653,0.8653,0.8653,1.0,3344246.0,1.0,1.0,42.0,2.0,0.04761905,0.6629,0.1578,,False
False,0.0,0.1353,0.1554,0.1554,0.1554,2.0,43348312.0,1.0,1.0,42.0,1.0,0.023809524,0.5688,0.4464,,False
False,0.0,0.1554,0.1554,0.1554,0.1554,3.0,43357169.0,1.0,1.0,42.0,1.0,0.023809524,0.5612,0.4404,,False
False,0.0,,,0.1463,0.1463,4.0,44648482.0,1.0,2.0,42.0,1.0,0.023809524,0.5656,0.4401,,False
False,0.0,0.1463,0.1463,0.1463,0.1463,5.0,44652542.0,1.0,2.0,42.0,1.0,0.023809524,0.5698,0.4412,,True
True,1.0,0.111,0.5479,0.5479,0.5479,6.0,50612147.0,1.0,2.0,44.0,22.0,0.5,0.5905,0.6444,,True
False,1.0,0.4411,0.4454,0.4454,0.4454,7.0,55348990.0,1.0,2.0,44.0,1.0,0.022727273,0.7568,0.6669,,False
False,0.0,,1.0,1.0,1.0,0.0,0.0,1.0,1.0,145.0,145.0,1.0,0.6911,0.0002,,True
False,0.0,0.2234,0.2287,0.2287,0.2287,1.0,32373166.0,1.0,1.0,145.0,1.0,0.0068965517,0.6943,0.7435,,True
False,0.0,0.202,0.2028,0.2028,0.2028,2.0,35054952.0,1.0,1.0,145.0,1.0,0.0068965517,0.7483,0.7267,,True
False,0.0,0.138,0.1439,0.1439,0.1439,3.0,43348312.0,1.0,1.0,145.0,1.0,0.0068965517,0.5688,0.4464,,False
False,0.0,0.1439,0.1439,0.1439,0.1439,4.0,43357169.0,1.0,1.0,145.0,1.0,0.0068965517,0.5612,0.4404,,False
False,0.0,,,0.1355,0.1355,5.0,44648482.0,1.0,2.0,145.0,1.0,0.0068965517,0.5656,0.4401,,False
False,0.0,0.1355,0.1355,0.1355,0.1355,6.0,44652542.0,1.0,2.0,145.0,1.0,0.0068965517,0.5698,0.4412,,True
True,1.0,0.1066,0.1948,0.1948,0.1948,7.0,49833434.0,1.0,2.0,153.0,8.0,0.052287582,0.5518,0.5998,,True
True,2.0,0.1879,0.7844,0.7844,0.7844,8.0,50612147.0,1.0,2.0,142.0,126.0,0.8873239,0.5905,0.6444,,True
False,2.0,0.7567,0.8204,0.8204,0.8204,9.0,51392940.0,1.0,2.0,187.0,55.0,0.29411766,0.698,0.6956,,False
False,2.0,0.7893,0.7902,0.7902,0.7902,10.0,52254497.0,1.0,2.0,187.0,5.0,0.026737968,0.7465,0.7207,,True
False,2.0,0.6858,0.6868,0.6868,0.6868,11.0,55348990.0,1.0,2.0,187.0,1.0,0.0053475937,0.7568,0.6669,,False
False,0.0,,1.0,1.0,1.0,0.0,0.0,1.0,1.0,62.0,62.0,1.0,0.6911,0.0002,,True
False,0.0,0.5438,0.5834,0.5834,0.5834,1.0,13133022.0,1.0,1.0,67.0,5.0,0.07462686,0.6685,0.1625,,True
False,0.0,0.144,0.1566,0.1566,0.1566,2.0,43348312.0,1.0,1.0,67.0,1.0,0.014925373,0.5688,0.4464,,False
False,0.0,0.1566,0.1566,0.1566,0.1566,3.0,43357169.0,1.0,1.0,67.0,1.0,0.014925373,0.5612,0.4404,,False
False,0.0,,,0.1475,0.1475,4.0,44648482.0,1.0,2.0,67.0,1.0,0.014925373,0.5656,0.4401,,False
False,0.0,0.1475,0.1475,0.1475,0.1475,5.0,44652542.0,1.0,2.0,67.0,1.0,0.014925373,0.5698,0.4412,,True
False,0.0,0.1329,0.2021,0.2021,0.2021,6.0,46902843.0,1.0,2.0,71.0,5.0,0.07042254,0.5747,0.4782,,True
True,1.0,0.1704,0.7103,0.7103,0.7103,7.0,50612147.0,1.0,2.0,98.0,68.0,0.6938776,0.5905,0.6444,,True
False,1.0,0.572,0.5739,0.5739,0.5739,8.0,55348990.0,1.0,2.0,98.0,1.0,0.010204081,0.7568,0.6669,,False
False,0.0,,1.0,1.0,1.0,0.0,0.0,1.0,1.0,29.0,29.0,1.0,0.6911,0.0002,,True
False,0.0,0.1343,0.1631,0.1631,0.1631,1.0,43350378.0,1.0,1.0,29.0,1.0,0.03448276,0.5594,0.4426,,False
False,0.0,0.1536,0.1555,0.1555,0.1555,2.0,44652542.0,1.0,1.0,29.0,1.0,0.03448276,0.5698,0.4412,,True
False,0.0,0.0947,0.1077,0.1077,0.1077,3.0,55348990.0,1.0,1.0,29.0,1.0,0.03448276,0.7568,0.6669,,False
False,0.0,,1.0,1.0,1.0,0.0,0.0,1.0,1.0,46.0,46.0,1.0,0.6911,0.0002,,True
False,0.0,0.8587,0.8617,0.8617,0.8617,1.0,3344246.0,1.0,1.0,46.0,1.0,0.02173913,0.6629,0.1578,,False
False,0.0,0.1347,0.1531,0.1531,0.1531,2.0,43348312.0,1.0,1.0,46.0,1.0,0.02173913,0.5688,0.4464,,False
False,0.0,0.1531,0.1531,0.1531,0.1531,3.0,43357169.0,1.0,1.0,46.0,1.0,0.02173913,0.5612,0.4404,,False
False,0.0,,,0.1442,0.1442,4.0,44648482.0,1.0,2.0,46.0,1.0,0.02173913,0.5656,0.4401,,False
False,0.0,0.1442,0.1442,0.1442,0.1442,5.0,44652542.0,1.0,2.0,46.0,1.0,0.02173913,0.5698,0.4412,,True
True,1.0,0.1094,0.5756,0.5756,0.5756,6.0,50612147.0,1.0,2.0,47.0,25.0,0.5319149,0.5905,0.6444,,True
False,1.0,0.5334,0.5766,0.5766,0.5766,7.0,52254497.0,1.0,2.0,51.0,4.0,0.078431375,0.7465,0.7207,,True
False,1.0,0.501,0.5046,0.5046,0.5046,8.0,55348990.0,1.0,2.0,51.0,1.0,0.019607844,0.7568,0.6669,,False
False,0.0,,1.0,1.0,1.0,0.0,0.0,1.0,1.0,43.0,43.0,1.0,0.6598,0.1849,,True
False,0.0,0.996,0.9994,0.9994,0.9994,1.0,134503.0,1.0,1.0,298.0,257.0,0.8624161,0.6619,0.1925,,False
False,0.0,0.9909,0.991,0.991,0.991,2.0,379608.0,1.0,1.0,291.0,9.0,0.030927835,0.6621,0.191,,True
False,0.0,0.8823,0.8866,0.8866,0.8866,3.0,2878690.0,1.0,1.0,299.0,9.0,0.030100334,0.6629,0.1578,,False
False,0.0,0.2354,0.2379,0.2379,0.2379,4.0,31416415.0,1.0,1.0,299.0,1.0,0.0033444816,0.6872,0.791,,True
False,0.0,0.1401,0.1703,0.1703,0.1703,5.0,42882756.0,1.0,1.0,307.0,9.0,0.029315962,0.5688,0.4464,,False
False,0.0,0.1703,0.1703,0.1703,0.1703,6.0,42891613.0,1.0,1.0,307.0,1.0,0.0032573289,0.5612,0.4404,,False
False,0.0,,,0.1604,0.1604,7.0,44182926.0,1.0,2.0,307.0,1.0,0.0032573289,0.5656,0.4401,,False
False,0.0,0.1604,0.1604,0.1604,0.1604,8.0,44186986.0,1.0,2.0,307.0,1.0,0.0032573289,0.5698,0.4412,,True
True,1.0,0.1216,0.9087,0.9087,0.9087,9.0,50146591.0,1.0,2.0,318.0,291.0,0.9150943,0.5905,0.6444,,True
False,1.0,0.8421,0.8445,0.8445,0.8445,10.0,51788941.0,1.0,2.0,322.0,4.0,0.0124223605,0.7465,0.7207,,True
False,1.0,0.841,0.8475,0.8475,0.8475,11.0,51953459.0,1.0,2.0,335.0,21.0,0.06268657,0.7537,0.705,,False
False,1.0,0.7397,0.7403,0.7403,0.7403,12.0,54883434.0,1.0,2.0,335.0,1.0,0.0029850747,0.7568,0.6669,,False
False,0.0,,1.0,1.0,1.0,0.0,0.0,1.0,1.0,63.0,63.0,1.0,0.6911,0.0002,,True
False,0.0,0.8587,0.8609,0.8609,0.8609,1.0,3344246.0,1.0,1.0,63.0,1.0,0.015873017,0.6629,0.1578,,False
False,0.0,0.1346,0.1481,0.1481,0.1481,2.0,43348312.0,1.0,1.0,63.0,1.0,0.015873017,0.5688,0.4464,,False
False,0.0,0.1481,0.1481,0.1481,0.1481,3.0,43357169.0,1.0,1.0,63.0,1.0,0.015873017,0.5612,0.4404,,False
False,0.0,,,0.1395,0.1395,4.0,44648482.0,1.0,2.0,63.0,1.0,0.015873017,0.5656,0.4401,,False
False,0.0,0.1395,0.1395,0.1395,0.1395,5.0,44652542.0,1.0,2.0,63.0,1.0,0.015873017,0.5698,0.4412,,True
True,1.0,0.1058,0.6849,0.6849,0.6849,6.0,50612147.0,1.0,2.0,64.0,42.0,0.65625,0.5905,0.6444,,True
False,1.0,0.6607,0.6682,0.6682,0.6682,7.0,51392940.0,1.0,2.0,64.0,14.0,0.21875,0.698,0.6956,,False
False,1.0,0.5578,0.5607,0.5607,0.5607,8.0,55348990.0,1.0,2.0,64.0,1.0,0.015625,0.7568,0.6669,,False
False,0.0,,1.0,1.0,1.0,0.0,0.0,1.0,1.0,294.0,294.0,1.0,0.6911,0.0002,,True
False,0.0,0.9802,0.9847,0.9847,0.9847,1.0,465556.0,1.0,1.0,332.0,72.0,0.21686748,0.6598,0.1849,,True
False,0.0,0.9808,0.981,0.981,0.981,2.0,578614.0,1.0,1.0,334.0,2.0,0.005988024,0.6619,0.2009,,False
False,0.0,0.981,0.9837,0.9837,0.9837,3.0,600059.0,1.0,1.0,306.0,83.0,0.27124184,0.6619,0.1925,,False
False,0.0,0.9726,0.9684,0.9684,0.9684,4.0,845164.0,1.0,1.0,249.0,57.0,0.22891566,0.6621,0.191,,True
True,1.0,0.9607,0.9631,0.9631,0.9631,5.0,1010452.0,1.0,1.0,256.0,15.0,0.05859375,0.6621,0.1874,,True
False,1.0,0.1351,0.1384,0.1384,0.1384,6.0,43348312.0,1.0,1.0,256.0,1.0,0.00390625,0.5688,0.4464,,False
False,1.0,0.1384,0.1416,0.1416,0.1416,7.0,43350378.0,1.0,1.0,256.0,2.0,0.0078125,0.5594,0.4426,,False
False,1.0,0.1416,0.1416,0.1416,0.1416,8.0,43357169.0,1.0,1.0,256.0,1.0,0.00390625,0.5612,0.4404,,False
False,1.0,,,0.1334,0.1334,9.0,44648482.0,1.0,2.0,256.0,1.0,0.00390625,0.5656,0.4401,,False
False,1.0,0.1334,0.1338,0.1338,0.1338,10.0,44652542.0,1.0,2.0,256.0,2.0,0.0078125,0.5698,0.4412,,True
False,1.0,0.1225,0.1421,0.1421,0.1421,11.0,46556147.0,1.0,2.0,257.0,5.0,0.019455252,0.5734,0.4777,,True
False,1.0,0.1399,0.1926,0.1926,0.1926,12.0,46902843.0,1.0,2.0,265.0,14.0,0.05283019,0.5747,0.4782,,True
False,1.0,0.1677,0.1748,0.1748,0.1748,13.0,49906551.0,1.0,2.0,261.0,11.0,0.042145595,0.5527,0.5914,,True
True,2.0,0.1692,0.8721,0.8721,0.8721,14.0,50612147.0,1.0,2.0,295.0,258.0,0.8745763,0.5905,0.6444,,True
False,2.0,0.7022,0.7035,0.7035,0.7035,15.0,55348990.0,1.0,2.0,295.0,2.0,0.006779661,0.7568,0.6669,,False
False,0.0,,1.0,1.0,1.0,0.0,0.0,1.0,1.0,19.0,19.0,1.0,0.6911,0.0002,,True
False,0.0,0.1343,0.1775,0.1775,0.1775,1.0,43350378.0,1.0,1.0,19.0,1.0,0.05263158,0.5594,0.4426,,False
False,0.0,0.1672,0.1701,0.1701,0.1701,2.0,44652542.0,1.0,1.0,19.0,1.0,0.05263158,0.5698,0.4412,,True
False,0.0,0.1036,0.1231,0.1231,0.1231,3.0,55348990.0,1.0,1.0,19.0,1.0,0.05263158,0.7568,0.6669,,False
False,0.0,,1.0,1.0,1.0,0.0,0.0,1.0,1.0,297.0,297.0,1.0,0.6911,0.0002,,True
False,0.0,0.9762,0.9764,0.9764,0.9764,1.0,600059.0,1.0,1.0,297.0,2.0,0.0067340066,0.6619,0.1925,,False
False,0.0,0.9532,0.9537,0.9537,0.9537,2.0,1087986.0,1.0,1.0,299.0,2.0,0.006688963,0.6622,0.1757,,True
False,0.0,0.2235,0.2261,0.2261,0.2261,3.0,32373166.0,1.0,1.0,299.0,1.0,0.0033444816,0.6943,0.7435,,True
False,0.0,0.1997,0.2001,0.2001,0.2001,4.0,35054952.0,1.0,1.0,299.0,1.0,0.0033444816,0.7483,0.7267,,True
False,0.0,0.1362,0.139,0.139,0.139,5.0,43348312.0,1.0,1.0,299.0,1.0,0.0033444816,0.5688,0.4464,,False
False,0.0,0.139,0.139,0.139,0.139,6.0,43357169.0,1.0,1.0,299.0,1.0,0.0033444816,0.5612,0.4404,,False
False,0.0,0.1363,0.1392,0.1392,0.1392,7.0,43778153.0,1.0,1.0,298.0,2.0,0.0067114094,0.5627,0.4392,,True
False,0.0,,0.0067,0.1369,0.0684,8.0,44648482.0,2.0,2.0,297.0,3.0,0.01010101,0.5656,0.4401,,False
False,0.0,0.1302,0.1335,0.1369,0.0684,9.0,44652542.0,2.0,2.0,297.0,1.0,0.0033670033,0.5698,0.4412,,True
True,1.0,0.1013,0.128,0.1305,0.0653,10.0,50612147.0,2.0,2.0,298.0,8.0,0.026845638,0.5905,0.6444,,True
False,1.0,0.1275,0.1221,0.1247,0.0623,11.0,50699629.0,2.0,2.0,292.0,6.0,0.020547945,0.5935,0.6782,,True
False,1.0,0.0984,0.0997,0.1018,0.0509,12.0,55348990.0,2.0,2.0,292.0,1.0,0.0034246575,0.7568,0.6669,,False
False,0.0,,1.0,1.0,1.0,0.0,0.0,1.0,1.0,206.0,206.0,1.0,0.6911,0.0002,,True
False,0.0,0.9762,0.9765,0.9765,0.9765,1.0,600059.0,1.0,1.0,206.0,2.0,0.009708738,0.6619,0.1925,,False
False,0.0,0.9648,0.9653,0.9653,0.9653,2.0,845164.0,1.0,1.0,207.0,2.0,0.009661836,0.6621,0.191,,True
False,0.0,0.9091,0.9128,0.9128,0.9128,3.0,2125172.0,1.0,1.0,214.0,7.0,0.03271028,0.6627,0.1686,,False
False,0.0,0.2291,0.2326,0.2326,0.2326,4.0,31881971.0,1.0,1.0,214.0,1.0,0.004672897,0.6872,0.791,,True
False,0.0,0.2298,0.2333,0.2333,0.2333,5.0,32196771.0,1.0,1.0,214.0,1.0,0.004672897,0.7077,0.758,,False
False,0.0,0.1391,0.147,0.147,0.147,6.0,43348312.0,1.0,1.0,214.0,2.0,0.009345794,0.5688,0.4464,,False
False,0.0,0.147,0.147,0.147,0.147,7.0,43357169.0,1.0,1.0,214.0,1.0,0.004672897,0.5612,0.4404,,False
False,0.0,0.1441,0.3092,0.3092,0.3092,8.0,43778153.0,1.0,1.0,244.0,42.0,0.17213115,0.5627,0.4392,,True
False,0.0,,0.1712,0.415,0.2075,9.0,44648482.0,2.0,2.0,274.0,43.0,0.1569343,0.5656,0.4401,,False
False,0.0,0.2438,0.2482,0.4132,0.2066,10.0,44652542.0,2.0,2.0,273.0,3.0,0.010989011,0.5698,0.4412,,True
True,1.0,0.1883,0.2171,0.3328,0.1664,11.0,50612147.0,2.0,2.0,274.0,16.0,0.05839416,0.5905,0.6444,,True
False,1.0,0.2163,0.2469,0.3576,0.1788,12.0,50699629.0,2.0,2.0,284.0,10.0,0.03521127,0.5935,0.6782,,True
False,1.0,0.1994,0.202,0.2915,0.1457,13.0,55348990.0,2.0,2.0,284.0,2.0,0.0070422534,0.7568,0.6669,,False
False,0.0,,1.0,1.0,1.0,0.0,0.0,1.0,1.0,396.0,396.0,1.0,0.6911,0.0002,,True
False,0.0,0.9762,0.9763,0.9763,0.9763,1.0,600059.0,1.0,1.0,396.0,1.0,0.0025252525,0.6619,0.1925,,False
False,0.0,0.9531,0.9535,0.9535,0.9535,2.0,1087986.0,1.0,1.0,398.0,2.0,0.0050251256,0.6622,0.1757,,True
False,0.0,0.544,0.5698,0.5698,0.5698,3.0,13133022.0,1.0,1.0,420.0,22.0,0.052380953,0.6685,0.1625,,True
False,0.0,0.2388,0.2442,0.2442,0.2442,4.0,31881971.0,1.0,1.0,421.0,2.0,0.004750594,0.6872,0.791,,True
False,0.0,0.1439,0.1459,0.1459,0.1459,5.0,43348312.0,1.0,1.0,421.0,1.0,0.002375297,0.5688,0.4464,,False
False,0.0,0.1459,0.1459,0.1459,0.1459,6.0,43357169.0,1.0,1.0,421.0,1.0,0.002375297,0.5612,0.4404,,False
False,0.0,,,0.1374,0.1374,7.0,44648482.0,1.0,2.0,421.0,1.0,0.002375297,0.5656,0.4401,,False
False,0.0,0.1374,0.1374,0.1374,0.1374,8.0,44652542.0,1.0,2.0,421.0,1.0,0.002375297,0.5698,0.4412,,True
False,0.0,0.1223,0.1316,0.1316,0.1316,9.0,47163297.0,1.0,2.0,424.0,4.0,0.009433962,0.5733,0.5036,,True
True,1.0,0.1122,0.9431,0.9431,0.9431,10.0,50612147.0,1.0,2.0,389.0,408.0,1.0488431,0.5905,0.6444,,True
False,1.0,0.9393,0.9395,0.9395,0.9395,11.0,50699629.0,1.0,2.0,389.0,8.0,0.020565553,0.5935,0.6782,,True
False,1.0,,0.0124,0.9365,0.4682,12.0,50805115.0,2.0,3.0,393.0,4.0,0.010178117,0.6189,0.6958,,False
True,2.0,0.9094,0.9094,0.9216,0.4608,13.0,51199743.0,2.0,3.0,397.0,4.0,0.010075566,0.6402,0.7117,,False
False,2.0,0.7502,0.7507,0.7608,0.3804,14.0,55348990.0,2.0,3.0,397.0,1.0,0.0025188916,0.7568,0.6669,,False
False,0.0,,1.0,1.0,1.0,0.0,0.0,1.0,1.0,1123.0,1123.0,1.0,0.6911,0.0002,,True
False,0.0,0.9802,0.9806,0.9806,0.9806,1.0,465556.0,1.0,1.0,1146.0,24.0,0.020942409,0.6598,0.1849,,True
False,0.0,0.9767,0.9767,0.9767,0.9767,2.0,586845.0,1.0,1.0,1147.0,2.0,0.0017436792,0.662,0.196,,False
False,0.0,0.9767,0.9764,0.9764,0.9764,3.0,600059.0,1.0,1.0,1129.0,18.0,0.015943313,0.6619,0.1925,,False
False,0.0,0.9648,0.9662,0.9662,0.9662,4.0,845164.0,1.0,1.0,1166.0,55.0,0.047169812,0.6621,0.191,,True
False,0.0,0.9549,0.955,0.955,0.955,5.0,1087986.0,1.0,1.0,1162.0,7.0,0.006024096,0.6622,0.1757,,True
False,0.0,0.9101,0.9101,0.9101,0.9101,6.0,2125172.0,1.0,1.0,1156.0,6.0,0.0051903115,0.6627,0.1686,,False
False,0.0,0.9027,0.9039,0.9039,0.9039,7.0,2315656.0,1.0,1.0,1169.0,13.0,0.0111206155,0.6627,0.1591,,True
False,0.0,0.8581,0.8591,0.8591,0.8591,8.0,3435044.0,1.0,1.0,1175.0,6.0,0.005106383,0.6641,0.1654,,True
False,0.0,0.5462,0.5474,0.5474,0.5474,9.0,13133022.0,1.0,1.0,1177.0,2.0,0.0016992353,0.6685,0.1625,,True
False,0.0,0.2556,0.2562,0.2562,0.2562,10.0,29600069.0,1.0,1.0,1177.0,1.0,0.00084961765,,,,False
False,0.0,,0.0017,0.2548,0.1274,11.0,29780955.0,2.0,2.0,1177.0,2.0,0.0016992353,0.6258,0.6459,,True
False,0.0,,,0.2528,0.1264,12.0,29955483.0,2.0,3.0,1177.0,2.0,0.0016992353,0.6244,0.7563,,False
False,0.0,0.229,0.2533,0.2548,0.1274,13.0,31881971.0,2.0,3.0,1193.0,47.0,0.03939648,0.6872,0.791,,True
False,0.0,,0.0008,0.2497,0.0832,14.0,32365279.0,3.0,4.0,1193.0,1.0,0.000838223,0.7188,0.7487,,True
False,0.0,0.2474,0.25,0.2523,0.0841,15.0,32373166.0,3.0,4.0,1192.0,5.0,0.004194631,0.6943,0.7435,,True
False,0.0,0.2208,0.2719,0.274,0.0913,16.0,35054952.0,3.0,4.0,1147.0,129.0,0.112467304,0.7483,0.7267,,True
False,0.0,0.0013,0.0081,0.2718,0.0906,17.0,35674991.0,3.0,4.0,1146.0,13.0,0.011343804,0.6384,0.3034,,True
False,0.0,,0.0068,0.2733,0.0683,18.0,36004097.0,4.0,4.0,1145.0,13.0,0.011353712,0.5815,0.3819,,False
False,0.0,0.1833,0.184,0.1951,0.0488,19.0,43348312.0,4.0,4.0,1145.0,1.0,0.00087336247,0.5688,0.4464,,False
False,0.0,0.1838,0.1838,0.1949,0.0487,20.0,43357169.0,4.0,4.0,1145.0,1.0,0.00087336247,0.5612,0.4404,,False
False,0.0,0.1804,0.1882,0.1986,0.0496,21.0,43778153.0,4.0,4.0,1151.0,8.0,0.006950478,0.5627,0.4392,,True
False,0.0,0.0005,0.0106,0.1975,0.0494,22.0,44648482.0,4.0,4.0,1157.0,9.0,0.007778738,0.5656,0.4401,,False
False,0.0,0.1775,0.1784,0.1975,0.0494,23.0,44652542.0,4.0,4.0,1157.0,1.0,0.00086430425,0.5698,0.4412,,True
False,0.0,0.1633,0.1907,0.208,0.052,24.0,46556147.0,4.0,4.0,1168.0,35.0,0.029965753,0.5734,0.4777,,True
False,0.0,0.1876,0.2024,0.2192,0.0548,25.0,46902843.0,4.0,4.0,1178.0,17.0,0.014431239,0.5747,0.4782,,True
False,0.0,0.1999,0.2043,0.2209,0.0552,26.0,47163297.0,4.0,4.0,1177.0,9.0,0.0076465593,0.5733,0.5036,,True
True,1.0,0.1806,0.1879,0.2026,0.0506,27.0,49833434.0,4.0,4.0,1175.0,16.0,0.013617021,0.5518,0.5998,,True
False,1.0,0.1873,0.1923,0.2057,0.0514,28.0,49906551.0,4.0,4.0,1163.0,27.0,0.023215821,0.5527,0.5914,,True
True,2.0,0.186,0.9579,0.9579,0.9579,29.0,50612147.0,1.0,4.0,1692.0,1666.0,0.98463356,0.5905,0.6444,,True
False,2.0,0.9541,0.9541,0.9541,0.9541,30.0,50699629.0,1.0,4.0,1661.0,79.0,0.04756171,0.5935,0.6782,,True
False,2.0,,0.0145,0.9505,0.4753,31.0,50805115.0,2.0,5.0,1662.0,35.0,0.021058965,0.6189,0.6958,,False
True,3.0,0.9211,0.9238,0.9358,0.4679,32.0,51199743.0,2.0,5.0,1663.0,35.0,0.021046301,0.6402,0.7117,,False
False,3.0,0.9129,0.9149,0.9266,0.4633,33.0,51392940.0,2.0,5.0,1695.0,44.0,0.025958702,0.698,0.6956,,False
False,3.0,0.8791,0.8862,0.897,0.4485,34.0,52254497.0,2.0,5.0,1742.0,148.0,0.08495982,0.7465,0.7207,,True
False,3.0,0.8825,0.8825,0.8933,0.4466,35.0,52349097.0,2.0,5.0,1742.0,1.0,0.0005740528,0.7538,0.7223,,False
False,3.0,0.8721,0.8731,0.8837,0.4418,36.0,52601370.0,2.0,5.0,1749.0,13.0,0.007432819,0.7536,0.6981,,False
False,3.0,0.8624,0.8629,0.8733,0.4366,37.0,52943549.0,2.0,5.0,1754.0,5.0,0.002850627,0.7548,0.6908,,False
False,3.0,0.7713,0.7714,0.7807,0.3904,38.0,55348990.0,2.0,5.0,1754.0,1.0,0.0005701254,0.7568,0.6669,,False
False,0.0,,1.0,1.0,1.0,0.0,0.0,1.0,1.0,791.0,791.0,1.0,0.6911,0.0002,52.0,True
False,0.0,0.099,0.1168,0.1168,0.1168,1.0,49906551.0,1.0,1.0,804.0,13.0,0.016169155,0.5527,0.5914,52.0,True
False,0.0,0.1127,0.1171,0.1171,0.1171,2.0,50699629.0,1.0,1.0,805.0,3.0,0.003726708,0.5935,0.6782,52.0,True
False,0.0,,0.0037,0.1163,0.0582,3.0,50805115.0,2.0,2.0,805.0,3.0,0.003726708,0.6189,0.6958,52.0,False
True,1.0,0.1108,0.1108,0.1145,0.0572,4.0,51199743.0,2.0,2.0,805.0,3.0,0.003726708,0.6402,0.7117,,False
False,1.0,0.101,0.1014,0.1047,0.0524,5.0,53184163.0,2.0,2.0,805.0,2.0,0.002484472,0.7557,0.6814,52.0,False
False,0.0,,1.0,1.0,1.0,0.0,0.0,1.0,1.0,104.0,104.0,1.0,0.6911,0.0002,2.0,True
False,0.0,0.0955,0.1293,0.1293,0.1293,1.0,50699629.0,1.0,1.0,105.0,3.0,0.028571429,0.5935,0.6782,2.0,True
False,0.0,,0.028,0.1285,0.0643,2.0,50805115.0,2.0,2.0,105.0,3.0,0.028571429,0.6189,0.6958,2.0,False
True,1.0,0.0989,0.0989,0.1265,0.0632,3.0,51199743.0,2.0,2.0,105.0,3.0,0.028571429,0.6402,0.7117,,False
False,1.0,0.0902,0.2212,0.2427,0.1214,4.0,53184163.0,2.0,2.0,120.0,15.0,0.125,0.7557,0.6814,2.0,False
False,0.0,,1.0,1.0,1.0,0.0,0.0,1.0,1.0,140.0,140.0,1.0,0.6911,0.0002,2.0,True
False,0.0,0.0955,0.1208,0.1208,0.1208,1.0,50699629.0,1.0,1.0,141.0,3.0,0.021276595,0.5935,0.6782,2.0,True
False,0.0,,0.021,0.12,0.06,2.0,50805115.0,2.0,2.0,141.0,3.0,0.021276595,0.6189,0.6958,2.0,False
True,1.0,0.0975,0.0975,0.1181,0.0591,3.0,51199743.0,2.0,2.0,141.0,3.0,0.021276595,0.6402,0.7117,,False
False,1.0,0.0896,0.1754,0.1936,0.0968,4.0,53018550.0,2.0,2.0,144.0,11.0,0.07638889,0.7555,0.6872,2.0,False
False,0.0,,1.0,1.0,1.0,0.0,0.0,1.0,1.0,168.0,168.0,1.0,0.6911,0.0002,6.0,True
False,0.0,,1.0,1.0,1.0,0.0,0.0,1.0,1.0,50.0,50.0,1.0,0.6911,0.0002,1.0,True
False,0.0,,1.0,1.0,1.0,0.0,0.0,1.0,1.0,97.0,97.0,1.0,0.6911,0.0002,2.0,True
False,0.0,,1.0,1.0,1.0,0.0,0.0,1.0,1.0,60.0,60.0,1.0,0.6911,0.0002,3.0,True
False,0.0,,1.0,1.0,1.0,0.0,0.0,1.0,1.0,35.0,35.0,1.0,0.6911,0.0002,0.0,True
False,0.0,,1.0,1.0,1.0,0.0,0.0,1.0,1.0,84.0,84.0,1.0,0.6911,0.0002,1.0,True
False,0.0,,1.0,1.0,1.0,0.0,0.0,1.0,1.0,30.0,30.0,1.0,0.6911,0.0002,1.0,True
False,0.0,,1.0,1.0,1.0,0.0,0.0,1.0,1.0,78.0,78.0,1.0,0.6911,0.0002,2.0,True
False,0.0,,1.0,1.0,1.0,0.0,0.0,1.0,1.0,32.0,32.0,1.0,0.6911,0.0002,0.0,True
False,0.0,,1.0,1.0,1.0,0.0,0.0,1.0,1.0,42.0,42.0,1.0,0.6911,0.0002,1.0,True
False,0.0,,1.0,1.0,1.0,0.0,0.0,1.0,1.0,48.0,48.0,1.0,0.6911,0.0002,4.0,True
False,0.0,,1.0,1.0,1.0,0.0,0.0,1.0,1.0,147.0,147.0,1.0,0.6911,0.0002,4.0,True
False,0.0,,1.0,1.0,1.0,0.0,0.0,1.0,1.0,79.0,79.0,1.0,0.6911,0.0002,3.0,True
False,0.0,,1.0,1.0,1.0,0.0,0.0,1.0,1.0,31.0,31.0,1.0,0.6911,0.0002,1.0,True
False,0.0,,1.0,1.0,1.0,0.0,0.0,1.0,1.0,43.0,43.0,1.0,0.6911,0.0002,1.0,True
False,0.0,,1.0,1.0,1.0,0.0,0.0,1.0,1.0,28.0,28.0,1.0,0.6911,0.0002,1.0,True
False,0.0,,1.0,1.0,1.0,0.0,0.0,1.0,1.0,54.0,54.0,1.0,0.6911,0.0002,2.0,True
False,0.0,,1.0,1.0,1.0,0.0,0.0,1.0,1.0,31.0,31.0,1.0,0.6911,0.0002,0.0,True
False,0.0,,1.0,1.0,1.0,0.0,0.0,1.0,1.0,117.0,117.0,1.0,0.6911,0.0002,6.0,True
False,0.0,,1.0,1.0,1.0,0.0,0.0,1.0,1.0,71.0,71.0,1.0,0.6911,0.0002,6.0,True
False,0.0,,1.0,1.0,1.0,0.0,0.0,1.0,1.0,52.0,52.0,1.0,0.6911,0.0002,,True
False,0.0,,1.0,1.0,1.0,0.0,0.0,1.0,1.0,81.0,81.0,1.0,0.6911,0.0002,,True
False,0.0,,1.0,1.0,1.0,0.0,0.0,1.0,1.0,105.0,105.0,1.0,0.6911,0.0002,,True
False,0.0,,1.0,1.0,1.0,0.0,0.0,1.0,1.0,103.0,103.0,1.0,0.6911,0.0002,,True
False,0.0,,1.0,1.0,1.0,0.0,0.0,1.0,1.0,162.0,162.0,1.0,0.6911,0.0002,,True
False,0.0,,1.0,1.0,1.0,0.0,0.0,1.0,1.0,137.0,137.0,1.0,0.6911,0.0002,,True
False,0.0,,1.0,1.0,1.0,0.0,0.0,1.0,1.0,47.0,47.0,1.0,0.6911,0.0002,2.0,True
False,0.0,0.5438,0.581,0.581,0.581,1.0,13133022.0,1.0,1.0,47.0,6.0,0.12765957,0.6685,0.1625,2.0,True
False,0.0,,1.0,1.0,1.0,0.0,0.0,1.0,1.0,328.0,328.0,1.0,0.6911,0.0002,8.0,True
False,0.0,0.8217,0.8228,0.8228,0.8228,1.0,4306466.0,1.0,1.0,329.0,1.0,0.0030395137,0.6647,0.166,8.0,False
False,0.0,0.5445,0.5556,0.5556,0.5556,2.0,13133022.0,1.0,1.0,325.0,17.0,0.05230769,0.6685,0.1625,8.0,True
False,0.0,,1.0,1.0,1.0,0.0,0.0,1.0,1.0,87.0,87.0,1.0,0.6911,0.0002,2.0,True
False,0.0,0.5438,0.5857,0.5857,0.5857,1.0,13133022.0,1.0,1.0,85.0,16.0,0.1882353,0.6685,0.1625,2.0,True
False,0.0,,1.0,1.0,1.0,0.0,0.0,1.0,1.0,129.0,129.0,1.0,0.6911,0.0002,8.0,True
False,0.0,0.5438,0.589,0.589,0.589,1.0,13133022.0,1.0,1.0,128.0,19.0,0.1484375,0.6685,0.1625,8.0,True
False,0.0,,1.0,1.0,1.0,0.0,0.0,1.0,1.0,122.0,122.0,1.0,0.6911,0.0002,3.0,True
False,0.0,0.5438,0.5622,0.5622,0.5622,1.0,13133022.0,1.0,1.0,122.0,6.0,0.04918033,0.6685,0.1625,3.0,True
False,0.0,,1.0,1.0,1.0,0.0,0.0,1.0,1.0,246.0,246.0,1.0,0.6911,0.0002,6.0,True
False,0.0,0.5438,0.564,0.564,0.564,1.0,13133022.0,1.0,1.0,246.0,15.0,0.06097561,0.6685,0.1625,6.0,True
False,0.0,,1.0,1.0,1.0,0.0,0.0,1.0,1.0,176.0,176.0,1.0,0.6911,0.0002,2.0,True
False,0.0,0.5438,0.5648,0.5648,0.5648,1.0,13133022.0,1.0,1.0,172.0,13.0,0.075581394,0.6685,0.1625,2.0,True
False,0.0,,1.0,1.0,1.0,0.0,0.0,1.0,1.0,123.0,123.0,1.0,0.6911,0.0002,4.0,True
False,0.0,0.5438,0.5783,0.5783,0.5783,1.0,13133022.0,1.0,1.0,117.0,16.0,0.13675214,0.6685,0.1625,4.0,True
False,0.0,,1.0,1.0,1.0,0.0,0.0,1.0,1.0,125.0,125.0,1.0,0.6911,0.0002,4.0,True
False,0.0,0.5438,0.5777,0.5777,0.5777,1.0,13133022.0,1.0,1.0,119.0,16.0,0.13445379,0.6685,0.1625,4.0,True
False,0.0,,1.0,1.0,1.0,0.0,0.0,1.0,1.0,159.0,159.0,1.0,0.6911,0.0002,2.0,True
False,0.0,0.5438,0.5585,0.5585,0.5585,1.0,13133022.0,1.0,1.0,153.0,14.0,0.09150327,0.6685,0.1625,2.0,True
False,0.0,,1.0,1.0,1.0,0.0,0.0,1.0,1.0,97.0,97.0,1.0,0.6911,0.0002,3.0,True
False,0.0,0.5438,0.5711,0.5711,0.5711,1.0,13133022.0,1.0,1.0,97.0,7.0,0.072164945,0.6685,0.1625,3.0,True
False,0.0,,1.0,1.0,1.0,0.0,0.0,1.0,1.0,67.0,67.0,1.0,0.6911,0.0002,,True
False,0.0,,1.0,1.0,1.0,0.0,0.0,1.0,1.0,1410.0,1410.0,1.0,0.6911,0.0002,,True
False,0.0,,1.0,1.0,1.0,0.0,0.0,1.0,1.0,68.0,68.0,1.0,0.6911,0.0002,1.0,True
False,0.0,0.5438,0.5823,0.5823,0.5823,1.0,13133022.0,1.0,1.0,68.0,7.0,0.10294118,0.6685,0.1625,1.0,True
False,0.0,,1.0,1.0,1.0,0.0,0.0,1.0,1.0,63.0,63.0,1.0,0.6911,0.0002,2.0,True
False,0.0,0.5438,0.5818,0.5818,0.5818,1.0,13133022.0,1.0,1.0,58.0,13.0,0.22413793,0.6685,0.1625,2.0,True
False,0.0,,1.0,1.0,1.0,0.0,0.0,1.0,1.0,62.0,62.0,1.0,0.6911,0.0002,1.0,True
False,0.0,0.5438,0.5859,0.5859,0.5859,1.0,13133022.0,1.0,1.0,62.0,7.0,0.11290322,0.6685,0.1625,1.0,True
False,0.0,,1.0,1.0,1.0,0.0,0.0,1.0,1.0,58.0,58.0,1.0,0.6911,0.0002,1.0,True
False,0.0,0.5438,0.5595,0.5595,0.5595,1.0,13133022.0,1.0,1.0,57.0,3.0,0.05263158,0.6685,0.1625,1.0,True
False,0.0,,1.0,1.0,1.0,0.0,0.0,1.0,1.0,118.0,118.0,1.0,0.6911,0.0002,5.0,True
False,0.0,0.5438,0.5628,0.5628,0.5628,1.0,13133022.0,1.0,1.0,118.0,8.0,0.06779661,0.6685,0.1625,5.0,True
False,0.0,,1.0,1.0,1.0,0.0,0.0,1.0,1.0,105.0,105.0,1.0,0.6911,0.0002,4.0,True
False,0.0,0.5438,0.5992,0.5992,0.5992,1.0,13133022.0,1.0,1.0,104.0,15.0,0.14423077,0.6685,0.1625,4.0,True
False,0.0,,1.0,1.0,1.0,0.0,0.0,1.0,1.0,111.0,111.0,1.0,0.6911,0.0002,4.0,True
False,0.0,0.5438,0.5821,0.5821,0.5821,1.0,13133022.0,1.0,1.0,105.0,16.0,0.15238096,0.6685,0.1625,4.0,True
False,0.0,,1.0,1.0,1.0,0.0,0.0,1.0,1.0,97.0,97.0,1.0,0.6911,0.0002,4.0,True
False,0.0,0.5438,0.5803,0.5803,0.5803,1.0,13133022.0,1.0,1.0,97.0,10.0,0.10309278,0.6685,0.1625,4.0,True
False,0.0,,1.0,1.0,1.0,0.0,0.0,1.0,1.0,54.0,54.0,1.0,0.6911,0.0002,1.0,True
False,0.0,0.5438,0.5845,0.5845,0.5845,1.0,13133022.0,1.0,1.0,54.0,8.0,0.14814815,0.6685,0.1625,1.0,True
False,0.0,,1.0,1.0,1.0,0.0,0.0,1.0,1.0,179.0,179.0,1.0,0.6911,0.0002,7.0,True
False,0.0,0.5438,0.5589,0.5589,0.5589,1.0,13133022.0,1.0,1.0,179.0,10.0,0.05586592,0.6685,0.1625,7.0,True
False,0.0,,1.0,1.0,1.0,0.0,0.0,1.0,1.0,80.0,80.0,1.0,0.6911,0.0002,1.0,True
False,0.0,0.5438,0.566,0.566,0.566,1.0,13133022.0,1.0,1.0,80.0,6.0,0.075,0.6685,0.1625,1.0,True
False,0.0,,1.0,1.0,1.0,0.0,0.0,1.0,1.0,72.0,72.0,1.0,0.6911,0.0002,1.0,True
False,0.0,0.5438,0.5684,0.5684,0.5684,1.0,13133022.0,1.0,1.0,72.0,6.0,0.083333336,0.6685,0.1625,1.0,True
False,0.0,,1.0,1.0,1.0,0.0,0.0,1.0,1.0,194.0,194.0,1.0,0.6911,0.0002,,True
False,0.0,,1.0,1.0,1.0,0.0,0.0,1.0,1.0,49.0,49.0,1.0,0.6911,0.0002,1.0,True
False,0.0,0.5438,0.5964,0.5964,0.5964,1.0,13133022.0,1.0,1.0,49.0,7.0,0.14285715,0.6685,0.1625,1.0,True
False,0.0,,1.0,1.0,1.0,0.0,0.0,1.0,1.0,56.0,56.0,1.0,0.6911,0.0002,,True
False,0.0,,1.0,1.0,1.0,0.0,0.0,1.0,1.0,148.0,148.0,1.0,0.6911,0.0002,3.0,True
False,0.0,0.5438,0.5651,0.5651,0.5651,1.0,13133022.0,1.0,1.0,147.0,9.0,0.06122449,0.6685,0.1625,3.0,True
False,0.0,,1.0,1.0,1.0,0.0,0.0,1.0,1.0,149.0,149.0,1.0,0.6911,0.0002,,True
False,0.0,,1.0,1.0,1.0,0.0,0.0,1.0,1.0,71.0,71.0,1.0,0.6911,0.0002,1.0,True
False,0.0,0.5438,0.5952,0.5952,0.5952,1.0,13133022.0,1.0,1.0,70.0,9.0,0.12857144,0.6685,0.1625,1.0,True
False,0.0,,1.0,1.0,1.0,0.0,0.0,1.0,1.0,38.0,38.0,1.0,0.6911,0.0002,,True
False,0.0,,1.0,1.0,1.0,0.0,0.0,1.0,1.0,69.0,69.0,1.0,0.6911,0.0002,1.0,True
False,0.0,0.5438,0.5698,0.5698,0.5698,1.0,13133022.0,1.0,1.0,68.0,5.0,0.073529415,0.6685,0.1625,1.0,True
False,0.0,,1.0,1.0,1.0,0.0,0.0,1.0,1.0,13.0,13.0,1.0,0.6911,0.0002,,True
False,0.0,,1.0,1.0,1.0,0.0,0.0,1.0,1.0,111.0,111.0,1.0,0.6911,0.0002,2.0,True
False,0.0,0.5438,0.5645,0.5645,0.5645,1.0,13133022.0,1.0,1.0,107.0,9.0,0.08411215,0.6685,0.1625,2.0,True
False,0.0,,1.0,1.0,1.0,0.0,0.0,1.0,1.0,19.0,19.0,1.0,0.6911,0.0002,,True
False,0.0,,1.0,1.0,1.0,0.0,0.0,1.0,1.0,19.0,19.0,1.0,0.6911,0.0002,1.0,True
False,0.0,0.5438,0.6089,0.6089,0.6089,1.0,13133022.0,1.0,1.0,19.0,4.0,0.21052632,0.6685,0.1625,1.0,True
False,0.0,,1.0,1.0,1.0,0.0,0.0,1.0,1.0,16.0,16.0,1.0,0.6911,0.0002,,True
False,0.0,,1.0,1.0,1.0,0.0,0.0,1.0,1.0,53.0,53.0,1.0,0.6911,0.0002,1.0,True
False,0.0,0.5438,0.577,0.577,0.577,1.0,13133022.0,1.0,1.0,53.0,6.0,0.11320755,0.6685,0.1625,1.0,True
False,0.0,,1.0,1.0,1.0,0.0,0.0,1.0,1.0,4.0,4.0,1.0,0.6911,0.0002,,True
False,0.0,,1.0,1.0,1.0,0.0,0.0,1.0,1.0,63.0,63.0,1.0,0.6911,0.0002,1.0,True
False,0.0,0.5438,0.5723,0.5723,0.5723,1.0,13133022.0,1.0,1.0,62.0,5.0,0.08064516,0.6685,0.1625,1.0,True
False,0.0,,1.0,1.0,1.0,0.0,0.0,1.0,1.0,66.0,66.0,1.0,0.6911,0.0002,,True
False,0.0,,1.0,1.0,1.0,0.0,0.0,1.0,1.0,110.0,110.0,1.0,0.6911,0.0002,1.0,True
False,0.0,0.5438,0.5684,0.5684,0.5684,1.0,13133022.0,1.0,1.0,108.0,9.0,0.083333336,0.6685,0.1625,1.0,True
False,0.0,,1.0,1.0,1.0,0.0,0.0,1.0,1.0,111.0,111.0,1.0,0.6911,0.0002,2.0,True
False,0.0,0.5438,0.5645,0.5645,0.5645,1.0,13133022.0,1.0,1.0,108.0,8.0,0.074074075,0.6685,0.1625,2.0,True
False,0.0,,1.0,1.0,1.0,0.0,0.0,1.0,1.0,126.0,126.0,1.0,0.6911,0.0002,1.0,True
False,0.0,0.5438,0.5695,0.5695,0.5695,1.0,13133022.0,1.0,1.0,121.0,13.0,0.10743801,0.6685,0.1625,1.0,True
False,0.0,,1.0,1.0,1.0,0.0,0.0,1.0,1.0,99.0,99.0,1.0,0.6911,0.0002,2.0,True
False,0.0,0.5438,0.587,0.587,0.587,1.0,13133022.0,1.0,1.0,93.0,19.0,0.20430107,0.6685,0.1625,2.0,True
False,0.0,,1.0,1.0,1.0,0.0,0.0,1.0,1.0,175.0,175.0,1.0,0.6911,0.0002,6.0,True
False,0.0,0.5438,0.5592,0.5592,0.5592,1.0,13133022.0,1.0,1.0,175.0,7.0,0.04,0.6685,0.1625,6.0,True
False,0.0,,1.0,1.0,1.0,0.0,0.0,1.0,1.0,71.0,71.0,1.0,0.6911,0.0002,1.0,True
False,0.0,0.5438,0.5808,0.5808,0.5808,1.0,13133022.0,1.0,1.0,71.0,7.0,0.09859155,0.6685,0.1625,1.0,True
False,0.0,,1.0,1.0,1.0,0.0,0.0,1.0,1.0,68.0,68.0,1.0,0.6911,0.0002,1.0,True
False,0.0,0.5438,0.5823,0.5823,0.5823,1.0,13133022.0,1.0,1.0,68.0,7.0,0.10294118,0.6685,0.1625,1.0,True
False,0.0,,1.0,1.0,1.0,0.0,0.0,1.0,1.0,53.0,53.0,1.0,0.6911,0.0002,1.0,True
False,0.0,0.5438,0.561,0.561,0.561,1.0,13133022.0,1.0,1.0,52.0,3.0,0.057692308,0.6685,0.1625,1.0,True
False,0.0,,1.0,1.0,1.0,0.0,0.0,1.0,1.0,102.0,102.0,1.0,0.6911,0.0002,1.0,True
False,0.0,0.5438,0.5668,0.5668,0.5668,1.0,13133022.0,1.0,1.0,97.0,10.0,0.10309278,0.6685,0.1625,1.0,True
False,0.0,,1.0,1.0,1.0,0.0,0.0,1.0,1.0,262.0,262.0,1.0,0.6911,0.0002,9.0,True
False,0.0,0.5438,0.5543,0.5543,0.5543,1.0,13133022.0,1.0,1.0,258.0,14.0,0.054263566,0.6685,0.1625,9.0,True
False,0.0,,1.0,1.0,1.0,0.0,0.0,1.0,1.0,200.0,200.0,1.0,0.6911,0.0002,6.0,True
False,0.0,0.5438,0.5573,0.5573,0.5573,1.0,13133022.0,1.0,1.0,200.0,10.0,0.05,0.6685,0.1625,6.0,True
False,0.0,,1.0,1.0,1.0,0.0,0.0,1.0,1.0,73.0,73.0,1.0,0.6911,0.0002,1.0,True
False,0.0,0.5438,0.5869,0.5869,0.5869,1.0,13133022.0,1.0,1.0,72.0,8.0,0.11111111,0.6685,0.1625,1.0,True
False,0.0,,1.0,1.0,1.0,0.0,0.0,1.0,1.0,285.0,285.0,1.0,0.6911,0.0002,11.0,True
False,0.0,0.5438,0.5571,0.5571,0.5571,1.0,13133022.0,1.0,1.0,273.0,20.0,0.07326008,0.6685,0.1625,11.0,True
False,0.0,,1.0,1.0,1.0,0.0,0.0,1.0,1.0,82.0,82.0,1.0,0.6911,0.0002,4.0,True
False,0.0,0.5438,0.5932,0.5932,0.5932,1.0,13133022.0,1.0,1.0,81.0,17.0,0.20987654,0.6685,0.1625,4.0,True
False,0.0,,1.0,1.0,1.0,0.0,0.0,1.0,1.0,273.0,273.0,1.0,0.6911,0.0002,7.0,True
False,0.0,0.5438,0.5542,0.5542,0.5542,1.0,13133022.0,1.0,1.0,262.0,17.0,0.0648855,0.6685,0.1625,7.0,True
False,0.0,,1.0,1.0,1.0,0.0,0.0,1.0,1.0,255.0,255.0,1.0,0.6911,0.0002,7.0,True
False,0.0,0.5438,0.5549,0.5549,0.5549,1.0,13133022.0,1.0,1.0,244.0,17.0,0.06967213,0.6685,0.1625,7.0,True
False,0.0,,1.0,1.0,1.0,0.0,0.0,1.0,1.0,71.0,71.0,1.0,0.6911,0.0002,1.0,True
False,0.0,0.5438,0.5823,0.5823,0.5823,1.0,13133022.0,1.0,1.0,69.0,12.0,0.17391305,0.6685,0.1625,1.0,True
False,0.0,,1.0,1.0,1.0,0.0,0.0,1.0,1.0,87.0,87.0,1.0,0.6911,0.0002,1.0,True
False,0.0,0.5438,0.5852,0.5852,0.5852,1.0,13133022.0,1.0,1.0,86.0,11.0,0.12790698,0.6685,0.1625,1.0,True
False,0.0,,1.0,1.0,1.0,0.0,0.0,1.0,1.0,76.0,76.0,1.0,0.6911,0.0002,1.0,True
False,0.0,0.5438,0.5971,0.5971,0.5971,1.0,13133022.0,1.0,1.0,75.0,13.0,0.17333333,0.6685,0.1625,1.0,True
False,0.0,,1.0,1.0,1.0,0.0,0.0,1.0,1.0,79.0,79.0,1.0,0.6911,0.0002,1.0,True
False,0.0,0.5438,0.5894,0.5894,0.5894,1.0,13133022.0,1.0,1.0,78.0,11.0,0.14102565,0.6685,0.1625,1.0,True
False,0.0,,1.0,1.0,1.0,0.0,0.0,1.0,1.0,65.0,65.0,1.0,0.6911,0.0002,1.0,True
False,0.0,0.5438,0.5991,0.5991,0.5991,1.0,13133022.0,1.0,1.0,64.0,11.0,0.171875,0.6685,0.1625,1.0,True
False,0.0,,1.0,1.0,1.0,0.0,0.0,1.0,1.0,88.0,88.0,1.0,0.6911,0.0002,1.0,True
False,0.0,0.8587,0.8618,0.8618,0.8618,1.0,3344246.0,1.0,1.0,89.0,1.0,0.011235955,0.6629,0.1578,1.0,False
False,0.0,0.5458,0.5742,0.5742,0.5742,2.0,13133022.0,1.0,1.0,79.0,15.0,0.18987341,0.6685,0.1625,1.0,True
False,0.0,,1.0,1.0,1.0,0.0,0.0,1.0,1.0,90.0,90.0,1.0,0.6911,0.0002,2.0,True
False,0.0,0.5438,0.5638,0.5638,0.5638,1.0,13133022.0,1.0,1.0,89.0,5.0,0.056179777,0.6685,0.1625,2.0,True
False,0.0,,1.0,1.0,1.0,0.0,0.0,1.0,1.0,305.0,305.0,1.0,0.6911,0.0002,10.0,True
False,0.0,0.5438,0.5697,0.5697,0.5697,1.0,13133022.0,1.0,1.0,297.0,29.0,0.0976431,0.6685,0.1625,10.0,True
False,0.0,,1.0,1.0,1.0,0.0,0.0,1.0,1.0,124.0,124.0,1.0,0.6911,0.0002,4.0,True
False,0.0,0.5438,0.573,0.573,0.573,1.0,13133022.0,1.0,1.0,123.0,11.0,0.08943089,0.6685,0.1625,4.0,True
False,0.0,,1.0,1.0,1.0,0.0,0.0,1.0,1.0,217.0,217.0,1.0,0.6911,0.0002,10.0,True
False,0.0,0.5438,0.5629,0.5629,0.5629,1.0,13133022.0,1.0,1.0,212.0,15.0,0.070754714,0.6685,0.1625,10.0,True
False,0.0,,1.0,1.0,1.0,0.0,0.0,1.0,1.0,68.0,68.0,1.0,0.6911,0.0002,1.0,True
False,0.0,0.5438,0.5706,0.5706,0.5706,1.0,13133022.0,1.0,1.0,66.0,6.0,0.09090909,0.6685,0.1625,1.0,True
False,0.0,,1.0,1.0,1.0,0.0,0.0,1.0,1.0,94.0,94.0,1.0,0.6911,0.0002,4.0,True
False,0.0,0.5438,0.5822,0.5822,0.5822,1.0,13133022.0,1.0,1.0,93.0,11.0,0.11827957,0.6685,0.1625,4.0,True
False,0.0,,1.0,1.0,1.0,0.0,0.0,1.0,1.0,164.0,164.0,1.0,0.6911,0.0002,4.0,True
False,0.0,0.5438,0.5664,0.5664,0.5664,1.0,13133022.0,1.0,1.0,159.0,15.0,0.094339624,0.6685,0.1625,4.0,True
False,0.0,,1.0,1.0,1.0,0.0,0.0,1.0,1.0,226.0,226.0,1.0,0.6911,0.0002,8.0,True
False,0.0,0.5438,0.5684,0.5684,0.5684,1.0,13133022.0,1.0,1.0,220.0,18.0,0.08181818,0.6685,0.1625,8.0,True
False,0.0,,1.0,1.0,1.0,0.0,0.0,1.0,1.0,208.0,208.0,1.0,0.6911,0.0002,9.0,True
False,0.0,0.5438,0.572,0.572,0.572,1.0,13133022.0,1.0,1.0,207.0,19.0,0.09178744,0.6685,0.1625,9.0,True
False,0.0,,1.0,1.0,1.0,0.0,0.0,1.0,1.0,255.0,255.0,1.0,0.6652,0.1584,11.0,True
False,0.0,1.0,1.0,1.0,1.0,1.0,4026.0,1.0,1.0,286.0,33.0,0.115384616,0.6652,0.1579,12.0,False
False,0.0,1.0,1.0,1.0,1.0,2.0,76544.0,1.0,1.0,296.0,10.0,0.033783782,0.6652,0.1569,12.0,False
False,0.0,0.7375,0.7485,0.7485,0.7485,3.0,6579210.0,1.0,1.0,303.0,10.0,0.0330033,0.6685,0.1625,12.0,True
False,0.0,,1.0,1.0,1.0,0.0,0.0,1.0,1.0,203.0,203.0,1.0,0.6911,0.0002,11.0,True
False,0.0,0.5438,0.5555,0.5555,0.5555,1.0,13133022.0,1.0,1.0,193.0,18.0,0.09326425,0.6685,0.1625,11.0,True
False,0.0,,1.0,1.0,1.0,0.0,0.0,1.0,1.0,211.0,211.0,1.0,0.6911,0.0002,7.0,True
False,0.0,0.5438,0.5551,0.5551,0.5551,1.0,13133022.0,1.0,1.0,200.0,16.0,0.08,0.6685,0.1625,7.0,True
False,0.0,,1.0,1.0,1.0,0.0,0.0,1.0,1.0,224.0,224.0,1.0,0.6911,0.0002,4.0,True
False,0.0,0.5438,0.5604,0.5604,0.5604,1.0,13133022.0,1.0,1.0,218.0,14.0,0.06422018,0.6685,0.1625,4.0,True
False,0.0,,1.0,1.0,1.0,0.0,0.0,1.0,1.0,111.0,111.0,1.0,0.6911,0.0002,6.0,True
False,0.0,0.5438,0.5682,0.5682,0.5682,1.0,13133022.0,1.0,1.0,110.0,9.0,0.08181818,0.6685,0.1625,6.0,True
False,0.0,,1.0,1.0,1.0,0.0,0.0,1.0,1.0,199.0,199.0,1.0,0.6911,0.0002,8.0,True
False,0.0,0.5438,0.5647,0.5647,0.5647,1.0,13133022.0,1.0,1.0,194.0,14.0,0.072164945,0.6685,0.1625,8.0,True
False,0.0,,1.0,1.0,1.0,0.0,0.0,1.0,1.0,112.0,112.0,1.0,0.6911,0.0002,6.0,True
False,0.0,0.5438,0.568,0.568,0.568,1.0,13133022.0,1.0,1.0,111.0,9.0,0.08108108,0.6685,0.1625,6.0,True
False,0.0,,1.0,1.0,1.0,0.0,0.0,1.0,1.0,238.0,238.0,1.0,0.6911,0.0002,8.0,True
False,0.0,0.5438,0.5476,0.5476,0.5476,1.0,13133022.0,1.0,1.0,238.0,2.0,0.008403362,0.6685,0.1625,8.0,True
False,0.0,,1.0,1.0,1.0,0.0,0.0,1.0,1.0,115.0,115.0,1.0,0.6911,0.0002,1.0,True
False,0.0,0.5438,0.5595,0.5595,0.5595,1.0,13133022.0,1.0,1.0,114.0,5.0,0.04385965,0.6685,0.1625,1.0,True
False,0.0,,1.0,1.0,1.0,0.0,0.0,1.0,1.0,111.0,111.0,1.0,0.6911,0.0002,1.0,True
False,0.0,0.5438,0.5601,0.5601,0.5601,1.0,13133022.0,1.0,1.0,110.0,5.0,0.045454547,0.6685,0.1625,1.0,True
False,0.0,,1.0,1.0,1.0,0.0,0.0,1.0,1.0,70.0,70.0,1.0,0.6911,0.0002,1.0,True
False,0.0,0.5438,0.6145,0.6145,0.6145,1.0,13133022.0,1.0,1.0,69.0,21.0,0.3043478,0.6685,0.1625,1.0,True
False,0.0,,1.0,1.0,1.0,0.0,0.0,1.0,1.0,230.0,230.0,1.0,0.6911,0.0002,3.0,True
False,0.0,,1.0,1.0,1.0,0.0,0.0,1.0,1.0,115.0,115.0,1.0,0.6911,0.0002,1.0,True
False,0.0,0.5438,0.5828,0.5828,0.5828,1.0,13133022.0,1.0,1.0,114.0,11.0,0.096491225,0.6685,0.1625,1.0,True
False,0.0,,1.0,1.0,1.0,0.0,0.0,1.0,1.0,102.0,102.0,1.0,0.6911,0.0002,1.0,True
False,0.0,,1.0,1.0,1.0,0.0,0.0,1.0,1.0,99.0,99.0,1.0,0.6911,0.0002,1.0,True
False,0.0,0.5438,0.5803,0.5803,0.5803,1.0,13133022.0,1.0,1.0,98.0,9.0,0.091836736,0.6685,0.1625,1.0,True
False,0.0,,1.0,1.0,1.0,0.0,0.0,1.0,1.0,3.0,3.0,1.0,0.6911,0.0002,,True
False,0.0,,1.0,1.0,1.0,0.0,0.0,1.0,1.0,203.0,203.0,1.0,0.6911,0.0002,7.0,True
False,0.0,0.5438,0.5737,0.5737,0.5737,1.0,13133022.0,1.0,1.0,196.0,20.0,0.10204082,0.6685,0.1625,7.0,True
False,0.0,,1.0,1.0,1.0,0.0,0.0,1.0,1.0,87.0,87.0,1.0,0.6911,0.0002,5.0,True
False,0.0,0.5438,0.5749,0.5749,0.5749,1.0,13133022.0,1.0,1.0,86.0,11.0,0.12790698,0.6685,0.1625,5.0,True
False,0.0,,1.0,1.0,1.0,0.0,0.0,1.0,1.0,29.0,29.0,1.0,0.6911,0.0002,0.0,True
False,0.0,0.5438,0.5752,0.5752,0.5752,1.0,13133022.0,1.0,1.0,28.0,3.0,0.10714286,0.6685,0.1625,0.0,True
False,0.0,,1.0,1.0,1.0,0.0,0.0,1.0,1.0,29.0,29.0,1.0,0.6911,0.0002,1.0,True
False,0.0,0.5438,0.5879,0.5879,0.5879,1.0,13133022.0,1.0,1.0,29.0,4.0,0.13793103,0.6685,0.1625,1.0,True
False,0.0,,1.0,1.0,1.0,0.0,0.0,1.0,1.0,95.0,95.0,1.0,0.6911,0.0002,6.0,True
False,0.0,0.5438,0.5579,0.5579,0.5579,1.0,13133022.0,1.0,1.0,95.0,4.0,0.042105265,0.6685,0.1625,6.0,True
False,0.0,,1.0,1.0,1.0,0.0,0.0,1.0,1.0,125.0,125.0,1.0,0.6911,0.0002,5.0,True
False,0.0,0.5438,0.567,0.567,0.567,1.0,13133022.0,1.0,1.0,117.0,14.0,0.11965812,0.6685,0.1625,5.0,True
False,0.0,,1.0,1.0,1.0,0.0,0.0,1.0,1.0,313.0,313.0,1.0,0.6911,0.0002,17.0,True
False,0.0,0.5438,0.5676,0.5676,0.5676,1.0,13133022.0,1.0,1.0,304.0,25.0,0.08223684,0.6685,0.1625,17.0,True
False,0.0,,1.0,1.0,1.0,0.0,0.0,1.0,1.0,280.0,280.0,1.0,0.6911,0.0002,12.0,True
False,0.0,0.5438,0.5616,0.5616,0.5616,1.0,13133022.0,1.0,1.0,279.0,15.0,0.05376344,0.6685,0.1625,12.0,True
False,0.0,,1.0,1.0,1.0,0.0,0.0,1.0,1.0,112.0,112.0,1.0,0.6911,0.0002,6.0,True
False,0.0,0.5438,0.5798,0.5798,0.5798,1.0,13133022.0,1.0,1.0,111.0,13.0,0.117117114,0.6685,0.1625,6.0,True
False,0.0,,1.0,1.0,1.0,0.0,0.0,1.0,1.0,239.0,239.0,1.0,0.6911,0.0002,12.0,True
False,0.0,0.5438,0.565,0.565,0.565,1.0,13133022.0,1.0,1.0,234.0,18.0,0.07692308,0.6685,0.1625,12.0,True
False,0.0,,1.0,1.0,1.0,0.0,0.0,1.0,1.0,172.0,172.0,1.0,0.6911,0.0002,9.0,True
False,0.0,0.5438,0.5649,0.5649,0.5649,1.0,13133022.0,1.0,1.0,171.0,11.0,0.064327486,0.6685,0.1625,9.0,True
False,0.0,,1.0,1.0,1.0,0.0,0.0,1.0,1.0,362.0,362.0,1.0,0.6911,0.0002,15.0,True
False,0.0,0.5438,0.5463,0.5463,0.5463,1.0,13133022.0,1.0,1.0,362.0,2.0,0.005524862,0.6685,0.1625,15.0,True
False,0.0,,1.0,1.0,1.0,0.0,0.0,1.0,1.0,232.0,232.0,1.0,0.6911,0.0002,6.0,True
False,0.0,0.5438,0.5618,0.5618,0.5618,1.0,13133022.0,1.0,1.0,226.0,18.0,0.07964602,0.6685,0.1625,6.0,True
False,0.0,,1.0,1.0,1.0,0.0,0.0,1.0,1.0,232.0,232.0,1.0,0.6911,0.0002,6.0,True
False,0.0,0.5438,0.5618,0.5618,0.5618,1.0,13133022.0,1.0,1.0,226.0,18.0,0.07964602,0.6685,0.1625,6.0,True
False,0.0,,1.0,1.0,1.0,0.0,0.0,1.0,1.0,220.0,220.0,1.0,0.6911,0.0002,6.0,True
False,0.0,0.5438,0.5628,0.5628,0.5628,1.0,13133022.0,1.0,1.0,214.0,18.0,0.08411215,0.6685,0.1625,6.0,True
False,0.0,,1.0,1.0,1.0,0.0,0.0,1.0,1.0,211.0,211.0,1.0,0.6911,0.0002,6.0,True
False,0.0,0.5438,0.5635,0.5635,0.5635,1.0,13133022.0,1.0,1.0,206.0,17.0,0.08252427,0.6685,0.1625,6.0,True
False,0.0,,1.0,1.0,1.0,0.0,0.0,1.0,1.0,278.0,278.0,1.0,0.6911,0.0002,9.0,True
False,0.0,0.5438,0.5587,0.5587,0.5587,1.0,13133022.0,1.0,1.0,273.0,17.0,0.062271062,0.6685,0.1625,9.0,True
False,0.0,,1.0,1.0,1.0,0.0,0.0,1.0,1.0,217.0,217.0,1.0,0.6911,0.0002,8.0,True
False,0.0,0.5438,0.5669,0.5669,0.5669,1.0,13133022.0,1.0,1.0,215.0,18.0,0.08372093,0.6685,0.1625,8.0,True
False,0.0,,1.0,1.0,1.0,0.0,0.0,1.0,1.0,461.0,461.0,1.0,0.6911,0.0002,10.0,True
False,0.0,0.5438,0.5497,0.5497,0.5497,1.0,13133022.0,1.0,1.0,461.0,8.0,0.01735358,0.6685,0.1625,10.0,True
False,0.0,,1.0,1.0,1.0,0.0,0.0,1.0,1.0,54.0,54.0,1.0,0.6911,0.0002,2.0,True
False,0.0,0.5438,0.5845,0.5845,0.5845,1.0,13133022.0,1.0,1.0,54.0,8.0,0.14814815,0.6685,0.1625,2.0,True
False,0.0,,1.0,1.0,1.0,0.0,0.0,1.0,1.0,103.0,103.0,1.0,0.6911,0.0002,4.0,True
False,0.0,0.5438,0.5664,0.5664,0.5664,1.0,13133022.0,1.0,1.0,99.0,12.0,0.121212125,0.6685,0.1625,4.0,True
False,0.0,,1.0,1.0,1.0,0.0,0.0,1.0,1.0,65.0,65.0,1.0,0.6911,0.0002,2.0,True
False,0.0,0.5438,0.5783,0.5783,0.5783,1.0,13133022.0,1.0,1.0,64.0,9.0,0.140625,0.6685,0.1625,2.0,True
False,0.0,,1.0,1.0,1.0,0.0,0.0,1.0,1.0,38.0,38.0,1.0,0.6911,0.0002,2.0,True
False,0.0,0.5438,0.5906,0.5906,0.5906,1.0,13133022.0,1.0,1.0,37.0,5.0,0.13513513,0.6685,0.1625,2.0,True
False,0.0,,1.0,1.0,1.0,0.0,0.0,1.0,1.0,202.0,202.0,1.0,0.6911,0.0002,,True
False,0.0,,1.0,1.0,1.0,0.0,0.0,1.0,1.0,53.0,53.0,1.0,0.6911,0.0002,,True
False,0.0,,1.0,1.0,1.0,0.0,0.0,1.0,1.0,109.0,109.0,1.0,0.6911,0.0002,1.0,True
False,0.0,,1.0,1.0,1.0,0.0,0.0,1.0,1.0,209.0,209.0,1.0,0.6911,0.0002,7.0,True
False,0.0,0.5438,0.5677,0.5677,0.5677,1.0,13133022.0,1.0,1.0,208.0,17.0,0.08173077,0.6685,0.1625,7.0,True
False,0.0,,1.0,1.0,1.0,0.0,0.0,1.0,1.0,206.0,206.0,1.0,0.6911,0.0002,7.0,True
False,0.0,0.5438,0.568,0.568,0.568,1.0,13133022.0,1.0,1.0,205.0,17.0,0.08292683,0.6685,0.1625,7.0,True
False,0.0,,1.0,1.0,1.0,0.0,0.0,1.0,1.0,3922.0,3922.0,1.0,0.6911,0.0002,,True
False,0.0,,1.0,1.0,1.0,0.0,0.0,1.0,1.0,8.0,8.0,1.0,0.6911,0.0002,,True
False,0.0,,1.0,1.0,1.0,0.0,0.0,1.0,1.0,1413.0,1413.0,1.0,0.6911,0.0002,,True
False,0.0,,1.0,1.0,1.0,0.0,0.0,1.0,1.0,91.0,91.0,1.0,0.6911,0.0002,2.0,True
False,0.0,,1.0,1.0,1.0,0.0,0.0,1.0,1.0,32.0,32.0,1.0,0.6911,0.0002,0.0,True
False,0.0,,1.0,1.0,1.0,0.0,0.0,1.0,1.0,35.0,35.0,1.0,0.6911,0.0002,1.0,True
False,0.0,,1.0,1.0,1.0,0.0,0.0,1.0,1.0,29.0,29.0,1.0,0.6911,0.0002,0.0,True
False,0.0,,1.0,1.0,1.0,0.0,0.0,1.0,1.0,81.0,81.0,1.0,0.6911,0.0002,3.0,True
False,0.0,0.0955,0.1386,0.1386,0.1386,1.0,50699629.0,1.0,1.0,82.0,3.0,0.036585364,0.5935,0.6782,3.0,True
False,0.0,,0.0357,0.1378,0.0689,2.0,50805115.0,2.0,2.0,82.0,3.0,0.036585364,0.6189,0.6958,3.0,False
True,1.0,0.1005,0.1005,0.1356,0.0678,3.0,51199743.0,2.0,2.0,82.0,3.0,0.036585364,0.6402,0.7117,,False
False,0.0,,1.0,1.0,1.0,0.0,0.0,1.0,1.0,30.0,30.0,1.0,0.6911,0.0002,0.0,True
False,0.0,,1.0,1.0,1.0,0.0,0.0,1.0,1.0,32.0,32.0,1.0,0.6911,0.0002,1.0,True
False,0.0,0.0955,0.1989,0.1989,0.1989,1.0,50699629.0,1.0,1.0,33.0,3.0,0.09090909,0.5935,0.6782,1.0,True
False,0.0,,0.0857,0.1981,0.099,2.0,50805115.0,2.0,2.0,33.0,3.0,0.09090909,0.6189,0.6958,1.0,False
True,1.0,0.1106,0.1106,0.1949,0.0975,3.0,51199743.0,2.0,2.0,33.0,3.0,0.09090909,0.6402,0.7117,,False
False,0.0,,1.0,1.0,1.0,0.0,0.0,1.0,1.0,95.0,95.0,1.0,0.6911,0.0002,,True
False,0.0,,1.0,1.0,1.0,0.0,0.0,1.0,1.0,62.0,62.0,1.0,0.6911,0.0002,,True
False,0.0,,1.0,1.0,1.0,0.0,0.0,1.0,1.0,54.0,54.0,1.0,0.6652,0.1569,1.0,False
False,0.0,0.7404,0.7548,0.7548,0.7548,1.0,6502666.0,1.0,1.0,52.0,5.0,0.09615385,0.6685,0.1625,1.0,True
False,0.0,0.1321,0.1941,0.1941,0.1941,2.0,44069273.0,1.0,1.0,53.0,3.0,0.056603774,0.5935,0.6782,1.0,True
False,0.0,,0.0536,0.1935,0.0968,3.0,44174759.0,2.0,2.0,53.0,3.0,0.056603774,0.6189,0.6958,1.0,False
True,1.0,0.1377,0.1377,0.1905,0.0952,4.0,44569387.0,2.0,2.0,53.0,3.0,0.056603774,0.6402,0.7117,,False
False,0.0,,1.0,1.0,1.0,0.0,0.0,1.0,1.0,279.0,279.0,1.0,0.6911,0.0002,11.0,True
False,0.0,0.0955,0.1083,0.1083,0.1083,1.0,50699629.0,1.0,1.0,280.0,3.0,0.010714286,0.5935,0.6782,11.0,True
False,0.0,,0.0106,0.1076,0.0538,2.0,50805115.0,2.0,2.0,280.0,3.0,0.010714286,0.6189,0.6958,11.0,False
True,1.0,0.0954,0.0954,0.1058,0.0529,3.0,51199743.0,2.0,2.0,280.0,3.0,0.010714286,0.6402,0.7117,,False
False,0.0,,1.0,1.0,1.0,0.0,0.0,1.0,1.0,61.0,61.0,1.0,0.6911,0.0002,,True
False,0.0,,1.0,1.0,1.0,0.0,0.0,1.0,1.0,64.0,64.0,1.0,0.6911,0.0002,1.0,True
False,0.0,0.988,0.9884,0.9884,0.9884,1.0,261526.0,1.0,1.0,64.0,2.0,0.03125,0.6914,0.0064,1.0,False
False,0.0,,0.0154,0.2635,0.1317,2.0,29780186.0,2.0,2.0,64.0,1.0,0.015625,0.5122,0.0612,1.0,False
False,0.0,,,0.2614,0.1307,3.0,29955483.0,2.0,3.0,64.0,1.0,0.015625,0.6244,0.7563,,False
False,0.0,0.1159,0.1158,0.1232,0.0616,4.0,46194648.0,2.0,3.0,63.0,1.0,0.015873017,0.5715,0.4773,1.0,False
False,0.0,0.094,0.1489,0.1546,0.0773,5.0,50699629.0,2.0,3.0,64.0,3.0,0.046875,0.5935,0.6782,1.0,True
False,0.0,,0.0455,0.1539,0.0513,6.0,50805115.0,3.0,4.0,64.0,3.0,0.046875,0.6189,0.6958,1.0,False
True,1.0,0.101,0.101,0.1514,0.0505,7.0,51199743.0,3.0,4.0,64.0,3.0,0.046875,0.6402,0.7117,,False
False,0.0,,1.0,1.0,1.0,0.0,0.0,1.0,1.0,55.0,55.0,1.0,0.6911,0.0002,1.0,True
False,0.0,0.0955,0.1579,0.1579,0.1579,1.0,50699629.0,1.0,1.0,56.0,3.0,0.05357143,0.5935,0.6782,1.0,True
False,0.0,,0.0517,0.1571,0.0785,2.0,50805115.0,2.0,2.0,56.0,3.0,0.05357143,0.6189,0.6958,1.0,False
True,1.0,0.1037,0.1037,0.1546,0.0773,3.0,51199743.0,2.0,2.0,56.0,3.0,0.05357143,0.6402,0.7117,,False
False,0.0,,1.0,1.0,1.0,0.0,0.0,1.0,1.0,58.0,58.0,1.0,0.6911,0.0002,1.0,True
False,0.0,0.0955,0.1548,0.1548,0.1548,1.0,50699629.0,1.0,1.0,59.0,3.0,0.050847456,0.5935,0.6782,1.0,True
False,0.0,,0.0492,0.154,0.077,2.0,50805115.0,2.0,2.0,59.0,3.0,0.050847456,0.6189,0.6958,1.0,False
True,1.0,0.1032,0.1032,0.1516,0.0758,3.0,51199743.0,2.0,2.0,59.0,3.0,0.050847456,0.6402,0.7117,,False
False,0.0,,1.0,1.0,1.0,0.0,0.0,1.0,1.0,72.0,72.0,1.0,0.6911,0.0002,1.0,True
False,0.0,0.988,0.9882,0.9882,0.9882,1.0,261526.0,1.0,1.0,72.0,1.0,0.013888889,0.6914,0.0064,1.0,False
False,0.0,,0.0137,0.2622,0.1311,2.0,29780186.0,2.0,2.0,72.0,1.0,0.013888889,0.5122,0.0612,1.0,False
False,0.0,,,0.2601,0.13,3.0,29955483.0,2.0,3.0,72.0,1.0,0.013888889,0.6244,0.7563,,False
False,0.0,0.0942,0.1425,0.1475,0.0738,4.0,50699629.0,2.0,3.0,73.0,3.0,0.04109589,0.5935,0.6782,1.0,True
False,0.0,,0.04,0.1467,0.0489,5.0,50805115.0,3.0,4.0,73.0,3.0,0.04109589,0.6189,0.6958,1.0,False
True,1.0,0.1001,0.1001,0.1444,0.0481,6.0,51199743.0,3.0,4.0,73.0,3.0,0.04109589,0.6402,0.7117,,False
False,0.0,,1.0,1.0,1.0,0.0,0.0,1.0,1.0,54.0,54.0,1.0,0.6911,0.0002,1.0,True
False,0.0,0.0955,0.159,0.159,0.159,1.0,50699629.0,1.0,1.0,55.0,3.0,0.054545455,0.5935,0.6782,1.0,True
False,0.0,,0.0526,0.1582,0.0791,2.0,50805115.0,2.0,2.0,55.0,3.0,0.054545455,0.6189,0.6958,1.0,False
True,1.0,0.1039,0.1039,0.1557,0.0778,3.0,51199743.0,2.0,2.0,55.0,3.0,0.054545455,0.6402,0.7117,,False
False,0.0,,1.0,1.0,1.0,0.0,0.0,1.0,1.0,66.0,66.0,1.0,0.6911,0.0002,1.0,True
False,0.0,0.988,0.9884,0.9884,0.9884,1.0,261526.0,1.0,1.0,64.0,4.0,0.0625,0.6914,0.0064,1.0,False
False,0.0,0.0955,0.1495,0.1495,0.1495,2.0,50699629.0,1.0,1.0,65.0,3.0,0.046153847,0.5935,0.6782,1.0,True
False,0.0,,0.0448,0.1488,0.0744,3.0,50805115.0,2.0,2.0,65.0,3.0,0.046153847,0.6189,0.6958,1.0,False
True,1.0,0.1023,0.1023,0.1464,0.0732,4.0,51199743.0,2.0,2.0,65.0,3.0,0.046153847,0.6402,0.7117,,False
False,0.0,,1.0,1.0,1.0,0.0,0.0,1.0,1.0,37119.0,37119.0,1.0,0.6911,0.0002,,True
False,0.0,,1.0,1.0,1.0,0.0,0.0,1.0,1.0,28731.0,28731.0,1.0,0.6911,0.0002,,True
False,0.0,,1.0,1.0,1.0,0.0,0.0,1.0,1.0,4772.0,4772.0,1.0,0.6911,0.0002,,True
False,0.0,,1.0,1.0,1.0,0.0,0.0,1.0,1.0,3301.0,3301.0,1.0,0.6911,0.0002,,True
False,0.0,,1.0,1.0,1.0,0.0,0.0,1.0,1.0,26897.0,26897.0,1.0,0.6911,0.0002,,True
False,0.0,,1.0,1.0,1.0,0.0,0.0,1.0,1.0,78.0,78.0,1.0,0.6911,0.0002,,True
False,0.0,,1.0,1.0,1.0,0.0,0.0,1.0,1.0,55.0,55.0,1.0,0.6911,0.0002,1.0,True
False,0.0,0.0955,0.1579,0.1579,0.1579,1.0,50699629.0,1.0,1.0,56.0,3.0,0.05357143,0.5935,0.6782,1.0,True
False,0.0,,0.0517,0.1571,0.0785,2.0,50805115.0,2.0,2.0,56.0,3.0,0.05357143,0.6189,0.6958,1.0,False
True,1.0,0.1037,0.1037,0.1546,0.0773,3.0,51199743.0,2.0,2.0,56.0,3.0,0.05357143,0.6402,0.7117,,False
False,0.0,,1.0,1.0,1.0,0.0,0.0,1.0,1.0,221.0,221.0,1.0,0.6911,0.0002,,True
False,0.0,,1.0,1.0,1.0,0.0,0.0,1.0,1.0,208.0,208.0,1.0,0.6911,0.0002,4.0,True
True,1.0,0.0994,0.1125,0.1125,0.1125,1.0,49833434.0,1.0,1.0,205.0,6.0,0.029268293,0.5518,0.5998,4.0,True
False,1.0,0.1081,0.1254,0.1254,0.1254,2.0,50699629.0,1.0,1.0,206.0,3.0,0.014563107,0.5935,0.6782,4.0,True
False,1.0,,0.0144,0.1246,0.0623,3.0,50805115.0,2.0,2.0,206.0,3.0,0.014563107,0.6189,0.6958,4.0,False
True,2.0,0.1084,0.1084,0.1226,0.0613,4.0,51199743.0,2.0,2.0,206.0,3.0,0.014563107,0.6402,0.7117,,False
False,0.0,,1.0,1.0,1.0,0.0,0.0,1.0,1.0,20.0,20.0,1.0,0.6911,0.0002,,True
False,0.0,,1.0,1.0,1.0,0.0,0.0,1.0,1.0,67.0,67.0,1.0,0.6911,0.0002,3.0,True
False,0.0,0.0955,0.1472,0.1472,0.1472,1.0,50699629.0,1.0,1.0,68.0,3.0,0.04411765,0.5935,0.6782,3.0,True
False,0.0,,0.0429,0.1464,0.0732,2.0,50805115.0,2.0,2.0,68.0,3.0,0.04411765,0.6189,0.6958,3.0,False
True,1.0,0.1019,0.1019,0.1441,0.072,3.0,51199743.0,2.0,2.0,68.0,3.0,0.04411765,0.6402,0.7117,,False
False,0.0,,1.0,1.0,1.0,0.0,0.0,1.0,1.0,1410.0,1410.0,1.0,0.6911,0.0002,,True
False,0.0,,1.0,1.0,1.0,0.0,0.0,1.0,1.0,79.0,79.0,1.0,0.6911,0.0002,4.0,True
False,0.0,0.0955,0.1396,0.1396,0.1396,1.0,50699629.0,1.0,1.0,80.0,3.0,0.0375,0.5935,0.6782,4.0,True
False,0.0,,0.0366,0.1388,0.0694,2.0,50805115.0,2.0,2.0,80.0,3.0,0.0375,0.6189,0.6958,4.0,False
True,1.0,0.1006,0.1006,0.1366,0.0683,3.0,51199743.0,2.0,2.0,80.0,3.0,0.0375,0.6402,0.7117,,False
False,0.0,,1.0,1.0,1.0,0.0,0.0,1.0,1.0,78.0,78.0,1.0,0.6911,0.0002,,True
False,0.0,,1.0,1.0,1.0,0.0,0.0,1.0,1.0,72.0,72.0,1.0,0.6911,0.0002,4.0,True
False,0.0,0.0955,0.1437,0.1437,0.1437,1.0,50699629.0,1.0,1.0,73.0,3.0,0.04109589,0.5935,0.6782,4.0,True
False,0.0,,0.04,0.143,0.0715,2.0,50805115.0,2.0,2.0,73.0,3.0,0.04109589,0.6189,0.6958,4.0,False
True,1.0,0.1013,0.1013,0.1407,0.0703,3.0,51199743.0,2.0,2.0,73.0,3.0,0.04109589,0.6402,0.7117,,False
False,0.0,,1.0,1.0,1.0,0.0,0.0,1.0,1.0,11.0,11.0,1.0,0.6911,0.0002,,True
False,0.0,,1.0,1.0,1.0,0.0,0.0,1.0,1.0,41.0,41.0,1.0,0.6911,0.0002,1.0,True
False,0.0,0.0955,0.1777,0.1777,0.1777,1.0,50699629.0,1.0,1.0,42.0,3.0,0.071428575,0.5935,0.6782,1.0,True
False,0.0,,0.0682,0.1769,0.0885,2.0,50805115.0,2.0,2.0,42.0,3.0,0.071428575,0.6189,0.6958,1.0,False
True,1.0,0.107,0.107,0.1741,0.0871,3.0,51199743.0,2.0,2.0,42.0,3.0,0.071428575,0.6402,0.7117,,False
False,0.0,,1.0,1.0,1.0,0.0,0.0,1.0,1.0,42.0,42.0,1.0,0.6911,0.0002,1.0,True
False,0.0,0.0955,0.1759,0.1759,0.1759,1.0,50699629.0,1.0,1.0,43.0,3.0,0.069767445,0.5935,0.6782,1.0,True
False,0.0,,0.0667,0.1751,0.0876,2.0,50805115.0,2.0,2.0,43.0,3.0,0.069767445,0.6189,0.6958,1.0,False
True,1.0,0.1067,0.1067,0.1723,0.0862,3.0,51199743.0,2.0,2.0,43.0,3.0,0.069767445,0.6402,0.7117,,False
False,0.0,,1.0,1.0,1.0,0.0,0.0,1.0,1.0,308.0,308.0,1.0,0.6911,0.0002,19.0,True
False,0.0,0.0955,0.1071,0.1071,0.1071,1.0,50699629.0,1.0,1.0,309.0,3.0,0.009708738,0.5935,0.6782,19.0,True
False,0.0,,0.0096,0.1064,0.0532,2.0,50805115.0,2.0,2.0,309.0,3.0,0.009708738,0.6189,0.6958,19.0,False
True,1.0,0.0952,0.0952,0.1047,0.0523,3.0,51199743.0,2.0,2.0,309.0,3.0,0.009708738,0.6402,0.7117,,False
False,0.0,,1.0,1.0,1.0,0.0,0.0,1.0,1.0,184.0,184.0,1.0,0.6911,0.0002,11.0,True
False,0.0,0.0955,0.1148,0.1148,0.1148,1.0,50699629.0,1.0,1.0,185.0,3.0,0.016216217,0.5935,0.6782,11.0,True
False,0.0,,0.016,0.1141,0.057,2.0,50805115.0,2.0,2.0,185.0,3.0,0.016216217,0.6189,0.6958,11.0,False
True,1.0,0.0965,0.0965,0.1123,0.0561,3.0,51199743.0,2.0,2.0,185.0,3.0,0.016216217,0.6402,0.7117,,False
False,0.0,,1.0,1.0,1.0,0.0,0.0,1.0,1.0,58.0,58.0,1.0,0.6911,0.0002,2.0,True
False,0.0,0.0955,0.1548,0.1548,0.1548,1.0,50699629.0,1.0,1.0,59.0,3.0,0.050847456,0.5935,0.6782,2.0,True
False,0.0,,0.0492,0.154,0.077,2.0,50805115.0,2.0,2.0,59.0,3.0,0.050847456,0.6189,0.6958,2.0,False
True,1.0,0.1032,0.1032,0.1516,0.0758,3.0,51199743.0,2.0,2.0,59.0,3.0,0.050847456,0.6402,0.7117,,False
False,0.0,,1.0,1.0,1.0,0.0,0.0,1.0,1.0,252.0,252.0,1.0,0.6911,0.0002,,True
False,0.0,,1.0,1.0,1.0,0.0,0.0,1.0,1.0,43.0,43.0,1.0,0.6911,0.0002,,True
False,0.0,,1.0,1.0,1.0,0.0,0.0,1.0,1.0,11.0,11.0,1.0,0.6911,0.0002,,True
False,0.0,,1.0,1.0,1.0,0.0,0.0,1.0,1.0,83.0,83.0,1.0,0.6911,0.0002,,True
False,0.0,,1.0,1.0,1.0,0.0,0.0,1.0,1.0,542.0,542.0,1.0,0.6911,0.0002,,True
False,0.0,,1.0,1.0,1.0,0.0,0.0,1.0,1.0,2447.0,2447.0,1.0,0.6911,0.0002,,True
False,0.0,,1.0,1.0,1.0,0.0,0.0,1.0,1.0,63.0,63.0,1.0,0.6911,0.0002,2.0,True
False,0.0,0.0955,0.1503,0.1503,0.1503,1.0,50699629.0,1.0,1.0,64.0,3.0,0.046875,0.5935,0.6782,2.0,True
False,0.0,,0.0455,0.1495,0.0748,2.0,50805115.0,2.0,2.0,64.0,3.0,0.046875,0.6189,0.6958,2.0,False
True,1.0,0.1024,0.1024,0.1472,0.0736,3.0,51199743.0,2.0,2.0,64.0,3.0,0.046875,0.6402,0.7117,,False
False,0.0,,1.0,1.0,1.0,0.0,0.0,1.0,1.0,41.0,41.0,1.0,0.6911,0.0002,1.0,True
False,0.0,0.0955,0.1777,0.1777,0.1777,1.0,50699629.0,1.0,1.0,42.0,3.0,0.071428575,0.5935,0.6782,1.0,True
False,0.0,,0.0682,0.1769,0.0885,2.0,50805115.0,2.0,2.0,42.0,3.0,0.071428575,0.6189,0.6958,1.0,False
True,1.0,0.107,0.107,0.1741,0.0871,3.0,51199743.0,2.0,2.0,42.0,3.0,0.071428575,0.6402,0.7117,,False
False,0.0,,1.0,1.0,1.0,0.0,0.0,1.0,1.0,4816.0,4816.0,1.0,0.6911,0.0002,,True
False,0.0,,1.0,1.0,1.0,0.0,0.0,1.0,1.0,61.0,61.0,1.0,0.6911,0.0002,2.0,True
False,0.0,0.0955,0.152,0.152,0.152,1.0,50699629.0,1.0,1.0,62.0,3.0,0.048387095,0.5935,0.6782,2.0,True
False,0.0,,0.0469,0.1512,0.0756,2.0,50805115.0,2.0,2.0,62.0,3.0,0.048387095,0.6189,0.6958,2.0,False
True,1.0,0.1027,0.1027,0.1488,0.0744,3.0,51199743.0,2.0,2.0,62.0,3.0,0.048387095,0.6402,0.7117,,False
False,0.0,,1.0,1.0,1.0,0.0,0.0,1.0,1.0,3103.0,3103.0,1.0,0.6911,0.0002,,True
False,0.0,,1.0,1.0,1.0,0.0,0.0,1.0,1.0,41.0,41.0,1.0,0.6911,0.0002,1.0,True
False,0.0,0.0955,0.1777,0.1777,0.1777,1.0,50699629.0,1.0,1.0,42.0,3.0,0.071428575,0.5935,0.6782,1.0,True
False,0.0,,0.0682,0.1769,0.0885,2.0,50805115.0,2.0,2.0,42.0,3.0,0.071428575,0.6189,0.6958,1.0,False
True,1.0,0.107,0.107,0.1741,0.0871,3.0,51199743.0,2.0,2.0,42.0,3.0,0.071428575,0.6402,0.7117,,False
False,0.0,,1.0,1.0,1.0,0.0,0.0,1.0,1.0,545.0,545.0,1.0,0.6911,0.0002,,True
False,0.0,,1.0,1.0,1.0,0.0,0.0,1.0,1.0,27.0,27.0,1.0,0.6911,0.0002,1.0,True
False,0.0,0.0955,0.1859,0.1859,0.1859,1.0,50699629.0,1.0,1.0,28.0,2.0,0.071428575,0.5935,0.6782,1.0,True
False,0.0,,0.0667,0.1851,0.0926,2.0,50805115.0,2.0,2.0,28.0,2.0,0.071428575,0.6189,0.6958,1.0,False
True,1.0,0.1166,0.1166,0.1822,0.0911,3.0,51199743.0,2.0,2.0,28.0,2.0,0.071428575,0.6402,0.7117,,False
False,0.0,,1.0,1.0,1.0,0.0,0.0,1.0,1.0,1893.0,1893.0,1.0,0.6911,0.0002,,True
False,0.0,,1.0,1.0,1.0,0.0,0.0,1.0,1.0,75.0,75.0,1.0,0.6911,0.0002,2.0,True
False,0.0,0.0955,0.1419,0.1419,0.1419,1.0,50699629.0,1.0,1.0,76.0,3.0,0.039473683,0.5935,0.6782,2.0,True
False,0.0,,0.0385,0.1411,0.0706,2.0,50805115.0,2.0,2.0,76.0,3.0,0.039473683,0.6189,0.6958,2.0,False
True,1.0,0.101,0.101,0.1389,0.0694,3.0,51199743.0,2.0,2.0,76.0,3.0,0.039473683,0.6402,0.7117,,False
False,0.0,,1.0,1.0,1.0,0.0,0.0,1.0,1.0,6065.0,6065.0,1.0,0.6911,0.0002,,True
False,0.0,,1.0,1.0,1.0,0.0,0.0,1.0,1.0,106.0,106.0,1.0,0.6911,0.0002,3.0,True
False,0.0,0.0955,0.1287,0.1287,0.1287,1.0,50699629.0,1.0,1.0,107.0,3.0,0.028037382,0.5935,0.6782,3.0,True
False,0.0,,0.0275,0.1279,0.064,2.0,50805115.0,2.0,2.0,107.0,3.0,0.028037382,0.6189,0.6958,3.0,False
True,1.0,0.0988,0.0988,0.1259,0.0629,3.0,51199743.0,2.0,2.0,107.0,3.0,0.028037382,0.6402,0.7117,,False
False,0.0,,1.0,1.0,1.0,0.0,0.0,1.0,1.0,24.0,24.0,1.0,0.6911,0.0002,1.0,True
False,0.0,0.0955,0.2295,0.2295,0.2295,1.0,50699629.0,1.0,1.0,25.0,3.0,0.12,0.5935,0.6782,1.0,True
False,0.0,,0.1111,0.2287,0.1143,2.0,50805115.0,2.0,2.0,25.0,3.0,0.12,0.6189,0.6958,1.0,False
True,1.0,0.1157,0.1157,0.2251,0.1125,3.0,51199743.0,2.0,2.0,25.0,3.0,0.12,0.6402,0.7117,,False
False,0.0,,1.0,1.0,1.0,0.0,0.0,1.0,1.0,57.0,57.0,1.0,0.6911,0.0002,2.0,True
False,0.0,0.0955,0.1558,0.1558,0.1558,1.0,50699629.0,1.0,1.0,58.0,3.0,0.05172414,0.5935,0.6782,2.0,True
False,0.0,,0.05,0.155,0.0775,2.0,50805115.0,2.0,2.0,58.0,3.0,0.05172414,0.6189,0.6958,2.0,False
True,1.0,0.1033,0.1033,0.1525,0.0763,3.0,51199743.0,2.0,2.0,58.0,3.0,0.05172414,0.6402,0.7117,,False
False,0.0,,1.0,1.0,1.0,0.0,0.0,1.0,1.0,51.0,51.0,1.0,0.6911,0.0002,1.0,True
False,0.0,0.0955,0.1625,0.1625,0.1625,1.0,50699629.0,1.0,1.0,52.0,3.0,0.057692308,0.5935,0.6782,1.0,True
False,0.0,,0.0556,0.1617,0.0809,2.0,50805115.0,2.0,2.0,52.0,3.0,0.057692308,0.6189,0.6958,1.0,False
True,1.0,0.1045,0.1045,0.1591,0.0796,3.0,51199743.0,2.0,2.0,52.0,3.0,0.057692308,0.6402,0.7117,,False
False,0.0,,1.0,1.0,1.0,0.0,0.0,1.0,1.0,333.0,333.0,1.0,0.6911,0.0002,,True
False,0.0,,1.0,1.0,1.0,0.0,0.0,1.0,1.0,185.0,185.0,1.0,0.6911,0.0002,,True
False,0.0,,1.0,1.0,1.0,0.0,0.0,1.0,1.0,1702.0,1702.0,1.0,0.6911,0.0002,,True
False,0.0,,1.0,1.0,1.0,0.0,0.0,1.0,1.0,14.0,14.0,1.0,0.6911,0.0002,,True
False,0.0,,1.0,1.0,1.0,0.0,0.0,1.0,1.0,35.0,35.0,1.0,0.6911,0.0002,,True
False,0.0,,1.0,1.0,1.0,0.0,0.0,1.0,1.0,39.0,39.0,1.0,0.6911,0.0002,,True
False,0.0,,1.0,1.0,1.0,0.0,0.0,1.0,1.0,15.0,15.0,1.0,0.6911,0.0002,,True
False,0.0,,1.0,1.0,1.0,0.0,0.0,1.0,1.0,24.0,24.0,1.0,0.6911,0.0002,1.0,True
False,0.0,0.0955,0.2295,0.2295,0.2295,1.0,50699629.0,1.0,1.0,25.0,3.0,0.12,0.5935,0.6782,1.0,True
False,0.0,,0.1111,0.2287,0.1143,2.0,50805115.0,2.0,2.0,25.0,3.0,0.12,0.6189,0.6958,1.0,False
True,1.0,0.1157,0.1157,0.2251,0.1125,3.0,51199743.0,2.0,2.0,25.0,3.0,0.12,0.6402,0.7117,,False
False,0.0,,1.0,1.0,1.0,0.0,0.0,1.0,1.0,226.0,226.0,1.0,0.6911,0.0002,16.0,True
False,0.0,0.0955,0.1113,0.1113,0.1113,1.0,50699629.0,1.0,1.0,227.0,3.0,0.013215859,0.5935,0.6782,16.0,True
False,0.0,,0.0131,0.1105,0.0553,2.0,50805115.0,2.0,2.0,227.0,3.0,0.013215859,0.6189,0.6958,16.0,False
True,1.0,0.0959,0.0959,0.1088,0.0544,3.0,51199743.0,2.0,2.0,227.0,3.0,0.013215859,0.6402,0.7117,,False
False,0.0,,1.0,1.0,1.0,0.0,0.0,1.0,1.0,75.0,75.0,1.0,0.6911,0.0002,3.0,True
False,0.0,0.1125,0.1242,0.1242,0.1242,1.0,47163297.0,1.0,1.0,75.0,1.0,0.013333334,0.5733,0.5036,3.0,True
False,0.0,0.1054,0.1516,0.1516,0.1516,2.0,50699629.0,1.0,1.0,76.0,3.0,0.039473683,0.5935,0.6782,3.0,True
False,0.0,,0.0385,0.1507,0.0754,3.0,50805115.0,2.0,2.0,76.0,3.0,0.039473683,0.6189,0.6958,3.0,False
True,1.0,0.1105,0.1105,0.1483,0.0742,4.0,51199743.0,2.0,2.0,76.0,3.0,0.039473683,0.6402,0.7117,,False
False,0.0,,1.0,1.0,1.0,0.0,0.0,1.0,1.0,99.0,99.0,1.0,0.6911,0.0002,15.0,True
False,0.0,0.0955,0.131,0.131,0.131,1.0,50699629.0,1.0,1.0,100.0,3.0,0.03,0.5935,0.6782,15.0,True
False,0.0,,0.0294,0.1302,0.0651,2.0,50805115.0,2.0,2.0,100.0,3.0,0.03,0.6189,0.6958,15.0,False
True,1.0,0.0992,0.0992,0.1281,0.0641,3.0,51199743.0,2.0,2.0,100.0,3.0,0.03,0.6402,0.7117,,False
False,0.0,,1.0,1.0,1.0,0.0,0.0,1.0,1.0,12.0,12.0,1.0,0.6911,0.0002,,True
False,0.0,,1.0,1.0,1.0,0.0,0.0,1.0,1.0,177.0,177.0,1.0,0.6911,0.0002,14.0,True
False,0.0,0.0955,0.1156,0.1156,0.1156,1.0,50699629.0,1.0,1.0,178.0,3.0,0.016853932,0.5935,0.6782,14.0,True
False,0.0,,0.0167,0.1148,0.0574,2.0,50805115.0,2.0,2.0,178.0,3.0,0.016853932,0.6189,0.6958,14.0,False
True,1.0,0.0966,0.0966,0.113,0.0565,3.0,51199743.0,2.0,2.0,178.0,3.0,0.016853932,0.6402,0.7117,,False
False,0.0,,1.0,1.0,1.0,0.0,0.0,1.0,1.0,20.0,20.0,1.0,0.6911,0.0002,,True
False,0.0,,1.0,1.0,1.0,0.0,0.0,1.0,1.0,226.0,226.0,1.0,0.6911,0.0002,16.0,True
False,0.0,0.1125,0.1165,0.1165,0.1165,1.0,47163297.0,1.0,1.0,226.0,1.0,0.0044247787,0.5733,0.5036,16.0,True
False,0.0,0.0988,0.1146,0.1146,0.1146,2.0,50699629.0,1.0,1.0,227.0,3.0,0.013215859,0.5935,0.6782,16.0,True
False,0.0,,0.0131,0.1138,0.0569,3.0,50805115.0,2.0,2.0,227.0,3.0,0.013215859,0.6189,0.6958,16.0,False
True,1.0,0.0991,0.0991,0.112,0.056,4.0,51199743.0,2.0,2.0,227.0,3.0,0.013215859,0.6402,0.7117,,False
False,0.0,,1.0,1.0,1.0,0.0,0.0,1.0,1.0,76.0,76.0,1.0,0.6911,0.0002,,True
False,0.0,,1.0,1.0,1.0,0.0,0.0,1.0,1.0,99.0,99.0,1.0,0.6911,0.0002,3.0,True
False,0.0,0.0955,0.1394,0.1394,0.1394,1.0,50699629.0,1.0,1.0,101.0,5.0,0.04950495,0.5935,0.6782,3.0,True
False,0.0,,0.0291,0.1386,0.0693,2.0,50805115.0,2.0,2.0,101.0,3.0,0.02970297,0.6189,0.6958,3.0,False
True,1.0,0.1077,0.1077,0.1364,0.0682,3.0,51199743.0,2.0,2.0,101.0,3.0,0.02970297,0.6402,0.7117,,False
False,0.0,,1.0,1.0,1.0,0.0,0.0,1.0,1.0,291.0,291.0,1.0,0.6911,0.0002,,True
False,0.0,,1.0,1.0,1.0,0.0,0.0,1.0,1.0,142.0,142.0,1.0,0.6911,0.0002,8.0,True
False,0.0,0.0955,0.1204,0.1204,0.1204,1.0,50699629.0,1.0,1.0,143.0,3.0,0.02097902,0.5935,0.6782,8.0,True
False,0.0,,0.0207,0.1197,0.0598,2.0,50805115.0,2.0,2.0,143.0,3.0,0.02097902,0.6189,0.6958,8.0,False
True,1.0,0.0974,0.0974,0.1178,0.0589,3.0,51199743.0,2.0,2.0,143.0,3.0,0.02097902,0.6402,0.7117,,False
False,0.0,,1.0,1.0,1.0,0.0,0.0,1.0,1.0,238.0,238.0,1.0,0.6911,0.0002,6.0,True
False,0.0,0.5615,0.5633,0.5633,0.5633,1.0,12501732.0,1.0,1.0,238.0,1.0,0.004201681,0.6654,0.1552,6.0,False
False,0.0,0.0958,0.1108,0.1108,0.1108,2.0,50699629.0,1.0,1.0,239.0,3.0,0.012552301,0.5935,0.6782,6.0,True
False,0.0,,0.0124,0.11,0.055,3.0,50805115.0,2.0,2.0,239.0,3.0,0.012552301,0.6189,0.6958,6.0,False
True,1.0,0.096,0.096,0.1083,0.0541,4.0,51199743.0,2.0,2.0,239.0,3.0,0.012552301,0.6402,0.7117,,False
False,0.0,,1.0,1.0,1.0,0.0,0.0,1.0,1.0,134.0,134.0,1.0,0.6911,0.0002,2.0,True
False,0.0,0.0955,0.1219,0.1219,0.1219,1.0,50699629.0,1.0,1.0,135.0,3.0,0.022222223,0.5935,0.6782,2.0,True
False,0.0,,0.0219,0.1211,0.0606,2.0,50805115.0,2.0,2.0,135.0,3.0,0.022222223,0.6189,0.6958,2.0,False
True,1.0,0.0977,0.0977,0.1192,0.0596,3.0,51199743.0,2.0,2.0,135.0,3.0,0.022222223,0.6402,0.7117,,False
False,0.0,,1.0,1.0,1.0,0.0,0.0,1.0,1.0,1.0,1.0,1.0,0.6911,0.0002,,True
False,0.0,,1.0,1.0,1.0,0.0,0.0,1.0,1.0,52.0,52.0,1.0,0.6911,0.0002,,True
False,0.0,,1.0,1.0,1.0,0.0,0.0,1.0,1.0,202.0,202.0,1.0,0.6911,0.0002,,True
False,0.0,,1.0,1.0,1.0,0.0,0.0,1.0,1.0,369.0,369.0,1.0,0.6911,0.0002,,True
False,0.0,,1.0,1.0,1.0,0.0,0.0,1.0,1.0,178.0,178.0,1.0,0.6911,0.0002,,True
False,0.0,,1.0,1.0,1.0,0.0,0.0,1.0,1.0,59.0,59.0,1.0,0.6911,0.0002,,True
False,0.0,,1.0,1.0,1.0,0.0,0.0,1.0,1.0,147.0,147.0,1.0,0.6911,0.0002,,True
False,0.0,,1.0,1.0,1.0,0.0,0.0,1.0,1.0,102.0,102.0,1.0,0.6911,0.0002,,True
False,0.0,,1.0,1.0,1.0,0.0,0.0,1.0,1.0,321.0,321.0,1.0,0.6911,0.0002,13.0,True
False,0.0,0.0955,0.1067,0.1067,0.1067,1.0,50699629.0,1.0,1.0,322.0,3.0,0.00931677,0.5935,0.6782,13.0,True
False,0.0,,0.0093,0.1059,0.0529,2.0,50805115.0,2.0,2.0,322.0,3.0,0.00931677,0.6189,0.6958,13.0,False
True,1.0,0.0951,0.0951,0.1042,0.0521,3.0,51199743.0,2.0,2.0,322.0,3.0,0.00931677,0.6402,0.7117,,False
False,0.0,,1.0,1.0,1.0,0.0,0.0,1.0,1.0,77.0,77.0,1.0,0.6911,0.0002,3.0,True
False,0.0,0.0955,0.1407,0.1407,0.1407,1.0,50699629.0,1.0,1.0,78.0,3.0,0.03846154,0.5935,0.6782,3.0,True
False,0.0,,0.0375,0.1399,0.07,2.0,50805115.0,2.0,2.0,78.0,3.0,0.03846154,0.6189,0.6958,3.0,False
True,1.0,0.1008,0.1008,0.1377,0.0689,3.0,51199743.0,2.0,2.0,78.0,3.0,0.03846154,0.6402,0.7117,,False
False,0.0,,1.0,1.0,1.0,0.0,0.0,1.0,1.0,431.0,431.0,1.0,0.6911,0.0002,15.0,True
False,0.0,0.0955,0.1038,0.1038,0.1038,1.0,50699629.0,1.0,1.0,432.0,3.0,0.0069444445,0.5935,0.6782,15.0,True
False,0.0,,0.0069,0.1031,0.0515,2.0,50805115.0,2.0,2.0,432.0,3.0,0.0069444445,0.6189,0.6958,15.0,False
True,1.0,0.0946,0.0946,0.1014,0.0507,3.0,51199743.0,2.0,2.0,432.0,3.0,0.0069444445,0.6402,0.7117,,False
False,0.0,,1.0,1.0,1.0,0.0,0.0,1.0,1.0,157.0,157.0,1.0,0.6911,0.0002,1.0,True
False,0.0,0.0955,0.1181,0.1181,0.1181,1.0,50699629.0,1.0,1.0,158.0,3.0,0.01898734,0.5935,0.6782,1.0,True
False,0.0,,0.0188,0.1173,0.0587,2.0,50805115.0,2.0,2.0,158.0,3.0,0.01898734,0.6189,0.6958,1.0,False
True,1.0,0.097,0.097,0.1155,0.0577,3.0,51199743.0,2.0,2.0,158.0,3.0,0.01898734,0.6402,0.7117,,False
False,0.0,,1.0,1.0,1.0,0.0,0.0,1.0,1.0,87.0,87.0,1.0,0.6911,0.0002,1.0,True
False,0.0,0.0955,0.1357,0.1357,0.1357,1.0,50699629.0,1.0,1.0,88.0,3.0,0.03409091,0.5935,0.6782,1.0,True
False,0.0,,0.0333,0.1349,0.0675,2.0,50805115.0,2.0,2.0,88.0,3.0,0.03409091,0.6189,0.6958,1.0,False
True,1.0,0.1,0.1,0.1328,0.0664,3.0,51199743.0,2.0,2.0,88.0,3.0,0.03409091,0.6402,0.7117,,False
False,0.0,,1.0,1.0,1.0,0.0,0.0,1.0,1.0,315.0,315.0,1.0,0.6911,0.0002,16.0,True
False,0.0,0.1887,0.2039,0.2039,0.2039,1.0,36015051.0,1.0,1.0,319.0,5.0,0.015673982,0.5792,0.3782,16.0,False
False,0.0,0.1216,0.1299,0.1299,0.1299,2.0,47163297.0,1.0,1.0,319.0,3.0,0.009404388,0.5733,0.5036,16.0,True
False,0.0,0.1103,0.1214,0.1214,0.1214,3.0,50699629.0,1.0,1.0,320.0,3.0,0.009375,0.5935,0.6782,16.0,True
False,0.0,,0.0093,0.1205,0.0602,4.0,50805115.0,2.0,2.0,320.0,3.0,0.009375,0.6189,0.6958,16.0,False
True,1.0,0.1094,0.1094,0.1186,0.0593,5.0,51199743.0,2.0,2.0,320.0,3.0,0.009375,0.6402,0.7117,,False
False,0.0,,1.0,1.0,1.0,0.0,0.0,1.0,1.0,413.0,413.0,1.0,0.6911,0.0002,,True
False,0.0,,1.0,1.0,1.0,0.0,0.0,1.0,1.0,310.0,310.0,1.0,0.6911,0.0002,7.0,True
False,0.0,0.0955,0.1071,0.1071,0.1071,1.0,50699629.0,1.0,1.0,311.0,3.0,0.009646302,0.5935,0.6782,7.0,True
False,0.0,,0.0096,0.1063,0.0531,2.0,50805115.0,2.0,2.0,311.0,3.0,0.009646302,0.6189,0.6958,7.0,False
True,1.0,0.0952,0.0952,0.1046,0.0523,3.0,51199743.0,2.0,2.0,311.0,3.0,0.009646302,0.6402,0.7117,,False
False,0.0,,1.0,1.0,1.0,0.0,0.0,1.0,1.0,2450.0,2450.0,1.0,0.6911,0.0002,,True
False,0.0,,1.0,1.0,1.0,0.0,0.0,1.0,1.0,239.0,239.0,1.0,0.6911,0.0002,0.0,True
False,0.0,0.0955,0.1104,0.1104,0.1104,1.0,50699629.0,1.0,1.0,240.0,3.0,0.0125,0.5935,0.6782,0.0,True
False,0.0,,0.0124,0.1097,0.0548,2.0,50805115.0,2.0,2.0,240.0,3.0,0.0125,0.6189,0.6958,0.0,False
True,1.0,0.0957,0.0957,0.1079,0.054,3.0,51199743.0,2.0,2.0,240.0,3.0,0.0125,0.6402,0.7117,,False
False,0.0,,1.0,1.0,1.0,0.0,0.0,1.0,1.0,1968.0,1968.0,1.0,0.6911,0.0002,,True
False,0.0,,1.0,1.0,1.0,0.0,0.0,1.0,1.0,43.0,43.0,1.0,0.6911,0.0002,1.0,True
False,0.0,0.0955,0.1741,0.1741,0.1741,1.0,50699629.0,1.0,1.0,44.0,3.0,0.06818182,0.5935,0.6782,1.0,True
False,0.0,,0.0652,0.1734,0.0867,2.0,50805115.0,2.0,2.0,44.0,3.0,0.06818182,0.6189,0.6958,1.0,False
True,1.0,0.1064,0.1064,0.1706,0.0853,3.0,51199743.0,2.0,2.0,44.0,3.0,0.06818182,0.6402,0.7117,,False
False,0.0,,1.0,1.0,1.0,0.0,0.0,1.0,1.0,118.0,118.0,1.0,0.6911,0.0002,7.0,True
False,0.0,0.0955,0.1254,0.1254,0.1254,1.0,50699629.0,1.0,1.0,119.0,3.0,0.025210084,0.5935,0.6782,7.0,True
False,0.0,,0.0248,0.1246,0.0623,2.0,50805115.0,2.0,2.0,119.0,3.0,0.025210084,0.6189,0.6958,7.0,False
True,1.0,0.0982,0.0982,0.1226,0.0613,3.0,51199743.0,2.0,2.0,119.0,3.0,0.025210084,0.6402,0.7117,,False
False,0.0,,1.0,1.0,1.0,0.0,0.0,1.0,1.0,2.0,2.0,1.0,0.6911,0.0002,,True
False,0.0,,1.0,1.0,1.0,0.0,0.0,1.0,1.0,5.0,5.0,1.0,0.6911,0.0002,,True
False,0.0,,1.0,1.0,1.0,0.0,0.0,1.0,1.0,2.0,2.0,1.0,0.6911,0.0002,,True
False,0.0,,1.0,1.0,1.0,0.0,0.0,1.0,1.0,7.0,7.0,1.0,0.6911,0.0002,,True
False,0.0,,1.0,1.0,1.0,0.0,0.0,1.0,1.0,2.0,2.0,1.0,0.6911,0.0002,,True
False,0.0,,1.0,1.0,1.0,0.0,0.0,1.0,1.0,32.0,32.0,1.0,0.6911,0.0002,,True
False,0.0,,1.0,1.0,1.0,0.0,0.0,1.0,1.0,119.0,119.0,1.0,0.6911,0.0002,,True
False,0.0,,1.0,1.0,1.0,0.0,0.0,1.0,1.0,105.0,105.0,1.0,0.6911,0.0002,,True
False,0.0,,1.0,1.0,1.0,0.0,0.0,1.0,1.0,73.0,73.0,1.0,0.6911,0.0002,1.0,True
False,0.0,0.0955,0.1431,0.1431,0.1431,1.0,50699629.0,1.0,1.0,74.0,3.0,0.04054054,0.5935,0.6782,1.0,True
False,0.0,,0.0395,0.1423,0.0712,2.0,50805115.0,2.0,2.0,74.0,3.0,0.04054054,0.6189,0.6958,1.0,False
True,1.0,0.1012,0.1012,0.1401,0.07,3.0,51199743.0,2.0,2.0,74.0,3.0,0.04054054,0.6402,0.7117,,False
False,0.0,,1.0,1.0,1.0,0.0,0.0,1.0,1.0,15.0,15.0,1.0,0.6911,0.0002,,True
False,0.0,,1.0,1.0,1.0,0.0,0.0,1.0,1.0,155.0,155.0,1.0,0.6911,0.0002,12.0,True
False,0.0,0.0955,0.1184,0.1184,0.1184,1.0,50699629.0,1.0,1.0,156.0,3.0,0.01923077,0.5935,0.6782,12.0,True
False,0.0,,0.019,0.1176,0.0588,2.0,50805115.0,2.0,2.0,156.0,3.0,0.01923077,0.6189,0.6958,12.0,False
True,1.0,0.0971,0.0971,0.1158,0.0579,3.0,51199743.0,2.0,2.0,156.0,3.0,0.01923077,0.6402,0.7117,,False
False,0.0,,1.0,1.0,1.0,0.0,0.0,1.0,1.0,304.0,304.0,1.0,0.6911,0.0002,12.0,True
False,0.0,0.0955,0.1073,0.1073,0.1073,1.0,50699629.0,1.0,1.0,305.0,3.0,0.009836066,0.5935,0.6782,12.0,True
False,0.0,,0.0098,0.1065,0.0533,2.0,50805115.0,2.0,2.0,305.0,3.0,0.009836066,0.6189,0.6958,12.0,False
True,1.0,0.0952,0.0952,0.1048,0.0524,3.0,51199743.0,2.0,2.0,305.0,3.0,0.009836066,0.6402,0.7117,,False
False,0.0,,1.0,1.0,1.0,0.0,0.0,1.0,1.0,87.0,87.0,1.0,0.6911,0.0002,1.0,True
False,0.0,0.0955,0.1357,0.1357,0.1357,1.0,50699629.0,1.0,1.0,88.0,3.0,0.03409091,0.5935,0.6782,1.0,True
False,0.0,,0.0333,0.1349,0.0675,2.0,50805115.0,2.0,2.0,88.0,3.0,0.03409091,0.6189,0.6958,1.0,False
True,1.0,0.1,0.1,0.1328,0.0664,3.0,51199743.0,2.0,2.0,88.0,3.0,0.03409091,0.6402,0.7117,,False
False,0.0,,1.0,1.0,1.0,0.0,0.0,1.0,1.0,210.0,210.0,1.0,0.6911,0.0002,18.0,True
False,0.0,0.0955,0.1125,0.1125,0.1125,1.0,50699629.0,1.0,1.0,211.0,3.0,0.014218009,0.5935,0.6782,18.0,True
False,0.0,,0.0141,0.1117,0.0559,2.0,50805115.0,2.0,2.0,211.0,3.0,0.014218009,0.6189,0.6958,18.0,False
True,1.0,0.0961,0.0961,0.1099,0.055,3.0,51199743.0,2.0,2.0,211.0,3.0,0.014218009,0.6402,0.7117,,False
False,0.0,,1.0,1.0,1.0,0.0,0.0,1.0,1.0,40.0,40.0,1.0,0.6911,0.0002,1.0,True
False,0.0,0.0955,0.1796,0.1796,0.1796,1.0,50699629.0,1.0,1.0,41.0,3.0,0.07317073,0.5935,0.6782,1.0,True
False,0.0,,0.0698,0.1788,0.0894,2.0,50805115.0,2.0,2.0,41.0,3.0,0.07317073,0.6189,0.6958,1.0,False
True,1.0,0.1073,0.1073,0.176,0.088,3.0,51199743.0,2.0,2.0,41.0,3.0,0.07317073,0.6402,0.7117,,False
False,0.0,,1.0,1.0,1.0,0.0,0.0,1.0,1.0,155.0,155.0,1.0,0.6911,0.0002,11.0,True
False,0.0,0.0955,0.1184,0.1184,0.1184,1.0,50699629.0,1.0,1.0,156.0,3.0,0.01923077,0.5935,0.6782,11.0,True
False,0.0,,0.019,0.1176,0.0588,2.0,50805115.0,2.0,2.0,156.0,3.0,0.01923077,0.6189,0.6958,11.0,False
True,1.0,0.0971,0.0971,0.1158,0.0579,3.0,51199743.0,2.0,2.0,156.0,3.0,0.01923077,0.6402,0.7117,,False
False,0.0,,1.0,1.0,1.0,0.0,0.0,1.0,1.0,105.0,105.0,1.0,0.6911,0.0002,8.0,True
False,0.0,0.0955,0.129,0.129,0.129,1.0,50699629.0,1.0,1.0,106.0,3.0,0.028301887,0.5935,0.6782,8.0,True
False,0.0,,0.0278,0.1282,0.0641,2.0,50805115.0,2.0,2.0,106.0,3.0,0.028301887,0.6189,0.6958,8.0,False
True,1.0,0.0988,0.0988,0.1262,0.0631,3.0,51199743.0,2.0,2.0,106.0,3.0,0.028301887,0.6402,0.7117,,False
False,0.0,,1.0,1.0,1.0,0.0,0.0,1.0,1.0,7.0,7.0,1.0,0.6911,0.0002,,True
False,0.0,,1.0,1.0,1.0,0.0,0.0,1.0,1.0,247.0,247.0,1.0,0.6911,0.0002,11.0,True
False,0.0,0.988,0.9881,0.9881,0.9881,1.0,333686.0,1.0,1.0,247.0,1.0,0.004048583,0.6921,0.0081,11.0,False
False,0.0,0.0955,0.11,0.11,0.11,2.0,50699629.0,1.0,1.0,248.0,3.0,0.012096774,0.5935,0.6782,11.0,True
False,0.0,,0.012,0.1092,0.0546,3.0,50805115.0,2.0,2.0,248.0,3.0,0.012096774,0.6189,0.6958,11.0,False
True,1.0,0.0957,0.0957,0.1075,0.0537,4.0,51199743.0,2.0,2.0,248.0,3.0,0.012096774,0.6402,0.7117,,False
False,0.0,,1.0,1.0,1.0,0.0,0.0,1.0,1.0,1.0,1.0,1.0,0.6911,0.0002,,True
False,0.0,,1.0,1.0,1.0,0.0,0.0,1.0,1.0,74.0,74.0,1.0,0.6911,0.0002,4.0,True
False,0.0,0.0955,0.1425,0.1425,0.1425,1.0,50699629.0,1.0,1.0,75.0,3.0,0.04,0.5935,0.6782,4.0,True
False,0.0,,0.039,0.1417,0.0709,2.0,50805115.0,2.0,2.0,75.0,3.0,0.04,0.6189,0.6958,4.0,False
True,1.0,0.1011,0.1011,0.1395,0.0697,3.0,51199743.0,2.0,2.0,75.0,3.0,0.04,0.6402,0.7117,,False
False,0.0,,1.0,1.0,1.0,0.0,0.0,1.0,1.0,4.0,4.0,1.0,0.6911,0.0002,,True
False,0.0,,1.0,1.0,1.0,0.0,0.0,1.0,1.0,12.0,12.0,1.0,0.6911,0.0002,,True
False,0.0,,1.0,1.0,1.0,0.0,0.0,1.0,1.0,102.0,102.0,1.0,0.6911,0.0002,,True
False,0.0,,1.0,1.0,1.0,0.0,0.0,1.0,1.0,30.0,30.0,1.0,0.6911,0.0002,,True
False,0.0,,1.0,1.0,1.0,0.0,0.0,1.0,1.0,192.0,192.0,1.0,0.6911,0.0002,,True
False,0.0,,1.0,1.0,1.0,0.0,0.0,1.0,1.0,468.0,468.0,1.0,0.6911,0.0002,,True
False,0.0,,1.0,1.0,1.0,0.0,0.0,1.0,1.0,94.0,94.0,1.0,0.6911,0.0002,,True
False,0.0,,1.0,1.0,1.0,0.0,0.0,1.0,1.0,107.0,107.0,1.0,0.6911,0.0002,,True
False,0.0,,1.0,1.0,1.0,0.0,0.0,1.0,1.0,105.0,105.0,1.0,0.6911,0.0002,6.0,True
False,0.0,0.1125,0.1783,0.1783,0.1783,1.0,47163297.0,1.0,1.0,106.0,7.0,0.06603774,0.5733,0.5036,6.0,True
False,0.0,0.1515,0.1834,0.1834,0.1834,2.0,50699629.0,1.0,1.0,107.0,3.0,0.028037382,0.5935,0.6782,6.0,True
False,0.0,,0.0273,0.1822,0.0911,3.0,50805115.0,2.0,2.0,107.0,3.0,0.028037382,0.6189,0.6958,6.0,False
True,1.0,0.1524,0.1524,0.1793,0.0896,4.0,51199743.0,2.0,2.0,107.0,3.0,0.028037382,0.6402,0.7117,,False
False,0.0,,1.0,1.0,1.0,0.0,0.0,1.0,1.0,107.0,107.0,1.0,0.6911,0.0002,,True
False,0.0,,1.0,1.0,1.0,0.0,0.0,1.0,1.0,208.0,208.0,1.0,0.6911,0.0002,6.0,True
False,0.0,0.1125,0.1338,0.1338,0.1338,1.0,47163297.0,1.0,1.0,208.0,5.0,0.024038462,0.5733,0.5036,6.0,True
False,0.0,0.1136,0.1306,0.1306,0.1306,2.0,50699629.0,1.0,1.0,209.0,3.0,0.014354067,0.5935,0.6782,6.0,True
False,0.0,,0.0142,0.1297,0.0648,3.0,50805115.0,2.0,2.0,209.0,3.0,0.014354067,0.6189,0.6958,6.0,False
True,1.0,0.1136,0.1136,0.1276,0.0638,4.0,51199743.0,2.0,2.0,209.0,3.0,0.014354067,0.6402,0.7117,,False
False,0.0,,1.0,1.0,1.0,0.0,0.0,1.0,1.0,202.0,202.0,1.0,0.6911,0.0002,,True
False,0.0,,1.0,1.0,1.0,0.0,0.0,1.0,1.0,217.0,217.0,1.0,0.6911,0.0002,7.0,True
False,0.0,0.0955,0.1119,0.1119,0.1119,1.0,50699629.0,1.0,1.0,218.0,3.0,0.013761468,0.5935,0.6782,7.0,True
False,0.0,,0.0136,0.1112,0.0556,2.0,50805115.0,2.0,2.0,218.0,3.0,0.013761468,0.6189,0.6958,7.0,False
True,1.0,0.096,0.096,0.1094,0.0547,3.0,51199743.0,2.0,2.0,218.0,3.0,0.013761468,0.6402,0.7117,,False
False,0.0,,1.0,1.0,1.0,0.0,0.0,1.0,1.0,316.0,316.0,1.0,0.6911,0.0002,23.0,True
False,0.0,0.0955,0.1068,0.1068,0.1068,1.0,50699629.0,1.0,1.0,317.0,3.0,0.009463723,0.5935,0.6782,23.0,True
False,0.0,,0.0094,0.1061,0.053,2.0,50805115.0,2.0,2.0,317.0,3.0,0.009463723,0.6189,0.6958,23.0,False
True,1.0,0.0951,0.0951,0.1044,0.0522,3.0,51199743.0,2.0,2.0,317.0,3.0,0.009463723,0.6402,0.7117,,False
False,0.0,,1.0,1.0,1.0,0.0,0.0,1.0,1.0,583.0,583.0,1.0,0.6911,0.0002,28.0,True
False,0.0,0.0955,0.1017,0.1017,0.1017,1.0,50699629.0,1.0,1.0,584.0,3.0,0.0051369863,0.5935,0.6782,28.0,True
False,0.0,,0.0051,0.1009,0.0505,2.0,50805115.0,2.0,2.0,584.0,3.0,0.0051369863,0.6189,0.6958,28.0,False
True,1.0,0.0943,0.0943,0.0993,0.0496,3.0,51199743.0,2.0,2.0,584.0,3.0,0.0051369863,0.6402,0.7117,,False
False,0.0,,1.0,1.0,1.0,0.0,0.0,1.0,1.0,85.0,85.0,1.0,0.6911,0.0002,3.0,True
False,0.0,0.0955,0.1366,0.1366,0.1366,1.0,50699629.0,1.0,1.0,86.0,3.0,0.034883723,0.5935,0.6782,3.0,True
False,0.0,,0.0341,0.1358,0.0679,2.0,50805115.0,2.0,2.0,86.0,3.0,0.034883723,0.6189,0.6958,3.0,False
True,1.0,0.1001,0.1001,0.1337,0.0668,3.0,51199743.0,2.0,2.0,86.0,3.0,0.034883723,0.6402,0.7117,,False
False,0.0,,1.0,1.0,1.0,0.0,0.0,1.0,1.0,13.0,13.0,1.0,0.6911,0.0002,0.0,True
False,0.0,0.0955,0.3216,0.3216,0.3216,1.0,50699629.0,1.0,1.0,14.0,3.0,0.21428572,0.5935,0.6782,0.0,True
False,0.0,,0.1875,0.3208,0.1604,2.0,50805115.0,2.0,2.0,14.0,3.0,0.21428572,0.6189,0.6958,0.0,False
True,1.0,0.1312,0.1312,0.3157,0.1578,3.0,51199743.0,2.0,2.0,14.0,3.0,0.21428572,0.6402,0.7117,,False
False,0.0,,1.0,1.0,1.0,0.0,0.0,1.0,1.0,34.0,34.0,1.0,0.6911,0.0002,1.0,True
False,0.0,0.0955,0.1933,0.1933,0.1933,1.0,50699629.0,1.0,1.0,35.0,3.0,0.08571429,0.5935,0.6782,1.0,True
False,0.0,,0.0811,0.1925,0.0962,2.0,50805115.0,2.0,2.0,35.0,3.0,0.08571429,0.6189,0.6958,1.0,False
True,1.0,0.1096,0.1096,0.1894,0.0947,3.0,51199743.0,2.0,2.0,35.0,3.0,0.08571429,0.6402,0.7117,,False
False,0.0,,1.0,1.0,1.0,0.0,0.0,1.0,1.0,163.0,163.0,1.0,0.6911,0.0002,15.0,True
False,0.0,0.0955,0.1173,0.1173,0.1173,1.0,50699629.0,1.0,1.0,164.0,3.0,0.018292682,0.5935,0.6782,15.0,True
False,0.0,,0.0181,0.1165,0.0583,2.0,50805115.0,2.0,2.0,164.0,3.0,0.018292682,0.6189,0.6958,15.0,False
True,1.0,0.0969,0.0969,0.1147,0.0573,3.0,51199743.0,2.0,2.0,164.0,3.0,0.018292682,0.6402,0.7117,,False
False,0.0,,1.0,1.0,1.0,0.0,0.0,1.0,1.0,145.0,145.0,1.0,0.6911,0.0002,8.0,True
False,0.0,0.0955,0.1199,0.1199,0.1199,1.0,50699629.0,1.0,1.0,146.0,3.0,0.020547945,0.5935,0.6782,8.0,True
False,0.0,,0.0203,0.1192,0.0596,2.0,50805115.0,2.0,2.0,146.0,3.0,0.020547945,0.6189,0.6958,8.0,False
True,1.0,0.0973,0.0973,0.1173,0.0586,3.0,51199743.0,2.0,2.0,146.0,3.0,0.020547945,0.6402,0.7117,,False
False,0.0,,1.0,1.0,1.0,0.0,0.0,1.0,1.0,12.0,12.0,1.0,0.6911,0.0002,,True
False,0.0,,1.0,1.0,1.0,0.0,0.0,1.0,1.0,33.0,33.0,1.0,0.6911,0.0002,,True
False,0.0,,1.0,1.0,1.0,0.0,0.0,1.0,1.0,18.0,18.0,1.0,0.6911,0.0002,,True
False,0.0,,1.0,1.0,1.0,0.0,0.0,1.0,1.0,54.0,54.0,1.0,0.6911,0.0002,,True
False,0.0,,1.0,1.0,1.0,0.0,0.0,1.0,1.0,163.0,163.0,1.0,0.6911,0.0002,7.0,True
False,0.0,,1.0,1.0,1.0,0.0,0.0,1.0,1.0,150.0,150.0,1.0,0.6911,0.0002,6.0,True
False,0.0,,1.0,1.0,1.0,0.0,0.0,1.0,1.0,130.0,130.0,1.0,0.6911,0.0002,3.0,True
False,0.0,,1.0,1.0,1.0,0.0,0.0,1.0,1.0,118.0,118.0,1.0,0.6911,0.0002,3.0,True
False,0.0,,1.0,1.0,1.0,0.0,0.0,1.0,1.0,76.0,76.0,1.0,0.6911,0.0002,4.0,True
False,0.0,0.0955,0.1413,0.1413,0.1413,1.0,50699629.0,1.0,1.0,77.0,3.0,0.038961038,0.5935,0.6782,4.0,True
False,0.0,,0.038,0.1405,0.0703,2.0,50805115.0,2.0,2.0,77.0,3.0,0.038961038,0.6189,0.6958,4.0,False
True,1.0,0.1009,0.1009,0.1383,0.0691,3.0,51199743.0,2.0,2.0,77.0,3.0,0.038961038,0.6402,0.7117,,False
False,0.0,,1.0,1.0,1.0,0.0,0.0,1.0,1.0,90.0,90.0,1.0,0.6911,0.0002,3.0,True
False,0.0,,1.0,1.0,1.0,0.0,0.0,1.0,1.0,84.0,84.0,1.0,0.6911,0.0002,2.0,True
False,0.0,0.0955,0.1371,0.1371,0.1371,1.0,50699629.0,1.0,1.0,85.0,3.0,0.03529412,0.5935,0.6782,2.0,True
False,0.0,,0.0345,0.1363,0.0682,2.0,50805115.0,2.0,2.0,85.0,3.0,0.03529412,0.6189,0.6958,2.0,False
True,1.0,0.1002,0.1002,0.1341,0.0671,3.0,51199743.0,2.0,2.0,85.0,3.0,0.03529412,0.6402,0.7117,,False
False,0.0,,1.0,1.0,1.0,0.0,0.0,1.0,1.0,70.0,70.0,1.0,0.6911,0.0002,2.0,True
False,0.0,,1.0,1.0,1.0,0.0,0.0,1.0,1.0,96.0,96.0,1.0,0.6911,0.0002,7.0,True
False,0.0,0.0955,0.132,0.132,0.132,1.0,50699629.0,1.0,1.0,97.0,3.0,0.030927835,0.5935,0.6782,7.0,True
False,0.0,,0.0303,0.1313,0.0656,2.0,50805115.0,2.0,2.0,97.0,3.0,0.030927835,0.6189,0.6958,7.0,False
True,1.0,0.0994,0.0994,0.1292,0.0646,3.0,51199743.0,2.0,2.0,97.0,3.0,0.030927835,0.6402,0.7117,,False
False,0.0,,1.0,1.0,1.0,0.0,0.0,1.0,1.0,119.0,119.0,1.0,0.6911,0.0002,4.0,True
False,0.0,,1.0,1.0,1.0,0.0,0.0,1.0,1.0,115.0,115.0,1.0,0.6911,0.0002,3.0,True
False,0.0,0.0955,0.1262,0.1262,0.1262,1.0,50699629.0,1.0,1.0,116.0,3.0,0.02586207,0.5935,0.6782,3.0,True
False,0.0,,0.0254,0.1254,0.0627,2.0,50805115.0,2.0,2.0,116.0,3.0,0.02586207,0.6189,0.6958,3.0,False
True,1.0,0.0984,0.0984,0.1234,0.0617,3.0,51199743.0,2.0,2.0,116.0,3.0,0.02586207,0.6402,0.7117,,False
False,0.0,,1.0,1.0,1.0,0.0,0.0,1.0,1.0,97.0,97.0,1.0,0.6911,0.0002,3.0,True
False,0.0,0.0955,0.1317,0.1317,0.1317,1.0,50699629.0,1.0,1.0,98.0,3.0,0.030612245,0.5935,0.6782,3.0,True
False,0.0,,0.03,0.1309,0.0655,2.0,50805115.0,2.0,2.0,98.0,3.0,0.030612245,0.6189,0.6958,3.0,False
True,1.0,0.0993,0.0993,0.1288,0.0644,3.0,51199743.0,2.0,2.0,98.0,3.0,0.030612245,0.6402,0.7117,,False
False,0.0,,1.0,1.0,1.0,0.0,0.0,1.0,1.0,65.0,65.0,1.0,0.6911,0.0002,4.0,True
False,0.0,0.0955,0.1487,0.1487,0.1487,1.0,50699629.0,1.0,1.0,66.0,3.0,0.045454547,0.5935,0.6782,4.0,True
False,0.0,,0.0441,0.1479,0.074,2.0,50805115.0,2.0,2.0,66.0,3.0,0.045454547,0.6189,0.6958,4.0,False
True,1.0,0.1022,0.1022,0.1456,0.0728,3.0,51199743.0,2.0,2.0,66.0,3.0,0.045454547,0.6402,0.7117,,False
False,0.0,,1.0,1.0,1.0,0.0,0.0,1.0,1.0,54.0,54.0,1.0,0.6911,0.0002,1.0,True
False,0.0,0.0955,0.159,0.159,0.159,1.0,50699629.0,1.0,1.0,55.0,3.0,0.054545455,0.5935,0.6782,1.0,True
False,0.0,,0.0526,0.1582,0.0791,2.0,50805115.0,2.0,2.0,55.0,3.0,0.054545455,0.6189,0.6958,1.0,False
True,1.0,0.1039,0.1039,0.1557,0.0778,3.0,51199743.0,2.0,2.0,55.0,3.0,0.054545455,0.6402,0.7117,,False
False,0.0,,1.0,1.0,1.0,0.0,0.0,1.0,1.0,90.0,90.0,1.0,0.6911,0.0002,7.0,True
False,0.0,0.1176,0.2437,0.2437,0.2437,1.0,46194648.0,1.0,1.0,102.0,13.0,0.12745099,0.5715,0.4773,8.0,False
False,0.0,0.1978,0.2297,0.2297,0.2297,2.0,50699629.0,1.0,1.0,103.0,3.0,0.029126214,0.5935,0.6782,8.0,True
False,0.0,,0.028,0.2286,0.1143,3.0,50805115.0,2.0,2.0,103.0,3.0,0.029126214,0.6189,0.6958,8.0,False
True,1.0,0.1974,0.1974,0.225,0.1125,4.0,51199743.0,2.0,2.0,103.0,3.0,0.029126214,0.6402,0.7117,,False
False,0.0,,1.0,1.0,1.0,0.0,0.0,1.0,1.0,34.0,34.0,1.0,0.6911,0.0002,1.0,True
False,0.0,0.0955,0.1933,0.1933,0.1933,1.0,50699629.0,1.0,1.0,35.0,3.0,0.08571429,0.5935,0.6782,1.0,True
False,0.0,,0.0811,0.1925,0.0962,2.0,50805115.0,2.0,2.0,35.0,3.0,0.08571429,0.6189,0.6958,1.0,False
True,1.0,0.1096,0.1096,0.1894,0.0947,3.0,51199743.0,2.0,2.0,35.0,3.0,0.08571429,0.6402,0.7117,,False
False,0.0,,1.0,1.0,1.0,0.0,0.0,1.0,1.0,152.0,152.0,1.0,0.6911,0.0002,12.0,True
False,0.0,0.0955,0.1188,0.1188,0.1188,1.0,50699629.0,1.0,1.0,153.0,3.0,0.019607844,0.5935,0.6782,12.0,True
False,0.0,,0.0194,0.1181,0.059,2.0,50805115.0,2.0,2.0,153.0,3.0,0.019607844,0.6189,0.6958,12.0,False
True,1.0,0.0971,0.0971,0.1162,0.0581,3.0,51199743.0,2.0,2.0,153.0,3.0,0.019607844,0.6402,0.7117,,False
False,0.0,,1.0,1.0,1.0,0.0,0.0,1.0,1.0,65.0,65.0,1.0,0.6911,0.0002,0.0,True
False,0.0,,1.0,1.0,1.0,0.0,0.0,1.0,1.0,76.0,76.0,1.0,0.6911,0.0002,2.0,True
False,0.0,,1.0,1.0,1.0,0.0,0.0,1.0,1.0,100.0,100.0,1.0,0.6911,0.0002,3.0,True
False,0.0,,1.0,1.0,1.0,0.0,0.0,1.0,1.0,71.0,71.0,1.0,0.6911,0.0002,1.0,True
False,0.0,,1.0,1.0,1.0,0.0,0.0,1.0,1.0,166.0,166.0,1.0,0.6911,0.0002,7.0,True
False,0.0,,1.0,1.0,1.0,0.0,0.0,1.0,1.0,62.0,62.0,1.0,0.6911,0.0002,3.0,True
False,0.0,,1.0,1.0,1.0,0.0,0.0,1.0,1.0,69.0,69.0,1.0,0.6911,0.0002,2.0,True
False,0.0,0.0955,0.1457,0.1457,0.1457,1.0,50699629.0,1.0,1.0,70.0,3.0,0.042857144,0.5935,0.6782,2.0,True
False,0.0,,0.0417,0.145,0.0725,2.0,50805115.0,2.0,2.0,70.0,3.0,0.042857144,0.6189,0.6958,2.0,False
True,1.0,0.1017,0.1017,0.1427,0.0713,3.0,51199743.0,2.0,2.0,70.0,3.0,0.042857144,0.6402,0.7117,,False
False,0.0,,1.0,1.0,1.0,0.0,0.0,1.0,1.0,45.0,45.0,1.0,0.6911,0.0002,0.0,True
False,0.0,,1.0,1.0,1.0,0.0,0.0,1.0,1.0,187.0,187.0,1.0,0.6911,0.0002,13.0,True
False,0.0,0.0955,0.1145,0.1145,0.1145,1.0,50699629.0,1.0,1.0,188.0,3.0,0.015957447,0.5935,0.6782,13.0,True
False,0.0,,0.0158,0.1138,0.0569,2.0,50805115.0,2.0,2.0,188.0,3.0,0.015957447,0.6189,0.6958,13.0,False
True,1.0,0.0964,0.0964,0.112,0.056,3.0,51199743.0,2.0,2.0,188.0,3.0,0.015957447,0.6402,0.7117,,False
False,0.0,,1.0,1.0,1.0,0.0,0.0,1.0,1.0,93.0,93.0,1.0,0.6911,0.0002,4.0,True
False,0.0,,1.0,1.0,1.0,0.0,0.0,1.0,1.0,137.0,137.0,1.0,0.6911,0.0002,12.0,True
False,0.0,0.0955,0.1213,0.1213,0.1213,1.0,50699629.0,1.0,1.0,138.0,3.0,0.02173913,0.5935,0.6782,12.0,True
False,0.0,,0.0214,0.1206,0.0603,2.0,50805115.0,2.0,2.0,138.0,3.0,0.02173913,0.6189,0.6958,12.0,False
True,1.0,0.0976,0.0976,0.1186,0.0593,3.0,51199743.0,2.0,2.0,138.0,3.0,0.02173913,0.6402,0.7117,,False
False,0.0,,1.0,1.0,1.0,0.0,0.0,1.0,1.0,105.0,105.0,1.0,0.6911,0.0002,10.0,True
False,0.0,,1.0,1.0,1.0,0.0,0.0,1.0,1.0,122.0,122.0,1.0,0.6911,0.0002,10.0,True
False,0.0,0.0955,0.1244,0.1244,0.1244,1.0,50699629.0,1.0,1.0,123.0,3.0,0.024390243,0.5935,0.6782,10.0,True
False,0.0,,0.024,0.1237,0.0618,2.0,50805115.0,2.0,2.0,123.0,3.0,0.024390243,0.6189,0.6958,10.0,False
True,1.0,0.0981,0.0981,0.1217,0.0608,3.0,51199743.0,2.0,2.0,123.0,3.0,0.024390243,0.6402,0.7117,,False
False,0.0,,1.0,1.0,1.0,0.0,0.0,1.0,1.0,73.0,73.0,1.0,0.6911,0.0002,2.0,True
False,0.0,,1.0,1.0,1.0,0.0,0.0,1.0,1.0,127.0,127.0,1.0,0.6911,0.0002,9.0,True
False,0.0,0.0955,0.1442,0.1442,0.1442,1.0,50699629.0,1.0,1.0,128.0,7.0,0.0546875,0.5935,0.6782,9.0,True
False,0.0,,0.0231,0.1434,0.0717,2.0,50805115.0,2.0,2.0,128.0,3.0,0.0234375,0.6189,0.6958,9.0,False
True,1.0,0.1184,0.1184,0.1411,0.0705,3.0,51199743.0,2.0,2.0,128.0,3.0,0.0234375,0.6402,0.7117,,False
False,0.0,,1.0,1.0,1.0,0.0,0.0,1.0,1.0,111.0,111.0,1.0,0.6911,0.0002,2.0,True
False,0.0,0.0955,0.1272,0.1272,0.1272,1.0,50699629.0,1.0,1.0,112.0,3.0,0.026785715,0.5935,0.6782,2.0,True
False,0.0,,0.0263,0.1265,0.0632,2.0,50805115.0,2.0,2.0,112.0,3.0,0.026785715,0.6189,0.6958,2.0,False
True,1.0,0.0986,0.0986,0.1244,0.0622,3.0,51199743.0,2.0,2.0,112.0,3.0,0.026785715,0.6402,0.7117,,False
False,0.0,,1.0,1.0,1.0,0.0,0.0,1.0,1.0,33.0,33.0,1.0,0.6911,0.0002,3.0,True
False,0.0,0.0955,0.196,0.196,0.196,1.0,50699629.0,1.0,1.0,34.0,3.0,0.0882353,0.5935,0.6782,3.0,True
False,0.0,,0.0833,0.1952,0.0976,2.0,50805115.0,2.0,2.0,34.0,3.0,0.0882353,0.6189,0.6958,3.0,False
True,1.0,0.1101,0.1101,0.1921,0.0961,3.0,51199743.0,2.0,2.0,34.0,3.0,0.0882353,0.6402,0.7117,,False
False,0.0,,1.0,1.0,1.0,0.0,0.0,1.0,1.0,68.0,68.0,1.0,0.6911,0.0002,4.0,True
False,0.0,,0.5392,0.6553,0.3276,1.0,29780955.0,2.0,2.0,97.0,61.0,0.62886596,0.6258,0.6459,6.0,True
False,0.0,,0.4074,0.7919,0.264,2.0,29955483.0,3.0,3.0,126.0,61.0,0.48412699,0.6244,0.7563,,False
False,0.0,0.0262,0.0543,0.3239,0.108,3.0,50699629.0,3.0,3.0,127.0,3.0,0.023622047,0.5935,0.6782,6.0,True
False,0.0,,0.0219,0.3226,0.0807,4.0,50805115.0,4.0,4.0,127.0,3.0,0.023622047,0.6189,0.6958,6.0,False
True,1.0,0.0317,0.0317,0.3175,0.0794,5.0,51199743.0,4.0,4.0,127.0,3.0,0.023622047,0.6402,0.7117,,False
False,0.0,,1.0,1.0,1.0,0.0,0.0,1.0,1.0,41.0,41.0,1.0,0.6911,0.0002,3.0,True
False,0.0,0.0955,0.1777,0.1777,0.1777,1.0,50699629.0,1.0,1.0,42.0,3.0,0.071428575,0.5935,0.6782,3.0,True
False,0.0,,0.0682,0.1769,0.0885,2.0,50805115.0,2.0,2.0,42.0,3.0,0.071428575,0.6189,0.6958,3.0,False
True,1.0,0.107,0.107,0.1741,0.0871,3.0,51199743.0,2.0,2.0,42.0,3.0,0.071428575,0.6402,0.7117,,False
False,0.0,,1.0,1.0,1.0,0.0,0.0,1.0,1.0,309.0,309.0,1.0,0.6911,0.0002,15.0,True
False,0.0,0.0955,0.1071,0.1071,0.1071,1.0,50699629.0,1.0,1.0,310.0,3.0,0.009677419,0.5935,0.6782,15.0,True
False,0.0,,0.0096,0.1063,0.0532,2.0,50805115.0,2.0,2.0,310.0,3.0,0.009677419,0.6189,0.6958,15.0,False
True,1.0,0.0952,0.0952,0.1046,0.0523,3.0,51199743.0,2.0,2.0,310.0,3.0,0.009677419,0.6402,0.7117,,False
False,0.0,,1.0,1.0,1.0,0.0,0.0,1.0,1.0,33.0,33.0,1.0,0.6911,0.0002,3.0,True
False,0.0,0.0955,0.196,0.196,0.196,1.0,50699629.0,1.0,1.0,34.0,3.0,0.0882353,0.5935,0.6782,3.0,True
False,0.0,,0.0833,0.1952,0.0976,2.0,50805115.0,2.0,2.0,34.0,3.0,0.0882353,0.6189,0.6958,3.0,False
True,1.0,0.1101,0.1101,0.1921,0.0961,3.0,51199743.0,2.0,2.0,34.0,3.0,0.0882353,0.6402,0.7117,,False
False,0.0,,1.0,1.0,1.0,0.0,0.0,1.0,1.0,59.0,59.0,1.0,0.6911,0.0002,2.0,True
False,0.0,0.0955,0.1538,0.1538,0.1538,1.0,50699629.0,1.0,1.0,60.0,3.0,0.05,0.5935,0.6782,2.0,True
False,0.0,,0.0484,0.1531,0.0765,2.0,50805115.0,2.0,2.0,60.0,3.0,0.05,0.6189,0.6958,2.0,False
True,1.0,0.103,0.103,0.1506,0.0753,3.0,51199743.0,2.0,2.0,60.0,3.0,0.05,0.6402,0.7117,,False
False,0.0,,1.0,1.0,1.0,0.0,0.0,1.0,1.0,680.0,680.0,1.0,0.6911,0.0002,10.0,True
False,0.0,0.5438,0.5499,0.5499,0.5499,1.0,13133022.0,1.0,1.0,666.0,30.0,0.045045044,0.6685,0.1625,10.0,True
False,0.0,,0.0015,0.1952,0.0976,2.0,35675047.0,2.0,2.0,666.0,1.0,0.0015015015,0.6345,0.3026,10.0,False
False,0.0,,,0.1921,0.096,3.0,36004097.0,2.0,3.0,666.0,1.0,0.0015015015,0.5815,0.3819,,False
True,1.0,0.1004,0.1111,0.1119,0.0559,4.0,49833434.0,2.0,3.0,669.0,7.0,0.010463378,0.5518,0.5998,10.0,True
False,1.0,0.1067,0.1362,0.137,0.0685,5.0,50699629.0,2.0,3.0,670.0,21.0,0.031343285,0.5935,0.6782,10.0,True
False,1.0,,0.0074,0.1361,0.0454,6.0,50805115.0,3.0,4.0,670.0,5.0,0.0074626864,0.6189,0.6958,10.0,False
True,2.0,0.1259,0.1259,0.1339,0.0446,7.0,51199743.0,3.0,4.0,670.0,5.0,0.0074626864,0.6402,0.7117,,False
False,0.0,,1.0,1.0,1.0,0.0,0.0,1.0,1.0,497.0,497.0,1.0,0.6911,0.0002,8.0,True
False,0.0,0.5438,0.5521,0.5521,0.5521,1.0,13133022.0,1.0,1.0,492.0,19.0,0.038617887,0.6685,0.1625,8.0,True
False,0.0,,0.002,0.1964,0.0982,2.0,35675047.0,2.0,2.0,492.0,1.0,0.0020325202,0.6345,0.3026,8.0,False
False,0.0,,,0.1932,0.0966,3.0,36004097.0,2.0,3.0,492.0,1.0,0.0020325202,0.5815,0.3819,,False
False,0.0,0.0968,0.1241,0.1251,0.0625,4.0,50699629.0,2.0,3.0,493.0,14.0,0.028397566,0.5935,0.6782,8.0,True
False,0.0,,0.006,0.1242,0.0414,5.0,50805115.0,3.0,4.0,493.0,3.0,0.006085193,0.6189,0.6958,8.0,False
True,1.0,0.1153,0.1153,0.1222,0.0407,6.0,51199743.0,3.0,4.0,493.0,3.0,0.006085193,0.6402,0.7117,,False
False,0.0,,1.0,1.0,1.0,0.0,0.0,1.0,1.0,89.0,89.0,1.0,0.6911,0.0002,4.0,True
True,1.0,0.0994,0.1288,0.1288,0.1288,1.0,49833434.0,1.0,1.0,90.0,2.0,0.022222223,0.5518,0.5998,4.0,True
False,1.0,0.1237,0.1616,0.1616,0.1616,2.0,50699629.0,1.0,1.0,91.0,3.0,0.032967035,0.5935,0.6782,4.0,True
False,1.0,,0.0319,0.1607,0.0804,3.0,50805115.0,2.0,2.0,91.0,3.0,0.032967035,0.6189,0.6958,4.0,False
True,2.0,0.1268,0.1268,0.1582,0.0791,4.0,51199743.0,2.0,2.0,91.0,3.0,0.032967035,0.6402,0.7117,,False
False,0.0,,1.0,1.0,1.0,0.0,0.0,1.0,1.0,67.0,67.0,1.0,0.6911,0.0002,3.0,True
False,0.0,0.0955,0.1472,0.1472,0.1472,1.0,50699629.0,1.0,1.0,68.0,3.0,0.04411765,0.5935,0.6782,3.0,True
False,0.0,,0.0429,0.1464,0.0732,2.0,50805115.0,2.0,2.0,68.0,3.0,0.04411765,0.6189,0.6958,3.0,False
True,1.0,0.1019,0.1019,0.1441,0.072,3.0,51199743.0,2.0,2.0,68.0,3.0,0.04411765,0.6402,0.7117,,False
False,0.0,,1.0,1.0,1.0,0.0,0.0,1.0,1.0,180.0,180.0,1.0,0.6911,0.0002,6.0,True
False,0.0,0.5438,0.5514,0.5514,0.5514,1.0,13133022.0,1.0,1.0,178.0,6.0,0.033707865,0.6685,0.1625,6.0,True
False,0.0,0.0968,0.1366,0.1366,0.1366,2.0,50699629.0,1.0,1.0,179.0,7.0,0.039106146,0.5935,0.6782,6.0,True
False,0.0,,0.0165,0.1357,0.0679,3.0,50805115.0,2.0,2.0,179.0,3.0,0.016759777,0.6189,0.6958,6.0,False
True,1.0,0.1173,0.1173,0.1336,0.0668,4.0,51199743.0,2.0,2.0,179.0,3.0,0.016759777,0.6402,0.7117,,False
False,0.0,,1.0,1.0,1.0,0.0,0.0,1.0,1.0,309.0,309.0,1.0,0.6384,0.3034,12.0,True
False,0.0,,,0.988,0.988,1.0,329106.0,1.0,2.0,618.0,309.0,0.5,0.5815,0.3819,,False
False,0.0,,0.0769,0.5383,0.2692,2.0,15024638.0,2.0,3.0,619.0,23.0,0.037156705,0.5935,0.6782,12.0,True
False,0.0,,0.0096,0.5344,0.1781,3.0,15130124.0,3.0,4.0,619.0,3.0,0.004846527,0.6189,0.6958,12.0,False
True,1.0,0.066,0.066,0.5259,0.1753,4.0,15524752.0,3.0,4.0,619.0,3.0,0.004846527,0.6402,0.7117,,False
False,0.0,,1.0,1.0,1.0,0.0,0.0,1.0,1.0,1781.0,1781.0,1.0,0.6384,0.3034,135.0,True
False,0.0,,,0.988,0.988,1.0,329106.0,1.0,2.0,3562.0,1781.0,0.5,0.5815,0.3819,,False
False,0.0,,0.0017,0.5899,0.2949,2.0,11488306.0,2.0,3.0,3562.0,3.0,0.00084222347,0.5733,0.5036,135.0,True
False,0.0,0.0014,0.0401,0.5198,0.2599,3.0,15024638.0,2.0,3.0,3563.0,68.0,0.01908504,0.5935,0.6782,135.0,True
False,0.0,,0.0222,0.5252,0.1751,4.0,15130124.0,3.0,4.0,3570.0,34.0,0.00952381,0.6189,0.6958,135.0,False
True,1.0,0.0357,0.0569,0.5254,0.1751,5.0,15524752.0,3.0,4.0,3577.0,34.0,0.009505172,0.6402,0.7117,,False
False,0.0,,1.0,1.0,1.0,0.0,0.0,1.0,1.0,164.0,164.0,1.0,0.6384,0.3034,6.0,True
False,0.0,,,0.988,0.988,1.0,329106.0,1.0,2.0,328.0,164.0,0.5,0.5815,0.3819,,False
False,0.0,,0.024,0.9883,0.4942,2.0,340060.0,2.0,3.0,329.0,3.0,0.009118541,0.5792,0.3782,6.0,False
False,0.0,0.0122,0.083,0.5356,0.2678,3.0,15024638.0,2.0,3.0,330.0,11.0,0.033333335,0.5935,0.6782,6.0,True
False,0.0,,0.0178,0.5317,0.1772,4.0,15130124.0,3.0,4.0,330.0,3.0,0.009090909,0.6189,0.6958,6.0,False
True,1.0,0.0639,0.0639,0.5232,0.1744,5.0,15524752.0,3.0,4.0,330.0,3.0,0.009090909,0.6402,0.7117,,False
False,0.0,,1.0,1.0,1.0,0.0,0.0,1.0,1.0,17.0,17.0,1.0,0.6911,0.0002,,True
False,0.0,,1.0,1.0,1.0,0.0,0.0,1.0,1.0,12.0,12.0,1.0,0.6911,0.0002,,True
False,0.0,,1.0,1.0,1.0,0.0,0.0,1.0,1.0,4.0,4.0,1.0,0.6911,0.0002,,True
False,0.0,,1.0,1.0,1.0,0.0,0.0,1.0,1.0,34.0,34.0,1.0,0.6911,0.0002,,True
False,0.0,,1.0,1.0,1.0,0.0,0.0,1.0,1.0,80.0,80.0,1.0,0.6911,0.0002,4.0,True
False,0.0,,1.0,1.0,1.0,0.0,0.0,1.0,1.0,36.0,36.0,1.0,0.6911,0.0002,1.0,True
False,0.0,,1.0,1.0,1.0,0.0,0.0,1.0,1.0,228.0,228.0,1.0,0.6911,0.0002,16.0,True
False,0.0,,1.0,1.0,1.0,0.0,0.0,1.0,1.0,146.0,146.0,1.0,0.6911,0.0002,7.0,True
False,0.0,,1.0,1.0,1.0,0.0,0.0,1.0,1.0,40.0,40.0,1.0,0.6911,0.0002,3.0,True
False,0.0,,1.0,1.0,1.0,0.0,0.0,1.0,1.0,32.0,32.0,1.0,0.6911,0.0002,1.0,True
False,0.0,,1.0,1.0,1.0,0.0,0.0,1.0,1.0,45.0,45.0,1.0,0.6911,0.0002,4.0,True
False,0.0,,1.0,1.0,1.0,0.0,0.0,1.0,1.0,63.0,63.0,1.0,0.6911,0.0002,3.0,True
False,0.0,,1.0,1.0,1.0,0.0,0.0,1.0,1.0,200.0,200.0,1.0,0.6911,0.0002,4.0,True
False,0.0,,1.0,1.0,1.0,0.0,0.0,1.0,1.0,64.0,64.0,1.0,0.6911,0.0002,4.0,True
False,0.0,,1.0,1.0,1.0,0.0,0.0,1.0,1.0,84.0,84.0,1.0,0.6911,0.0002,5.0,True
False,0.0,,1.0,1.0,1.0,0.0,0.0,1.0,1.0,128.0,128.0,1.0,0.6911,0.0002,5.0,True
False,0.0,,1.0,1.0,1.0,0.0,0.0,1.0,1.0,141.0,141.0,1.0,0.6911,0.0002,8.0,True
False,0.0,,1.0,1.0,1.0,0.0,0.0,1.0,1.0,21.0,21.0,1.0,0.6911,0.0002,1.0,True
False,0.0,,1.0,1.0,1.0,0.0,0.0,1.0,1.0,61.0,61.0,1.0,0.6911,0.0002,3.0,True
False,0.0,,1.0,1.0,1.0,0.0,0.0,1.0,1.0,85.0,85.0,1.0,0.6911,0.0002,3.0,True
False,0.0,,1.0,1.0,1.0,0.0,0.0,1.0,1.0,93.0,93.0,1.0,0.6911,0.0002,5.0,True
False,0.0,,1.0,1.0,1.0,0.0,0.0,1.0,1.0,48.0,48.0,1.0,0.6911,0.0002,2.0,True
False,0.0,,1.0,1.0,1.0,0.0,0.0,1.0,1.0,71.0,71.0,1.0,0.6911,0.0002,6.0,True
False,0.0,,1.0,1.0,1.0,0.0,0.0,1.0,1.0,45.0,45.0,1.0,0.6911,0.0002,4.0,True
False,0.0,,1.0,1.0,1.0,0.0,0.0,1.0,1.0,201.0,201.0,1.0,0.6911,0.0002,8.0,True
False,0.0,,1.0,1.0,1.0,0.0,0.0,1.0,1.0,97.0,97.0,1.0,0.6911,0.0002,4.0,True
False,0.0,,1.0,1.0,1.0,0.0,0.0,1.0,1.0,36.0,36.0,1.0,0.6911,0.0002,1.0,True
False,0.0,,1.0,1.0,1.0,0.0,0.0,1.0,1.0,204.0,204.0,1.0,0.6911,0.0002,24.0,True
False,0.0,,1.0,1.0,1.0,0.0,0.0,1.0,1.0,53.0,53.0,1.0,0.6911,0.0002,1.0,True
False,0.0,,1.0,1.0,1.0,0.0,0.0,1.0,1.0,91.0,91.0,1.0,0.6911,0.0002,4.0,True
False,0.0,,1.0,1.0,1.0,0.0,0.0,1.0,1.0,497.0,497.0,1.0,0.6911,0.0002,18.0,True
False,0.0,0.5438,0.5466,0.5466,0.5466,1.0,13133022.0,1.0,1.0,485.0,15.0,0.030927835,0.6685,0.1625,18.0,True
False,0.0,,1.0,1.0,1.0,0.0,0.0,1.0,1.0,25.0,25.0,1.0,0.6911,0.0002,,True
False,0.0,,1.0,1.0,1.0,0.0,0.0,1.0,1.0,149.0,149.0,1.0,0.6911,0.0002,6.0,True
False,0.0,0.5438,0.5593,0.5593,0.5593,1.0,13133022.0,1.0,1.0,145.0,12.0,0.08275862,0.6685,0.1625,6.0,True
False,0.0,,1.0,1.0,1.0,0.0,0.0,1.0,1.0,24.0,24.0,1.0,0.6911,0.0002,,True
False,0.0,,1.0,1.0,1.0,0.0,0.0,1.0,1.0,126.0,126.0,1.0,0.6911,0.0002,6.0,True
False,0.0,0.5438,0.5725,0.5725,0.5725,1.0,13133022.0,1.0,1.0,125.0,11.0,0.088,0.6685,0.1625,6.0,True
False,0.0,,1.0,1.0,1.0,0.0,0.0,1.0,1.0,26.0,26.0,1.0,0.6911,0.0002,,True
False,0.0,,1.0,1.0,1.0,0.0,0.0,1.0,1.0,104.0,104.0,1.0,0.6911,0.0002,4.0,True
False,0.0,0.5438,0.5742,0.5742,0.5742,1.0,13133022.0,1.0,1.0,103.0,9.0,0.08737864,0.6685,0.1625,4.0,True
False,0.0,,1.0,1.0,1.0,0.0,0.0,1.0,1.0,202.0,202.0,1.0,0.6911,0.0002,,True
False,0.0,,1.0,1.0,1.0,0.0,0.0,1.0,1.0,180.0,180.0,1.0,0.6911,0.0002,7.0,True
False,0.0,0.5438,0.5464,0.5464,0.5464,1.0,13133022.0,1.0,1.0,173.0,8.0,0.046242774,0.6685,0.1625,7.0,True
False,0.0,,1.0,1.0,1.0,0.0,0.0,1.0,1.0,62.0,62.0,1.0,0.6911,0.0002,3.0,True
False,0.0,,1.0,1.0,1.0,0.0,0.0,1.0,1.0,98.0,98.0,1.0,0.6911,0.0002,5.0,True
False,0.0,0.5438,0.5848,0.5848,0.5848,1.0,13133022.0,1.0,1.0,97.0,11.0,0.11340206,0.6685,0.1625,5.0,True
False,0.0,,1.0,1.0,1.0,0.0,0.0,1.0,1.0,140.0,140.0,1.0,0.6911,0.0002,13.0,True
False,0.0,,1.0,1.0,1.0,0.0,0.0,1.0,1.0,26.0,26.0,1.0,0.6911,0.0002,5.0,True
False,0.0,,1.0,1.0,1.0,0.0,0.0,1.0,1.0,76.0,76.0,1.0,0.6911,0.0002,1.0,True
False,0.0,0.5438,0.573,0.573,0.573,1.0,13133022.0,1.0,1.0,75.0,7.0,0.093333334,0.6685,0.1625,1.0,True
False,0.0,,1.0,1.0,1.0,0.0,0.0,1.0,1.0,154.0,154.0,1.0,0.6911,0.0002,,True
False,0.0,0.5438,0.5468,0.5468,0.5468,1.0,13133022.0,1.0,1.0,152.0,3.0,0.019736841,0.6685,0.1625,,True
False,0.0,,1.0,1.0,1.0,0.0,0.0,1.0,1.0,5.0,5.0,1.0,0.6911,0.0002,,True
False,0.0,,1.0,1.0,1.0,0.0,0.0,1.0,1.0,170.0,170.0,1.0,0.6911,0.0002,9.0,True
False,0.0,0.5438,0.5517,0.5517,0.5517,1.0,13133022.0,1.0,1.0,171.0,2.0,0.0116959065,0.6685,0.1625,9.0,True
False,0.0,,1.0,1.0,1.0,0.0,0.0,1.0,1.0,3.0,3.0,1.0,0.6911,0.0002,,True
False,0.0,,1.0,1.0,1.0,0.0,0.0,1.0,1.0,279.0,279.0,1.0,0.6911,0.0002,9.0,True
False,0.0,0.5438,0.5454,0.5454,0.5454,1.0,13133022.0,1.0,1.0,272.0,8.0,0.029411765,0.6685,0.1625,9.0,True
False,0.0,,1.0,1.0,1.0,0.0,0.0,1.0,1.0,3.0,3.0,1.0,0.6911,0.0002,,True
False,0.0,,1.0,1.0,1.0,0.0,0.0,1.0,1.0,110.0,110.0,1.0,0.6911,0.0002,,True
False,0.0,,1.0,1.0,1.0,0.0,0.0,1.0,1.0,64.0,64.0,1.0,0.6911,0.0002,1.0,True
False,0.0,0.5438,0.5778,0.5778,0.5778,1.0,13133022.0,1.0,1.0,65.0,7.0,0.10769231,0.6685,0.1625,1.0,True
False,0.0,,1.0,1.0,1.0,0.0,0.0,1.0,1.0,149.0,149.0,1.0,0.6911,0.0002,,True
False,0.0,0.5438,0.5501,0.5501,0.5501,1.0,13133022.0,1.0,1.0,143.0,8.0,0.055944055,0.6685,0.1625,,True
False,0.0,,1.0,1.0,1.0,0.0,0.0,1.0,1.0,98.0,98.0,1.0,0.6911,0.0002,1.0,True
False,0.0,0.5438,0.5438,0.5438,0.5438,1.0,13133022.0,1.0,1.0,95.0,3.0,0.031578947,0.6685,0.1625,1.0,True
False,0.0,,1.0,1.0,1.0,0.0,0.0,1.0,1.0,88.0,88.0,1.0,0.6911,0.0002,1.0,True
False,0.0,0.5438,0.5826,0.5826,0.5826,1.0,13133022.0,1.0,1.0,92.0,10.0,0.10869565,0.6685,0.1625,1.0,True
False,0.0,,1.0,1.0,1.0,0.0,0.0,1.0,1.0,117.0,117.0,1.0,0.6911,0.0002,,True
False,0.0,0.5438,0.5438,0.5438,0.5438,1.0,13133022.0,1.0,1.0,111.0,6.0,0.054054055,0.6685,0.1625,,True
False,0.0,,1.0,1.0,1.0,0.0,0.0,1.0,1.0,207.0,207.0,1.0,0.6911,0.0002,11.0,True
False,0.0,0.5438,0.5503,0.5503,0.5503,1.0,13133022.0,1.0,1.0,208.0,2.0,0.009615385,0.6685,0.1625,11.0,True
False,0.0,,1.0,1.0,1.0,0.0,0.0,1.0,1.0,152.0,152.0,1.0,0.6911,0.0002,,True
False,0.0,0.5438,0.5438,0.5438,0.5438,1.0,13133022.0,1.0,1.0,146.0,6.0,0.04109589,0.6685,0.1625,,True
False,0.0,,1.0,1.0,1.0,0.0,0.0,1.0,1.0,76.0,76.0,1.0,0.6911,0.0002,1.0,True
False,0.0,0.5438,0.573,0.573,0.573,1.0,13133022.0,1.0,1.0,75.0,7.0,0.093333334,0.6685,0.1625,1.0,True
False,0.0,,1.0,1.0,1.0,0.0,0.0,1.0,1.0,112.0,112.0,1.0,0.6911,0.0002,1.0,True
False,0.0,0.5438,0.564,0.564,0.564,1.0,13133022.0,1.0,1.0,111.0,8.0,0.072072074,0.6685,0.1625,1.0,True
False,0.0,,1.0,1.0,1.0,0.0,0.0,1.0,1.0,150.0,150.0,1.0,0.6911,0.0002,,True
False,0.0,,1.0,1.0,1.0,0.0,0.0,1.0,1.0,121.0,121.0,1.0,0.6911,0.0002,4.0,True
False,0.0,0.5438,0.5657,0.5657,0.5657,1.0,13133022.0,1.0,1.0,122.0,7.0,0.057377048,0.6685,0.1625,4.0,True
False,0.0,,1.0,1.0,1.0,0.0,0.0,1.0,1.0,202.0,202.0,1.0,0.6911,0.0002,,True
False,0.0,,1.0,1.0,1.0,0.0,0.0,1.0,1.0,207.0,207.0,1.0,0.6911,0.0002,11.0,True
False,0.0,0.5438,0.5503,0.5503,0.5503,1.0,13133022.0,1.0,1.0,208.0,2.0,0.009615385,0.6685,0.1625,11.0,True
False,0.0,,1.0,1.0,1.0,0.0,0.0,1.0,1.0,60.0,60.0,1.0,0.6911,0.0002,3.0,True
False,0.0,,1.0,1.0,1.0,0.0,0.0,1.0,1.0,53.0,53.0,1.0,0.6911,0.0002,3.0,True
False,0.0,,1.0,1.0,1.0,0.0,0.0,1.0,1.0,77.0,77.0,1.0,0.6911,0.0002,,True
False,0.0,0.5438,0.5611,0.5611,0.5611,1.0,13133022.0,1.0,1.0,77.0,3.0,0.038961038,0.6685,0.1625,,True
False,0.0,,1.0,1.0,1.0,0.0,0.0,1.0,1.0,53.0,53.0,1.0,0.6911,0.0002,3.0,True
False,0.0,,1.0,1.0,1.0,0.0,0.0,1.0,1.0,116.0,116.0,1.0,0.6911,0.0002,1.0,True
False,0.0,0.5438,0.5438,0.5438,0.5438,1.0,13133022.0,1.0,1.0,112.0,4.0,0.035714287,0.6685,0.1625,1.0,True
False,0.0,,1.0,1.0,1.0,0.0,0.0,1.0,1.0,53.0,53.0,1.0,0.6911,0.0002,3.0,True
False,0.0,,1.0,1.0,1.0,0.0,0.0,1.0,1.0,115.0,115.0,1.0,0.6911,0.0002,,True
False,0.0,0.5438,0.5438,0.5438,0.5438,1.0,13133022.0,1.0,1.0,111.0,4.0,0.036036037,0.6685,0.1625,,True
False,0.0,,1.0,1.0,1.0,0.0,0.0,1.0,1.0,53.0,53.0,1.0,0.6911,0.0002,3.0,True
False,0.0,,1.0,1.0,1.0,0.0,0.0,1.0,1.0,95.0,95.0,1.0,0.6911,0.0002,,True
False,0.0,0.5438,0.5438,0.5438,0.5438,1.0,13133022.0,1.0,1.0,91.0,4.0,0.043956045,0.6685,0.1625,,True
False,0.0,,1.0,1.0,1.0,0.0,0.0,1.0,1.0,191.0,191.0,1.0,0.6911,0.0002,2.0,True
False,0.0,,1.0,1.0,1.0,0.0,0.0,1.0,1.0,103.0,103.0,1.0,0.6911,0.0002,,True
False,0.0,0.5438,0.5655,0.5655,0.5655,1.0,13133022.0,1.0,1.0,102.0,7.0,0.068627454,0.6685,0.1625,,True
False,0.0,,1.0,1.0,1.0,0.0,0.0,1.0,1.0,61.0,61.0,1.0,0.6911,0.0002,28.0,True
False,0.0,,1.0,1.0,1.0,0.0,0.0,1.0,1.0,87.0,87.0,1.0,0.6911,0.0002,,True
False,0.0,0.5438,0.5694,0.5694,0.5694,1.0,13133022.0,1.0,1.0,86.0,7.0,0.08139535,0.6685,0.1625,,True
False,0.0,,1.0,1.0,1.0,0.0,0.0,1.0,1.0,55.0,55.0,1.0,0.6911,0.0002,,True
False,0.0,,1.0,1.0,1.0,0.0,0.0,1.0,1.0,70.0,70.0,1.0,0.6911,0.0002,,True
False,0.0,0.5438,0.5755,0.5755,0.5755,1.0,13133022.0,1.0,1.0,69.0,7.0,0.10144927,0.6685,0.1625,,True
False,0.0,,1.0,1.0,1.0,0.0,0.0,1.0,1.0,78.0,78.0,1.0,0.6911,0.0002,,True
False,0.0,,1.0,1.0,1.0,0.0,0.0,1.0,1.0,170.0,170.0,1.0,0.6911,0.0002,9.0,True
False,0.0,0.5438,0.5517,0.5517,0.5517,1.0,13133022.0,1.0,1.0,171.0,2.0,0.0116959065,0.6685,0.1625,9.0,True
False,0.0,,1.0,1.0,1.0,0.0,0.0,1.0,1.0,78.0,78.0,1.0,0.6911,0.0002,,True
False,0.0,,1.0,1.0,1.0,0.0,0.0,1.0,1.0,112.0,112.0,1.0,0.6911,0.0002,,True
False,0.0,0.5438,0.5672,0.5672,0.5672,1.0,13133022.0,1.0,1.0,115.0,5.0,0.04347826,0.6685,0.1625,,True
False,0.0,,1.0,1.0,1.0,0.0,0.0,1.0,1.0,95.0,95.0,1.0,0.6911,0.0002,,True
False,0.0,0.5438,0.5668,0.5668,0.5668,1.0,13133022.0,1.0,1.0,97.0,4.0,0.041237112,0.6685,0.1625,,True
False,0.0,,1.0,1.0,1.0,0.0,0.0,1.0,1.0,53.0,53.0,1.0,0.6911,0.0002,3.0,True
False,0.0,,1.0,1.0,1.0,0.0,0.0,1.0,1.0,87.0,87.0,1.0,0.6911,0.0002,1.0,True
False,0.0,0.5438,0.5643,0.5643,0.5643,1.0,13133022.0,1.0,1.0,87.0,6.0,0.06896552,0.6685,0.1625,1.0,True
False,0.0,,1.0,1.0,1.0,0.0,0.0,1.0,1.0,44.0,44.0,1.0,0.6911,0.0002,2.0,True
False,0.0,,1.0,1.0,1.0,0.0,0.0,1.0,1.0,223.0,223.0,1.0,0.6911,0.0002,9.0,True
False,0.0,0.5438,0.558,0.558,0.558,1.0,13133022.0,1.0,1.0,223.0,12.0,0.05381166,0.6685,0.1625,9.0,True
False,0.0,,1.0,1.0,1.0,0.0,0.0,1.0,1.0,33.0,33.0,1.0,0.6911,0.0002,0.0,True
False,0.0,,1.0,1.0,1.0,0.0,0.0,1.0,1.0,53.0,53.0,1.0,0.6911,0.0002,3.0,True
False,0.0,,1.0,1.0,1.0,0.0,0.0,1.0,1.0,96.0,96.0,1.0,0.6911,0.0002,2.0,True
False,0.0,0.5438,0.5579,0.5579,0.5579,1.0,13133022.0,1.0,1.0,95.0,5.0,0.05263158,0.6685,0.1625,2.0,True
False,0.0,,1.0,1.0,1.0,0.0,0.0,1.0,1.0,53.0,53.0,1.0,0.6911,0.0002,3.0,True
False,0.0,,1.0,1.0,1.0,0.0,0.0,1.0,1.0,43.0,43.0,1.0,0.6911,0.0002,3.0,True
False,0.0,0.5438,0.5552,0.5552,0.5552,1.0,13133022.0,1.0,1.0,39.0,5.0,0.12820514,0.6685,0.1625,3.0,True
False,0.0,,1.0,1.0,1.0,0.0,0.0,1.0,1.0,53.0,53.0,1.0,0.6911,0.0002,3.0,True
False,0.0,,1.0,1.0,1.0,0.0,0.0,1.0,1.0,122.0,122.0,1.0,0.6911,0.0002,7.0,True
False,0.0,0.5438,0.5476,0.5476,0.5476,1.0,13133022.0,1.0,1.0,118.0,5.0,0.042372882,0.6685,0.1625,7.0,True
False,0.0,,1.0,1.0,1.0,0.0,0.0,1.0,1.0,53.0,53.0,1.0,0.6911,0.0002,3.0,True
False,0.0,,1.0,1.0,1.0,0.0,0.0,1.0,1.0,121.0,121.0,1.0,0.6911,0.0002,4.0,True
False,0.0,0.5438,0.5657,0.5657,0.5657,1.0,13133022.0,1.0,1.0,122.0,7.0,0.057377048,0.6685,0.1625,4.0,True
False,0.0,,1.0,1.0,1.0,0.0,0.0,1.0,1.0,67.0,67.0,1.0,0.6911,0.0002,3.0,True
False,0.0,,1.0,1.0,1.0,0.0,0.0,1.0,1.0,99.0,99.0,1.0,0.6911,0.0002,,True
False,0.0,0.5438,0.5438,0.5438,0.5438,1.0,13133022.0,1.0,1.0,95.0,4.0,0.042105265,0.6685,0.1625,,True
False,0.0,,1.0,1.0,1.0,0.0,0.0,1.0,1.0,63.0,63.0,1.0,0.6911,0.0002,3.0,True
False,0.0,,1.0,1.0,1.0,0.0,0.0,1.0,1.0,75.0,75.0,1.0,0.6911,0.0002,,True
False,0.0,0.5438,0.5501,0.5501,0.5501,1.0,13133022.0,1.0,1.0,71.0,5.0,0.07042254,0.6685,0.1625,,True
False,0.0,,1.0,1.0,1.0,0.0,0.0,1.0,1.0,53.0,53.0,1.0,0.6911,0.0002,3.0,True
False,0.0,,1.0,1.0,1.0,0.0,0.0,1.0,1.0,81.0,81.0,1.0,0.6911,0.0002,,True
False,0.0,0.5438,0.5713,0.5713,0.5713,1.0,13133022.0,1.0,1.0,80.0,7.0,0.0875,0.6685,0.1625,,True
False,0.0,,1.0,1.0,1.0,0.0,0.0,1.0,1.0,79.0,79.0,1.0,0.6911,0.0002,3.0,True
False,0.0,,1.0,1.0,1.0,0.0,0.0,1.0,1.0,63.0,63.0,1.0,0.6911,0.0002,,True
False,0.0,0.5438,0.5789,0.5789,0.5789,1.0,13133022.0,1.0,1.0,62.0,7.0,0.11290322,0.6685,0.1625,,True
False,0.0,,1.0,1.0,1.0,0.0,0.0,1.0,1.0,53.0,53.0,1.0,0.6911,0.0002,3.0,True
False,0.0,,1.0,1.0,1.0,0.0,0.0,1.0,1.0,61.0,61.0,1.0,0.6911,0.0002,5.0,True
False,0.0,0.5438,0.5438,0.5438,0.5438,1.0,13133022.0,1.0,1.0,60.0,1.0,0.016666668,0.6685,0.1625,5.0,True
False,0.0,,1.0,1.0,1.0,0.0,0.0,1.0,1.0,239.0,239.0,1.0,0.6911,0.0002,9.0,True
False,0.0,0.5438,0.5532,0.5532,0.5532,1.0,13133022.0,1.0,1.0,239.0,8.0,0.033472802,0.6685,0.1625,9.0,True
False,0.0,,1.0,1.0,1.0,0.0,0.0,1.0,1.0,30.0,30.0,1.0,0.6911,0.0002,0.0,True
False,0.0,,1.0,1.0,1.0,0.0,0.0,1.0,1.0,104.0,104.0,1.0,0.6911,0.0002,1.0,True
False,0.0,0.5438,0.5617,0.5617,0.5617,1.0,13133022.0,1.0,1.0,100.0,9.0,0.09,0.6685,0.1625,1.0,True
False,0.0,,1.0,1.0,1.0,0.0,0.0,1.0,1.0,30.0,30.0,1.0,0.6911,0.0002,0.0,True
False,0.0,,1.0,1.0,1.0,0.0,0.0,1.0,1.0,931.0,931.0,1.0,0.6911,0.0002,23.0,True
False,0.0,0.9762,0.9767,0.9767,0.9767,1.0,586845.0,1.0,1.0,925.0,22.0,0.023783784,0.662,0.196,23.0,False
False,0.0,0.544,0.5538,0.5538,0.5538,2.0,13133022.0,1.0,1.0,883.0,77.0,0.08720272,0.6685,0.1625,23.0,True
False,0.0,,1.0,1.0,1.0,0.0,0.0,1.0,1.0,33.0,33.0,1.0,0.6911,0.0002,0.0,True
False,0.0,,1.0,1.0,1.0,0.0,0.0,1.0,1.0,56.0,56.0,1.0,0.6911,0.0002,2.0,True
False,0.0,,1.0,1.0,1.0,0.0,0.0,1.0,1.0,237.0,237.0,1.0,0.6911,0.0002,3.0,True
False,0.0,0.5438,0.5533,0.5533,0.5533,1.0,13133022.0,1.0,1.0,238.0,6.0,0.025210084,0.6685,0.1625,3.0,True
False,0.0,,1.0,1.0,1.0,0.0,0.0,1.0,1.0,175.0,175.0,1.0,0.6911,0.0002,4.0,True
False,0.0,0.5438,0.5438,0.5438,0.5438,1.0,13133022.0,1.0,1.0,172.0,3.0,0.017441861,0.6685,0.1625,4.0,True
False,0.0,,1.0,1.0,1.0,0.0,0.0,1.0,1.0,62.0,62.0,1.0,0.6911,0.0002,1.0,True
False,0.0,,1.0,1.0,1.0,0.0,0.0,1.0,1.0,186.0,186.0,1.0,0.6911,0.0002,6.0,True
False,0.0,0.5438,0.5703,0.5703,0.5703,1.0,13133022.0,1.0,1.0,187.0,11.0,0.05882353,0.6685,0.1625,6.0,True
False,0.0,,1.0,1.0,1.0,0.0,0.0,1.0,1.0,35.0,35.0,1.0,0.6911,0.0002,0.0,True
False,0.0,,1.0,1.0,1.0,0.0,0.0,1.0,1.0,240.0,240.0,1.0,0.6911,0.0002,17.0,True
False,0.0,0.5438,0.5494,0.5494,0.5494,1.0,13133022.0,1.0,1.0,241.0,3.0,0.012448133,0.6685,0.1625,17.0,True
False,0.0,,1.0,1.0,1.0,0.0,0.0,1.0,1.0,33.0,33.0,1.0,0.6911,0.0002,0.0,True
False,0.0,,1.0,1.0,1.0,0.0,0.0,1.0,1.0,214.0,214.0,1.0,0.6911,0.0002,7.0,True
False,0.0,0.5438,0.5543,0.5543,0.5543,1.0,13133022.0,1.0,1.0,215.0,6.0,0.027906977,0.6685,0.1625,7.0,True
False,0.0,,1.0,1.0,1.0,0.0,0.0,1.0,1.0,33.0,33.0,1.0,0.6911,0.0002,0.0,True
False,0.0,,1.0,1.0,1.0,0.0,0.0,1.0,1.0,248.0,248.0,1.0,0.6911,0.0002,20.0,True
False,0.0,0.5438,0.5528,0.5528,0.5528,1.0,13133022.0,1.0,1.0,249.0,5.0,0.02008032,0.6685,0.1625,20.0,True
False,0.0,,1.0,1.0,1.0,0.0,0.0,1.0,1.0,58.0,58.0,1.0,0.6911,0.0002,2.0,True
False,0.0,,1.0,1.0,1.0,0.0,0.0,1.0,1.0,62.0,62.0,1.0,0.6911,0.0002,1.0,True
False,0.0,0.5438,0.5652,0.5652,0.5652,1.0,13133022.0,1.0,1.0,62.0,4.0,0.06451613,0.6685,0.1625,1.0,True
False,0.0,,1.0,1.0,1.0,0.0,0.0,1.0,1.0,33.0,33.0,1.0,0.6911,0.0002,0.0,True
False,0.0,,1.0,1.0,1.0,0.0,0.0,1.0,1.0,52.0,52.0,1.0,0.6911,0.0002,1.0,True
False,0.0,0.5438,0.5838,0.5838,0.5838,1.0,13133022.0,1.0,1.0,55.0,4.0,0.07272727,0.6685,0.1625,1.0,True
False,0.0,,1.0,1.0,1.0,0.0,0.0,1.0,1.0,33.0,33.0,1.0,0.6911,0.0002,0.0,True
False,0.0,,1.0,1.0,1.0,0.0,0.0,1.0,1.0,39.0,39.0,1.0,0.6911,0.0002,1.0,True
False,0.0,0.5438,0.5772,0.5772,0.5772,1.0,13133022.0,1.0,1.0,39.0,4.0,0.102564104,0.6685,0.1625,1.0,True
False,0.0,,1.0,1.0,1.0,0.0,0.0,1.0,1.0,53.0,53.0,1.0,0.6911,0.0002,2.0,True
False,0.0,,1.0,1.0,1.0,0.0,0.0,1.0,1.0,43.0,43.0,1.0,0.6911,0.0002,3.0,True
False,0.0,0.5438,0.5742,0.5742,0.5742,1.0,13133022.0,1.0,1.0,43.0,4.0,0.093023255,0.6685,0.1625,3.0,True
False,0.0,,1.0,1.0,1.0,0.0,0.0,1.0,1.0,34.0,34.0,1.0,0.6911,0.0002,0.0,True
False,0.0,,1.0,1.0,1.0,0.0,0.0,1.0,1.0,35.0,35.0,1.0,0.6911,0.0002,1.0,True
False,0.0,0.5438,0.5808,0.5808,0.5808,1.0,13133022.0,1.0,1.0,35.0,4.0,0.114285715,0.6685,0.1625,1.0,True
False,0.0,,1.0,1.0,1.0,0.0,0.0,1.0,1.0,34.0,34.0,1.0,0.6911,0.0002,0.0,True
False,0.0,,1.0,1.0,1.0,0.0,0.0,1.0,1.0,228.0,228.0,1.0,0.6911,0.0002,4.0,True
False,0.0,0.5438,0.552,0.552,0.552,1.0,13133022.0,1.0,1.0,221.0,11.0,0.049773756,0.6685,0.1625,4.0,True
False,0.0,,1.0,1.0,1.0,0.0,0.0,1.0,1.0,51.0,51.0,1.0,0.6911,0.0002,1.0,True
False,0.0,,1.0,1.0,1.0,0.0,0.0,1.0,1.0,35.0,35.0,1.0,0.6911,0.0002,0.0,True
False,0.0,,1.0,1.0,1.0,0.0,0.0,1.0,1.0,183.0,183.0,1.0,0.6911,0.0002,5.0,True
False,0.0,0.5438,0.5565,0.5565,0.5565,1.0,13133022.0,1.0,1.0,177.0,12.0,0.06779661,0.6685,0.1625,5.0,True
False,0.0,,1.0,1.0,1.0,0.0,0.0,1.0,1.0,147.0,147.0,1.0,0.6911,0.0002,4.0,True
False,0.0,0.5438,0.5652,0.5652,0.5652,1.0,13133022.0,1.0,1.0,147.0,12.0,0.08163265,0.6685,0.1625,4.0,True
False,0.0,,1.0,1.0,1.0,0.0,0.0,1.0,1.0,36.0,36.0,1.0,0.6911,0.0002,0.0,True
False,0.0,,1.0,1.0,1.0,0.0,0.0,1.0,1.0,298.0,298.0,1.0,0.6911,0.0002,11.0,True
False,0.0,0.5438,0.5484,0.5484,0.5484,1.0,13133022.0,1.0,1.0,292.0,10.0,0.034246575,0.6685,0.1625,11.0,True
False,0.0,,1.0,1.0,1.0,0.0,0.0,1.0,1.0,41.0,41.0,1.0,0.6911,0.0002,0.0,True
False,0.0,,1.0,1.0,1.0,0.0,0.0,1.0,1.0,105.0,105.0,1.0,0.6911,0.0002,3.0,True
False,0.0,0.5438,0.5571,0.5571,0.5571,1.0,13133022.0,1.0,1.0,102.0,6.0,0.05882353,0.6685,0.1625,3.0,True
False,0.0,,1.0,1.0,1.0,0.0,0.0,1.0,1.0,36.0,36.0,1.0,0.6911,0.0002,0.0,True
False,0.0,,1.0,1.0,1.0,0.0,0.0,1.0,1.0,151.0,151.0,1.0,0.6911,0.0002,2.0,True
False,0.0,0.5438,0.5706,0.5706,0.5706,1.0,13133022.0,1.0,1.0,151.0,16.0,0.105960265,0.6685,0.1625,2.0,True
False,0.0,,1.0,1.0,1.0,0.0,0.0,1.0,1.0,36.0,36.0,1.0,0.6911,0.0002,0.0,True
False,0.0,,1.0,1.0,1.0,0.0,0.0,1.0,1.0,292.0,292.0,1.0,0.6911,0.0002,16.0,True
False,0.0,0.5438,0.5469,0.5469,0.5469,1.0,13133022.0,1.0,1.0,292.0,2.0,0.006849315,0.6685,0.1625,16.0,True
False,0.0,,1.0,1.0,1.0,0.0,0.0,1.0,1.0,36.0,36.0,1.0,0.6911,0.0002,0.0,True
False,0.0,,1.0,1.0,1.0,0.0,0.0,1.0,1.0,757.0,757.0,1.0,0.6911,0.0002,16.0,True
False,0.0,0.9762,0.9765,0.9765,0.9765,1.0,586845.0,1.0,1.0,749.0,16.0,0.021361817,0.662,0.196,16.0,False
False,0.0,0.5439,0.5541,0.5541,0.5541,2.0,13133022.0,1.0,1.0,717.0,61.0,0.08507671,0.6685,0.1625,16.0,True
False,0.0,,1.0,1.0,1.0,0.0,0.0,1.0,1.0,42.0,42.0,1.0,0.6911,0.0002,0.0,True
False,0.0,,1.0,1.0,1.0,0.0,0.0,1.0,1.0,85.0,85.0,1.0,0.6911,0.0002,1.0,True
False,0.0,0.5438,0.5801,0.5801,0.5801,1.0,13133022.0,1.0,1.0,85.0,9.0,0.105882354,0.6685,0.1625,1.0,True
False,0.0,,1.0,1.0,1.0,0.0,0.0,1.0,1.0,90.0,90.0,1.0,0.6911,0.0002,1.0,True
False,0.0,0.5438,0.5995,0.5995,0.5995,1.0,13133022.0,1.0,1.0,88.0,22.0,0.25,0.6685,0.1625,1.0,True
False,0.0,,1.0,1.0,1.0,0.0,0.0,1.0,1.0,77.0,77.0,1.0,0.6911,0.0002,1.0,True
False,0.0,0.5438,0.5837,0.5837,0.5837,1.0,13133022.0,1.0,1.0,77.0,9.0,0.116883114,0.6685,0.1625,1.0,True
False,0.0,,1.0,1.0,1.0,0.0,0.0,1.0,1.0,138.0,138.0,1.0,0.6911,0.0002,4.0,True
False,0.0,0.5438,0.5697,0.5697,0.5697,1.0,13133022.0,1.0,1.0,138.0,10.0,0.072463766,0.6685,0.1625,4.0,True
False,0.0,,1.0,1.0,1.0,0.0,0.0,1.0,1.0,152.0,152.0,1.0,0.6911,0.0002,3.0,True
False,0.0,0.5438,0.5588,0.5588,0.5588,1.0,13133022.0,1.0,1.0,150.0,8.0,0.053333335,0.6685,0.1625,3.0,True
False,0.0,,1.0,1.0,1.0,0.0,0.0,1.0,1.0,55.0,55.0,1.0,0.6911,0.0002,1.0,True
False,0.0,0.5438,0.5831,0.5831,0.5831,1.0,13133022.0,1.0,1.0,55.0,6.0,0.10909091,0.6685,0.1625,1.0,True
False,0.0,,1.0,1.0,1.0,0.0,0.0,1.0,1.0,100.0,100.0,1.0,0.6911,0.0002,3.0,True
False,0.0,0.5438,0.5799,0.5799,0.5799,1.0,13133022.0,1.0,1.0,98.0,12.0,0.12244898,0.6685,0.1625,3.0,True
False,0.0,,1.0,1.0,1.0,0.0,0.0,1.0,1.0,4350.0,4350.0,1.0,0.6911,0.0002,,True
False,0.0,,1.0,1.0,1.0,0.0,0.0,1.0,1.0,65.0,65.0,1.0,0.6911,0.0002,2.0,True
False,0.0,0.5438,0.5778,0.5778,0.5778,1.0,13133022.0,1.0,1.0,65.0,8.0,0.12307692,0.6685,0.1625,2.0,True
False,0.0,,1.0,1.0,1.0,0.0,0.0,1.0,1.0,149.0,149.0,1.0,0.6911,0.0002,,True
False,0.0,,1.0,1.0,1.0,0.0,0.0,1.0,1.0,39.0,39.0,1.0,0.6911,0.0002,1.0,True
False,0.0,0.5438,0.5772,0.5772,0.5772,1.0,13133022.0,1.0,1.0,39.0,4.0,0.102564104,0.6685,0.1625,1.0,True
False,0.0,,1.0,1.0,1.0,0.0,0.0,1.0,1.0,1.0,1.0,1.0,0.6911,0.0002,,True
False,0.0,,1.0,1.0,1.0,0.0,0.0,1.0,1.0,80.0,80.0,1.0,0.6911,0.0002,6.0,True
False,0.0,0.5438,0.566,0.566,0.566,1.0,13133022.0,1.0,1.0,80.0,6.0,0.075,0.6685,0.1625,6.0,True
False,0.0,,1.0,1.0,1.0,0.0,0.0,1.0,1.0,23.0,23.0,1.0,0.6911,0.0002,,True
False,0.0,,1.0,1.0,1.0,0.0,0.0,1.0,1.0,42.0,42.0,1.0,0.6911,0.0002,3.0,True
False,0.0,0.5438,0.5749,0.5749,0.5749,1.0,13133022.0,1.0,1.0,42.0,4.0,0.0952381,0.6685,0.1625,3.0,True
False,0.0,,1.0,1.0,1.0,0.0,0.0,1.0,1.0,1457.0,1457.0,1.0,0.6911,0.0002,,True
False,0.0,,1.0,1.0,1.0,0.0,0.0,1.0,1.0,61.0,61.0,1.0,0.6911,0.0002,,True
False,0.0,0.5438,0.5658,0.5658,0.5658,1.0,13133022.0,1.0,1.0,61.0,3.0,0.04918033,0.6685,0.1625,,True
False,0.0,,1.0,1.0,1.0,0.0,0.0,1.0,1.0,56.0,56.0,1.0,0.6911,0.0002,,True
False,0.0,0.5438,0.5691,0.5691,0.5691,1.0,13133022.0,1.0,1.0,53.0,6.0,0.11320755,0.6685,0.1625,,True
False,0.0,,1.0,1.0,1.0,0.0,0.0,1.0,1.0,55.0,55.0,1.0,0.6911,0.0002,,True
False,0.0,0.5438,0.5696,0.5696,0.5696,1.0,13133022.0,1.0,1.0,52.0,6.0,0.115384616,0.6685,0.1625,,True
False,0.0,,1.0,1.0,1.0,0.0,0.0,1.0,1.0,110.0,110.0,1.0,0.6911,0.0002,,True
False,0.0,0.5438,0.5521,0.5521,0.5521,1.0,13133022.0,1.0,1.0,109.0,3.0,0.027522936,0.6685,0.1625,,True
False,0.0,,1.0,1.0,1.0,0.0,0.0,1.0,1.0,51.0,51.0,1.0,0.6911,0.0002,3.0,True
False,0.0,0.5438,0.5617,0.5617,0.5617,1.0,13133022.0,1.0,1.0,50.0,3.0,0.06,0.6685,0.1625,3.0,True
False,0.0,,1.0,1.0,1.0,0.0,0.0,1.0,1.0,368.0,368.0,1.0,0.6911,0.0002,43.0,True
False,0.0,0.5438,0.5526,0.5526,0.5526,1.0,13133022.0,1.0,1.0,359.0,20.0,0.05571031,0.6685,0.1625,43.0,True
False,0.0,,1.0,1.0,1.0,0.0,0.0,1.0,1.0,67.0,67.0,1.0,0.6911,0.0002,7.0,True
False,0.0,0.5438,0.5572,0.5572,0.5572,1.0,13133022.0,1.0,1.0,66.0,3.0,0.045454547,0.6685,0.1625,7.0,True
False,0.0,,1.0,1.0,1.0,0.0,0.0,1.0,1.0,66.0,66.0,1.0,0.6911,0.0002,5.0,True
False,0.0,0.5438,0.5639,0.5639,0.5639,1.0,13133022.0,1.0,1.0,66.0,4.0,0.060606062,0.6685,0.1625,5.0,True
False,0.0,,1.0,1.0,1.0,0.0,0.0,1.0,1.0,121.0,121.0,1.0,0.6911,0.0002,12.0,True
False,0.0,0.5438,0.5589,0.5589,0.5589,1.0,13133022.0,1.0,1.0,120.0,5.0,0.041666668,0.6685,0.1625,12.0,True
False,0.0,,1.0,1.0,1.0,0.0,0.0,1.0,1.0,170.0,170.0,1.0,0.6911,0.0002,13.0,True
False,0.0,0.5438,0.5684,0.5684,0.5684,1.0,13133022.0,1.0,1.0,165.0,14.0,0.084848486,0.6685,0.1625,13.0,True
False,0.0,,1.0,1.0,1.0,0.0,0.0,1.0,1.0,143.0,143.0,1.0,0.6911,0.0002,6.0,True
False,0.0,0.5438,0.5631,0.5631,0.5631,1.0,13133022.0,1.0,1.0,139.0,11.0,0.07913669,0.6685,0.1625,6.0,True
False,0.0,,1.0,1.0,1.0,0.0,0.0,1.0,1.0,40.0,40.0,1.0,0.6911,0.0002,,True
False,0.0,0.5438,0.5549,0.5549,0.5549,1.0,13133022.0,1.0,1.0,40.0,1.0,0.025,0.6685,0.1625,,True
False,0.0,,1.0,1.0,1.0,0.0,0.0,1.0,1.0,31.0,31.0,1.0,0.6911,0.0002,,True
False,0.0,0.5438,0.558,0.558,0.558,1.0,13133022.0,1.0,1.0,31.0,1.0,0.032258064,0.6685,0.1625,,True
False,0.0,,1.0,1.0,1.0,0.0,0.0,1.0,1.0,36.0,36.0,1.0,0.6911,0.0002,,True
False,0.0,0.5438,0.5561,0.5561,0.5561,1.0,13133022.0,1.0,1.0,36.0,1.0,0.027777778,0.6685,0.1625,,True
False,0.0,,1.0,1.0,1.0,0.0,0.0,1.0,1.0,40.0,40.0,1.0,0.6911,0.0002,,True
False,0.0,0.5438,0.5549,0.5549,0.5549,1.0,13133022.0,1.0,1.0,40.0,1.0,0.025,0.6685,0.1625,,True
False,0.0,,1.0,1.0,1.0,0.0,0.0,1.0,1.0,31.0,31.0,1.0,0.6911,0.0002,,True
False,0.0,0.5438,0.558,0.558,0.558,1.0,13133022.0,1.0,1.0,31.0,1.0,0.032258064,0.6685,0.1625,,True
False,0.0,,1.0,1.0,1.0,0.0,0.0,1.0,1.0,29.0,29.0,1.0,0.6911,0.0002,,True
False,0.0,0.5438,0.559,0.559,0.559,1.0,13133022.0,1.0,1.0,29.0,1.0,0.03448276,0.6685,0.1625,,True
False,0.0,,1.0,1.0,1.0,0.0,0.0,1.0,1.0,31.0,31.0,1.0,0.6911,0.0002,,True
False,0.0,0.5438,0.558,0.558,0.558,1.0,13133022.0,1.0,1.0,31.0,1.0,0.032258064,0.6685,0.1625,,True
False,0.0,,1.0,1.0,1.0,0.0,0.0,1.0,1.0,56.0,56.0,1.0,0.6911,0.0002,,True
False,0.0,0.5438,0.5691,0.5691,0.5691,1.0,13133022.0,1.0,1.0,53.0,6.0,0.11320755,0.6685,0.1625,,True
False,0.0,,1.0,1.0,1.0,0.0,0.0,1.0,1.0,124.0,124.0,1.0,0.6911,0.0002,,True
False,0.0,0.5438,0.5587,0.5587,0.5587,1.0,13133022.0,1.0,1.0,121.0,7.0,0.05785124,0.6685,0.1625,,True
False,0.0,,1.0,1.0,1.0,0.0,0.0,1.0,1.0,162.0,162.0,1.0,0.6911,0.0002,,True
False,0.0,0.5438,0.5579,0.5579,0.5579,1.0,13133022.0,1.0,1.0,160.0,7.0,0.04375,0.6685,0.1625,,True
False,0.0,,1.0,1.0,1.0,0.0,0.0,1.0,1.0,176.0,176.0,1.0,0.6911,0.0002,,True
False,0.0,0.5438,0.5542,0.5542,0.5542,1.0,13133022.0,1.0,1.0,174.0,6.0,0.03448276,0.6685,0.1625,,True
False,0.0,,1.0,1.0,1.0,0.0,0.0,1.0,1.0,7.0,7.0,1.0,0.6911,0.0002,,True
False,0.0,,1.0,1.0,1.0,0.0,0.0,1.0,1.0,89.0,89.0,1.0,0.6911,0.0002,1.0,True
False,0.0,,1.0,1.0,1.0,0.0,0.0,1.0,1.0,28.0,28.0,1.0,0.6911,0.0002,,True
False,0.0,0.5438,0.5595,0.5595,0.5595,1.0,13133022.0,1.0,1.0,28.0,1.0,0.035714287,0.6685,0.1625,,True
False,0.0,,1.0,1.0,1.0,0.0,0.0,1.0,1.0,27.0,27.0,1.0,0.6911,0.0002,,True
False,0.0,0.5438,0.5601,0.5601,0.5601,1.0,13133022.0,1.0,1.0,27.0,1.0,0.037037037,0.6685,0.1625,,True
False,0.0,,1.0,1.0,1.0,0.0,0.0,1.0,1.0,36.0,36.0,1.0,0.6911,0.0002,,True
False,0.0,0.5438,0.5561,0.5561,0.5561,1.0,13133022.0,1.0,1.0,36.0,1.0,0.027777778,0.6685,0.1625,,True
False,0.0,,1.0,1.0,1.0,0.0,0.0,1.0,1.0,187.0,187.0,1.0,0.6911,0.0002,,True
False,0.0,,1.0,1.0,1.0,0.0,0.0,1.0,1.0,125.0,125.0,1.0,0.6911,0.0002,,True
False,0.0,,1.0,1.0,1.0,0.0,0.0,1.0,1.0,125.0,125.0,1.0,0.6911,0.0002,,True
False,0.0,,1.0,1.0,1.0,0.0,0.0,1.0,1.0,63.0,63.0,1.0,0.6911,0.0002,,True
False,0.0,,1.0,1.0,1.0,0.0,0.0,1.0,1.0,61.0,61.0,1.0,0.6911,0.0002,,True
False,0.0,,1.0,1.0,1.0,0.0,0.0,1.0,1.0,62.0,62.0,1.0,0.6911,0.0002,,True
False,0.0,,1.0,1.0,1.0,0.0,0.0,1.0,1.0,88.0,88.0,1.0,0.6911,0.0002,,True
False,0.0,,1.0,1.0,1.0,0.0,0.0,1.0,1.0,342.0,342.0,1.0,0.6911,0.0002,,True
False,0.0,,1.0,1.0,1.0,0.0,0.0,1.0,1.0,121.0,121.0,1.0,0.6911,0.0002,7.0,True
False,0.0,0.5438,0.5553,0.5553,0.5553,1.0,13133022.0,1.0,1.0,117.0,8.0,0.06837607,0.6685,0.1625,7.0,True
False,0.0,0.0975,0.1349,0.1349,0.1349,2.0,50699629.0,1.0,1.0,118.0,4.0,0.033898305,0.5935,0.6782,7.0,True
False,0.0,,0.0248,0.134,0.067,3.0,50805115.0,2.0,2.0,118.0,3.0,0.025423728,0.6189,0.6958,7.0,False
True,1.0,0.1075,0.1075,0.1319,0.066,4.0,51199743.0,2.0,2.0,118.0,3.0,0.025423728,0.6402,0.7117,,False
False,0.0,,1.0,1.0,1.0,0.0,0.0,1.0,1.0,265.0,265.0,1.0,0.6911,0.0002,,True
False,0.0,,1.0,1.0,1.0,0.0,0.0,1.0,1.0,108.0,108.0,1.0,0.6911,0.0002,8.0,True
False,0.0,0.0955,0.1281,0.1281,0.1281,1.0,50699629.0,1.0,1.0,109.0,3.0,0.027522936,0.5935,0.6782,8.0,True
False,0.0,,0.027,0.1273,0.0637,2.0,50805115.0,2.0,2.0,109.0,3.0,0.027522936,0.6189,0.6958,8.0,False
True,1.0,0.0987,0.0987,0.1253,0.0626,3.0,51199743.0,2.0,2.0,109.0,3.0,0.027522936,0.6402,0.7117,,False
False,0.0,,1.0,1.0,1.0,0.0,0.0,1.0,1.0,113.0,113.0,1.0,0.6911,0.0002,,True
False,0.0,,1.0,1.0,1.0,0.0,0.0,1.0,1.0,202.0,202.0,1.0,0.6911,0.0002,,True
False,0.0,,1.0,1.0,1.0,0.0,0.0,1.0,1.0,79.0,79.0,1.0,0.6636,0.1624,4.0,True
False,0.0,,0.0476,0.9924,0.4962,1.0,178048.0,2.0,2.0,82.0,3.0,0.036585364,0.6642,0.1658,4.0,False
False,0.0,0.0476,0.0244,0.9922,0.4961,2.0,240653.0,2.0,2.0,80.0,3.0,0.0375,0.6642,0.1648,4.0,False
True,1.0,0.0238,0.0369,0.9653,0.4826,3.0,840980.0,2.0,2.0,78.0,3.0,0.03846154,0.6646,0.168,4.0,True
False,1.0,0.0043,0.0529,0.1551,0.0775,4.0,47343203.0,2.0,2.0,79.0,3.0,0.03797468,0.5935,0.6782,4.0,True
False,1.0,,0.0366,0.1542,0.0514,5.0,47448689.0,3.0,3.0,79.0,3.0,0.03797468,0.6189,0.6958,4.0,False
True,2.0,0.016,0.016,0.1517,0.0506,6.0,47843317.0,3.0,3.0,79.0,3.0,0.03797468,0.6402,0.7117,,False
False,0.0,,1.0,1.0,1.0,0.0,0.0,1.0,1.0,163.0,163.0,1.0,0.665,0.1634,6.0,True
False,0.0,0.6972,0.699,0.699,0.699,1.0,7851268.0,1.0,1.0,163.0,1.0,0.006134969,0.6655,0.1554,6.0,False
False,0.0,0.1203,0.1415,0.1415,0.1415,2.0,45706774.0,1.0,1.0,164.0,3.0,0.018292682,0.5935,0.6782,6.0,True
False,0.0,,0.0181,0.141,0.0705,3.0,45812260.0,2.0,2.0,164.0,3.0,0.018292682,0.6189,0.6958,6.0,False
True,1.0,0.121,0.121,0.1388,0.0694,4.0,46206888.0,2.0,2.0,164.0,3.0,0.018292682,0.6402,0.7117,,False
True,1.0,,1.0,1.0,1.0,0.0,0.0,1.0,1.0,103.0,103.0,1.0,0.6646,0.168,8.0,True
True,2.0,0.2773,0.2843,0.2843,0.2843,1.0,27684298.0,1.0,1.0,103.0,1.0,0.009708738,0.6844,0.7926,8.0,False
False,2.0,0.1187,0.152,0.152,0.152,2.0,46502223.0,1.0,1.0,104.0,3.0,0.028846154,0.5935,0.6782,8.0,True
False,2.0,,0.0283,0.1515,0.0757,3.0,46607709.0,2.0,2.0,104.0,3.0,0.028846154,0.6189,0.6958,8.0,False
True,3.0,0.1208,0.1208,0.1486,0.0743,4.0,47002337.0,2.0,2.0,104.0,3.0,0.028846154,0.6402,0.7117,,False
False,0.0,,1.0,1.0,1.0,0.0,0.0,1.0,1.0,121.0,121.0,1.0,0.6655,0.1553,2.0,True
False,0.0,1.0,1.0,1.0,1.0,1.0,11541.0,1.0,1.0,127.0,8.0,0.062992126,0.6655,0.1548,3.0,False
False,0.0,0.1743,0.1995,0.1995,0.1995,2.0,37679988.0,1.0,1.0,128.0,3.0,0.0234375,0.5935,0.6782,3.0,True
False,0.0,,0.0229,0.1987,0.0994,3.0,37785474.0,2.0,2.0,128.0,3.0,0.0234375,0.6189,0.6958,3.0,False
True,1.0,0.173,0.173,0.1956,0.0978,4.0,38180102.0,2.0,2.0,128.0,3.0,0.0234375,0.6402,0.7117,,False
False,0.0,,1.0,1.0,1.0,0.0,0.0,1.0,1.0,250.0,250.0,1.0,0.665,0.1634,8.0,True
False,0.0,0.12,0.1339,0.1339,0.1339,1.0,45706774.0,1.0,1.0,251.0,3.0,0.011952192,0.5935,0.6782,8.0,True
False,0.0,,0.0119,0.1334,0.0667,2.0,45812260.0,2.0,2.0,251.0,3.0,0.011952192,0.6189,0.6958,8.0,False
True,1.0,0.1196,0.1196,0.1313,0.0657,3.0,46206888.0,2.0,2.0,251.0,3.0,0.011952192,0.6402,0.7117,,False
False,0.0,,1.0,1.0,1.0,0.0,0.0,1.0,1.0,222.0,222.0,1.0,0.6636,0.1624,5.0,True
False,0.0,,0.0091,1.0,0.5,1.0,78618.0,2.0,2.0,218.0,6.0,0.027522936,0.6641,0.1654,5.0,True
False,0.0,0.0085,0.1695,0.9417,0.4708,2.0,1636429.0,2.0,2.0,242.0,38.0,0.1570248,0.665,0.1634,7.0,True
False,0.0,0.1172,0.2068,0.6851,0.3426,3.0,9663215.0,2.0,2.0,266.0,28.0,0.10526316,0.6655,0.1553,13.0,True
False,0.0,0.2064,0.2101,0.6861,0.343,4.0,9674756.0,2.0,2.0,266.0,1.0,0.0037593986,0.6655,0.1548,13.0,False
True,1.0,0.0877,0.1097,0.3017,0.1509,5.0,28525278.0,2.0,2.0,266.0,6.0,0.02255639,0.6844,0.7926,13.0,False
False,1.0,0.0458,0.0601,0.1392,0.0696,6.0,47343203.0,2.0,2.0,267.0,3.0,0.011235955,0.5935,0.6782,13.0,True
False,1.0,,0.0109,0.1383,0.0461,7.0,47448689.0,3.0,3.0,267.0,3.0,0.011235955,0.6189,0.6958,13.0,False
True,2.0,0.0481,0.0481,0.1361,0.0454,8.0,47843317.0,3.0,3.0,267.0,3.0,0.011235955,0.6402,0.7117,,False
False,0.0,,1.0,1.0,1.0,0.0,0.0,1.0,1.0,99.0,99.0,1.0,0.6636,0.1624,5.0,True
False,0.0,,0.1842,1.0,0.5,1.0,78618.0,2.0,2.0,111.0,20.0,0.18018018,0.6641,0.1654,5.0,True
False,0.0,0.1835,0.284,0.9936,0.4968,2.0,178048.0,2.0,2.0,125.0,14.0,0.112,0.6642,0.1658,6.0,False
False,0.0,0.284,0.1976,0.9929,0.4964,3.0,240653.0,2.0,2.0,111.0,14.0,0.12612613,0.6642,0.1648,5.0,False
True,1.0,0.1921,0.2102,0.9655,0.4827,4.0,840980.0,2.0,2.0,101.0,10.0,0.0990099,0.6646,0.168,5.0,True
False,1.0,0.0242,0.102,0.1857,0.0928,5.0,47343203.0,2.0,2.0,102.0,8.0,0.078431375,0.5935,0.6782,5.0,True
False,1.0,,0.0278,0.1847,0.0616,6.0,47448689.0,3.0,3.0,102.0,3.0,0.029411765,0.6189,0.6958,5.0,False
True,2.0,0.0727,0.0727,0.1818,0.0606,7.0,47843317.0,3.0,3.0,102.0,3.0,0.029411765,0.6402,0.7117,,False
False,0.0,,1.0,1.0,1.0,0.0,0.0,1.0,1.0,133.0,133.0,1.0,0.6911,0.0002,2.0,True
False,0.0,0.0955,0.1221,0.1221,0.1221,1.0,50699629.0,1.0,1.0,134.0,3.0,0.02238806,0.5935,0.6782,2.0,True
False,0.0,,0.0221,0.1213,0.0607,2.0,50805115.0,2.0,2.0,134.0,3.0,0.02238806,0.6189,0.6958,2.0,False
True,1.0,0.0977,0.0977,0.1194,0.0597,3.0,51199743.0,2.0,2.0,134.0,3.0,0.02238806,0.6402,0.7117,,False
False,0.0,,1.0,1.0,1.0,0.0,0.0,1.0,1.0,78.0,78.0,1.0,0.6911,0.0002,,True
False,0.0,,1.0,1.0,1.0,0.0,0.0,1.0,1.0,98.0,98.0,1.0,0.6911,0.0002,,True
False,0.0,,1.0,1.0,1.0,0.0,0.0,1.0,1.0,71.0,71.0,1.0,0.6911,0.0002,,True
False,0.0,,1.0,1.0,1.0,0.0,0.0,1.0,1.0,69.0,69.0,1.0,0.6911,0.0002,,True
False,0.0,,1.0,1.0,1.0,0.0,0.0,1.0,1.0,112.0,112.0,1.0,0.6911,0.0002,,True
False,0.0,,1.0,1.0,1.0,0.0,0.0,1.0,1.0,213.0,213.0,1.0,0.6911,0.0002,,True
False,0.0,,1.0,1.0,1.0,0.0,0.0,1.0,1.0,213.0,213.0,1.0,0.6911,0.0002,,True
False,0.0,,1.0,1.0,1.0,0.0,0.0,1.0,1.0,174.0,174.0,1.0,0.6911,0.0002,4.0,True
False,0.0,0.5438,0.5594,0.5594,0.5594,1.0,13133022.0,1.0,1.0,173.0,9.0,0.05202312,0.6685,0.1625,4.0,True
False,0.0,0.0982,0.134,0.134,0.134,2.0,50699629.0,1.0,1.0,174.0,6.0,0.03448276,0.5935,0.6782,4.0,True
False,0.0,,0.0169,0.1331,0.0666,3.0,50805115.0,2.0,2.0,174.0,3.0,0.01724138,0.6189,0.6958,4.0,False
True,1.0,0.1143,0.1143,0.131,0.0655,4.0,51199743.0,2.0,2.0,174.0,3.0,0.01724138,0.6402,0.7117,,False
False,0.0,,1.0,1.0,1.0,0.0,0.0,1.0,1.0,139.0,139.0,1.0,0.6911,0.0002,,True
False,0.0,,1.0,1.0,1.0,0.0,0.0,1.0,1.0,117.0,117.0,1.0,0.6911,0.0002,9.0,True
False,0.0,0.0955,0.1256,0.1256,0.1256,1.0,50699629.0,1.0,1.0,118.0,3.0,0.025423728,0.5935,0.6782,9.0,True
False,0.0,,0.025,0.1249,0.0624,2.0,50805115.0,2.0,2.0,118.0,3.0,0.025423728,0.6189,0.6958,9.0,False
True,1.0,0.0983,0.0983,0.1229,0.0614,3.0,51199743.0,2.0,2.0,118.0,3.0,0.025423728,0.6402,0.7117,,False
False,0.0,,1.0,1.0,1.0,0.0,0.0,1.0,1.0,139.0,139.0,1.0,0.6911,0.0002,,True
False,0.0,,1.0,1.0,1.0,0.0,0.0,1.0,1.0,1044.0,1044.0,1.0,0.6911,0.0002,12.0,True
False,0.0,0.5438,0.5464,0.5464,0.5464,1.0,13133022.0,1.0,1.0,1040.0,14.0,0.013461539,0.6685,0.1625,12.0,True
False,0.0,0.1131,0.1291,0.1291,0.1291,2.0,47163297.0,1.0,1.0,1047.0,18.0,0.017191976,0.5733,0.5036,12.0,True
False,0.0,0.1096,0.1198,0.1198,0.1198,3.0,50699629.0,1.0,1.0,1048.0,11.0,0.010496183,0.5935,0.6782,12.0,True
False,0.0,,0.0028,0.1189,0.0595,4.0,50805115.0,2.0,2.0,1048.0,3.0,0.0028625955,0.6189,0.6958,12.0,False
True,1.0,0.1142,0.1142,0.117,0.0585,5.0,51199743.0,2.0,2.0,1048.0,3.0,0.0028625955,0.6402,0.7117,,False
False,0.0,,1.0,1.0,1.0,0.0,0.0,1.0,1.0,256.0,256.0,1.0,0.6911,0.0002,,True
False,0.0,,1.0,1.0,1.0,0.0,0.0,1.0,1.0,235.0,235.0,1.0,0.6911,0.0002,4.0,True
False,0.0,0.1125,0.2421,0.2421,0.2421,1.0,47163297.0,1.0,1.0,225.0,43.0,0.19111112,0.5733,0.5036,4.0,True
False,0.0,0.2059,0.2334,0.2334,0.2334,2.0,50699629.0,1.0,1.0,226.0,7.0,0.030973451,0.5935,0.6782,4.0,True
False,0.0,,0.0132,0.2317,0.1159,3.0,50805115.0,2.0,2.0,226.0,3.0,0.013274336,0.6189,0.6958,4.0,False
True,1.0,0.2151,0.2151,0.228,0.114,4.0,51199743.0,2.0,2.0,226.0,3.0,0.013274336,0.6402,0.7117,,False
False,0.0,,1.0,1.0,1.0,0.0,0.0,1.0,1.0,187.0,187.0,1.0,0.6911,0.0002,,True
False,0.0,,1.0,1.0,1.0,0.0,0.0,1.0,1.0,325.0,325.0,1.0,0.6911,0.0002,13.0,True
False,0.0,0.5438,0.5552,0.5552,0.5552,1.0,13133022.0,1.0,1.0,317.0,22.0,0.06940063,0.6685,0.1625,13.0,True
False,0.0,,0.0031,0.2595,0.1298,2.0,29780186.0,2.0,2.0,317.0,1.0,0.0031545742,0.5122,0.0612,13.0,False
False,0.0,,,0.2575,0.1287,3.0,29955483.0,2.0,3.0,317.0,1.0,0.0031545742,0.6244,0.7563,,False
False,0.0,0.0972,0.1113,0.1125,0.0562,4.0,50699629.0,2.0,3.0,318.0,4.0,0.012578616,0.5935,0.6782,13.0,True
False,0.0,,0.0156,0.1146,0.0382,5.0,50805115.0,3.0,4.0,317.0,6.0,0.018927446,0.6189,0.6958,13.0,False
True,1.0,0.0962,0.1085,0.1159,0.0386,6.0,51199743.0,3.0,4.0,316.0,6.0,0.01898734,0.6402,0.7117,,False
False,0.0,,1.0,1.0,1.0,0.0,0.0,1.0,1.0,258.0,258.0,1.0,0.6911,0.0002,11.0,True
False,0.0,0.5438,0.5524,0.5524,0.5524,1.0,13133022.0,1.0,1.0,261.0,4.0,0.01532567,0.6685,0.1625,11.0,True
False,0.0,,0.0076,0.2328,0.1164,2.0,32396116.0,2.0,2.0,261.0,2.0,0.007662835,0.6933,0.7275,11.0,False
False,0.0,0.2199,0.2199,0.2273,0.1137,3.0,32898691.0,2.0,2.0,261.0,2.0,0.007662835,0.6928,0.6997,,False
False,0.0,0.0963,0.1407,0.1439,0.0719,4.0,50699629.0,2.0,2.0,262.0,12.0,0.045801528,0.5935,0.6782,11.0,True
False,0.0,,0.0113,0.143,0.0477,5.0,50805115.0,3.0,3.0,262.0,3.0,0.011450382,0.6189,0.6958,11.0,False
True,1.0,0.1264,0.1264,0.1407,0.0469,6.0,51199743.0,3.0,3.0,262.0,3.0,0.011450382,0.6402,0.7117,,False
False,0.0,,1.0,1.0,1.0,0.0,0.0,1.0,1.0,98.0,98.0,1.0,0.6911,0.0002,4.0,True
False,0.0,0.992,0.9935,0.9935,0.9935,1.0,256144.0,1.0,1.0,116.0,18.0,0.15517241,0.6913,0.0055,6.0,False
False,0.0,0.545,0.56,0.56,0.56,2.0,13133022.0,1.0,1.0,115.0,7.0,0.060869563,0.6685,0.1625,6.0,True
False,0.0,0.0983,0.1277,0.1277,0.1277,3.0,50699629.0,1.0,1.0,116.0,3.0,0.02586207,0.5935,0.6782,6.0,True
False,0.0,,0.0244,0.1269,0.0635,4.0,50805115.0,2.0,2.0,116.0,3.0,0.02586207,0.6189,0.6958,6.0,False
True,1.0,0.1009,0.1009,0.1249,0.0624,5.0,51199743.0,2.0,2.0,116.0,3.0,0.02586207,0.6402,0.7117,,False
False,0.0,,1.0,1.0,1.0,0.0,0.0,1.0,1.0,152.0,152.0,1.0,0.6911,0.0002,5.0,True
False,0.0,0.992,0.993,0.993,0.993,1.0,256144.0,1.0,1.0,171.0,19.0,0.11111111,0.6913,0.0055,7.0,False
False,0.0,0.5446,0.5653,0.5653,0.5653,2.0,13133022.0,1.0,1.0,170.0,13.0,0.07647059,0.6685,0.1625,7.0,True
True,1.0,0.1033,0.1085,0.1085,0.1085,3.0,49833434.0,1.0,1.0,170.0,1.0,0.005882353,0.5518,0.5998,7.0,True
False,1.0,0.1042,0.1244,0.1244,0.1244,4.0,50699629.0,1.0,1.0,171.0,3.0,0.01754386,0.5935,0.6782,7.0,True
False,1.0,,0.0169,0.1236,0.0618,5.0,50805115.0,2.0,2.0,171.0,3.0,0.01754386,0.6189,0.6958,7.0,False
True,2.0,0.105,0.105,0.1216,0.0608,6.0,51199743.0,2.0,2.0,171.0,3.0,0.01754386,0.6402,0.7117,,False
False,0.0,,1.0,1.0,1.0,0.0,0.0,1.0,1.0,137.0,137.0,1.0,0.6911,0.0002,3.0,True
False,0.0,0.992,0.9925,0.9925,0.9925,1.0,256144.0,1.0,1.0,141.0,4.0,0.028368793,0.6913,0.0055,3.0,False
False,0.0,0.5441,0.5565,0.5565,0.5565,2.0,13133022.0,1.0,1.0,141.0,6.0,0.04255319,0.6685,0.1625,3.0,True
False,0.0,0.1152,0.1971,0.1971,0.1971,3.0,47163297.0,1.0,1.0,155.0,14.0,0.090322584,0.5733,0.5036,4.0,True
False,0.0,0.1676,0.1887,0.1887,0.1887,4.0,50699629.0,1.0,1.0,156.0,3.0,0.01923077,0.5935,0.6782,4.0,True
False,0.0,,0.0183,0.1874,0.0937,5.0,50805115.0,2.0,2.0,156.0,3.0,0.01923077,0.6189,0.6958,4.0,False
True,1.0,0.1664,0.1664,0.1844,0.0922,6.0,51199743.0,2.0,2.0,156.0,3.0,0.01923077,0.6402,0.7117,,False
False,0.0,,1.0,1.0,1.0,0.0,0.0,1.0,1.0,343.0,343.0,1.0,0.6911,0.0002,14.0,True
False,0.0,0.8587,0.8595,0.8595,0.8595,1.0,3344246.0,1.0,1.0,344.0,1.0,0.0029069767,0.6629,0.1578,14.0,False
False,0.0,0.5443,0.5512,0.5512,0.5512,2.0,13133022.0,1.0,1.0,331.0,18.0,0.054380666,0.6685,0.1625,14.0,True
False,0.0,0.1141,0.1546,0.1546,0.1546,3.0,47163297.0,1.0,1.0,346.0,15.0,0.0433526,0.5733,0.5036,15.0,True
False,0.0,0.1313,0.1414,0.1414,0.1414,4.0,50699629.0,1.0,1.0,347.0,3.0,0.008645534,0.5935,0.6782,15.0,True
False,0.0,,0.0085,0.1403,0.0702,5.0,50805115.0,2.0,2.0,347.0,3.0,0.008645534,0.6189,0.6958,15.0,False
True,1.0,0.1297,0.1297,0.1381,0.0691,6.0,51199743.0,2.0,2.0,347.0,3.0,0.008645534,0.6402,0.7117,,False
False,0.0,,1.0,1.0,1.0,0.0,0.0,1.0,1.0,167.0,167.0,1.0,0.6911,0.0002,,True
False,0.0,,1.0,1.0,1.0,0.0,0.0,1.0,1.0,94.0,94.0,1.0,0.6911,0.0002,,True
False,0.0,,1.0,1.0,1.0,0.0,0.0,1.0,1.0,202.0,202.0,1.0,0.6911,0.0002,,True
False,0.0,,1.0,1.0,1.0,0.0,0.0,1.0,1.0,80.0,80.0,1.0,0.6911,0.0002,,True
False,0.0,,1.0,1.0,1.0,0.0,0.0,1.0,1.0,14.0,14.0,1.0,0.6911,0.0002,,True
False,0.0,,1.0,1.0,1.0,0.0,0.0,1.0,1.0,141.0,141.0,1.0,0.6911,0.0002,5.0,True
False,0.0,,1.0,1.0,1.0,0.0,0.0,1.0,1.0,121.0,121.0,1.0,0.6911,0.0002,10.0,True
False,0.0,0.0955,0.1247,0.1247,0.1247,1.0,50699629.0,1.0,1.0,122.0,3.0,0.024590164,0.5935,0.6782,10.0,True
False,0.0,,0.0242,0.1239,0.062,2.0,50805115.0,2.0,2.0,122.0,3.0,0.024590164,0.6189,0.6958,10.0,False
True,1.0,0.0981,0.0981,0.1219,0.061,3.0,51199743.0,2.0,2.0,122.0,3.0,0.024590164,0.6402,0.7117,,False
False,0.0,,1.0,1.0,1.0,0.0,0.0,1.0,1.0,103.0,103.0,1.0,0.6911,0.0002,3.0,True
False,0.0,,1.0,1.0,1.0,0.0,0.0,1.0,1.0,120.0,120.0,1.0,0.6911,0.0002,10.0,True
False,0.0,0.0955,0.1249,0.1249,0.1249,1.0,50699629.0,1.0,1.0,121.0,3.0,0.024793388,0.5935,0.6782,10.0,True
False,0.0,,0.0244,0.1241,0.0621,2.0,50805115.0,2.0,2.0,121.0,3.0,0.024793388,0.6189,0.6958,10.0,False
True,1.0,0.0982,0.0982,0.1222,0.0611,3.0,51199743.0,2.0,2.0,121.0,3.0,0.024793388,0.6402,0.7117,,False
False,0.0,,1.0,1.0,1.0,0.0,0.0,1.0,1.0,126.0,126.0,1.0,0.6911,0.0002,3.0,True
False,0.0,,1.0,1.0,1.0,0.0,0.0,1.0,1.0,120.0,120.0,1.0,0.6911,0.0002,10.0,True
False,0.0,0.0955,0.1249,0.1249,0.1249,1.0,50699629.0,1.0,1.0,121.0,3.0,0.024793388,0.5935,0.6782,10.0,True
False,0.0,,0.0244,0.1241,0.0621,2.0,50805115.0,2.0,2.0,121.0,3.0,0.024793388,0.6189,0.6958,10.0,False
True,1.0,0.0982,0.0982,0.1222,0.0611,3.0,51199743.0,2.0,2.0,121.0,3.0,0.024793388,0.6402,0.7117,,False
False,0.0,,1.0,1.0,1.0,0.0,0.0,1.0,1.0,858.0,858.0,1.0,0.6911,0.0002,22.0,True
False,0.0,,1.0,1.0,1.0,0.0,0.0,1.0,1.0,213.0,213.0,1.0,0.6911,0.0002,8.0,True
False,0.0,0.5438,0.5608,0.5608,0.5608,1.0,13133022.0,1.0,1.0,212.0,11.0,0.051886793,0.6685,0.1625,8.0,True
False,0.0,0.0985,0.1152,0.1152,0.1152,2.0,50699629.0,1.0,1.0,213.0,3.0,0.014084507,0.5935,0.6782,8.0,True
False,0.0,,0.0139,0.1144,0.0572,3.0,50805115.0,2.0,2.0,213.0,3.0,0.014084507,0.6189,0.6958,8.0,False
True,1.0,0.0989,0.0989,0.1126,0.0563,4.0,51199743.0,2.0,2.0,213.0,3.0,0.014084507,0.6402,0.7117,,False
False,0.0,,1.0,1.0,1.0,0.0,0.0,1.0,1.0,98.0,98.0,1.0,0.6911,0.0002,,True
False,0.0,,1.0,1.0,1.0,0.0,0.0,1.0,1.0,657.0,657.0,1.0,0.6911,0.0002,13.0,True
True,1.0,0.953,0.9538,0.9538,0.9538,1.0,1102080.0,1.0,1.0,655.0,14.0,0.021374045,0.6624,0.1751,13.0,False
False,1.0,0.5443,0.5548,0.5548,0.5548,2.0,13133022.0,1.0,1.0,645.0,25.0,0.03875969,0.6685,0.1625,13.0,True
False,1.0,0.1148,0.1162,0.1162,0.1162,3.0,47163297.0,1.0,1.0,645.0,1.0,0.0015503876,0.5733,0.5036,13.0,True
False,1.0,0.0986,0.1305,0.1305,0.1305,4.0,50699629.0,1.0,1.0,646.0,22.0,0.03405573,0.5935,0.6782,13.0,True
False,1.0,,0.0046,0.1297,0.0648,5.0,50805115.0,2.0,2.0,646.0,3.0,0.0046439627,0.6189,0.6958,13.0,False
True,2.0,0.1231,0.1231,0.1276,0.0638,6.0,51199743.0,2.0,2.0,646.0,3.0,0.0046439627,0.6402,0.7117,,False
False,0.0,,1.0,1.0,1.0,0.0,0.0,1.0,1.0,78.0,78.0,1.0,0.6911,0.0002,,True
False,0.0,,1.0,1.0,1.0,0.0,0.0,1.0,1.0,265.0,265.0,1.0,0.6911,0.0002,5.0,True
False,0.0,0.0955,0.109,0.109,0.109,1.0,50699629.0,1.0,1.0,266.0,3.0,0.011278195,0.5935,0.6782,5.0,True
False,0.0,,0.0112,0.1082,0.0541,2.0,50805115.0,2.0,2.0,266.0,3.0,0.011278195,0.6189,0.6958,5.0,False
True,1.0,0.0955,0.0955,0.1065,0.0533,3.0,51199743.0,2.0,2.0,266.0,3.0,0.011278195,0.6402,0.7117,,False
False,0.0,,1.0,1.0,1.0,0.0,0.0,1.0,1.0,262.0,262.0,1.0,0.6911,0.0002,6.0,True
True,1.0,0.953,0.9534,0.9534,0.9534,1.0,1102080.0,1.0,1.0,263.0,1.0,0.0038022813,0.6624,0.1751,6.0,False
False,1.0,0.544,0.5651,0.5651,0.5651,2.0,13133022.0,1.0,1.0,257.0,18.0,0.07003891,0.6685,0.1625,6.0,True
False,1.0,0.0992,0.1269,0.1269,0.1269,3.0,50699629.0,1.0,1.0,258.0,7.0,0.027131783,0.5935,0.6782,6.0,True
False,1.0,,0.0115,0.1261,0.063,4.0,50805115.0,2.0,2.0,258.0,3.0,0.011627907,0.6189,0.6958,6.0,False
True,2.0,0.1128,0.1128,0.1241,0.062,5.0,51199743.0,2.0,2.0,258.0,3.0,0.011627907,0.6402,0.7117,,False
False,0.0,,1.0,1.0,1.0,0.0,0.0,1.0,1.0,245.0,245.0,1.0,0.6911,0.0002,5.0,True
True,1.0,0.953,0.9549,0.9549,0.9549,1.0,1102080.0,1.0,1.0,243.0,12.0,0.049382716,0.6624,0.1751,5.0,False
False,1.0,0.545,0.5542,0.5542,0.5542,2.0,13133022.0,1.0,1.0,238.0,10.0,0.042016808,0.6685,0.1625,5.0,True
False,1.0,0.1147,0.122,0.122,0.122,3.0,47163297.0,1.0,1.0,238.0,2.0,0.008403362,0.5733,0.5036,5.0,True
False,1.0,0.1035,0.1625,0.1625,0.1625,4.0,50699629.0,1.0,1.0,239.0,15.0,0.06276151,0.5935,0.6782,5.0,True
False,1.0,,0.0122,0.1616,0.0808,5.0,50805115.0,2.0,2.0,239.0,3.0,0.012552301,0.6189,0.6958,5.0,False
True,2.0,0.147,0.147,0.159,0.0795,6.0,51199743.0,2.0,2.0,239.0,3.0,0.012552301,0.6402,0.7117,,False
False,0.0,,1.0,1.0,1.0,0.0,0.0,1.0,1.0,202.0,202.0,1.0,0.6911,0.0002,3.0,True
True,1.0,0.953,0.993,0.993,0.993,1.0,1102080.0,1.0,1.0,209.0,288.0,1.3779905,0.6624,0.1751,7.0,False
False,1.0,0.5685,0.5787,0.5787,0.5787,2.0,13133022.0,1.0,1.0,208.0,6.0,0.028846154,0.6685,0.1625,7.0,True
False,1.0,0.1013,0.1175,0.1175,0.1175,3.0,50699629.0,1.0,1.0,209.0,3.0,0.014354067,0.5935,0.6782,7.0,True
False,1.0,,0.0138,0.117,0.0585,4.0,50805115.0,2.0,2.0,209.0,3.0,0.014354067,0.6189,0.6958,7.0,False
True,2.0,0.1016,0.1016,0.1152,0.0576,5.0,51199743.0,2.0,2.0,209.0,3.0,0.014354067,0.6402,0.7117,,False
False,0.0,,1.0,1.0,1.0,0.0,0.0,1.0,1.0,376.0,376.0,1.0,0.6911,0.0002,4.0,True
False,0.0,0.8587,0.8617,0.8617,0.8617,1.0,3344246.0,1.0,1.0,382.0,6.0,0.015706806,0.6629,0.1578,4.0,False
False,0.0,0.5457,0.561,0.561,0.561,2.0,13133022.0,1.0,1.0,357.0,38.0,0.10644258,0.6685,0.1625,4.0,True
False,0.0,0.0985,0.1481,0.1481,0.1481,3.0,50699629.0,1.0,1.0,358.0,19.0,0.053072624,0.5935,0.6782,4.0,True
False,0.0,,0.0083,0.1472,0.0736,4.0,50805115.0,2.0,2.0,358.0,3.0,0.008379889,0.6189,0.6958,4.0,False
True,1.0,0.1367,0.1367,0.1448,0.0724,5.0,51199743.0,2.0,2.0,358.0,3.0,0.008379889,0.6402,0.7117,,False
False,0.0,,1.0,1.0,1.0,0.0,0.0,1.0,1.0,70.0,70.0,1.0,0.6911,0.0002,,True
False,0.0,,1.0,1.0,1.0,0.0,0.0,1.0,1.0,111.0,111.0,1.0,0.6911,0.0002,,True
False,0.0,,1.0,1.0,1.0,0.0,0.0,1.0,1.0,46.0,46.0,1.0,0.6911,0.0002,,True
False,0.0,,1.0,1.0,1.0,0.0,0.0,1.0,1.0,79.0,79.0,1.0,0.6911,0.0002,,True
False,0.0,,1.0,1.0,1.0,0.0,0.0,1.0,1.0,73.0,73.0,1.0,0.6911,0.0002,,True
False,0.0,,1.0,1.0,1.0,0.0,0.0,1.0,1.0,66.0,66.0,1.0,0.6911,0.0002,,True
False,0.0,,1.0,1.0,1.0,0.0,0.0,1.0,1.0,272.0,272.0,1.0,0.6911,0.0002,7.0,True
False,0.0,0.992,0.9922,0.9922,0.9922,1.0,256144.0,1.0,1.0,278.0,6.0,0.021582734,0.6913,0.0055,8.0,False
False,0.0,0.859,0.861,0.861,0.861,2.0,3344246.0,1.0,1.0,280.0,2.0,0.007142857,0.6629,0.1578,8.0,False
False,0.0,0.0957,0.1084,0.1084,0.1084,3.0,50699629.0,1.0,1.0,281.0,3.0,0.010676157,0.5935,0.6782,8.0,True
False,0.0,,0.0105,0.1076,0.0538,4.0,50805115.0,2.0,2.0,281.0,3.0,0.010676157,0.6189,0.6958,8.0,False
True,1.0,0.0956,0.0956,0.1059,0.053,5.0,51199743.0,2.0,2.0,281.0,3.0,0.010676157,0.6402,0.7117,,False
False,0.0,,1.0,1.0,1.0,0.0,0.0,1.0,1.0,315.0,315.0,1.0,0.6911,0.0002,9.0,True
False,0.0,0.8587,0.8609,0.8609,0.8609,1.0,3344246.0,1.0,1.0,317.0,3.0,0.009463723,0.6629,0.1578,9.0,False
False,0.0,0.0957,0.1098,0.1098,0.1098,2.0,50699629.0,1.0,1.0,318.0,4.0,0.012578616,0.5935,0.6782,9.0,True
False,0.0,,0.0093,0.109,0.0545,3.0,50805115.0,2.0,2.0,318.0,3.0,0.009433962,0.6189,0.6958,9.0,False
True,1.0,0.0981,0.0981,0.1073,0.0536,4.0,51199743.0,2.0,2.0,318.0,3.0,0.009433962,0.6402,0.7117,,False
False,0.0,,1.0,1.0,1.0,0.0,0.0,1.0,1.0,136.0,136.0,1.0,0.6911,0.0002,,True
False,0.0,,1.0,1.0,1.0,0.0,0.0,1.0,1.0,298.0,298.0,1.0,0.6911,0.0002,9.0,True
False,0.0,0.5438,0.5529,0.5529,0.5529,1.0,13133022.0,1.0,1.0,297.0,9.0,0.030303031,0.6685,0.1625,9.0,True
False,0.0,0.0971,0.1091,0.1091,0.1091,2.0,50699629.0,1.0,1.0,298.0,3.0,0.010067114,0.5935,0.6782,9.0,True
False,0.0,,0.01,0.1083,0.0542,3.0,50805115.0,2.0,2.0,298.0,3.0,0.010067114,0.6189,0.6958,9.0,False
True,1.0,0.0968,0.0968,0.1066,0.0533,4.0,51199743.0,2.0,2.0,298.0,3.0,0.010067114,0.6402,0.7117,,False
False,0.0,,1.0,1.0,1.0,0.0,0.0,1.0,1.0,102.0,102.0,1.0,0.6911,0.0002,,True
False,0.0,,1.0,1.0,1.0,0.0,0.0,1.0,1.0,108.0,108.0,1.0,0.6911,0.0002,3.0,True
False,0.0,0.1125,0.1207,0.1207,0.1207,1.0,47163297.0,1.0,1.0,108.0,1.0,0.009259259,0.5733,0.5036,3.0,True
False,0.0,0.1024,0.1349,0.1349,0.1349,2.0,50699629.0,1.0,1.0,109.0,3.0,0.027522936,0.5935,0.6782,3.0,True
False,0.0,,0.027,0.1341,0.067,3.0,50805115.0,2.0,2.0,109.0,3.0,0.027522936,0.6189,0.6958,3.0,False
True,1.0,0.1053,0.1053,0.1319,0.066,4.0,51199743.0,2.0,2.0,109.0,3.0,0.027522936,0.6402,0.7117,,False
False,0.0,,1.0,1.0,1.0,0.0,0.0,1.0,1.0,106.0,106.0,1.0,0.6911,0.0002,,True
False,0.0,,1.0,1.0,1.0,0.0,0.0,1.0,1.0,268.0,268.0,1.0,0.6911,0.0002,5.0,True
False,0.0,0.992,0.9954,0.9954,0.9954,1.0,256144.0,1.0,1.0,449.0,187.0,0.41648108,0.6913,0.0055,7.0,False
False,0.0,0.5465,0.5465,0.5465,0.5465,2.0,13133022.0,1.0,1.0,448.0,1.0,0.002232143,0.6685,0.1625,7.0,True
False,0.0,0.096,0.1039,0.1039,0.1039,3.0,50699629.0,1.0,1.0,449.0,3.0,0.0066815144,0.5935,0.6782,7.0,True
False,0.0,,0.0066,0.1032,0.0516,4.0,50805115.0,2.0,2.0,449.0,3.0,0.0066815144,0.6189,0.6958,7.0,False
True,1.0,0.095,0.095,0.1015,0.0508,5.0,51199743.0,2.0,2.0,449.0,3.0,0.0066815144,0.6402,0.7117,,False
False,0.0,,1.0,1.0,1.0,0.0,0.0,1.0,1.0,92.0,92.0,1.0,0.6911,0.0002,,True
False,0.0,,1.0,1.0,1.0,0.0,0.0,1.0,1.0,413.0,413.0,1.0,0.6911,0.0002,10.0,True
False,0.0,0.992,0.9923,0.9923,0.9923,1.0,256144.0,1.0,1.0,422.0,9.0,0.021327015,0.6913,0.0055,11.0,False
False,0.0,0.859,0.8604,0.8604,0.8604,2.0,3344246.0,1.0,1.0,424.0,2.0,0.004716981,0.6629,0.1578,11.0,False
False,0.0,0.0957,0.104,0.104,0.104,3.0,50699629.0,1.0,1.0,425.0,3.0,0.0070588235,0.5935,0.6782,11.0,True
False,0.0,,0.0069,0.1033,0.0516,4.0,50805115.0,2.0,2.0,425.0,3.0,0.0070588235,0.6189,0.6958,11.0,False
True,1.0,0.0948,0.0948,0.1016,0.0508,5.0,51199743.0,2.0,2.0,425.0,3.0,0.0070588235,0.6402,0.7117,,False
False,0.0,,1.0,1.0,1.0,0.0,0.0,1.0,1.0,70.0,70.0,1.0,0.6911,0.0002,,True
False,0.0,,1.0,1.0,1.0,0.0,0.0,1.0,1.0,292.0,292.0,1.0,0.6911,0.0002,7.0,True
False,0.0,0.8553,0.8563,0.8563,0.8563,1.0,3435044.0,1.0,1.0,293.0,1.0,0.0034129692,0.6641,0.1654,7.0,True
False,0.0,0.5444,0.5587,0.5587,0.5587,2.0,13133022.0,1.0,1.0,283.0,21.0,0.074204944,0.6685,0.1625,7.0,True
False,0.0,0.0981,0.1044,0.1044,0.1044,3.0,50699629.0,1.0,1.0,283.0,2.0,0.007067138,0.5935,0.6782,7.0,True
False,0.0,,,0.1036,0.1036,4.0,50805115.0,1.0,2.0,283.0,2.0,0.007067138,0.6189,0.6958,7.0,False
True,1.0,0.102,0.102,0.102,0.102,5.0,51199743.0,1.0,2.0,283.0,2.0,0.007067138,0.6402,0.7117,,False
False,0.0,,1.0,1.0,1.0,0.0,0.0,1.0,1.0,361.0,361.0,1.0,0.6911,0.0002,11.0,True
False,0.0,0.992,0.9922,0.9922,0.9922,1.0,256144.0,1.0,1.0,368.0,7.0,0.019021738,0.6913,0.0055,12.0,False
False,0.0,0.8555,0.8563,0.8563,0.8563,2.0,3435044.0,1.0,1.0,369.0,1.0,0.0027100272,0.6641,0.1654,12.0,True
False,0.0,0.0956,0.1053,0.1053,0.1053,3.0,50699629.0,1.0,1.0,370.0,3.0,0.008108108,0.5935,0.6782,12.0,True
False,0.0,,0.008,0.1045,0.0522,4.0,50805115.0,2.0,2.0,370.0,3.0,0.008108108,0.6189,0.6958,12.0,False
True,1.0,0.095,0.095,0.1028,0.0514,5.0,51199743.0,2.0,2.0,370.0,3.0,0.008108108,0.6402,0.7117,,False
False,0.0,,1.0,1.0,1.0,0.0,0.0,1.0,1.0,266.0,266.0,1.0,0.6911,0.0002,9.0,True
False,0.0,0.992,0.9923,0.9923,0.9923,1.0,256144.0,1.0,1.0,273.0,7.0,0.025641026,0.6913,0.0055,10.0,False
False,0.0,0.0955,0.1085,0.1085,0.1085,2.0,50699629.0,1.0,1.0,274.0,3.0,0.010948905,0.5935,0.6782,10.0,True
False,0.0,,0.0108,0.1078,0.0539,3.0,50805115.0,2.0,2.0,274.0,3.0,0.010948905,0.6189,0.6958,10.0,False
True,1.0,0.0954,0.0954,0.1061,0.053,4.0,51199743.0,2.0,2.0,274.0,3.0,0.010948905,0.6402,0.7117,,False
False,0.0,,1.0,1.0,1.0,0.0,0.0,1.0,1.0,439.0,439.0,1.0,0.6911,0.0002,13.0,True
False,0.0,0.8553,0.8559,0.8559,0.8559,1.0,3435044.0,1.0,1.0,440.0,1.0,0.0022727272,0.6641,0.1654,13.0,True
False,0.0,0.1126,0.1187,0.1187,0.1187,2.0,47163297.0,1.0,1.0,440.0,3.0,0.006818182,0.5733,0.5036,13.0,True
True,1.0,0.1048,0.127,0.127,0.127,3.0,49833434.0,1.0,1.0,442.0,9.0,0.020361992,0.5518,0.5998,13.0,True
False,1.0,0.122,0.13,0.13,0.13,4.0,50699629.0,1.0,1.0,443.0,3.0,0.006772009,0.5935,0.6782,13.0,True
False,1.0,,0.0067,0.1291,0.0645,5.0,50805115.0,2.0,2.0,443.0,3.0,0.006772009,0.6189,0.6958,13.0,False
True,2.0,0.1204,0.1204,0.127,0.0635,6.0,51199743.0,2.0,2.0,443.0,3.0,0.006772009,0.6402,0.7117,,False
False,0.0,,1.0,1.0,1.0,0.0,0.0,1.0,1.0,94.0,94.0,1.0,0.6911,0.0002,,True
False,0.0,,1.0,1.0,1.0,0.0,0.0,1.0,1.0,27.0,27.0,1.0,0.6911,0.0002,0.0,True
False,0.0,,1.0,1.0,1.0,0.0,0.0,1.0,1.0,28.0,28.0,1.0,0.6911,0.0002,0.0,True
False,0.0,,1.0,1.0,1.0,0.0,0.0,1.0,1.0,22.0,22.0,1.0,0.6911,0.0002,,True
False,0.0,,1.0,1.0,1.0,0.0,0.0,1.0,1.0,47.0,47.0,1.0,0.6911,0.0002,,True
False,0.0,,1.0,1.0,1.0,0.0,0.0,1.0,1.0,22.0,22.0,1.0,0.6911,0.0002,,True
False,0.0,,1.0,1.0,1.0,0.0,0.0,1.0,1.0,83.0,83.0,1.0,0.6911,0.0002,,True
False,0.0,,1.0,1.0,1.0,0.0,0.0,1.0,1.0,465.0,465.0,1.0,0.6911,0.0002,11.0,True
False,0.0,0.5438,0.5537,0.5537,0.5537,1.0,13133022.0,1.0,1.0,457.0,21.0,0.04595186,0.6685,0.1625,11.0,True
False,0.0,0.0972,0.1051,0.1051,0.1051,2.0,50699629.0,1.0,1.0,458.0,3.0,0.0065502184,0.5935,0.6782,11.0,True
False,0.0,,0.0065,0.1043,0.0522,3.0,50805115.0,2.0,2.0,458.0,3.0,0.0065502184,0.6189,0.6958,11.0,False
True,1.0,0.0962,0.0962,0.1026,0.0513,4.0,51199743.0,2.0,2.0,458.0,3.0,0.0065502184,0.6402,0.7117,,False
False,0.0,,1.0,1.0,1.0,0.0,0.0,1.0,1.0,346.0,346.0,1.0,0.6911,0.0002,9.0,True
False,0.0,0.5438,0.5571,0.5571,0.5571,1.0,13133022.0,1.0,1.0,341.0,18.0,0.052785926,0.6685,0.1625,9.0,True
False,0.0,0.0978,0.1083,0.1083,0.1083,2.0,50699629.0,1.0,1.0,342.0,3.0,0.00877193,0.5935,0.6782,9.0,True
False,0.0,,0.0087,0.1075,0.0538,3.0,50805115.0,2.0,2.0,342.0,3.0,0.00877193,0.6189,0.6958,9.0,False
True,1.0,0.0973,0.0973,0.1058,0.0529,4.0,51199743.0,2.0,2.0,342.0,3.0,0.00877193,0.6402,0.7117,,False
False,0.0,,1.0,1.0,1.0,0.0,0.0,1.0,1.0,325.0,325.0,1.0,0.6911,0.0002,11.0,True
False,0.0,0.5438,0.5624,0.5624,0.5624,1.0,13133022.0,1.0,1.0,316.0,32.0,0.101265825,0.6685,0.1625,11.0,True
False,0.0,0.0988,0.1129,0.1129,0.1129,2.0,50699629.0,1.0,1.0,317.0,4.0,0.012618297,0.5935,0.6782,11.0,True
False,0.0,,0.0094,0.1121,0.056,3.0,50805115.0,2.0,2.0,317.0,3.0,0.009463723,0.6189,0.6958,11.0,False
True,1.0,0.1011,0.1011,0.1103,0.0551,4.0,51199743.0,2.0,2.0,317.0,3.0,0.009463723,0.6402,0.7117,,False
False,0.0,,1.0,1.0,1.0,0.0,0.0,1.0,1.0,413.0,413.0,1.0,0.6911,0.0002,12.0,True
False,0.0,0.8587,0.8594,0.8594,0.8594,1.0,3344246.0,1.0,1.0,414.0,1.0,0.002415459,0.6629,0.1578,12.0,False
False,0.0,0.1126,0.1435,0.1435,0.1435,2.0,47163297.0,1.0,1.0,428.0,14.0,0.03271028,0.5733,0.5036,13.0,True
False,0.0,0.1219,0.1261,0.1261,0.1261,3.0,50699629.0,1.0,1.0,428.0,2.0,0.004672897,0.5935,0.6782,13.0,True
False,0.0,,,0.1251,0.1251,4.0,50805115.0,1.0,2.0,428.0,2.0,0.004672897,0.6189,0.6958,13.0,False
True,1.0,0.1231,0.1231,0.1231,0.1231,5.0,51199743.0,1.0,2.0,428.0,2.0,0.004672897,0.6402,0.7117,,False
False,0.0,,1.0,1.0,1.0,0.0,0.0,1.0,1.0,89.0,89.0,1.0,0.6911,0.0002,,True
False,0.0,,1.0,1.0,1.0,0.0,0.0,1.0,1.0,88.0,88.0,1.0,0.6911,0.0002,1.0,True
False,0.0,0.992,0.9941,0.9941,0.9941,1.0,256144.0,1.0,1.0,112.0,33.0,0.29464287,0.6913,0.0055,2.0,False
False,0.0,0.5455,0.5575,0.5575,0.5575,2.0,13133022.0,1.0,1.0,111.0,5.0,0.045045044,0.6685,0.1625,2.0,True
True,1.0,0.1019,0.1098,0.1098,0.1098,3.0,49833434.0,1.0,1.0,111.0,1.0,0.009009009,0.5518,0.5998,2.0,True
False,1.0,0.1055,0.1293,0.1293,0.1293,4.0,50699629.0,1.0,1.0,111.0,3.0,0.027027028,0.5935,0.6782,2.0,True
False,1.0,,0.0088,0.1284,0.0642,5.0,50805115.0,2.0,2.0,111.0,1.0,0.009009009,0.6189,0.6958,2.0,False
True,2.0,0.1177,0.1177,0.1264,0.0632,6.0,51199743.0,2.0,2.0,111.0,1.0,0.009009009,0.6402,0.7117,,False
False,0.0,,1.0,1.0,1.0,0.0,0.0,1.0,1.0,103.0,103.0,1.0,0.6911,0.0002,,True
False,0.0,,1.0,1.0,1.0,0.0,0.0,1.0,1.0,122.0,122.0,1.0,0.6911,0.0002,4.0,True
False,0.0,0.5438,0.5809,0.5809,0.5809,1.0,13133022.0,1.0,1.0,121.0,19.0,0.1570248,0.6685,0.1625,4.0,True
False,0.0,0.102,0.1381,0.1381,0.1381,2.0,50699629.0,1.0,1.0,122.0,4.0,0.032786883,0.5935,0.6782,4.0,True
False,0.0,,0.024,0.1372,0.0686,3.0,50805115.0,2.0,2.0,122.0,3.0,0.024590164,0.6189,0.6958,4.0,False
True,1.0,0.1114,0.1114,0.1351,0.0675,4.0,51199743.0,2.0,2.0,122.0,3.0,0.024590164,0.6402,0.7117,,False
False,0.0,,1.0,1.0,1.0,0.0,0.0,1.0,1.0,118.0,118.0,1.0,0.6911,0.0002,,True
False,0.0,,1.0,1.0,1.0,0.0,0.0,1.0,1.0,145.0,145.0,1.0,0.6911,0.0002,2.0,True
False,0.0,0.5438,0.5688,0.5688,0.5688,1.0,13133022.0,1.0,1.0,143.0,12.0,0.08391608,0.6685,0.1625,2.0,True
True,1.0,0.104,0.1101,0.1101,0.1101,2.0,49833434.0,1.0,1.0,143.0,1.0,0.006993007,0.5518,0.5998,2.0,True
False,1.0,0.1058,0.112,0.112,0.112,3.0,50699629.0,1.0,1.0,143.0,1.0,0.006993007,0.5935,0.6782,2.0,True
False,1.0,,,0.1112,0.1112,4.0,50805115.0,1.0,2.0,143.0,1.0,0.006993007,0.6189,0.6958,2.0,False
True,2.0,0.1094,0.1094,0.1094,0.1094,5.0,51199743.0,1.0,2.0,143.0,1.0,0.006993007,0.6402,0.7117,,False
False,0.0,,1.0,1.0,1.0,0.0,0.0,1.0,1.0,89.0,89.0,1.0,0.6911,0.0002,,True
False,0.0,,1.0,1.0,1.0,0.0,0.0,1.0,1.0,234.0,234.0,1.0,0.6911,0.0002,3.0,True
False,0.0,0.992,0.9944,0.9944,0.9944,1.0,256144.0,1.0,1.0,333.0,99.0,0.2972973,0.6913,0.0055,4.0,False
False,0.0,0.0958,0.1093,0.1093,0.1093,2.0,50699629.0,1.0,1.0,334.0,4.0,0.011976048,0.5935,0.6782,4.0,True
False,0.0,,0.0089,0.1085,0.0542,3.0,50805115.0,2.0,2.0,334.0,3.0,0.008982036,0.6189,0.6958,4.0,False
True,1.0,0.098,0.098,0.1068,0.0534,4.0,51199743.0,2.0,2.0,334.0,3.0,0.008982036,0.6402,0.7117,,False
False,0.0,,1.0,1.0,1.0,0.0,0.0,1.0,1.0,144.0,144.0,1.0,0.6911,0.0002,4.0,True
False,0.0,0.5438,0.5697,0.5697,0.5697,1.0,13133022.0,1.0,1.0,139.0,15.0,0.107913665,0.6685,0.1625,4.0,True
True,1.0,0.1041,0.1105,0.1105,0.1105,2.0,49833434.0,1.0,1.0,139.0,1.0,0.007194245,0.5518,0.5998,4.0,True
False,1.0,0.1062,0.1371,0.1371,0.1371,3.0,50699629.0,1.0,1.0,140.0,4.0,0.028571429,0.5935,0.6782,4.0,True
False,1.0,,0.021,0.1362,0.0681,4.0,50805115.0,2.0,2.0,140.0,3.0,0.021428572,0.6189,0.6958,4.0,False
True,2.0,0.1134,0.1134,0.1341,0.067,5.0,51199743.0,2.0,2.0,140.0,3.0,0.021428572,0.6402,0.7117,,False
False,0.0,,1.0,1.0,1.0,0.0,0.0,1.0,1.0,80.0,80.0,1.0,0.6911,0.0002,1.0,True
False,0.0,0.992,0.9939,0.9939,0.9939,1.0,256144.0,1.0,1.0,100.0,23.0,0.23,0.6913,0.0055,2.0,False
False,0.0,0.5453,0.5722,0.5722,0.5722,2.0,13133022.0,1.0,1.0,99.0,11.0,0.11111111,0.6685,0.1625,2.0,True
True,1.0,0.1046,0.1134,0.1134,0.1134,3.0,49833434.0,1.0,1.0,99.0,1.0,0.01010101,0.5518,0.5998,2.0,True
False,1.0,0.109,0.1267,0.1267,0.1267,4.0,50699629.0,1.0,1.0,99.0,2.0,0.02020202,0.5935,0.6782,2.0,True
False,1.0,,0.0098,0.1258,0.0629,5.0,50805115.0,2.0,2.0,99.0,1.0,0.01010101,0.6189,0.6958,2.0,False
True,2.0,0.1142,0.1142,0.1238,0.0619,6.0,51199743.0,2.0,2.0,99.0,1.0,0.01010101,0.6402,0.7117,,False
False,0.0,,1.0,1.0,1.0,0.0,0.0,1.0,1.0,119.0,119.0,1.0,0.6911,0.0002,,True
False,0.0,,1.0,1.0,1.0,0.0,0.0,1.0,1.0,105.0,105.0,1.0,0.6911,0.0002,,True
False,0.0,,1.0,1.0,1.0,0.0,0.0,1.0,1.0,15.0,15.0,1.0,0.6911,0.0002,,True
False,0.0,,1.0,1.0,1.0,0.0,0.0,1.0,1.0,2.0,2.0,1.0,0.6911,0.0002,,True
False,0.0,,1.0,1.0,1.0,0.0,0.0,1.0,1.0,23.0,23.0,1.0,0.6911,0.0002,,True
False,0.0,,1.0,1.0,1.0,0.0,0.0,1.0,1.0,118.0,118.0,1.0,0.6911,0.0002,,True
False,0.0,,1.0,1.0,1.0,0.0,0.0,1.0,1.0,111.0,111.0,1.0,0.6911,0.0002,,True
False,0.0,,1.0,1.0,1.0,0.0,0.0,1.0,1.0,72.0,72.0,1.0,0.6911,0.0002,,True
False,0.0,,1.0,1.0,1.0,0.0,0.0,1.0,1.0,75.0,75.0,1.0,0.6911,0.0002,1.0,True
False,0.0,0.992,0.9937,0.9937,0.9937,1.0,256144.0,1.0,1.0,94.0,19.0,0.20212767,0.6913,0.0055,2.0,False
False,0.0,0.5451,0.5737,0.5737,0.5737,2.0,13133022.0,1.0,1.0,93.0,11.0,0.11827957,0.6685,0.1625,2.0,True
True,1.0,0.1049,0.1142,0.1142,0.1142,3.0,49833434.0,1.0,1.0,93.0,1.0,0.010752688,0.5518,0.5998,2.0,True
False,1.0,0.1098,0.1286,0.1286,0.1286,4.0,50699629.0,1.0,1.0,93.0,2.0,0.021505376,0.5935,0.6782,2.0,True
False,1.0,,0.0104,0.1277,0.0639,5.0,50805115.0,2.0,2.0,93.0,1.0,0.010752688,0.6189,0.6958,2.0,False
True,2.0,0.1155,0.1155,0.1257,0.0629,6.0,51199743.0,2.0,2.0,93.0,1.0,0.010752688,0.6402,0.7117,,False
False,0.0,,1.0,1.0,1.0,0.0,0.0,1.0,1.0,168.0,168.0,1.0,0.6911,0.0002,1.0,True
False,0.0,0.992,0.9946,0.9946,0.9946,1.0,256144.0,1.0,1.0,241.0,82.0,0.34024897,0.6913,0.0055,2.0,False
False,0.0,0.5459,0.5537,0.5537,0.5537,2.0,13133022.0,1.0,1.0,233.0,13.0,0.055793993,0.6685,0.1625,2.0,True
True,1.0,0.1012,0.105,0.105,0.105,3.0,49833434.0,1.0,1.0,233.0,1.0,0.0042918455,0.5518,0.5998,2.0,True
False,1.0,0.1009,0.1124,0.1124,0.1124,4.0,50699629.0,1.0,1.0,233.0,3.0,0.012875536,0.5935,0.6782,2.0,True
False,1.0,,0.0042,0.1116,0.0558,5.0,50805115.0,2.0,2.0,233.0,1.0,0.0042918455,0.6189,0.6958,2.0,False
True,2.0,0.1056,0.1056,0.1098,0.0549,6.0,51199743.0,2.0,2.0,233.0,1.0,0.0042918455,0.6402,0.7117,,False
False,0.0,,1.0,1.0,1.0,0.0,0.0,1.0,1.0,82.0,82.0,1.0,0.6911,0.0002,3.0,True
False,0.0,0.0955,0.1381,0.1381,0.1381,1.0,50699629.0,1.0,1.0,83.0,3.0,0.036144577,0.5935,0.6782,3.0,True
False,0.0,,0.0353,0.1373,0.0686,2.0,50805115.0,2.0,2.0,83.0,3.0,0.036144577,0.6189,0.6958,3.0,False
True,1.0,0.1004,0.1004,0.1351,0.0676,3.0,51199743.0,2.0,2.0,83.0,3.0,0.036144577,0.6402,0.7117,,False
False,0.0,,1.0,1.0,1.0,0.0,0.0,1.0,1.0,128.0,128.0,1.0,0.6911,0.0002,10.0,True
False,0.0,0.0955,0.1231,0.1231,0.1231,1.0,50699629.0,1.0,1.0,129.0,3.0,0.023255814,0.5935,0.6782,10.0,True
False,0.0,,0.0229,0.1223,0.0612,2.0,50805115.0,2.0,2.0,129.0,3.0,0.023255814,0.6189,0.6958,10.0,False
True,1.0,0.0979,0.0979,0.1204,0.0602,3.0,51199743.0,2.0,2.0,129.0,3.0,0.023255814,0.6402,0.7117,,False
False,0.0,,1.0,1.0,1.0,0.0,0.0,1.0,1.0,113.0,113.0,1.0,0.6911,0.0002,9.0,True
False,0.0,0.0955,0.1267,0.1267,0.1267,1.0,50699629.0,1.0,1.0,114.0,3.0,0.02631579,0.5935,0.6782,9.0,True
False,0.0,,0.0259,0.1259,0.063,2.0,50805115.0,2.0,2.0,114.0,3.0,0.02631579,0.6189,0.6958,9.0,False
True,1.0,0.0985,0.0985,0.1239,0.062,3.0,51199743.0,2.0,2.0,114.0,3.0,0.02631579,0.6402,0.7117,,False
False,0.0,,1.0,1.0,1.0,0.0,0.0,1.0,1.0,122.0,122.0,1.0,0.6911,0.0002,10.0,True
False,0.0,0.0955,0.1244,0.1244,0.1244,1.0,50699629.0,1.0,1.0,123.0,3.0,0.024390243,0.5935,0.6782,10.0,True
False,0.0,,0.024,0.1237,0.0618,2.0,50805115.0,2.0,2.0,123.0,3.0,0.024390243,0.6189,0.6958,10.0,False
True,1.0,0.0981,0.0981,0.1217,0.0608,3.0,51199743.0,2.0,2.0,123.0,3.0,0.024390243,0.6402,0.7117,,False
False,0.0,,1.0,1.0,1.0,0.0,0.0,1.0,1.0,66.0,66.0,1.0,0.6911,0.0002,,True
False,0.0,,1.0,1.0,1.0,0.0,0.0,1.0,1.0,120.0,120.0,1.0,0.6911,0.0002,9.0,True
False,0.0,0.0955,0.1249,0.1249,0.1249,1.0,50699629.0,1.0,1.0,121.0,3.0,0.024793388,0.5935,0.6782,9.0,True
False,0.0,,0.0244,0.1241,0.0621,2.0,50805115.0,2.0,2.0,121.0,3.0,0.024793388,0.6189,0.6958,9.0,False
True,1.0,0.0982,0.0982,0.1222,0.0611,3.0,51199743.0,2.0,2.0,121.0,3.0,0.024793388,0.6402,0.7117,,False
False,0.0,,1.0,1.0,1.0,0.0,0.0,1.0,1.0,136.0,136.0,1.0,0.6911,0.0002,,True
False,0.0,,1.0,1.0,1.0,0.0,0.0,1.0,1.0,119.0,119.0,1.0,0.6911,0.0002,9.0,True
False,0.0,0.0955,0.1251,0.1251,0.1251,1.0,50699629.0,1.0,1.0,120.0,3.0,0.025,0.5935,0.6782,9.0,True
False,0.0,,0.0246,0.1244,0.0622,2.0,50805115.0,2.0,2.0,120.0,3.0,0.025,0.6189,0.6958,9.0,False
True,1.0,0.0982,0.0982,0.1224,0.0612,3.0,51199743.0,2.0,2.0,120.0,3.0,0.025,0.6402,0.7117,,False
False,0.0,,1.0,1.0,1.0,0.0,0.0,1.0,1.0,106.0,106.0,1.0,0.6911,0.0002,,True
False,0.0,,1.0,1.0,1.0,0.0,0.0,1.0,1.0,348.0,348.0,1.0,0.6911,0.0002,0.0,True
False,0.0,0.0955,0.1032,0.1032,0.1032,1.0,50699629.0,1.0,1.0,349.0,2.0,0.0057306592,0.5935,0.6782,0.0,True
False,0.0,,0.0057,0.1025,0.0512,2.0,50805115.0,2.0,2.0,349.0,2.0,0.0057306592,0.6189,0.6958,0.0,False
True,1.0,0.0952,0.0952,0.1008,0.0504,3.0,51199743.0,2.0,2.0,349.0,2.0,0.0057306592,0.6402,0.7117,,False
False,0.0,,1.0,1.0,1.0,0.0,0.0,1.0,1.0,75.0,75.0,1.0,0.6911,0.0002,1.0,True
False,0.0,0.5438,0.5852,0.5852,0.5852,1.0,13133022.0,1.0,1.0,75.0,12.0,0.16,0.6685,0.1625,1.0,True
False,0.0,0.1028,0.1713,0.1713,0.1713,2.0,50699629.0,1.0,1.0,76.0,5.0,0.065789476,0.5935,0.6782,1.0,True
False,0.0,,0.038,0.1704,0.0852,3.0,50805115.0,2.0,2.0,76.0,3.0,0.039473683,0.6189,0.6958,1.0,False
True,1.0,0.1303,0.1303,0.1677,0.0838,4.0,51199743.0,2.0,2.0,76.0,3.0,0.039473683,0.6402,0.7117,,False
False,0.0,,1.0,1.0,1.0,0.0,0.0,1.0,1.0,190.0,190.0,1.0,0.6911,0.0002,,True
False,0.0,,1.0,1.0,1.0,0.0,0.0,1.0,1.0,278.0,278.0,1.0,0.6911,0.0002,7.0,True
False,0.0,,1.0,1.0,1.0,0.0,0.0,1.0,1.0,94.0,94.0,1.0,0.6911,0.0002,3.0,True
False,0.0,,1.0,1.0,1.0,0.0,0.0,1.0,1.0,58.0,58.0,1.0,0.6911,0.0002,2.0,True
False,0.0,,1.0,1.0,1.0,0.0,0.0,1.0,1.0,87.0,87.0,1.0,0.6911,0.0002,2.0,True
False,0.0,,1.0,1.0,1.0,0.0,0.0,1.0,1.0,202.0,202.0,1.0,0.6911,0.0002,,True
False,0.0,,1.0,1.0,1.0,0.0,0.0,1.0,1.0,44.0,44.0,1.0,0.6911,0.0002,,True
False,0.0,,1.0,1.0,1.0,0.0,0.0,1.0,1.0,482.0,482.0,1.0,0.6911,0.0002,,True
False,0.0,,1.0,1.0,1.0,0.0,0.0,1.0,1.0,261.0,261.0,1.0,0.6911,0.0002,13.0,True
False,0.0,0.0955,0.1024,0.1024,0.1024,1.0,50699629.0,1.0,1.0,261.0,2.0,0.007662835,0.5935,0.6782,13.0,True
False,0.0,,,0.1016,0.1016,2.0,50805115.0,1.0,2.0,261.0,2.0,0.007662835,0.6189,0.6958,13.0,False
True,1.0,0.1,0.1,0.1,0.1,3.0,51199743.0,1.0,2.0,261.0,2.0,0.007662835,0.6402,0.7117,,False
False,0.0,,1.0,1.0,1.0,0.0,0.0,1.0,1.0,78.0,78.0,1.0,0.6911,0.0002,,True
False,0.0,,1.0,1.0,1.0,0.0,0.0,1.0,1.0,139.0,139.0,1.0,0.6911,0.0002,0.0,True
False,0.0,0.0955,0.121,0.121,0.121,1.0,50699629.0,1.0,1.0,140.0,3.0,0.021428572,0.5935,0.6782,0.0,True
False,0.0,,0.0211,0.1202,0.0601,2.0,50805115.0,2.0,2.0,140.0,3.0,0.021428572,0.6189,0.6958,0.0,False
True,1.0,0.0975,0.0975,0.1183,0.0591,3.0,51199743.0,2.0,2.0,140.0,3.0,0.021428572,0.6402,0.7117,,False
False,0.0,,1.0,1.0,1.0,0.0,0.0,1.0,1.0,97.0,97.0,1.0,0.6911,0.0002,2.0,True
True,1.0,0.0959,0.148,0.148,0.148,1.0,50612147.0,1.0,1.0,101.0,4.0,0.03960396,0.5905,0.6444,2.0,True
False,1.0,0.1474,0.1891,0.1891,0.1891,2.0,50699629.0,1.0,1.0,102.0,4.0,0.039215688,0.5935,0.6782,2.0,True
False,1.0,,0.0377,0.1882,0.0941,3.0,50805115.0,2.0,2.0,102.0,4.0,0.039215688,0.6189,0.6958,2.0,False
True,2.0,0.1481,0.1481,0.1852,0.0926,4.0,51199743.0,2.0,2.0,102.0,4.0,0.039215688,0.6402,0.7117,,False
False,0.0,,1.0,1.0,1.0,0.0,0.0,1.0,1.0,86.0,86.0,1.0,0.6911,0.0002,2.0,True
True,1.0,0.0959,0.1963,0.1963,0.1963,1.0,50612147.0,1.0,1.0,80.0,15.0,0.1875,0.5905,0.6444,2.0,True
False,1.0,0.1955,0.2367,0.2367,0.2367,2.0,50699629.0,1.0,1.0,81.0,3.0,0.037037037,0.5935,0.6782,2.0,True
False,1.0,,0.0361,0.2356,0.1178,3.0,50805115.0,2.0,2.0,81.0,3.0,0.037037037,0.6189,0.6958,2.0,False
True,2.0,0.1963,0.1963,0.2319,0.1159,4.0,51199743.0,2.0,2.0,81.0,3.0,0.037037037,0.6402,0.7117,,False
False,0.0,,1.0,1.0,1.0,0.0,0.0,1.0,1.0,128.0,128.0,1.0,0.6911,0.0002,3.0,True
True,1.0,0.0959,0.1098,0.1098,0.1098,1.0,50612147.0,1.0,1.0,128.0,2.0,0.015625,0.5905,0.6444,3.0,True
False,1.0,0.1093,0.1365,0.1365,0.1365,2.0,50699629.0,1.0,1.0,129.0,3.0,0.023255814,0.5935,0.6782,3.0,True
False,1.0,,0.0227,0.1357,0.0679,3.0,50805115.0,2.0,2.0,129.0,3.0,0.023255814,0.6189,0.6958,3.0,False
True,2.0,0.1112,0.1112,0.1336,0.0668,4.0,51199743.0,2.0,2.0,129.0,3.0,0.023255814,0.6402,0.7117,,False
False,0.0,,1.0,1.0,1.0,0.0,0.0,1.0,1.0,330.0,330.0,1.0,0.6911,0.0002,8.0,True
False,0.0,0.0955,0.1064,0.1064,0.1064,1.0,50699629.0,1.0,1.0,331.0,3.0,0.009063444,0.5935,0.6782,8.0,True
False,0.0,,0.009,0.1056,0.0528,2.0,50805115.0,2.0,2.0,331.0,3.0,0.009063444,0.6189,0.6958,8.0,False
True,1.0,0.095,0.095,0.1039,0.052,3.0,51199743.0,2.0,2.0,331.0,3.0,0.009063444,0.6402,0.7117,,False
False,0.0,,1.0,1.0,1.0,0.0,0.0,1.0,1.0,483.0,483.0,1.0,0.6911,0.0002,11.0,True
False,0.0,0.5438,0.5551,0.5551,0.5551,1.0,13133022.0,1.0,1.0,481.0,22.0,0.045738045,0.6685,0.1625,11.0,True
False,0.0,0.0975,0.1385,0.1385,0.1385,2.0,50699629.0,1.0,1.0,482.0,21.0,0.043568466,0.5935,0.6782,11.0,True
False,0.0,,0.0305,0.1592,0.0796,3.0,50805115.0,2.0,2.0,485.0,12.0,0.024742268,0.6189,0.6958,11.0,False
True,1.0,0.1266,0.1543,0.1761,0.0881,4.0,51199743.0,2.0,2.0,488.0,12.0,0.024590164,0.6402,0.7117,,False
False,0.0,,1.0,1.0,1.0,0.0,0.0,1.0,1.0,315.0,315.0,1.0,0.6911,0.0002,8.0,True
False,0.0,0.0955,0.1126,0.1126,0.1126,1.0,50699629.0,1.0,1.0,316.0,5.0,0.015822785,0.5935,0.6782,8.0,True
False,0.0,,0.0094,0.1118,0.0559,2.0,50805115.0,2.0,2.0,316.0,3.0,0.00949367,0.6189,0.6958,8.0,False
True,1.0,0.1007,0.1007,0.11,0.055,3.0,51199743.0,2.0,2.0,316.0,3.0,0.00949367,0.6402,0.7117,,False
False,0.0,,1.0,1.0,1.0,0.0,0.0,1.0,1.0,5.0,5.0,1.0,0.6911,0.0002,,True
False,0.0,,1.0,1.0,1.0,0.0,0.0,1.0,1.0,181.0,181.0,1.0,0.6911,0.0002,2.0,True
False,0.0,0.5438,0.5587,0.5587,0.5587,1.0,13133022.0,1.0,1.0,181.0,10.0,0.055248618,0.6685,0.1625,2.0,True
False,0.0,0.0981,0.1323,0.1323,0.1323,2.0,50699629.0,1.0,1.0,182.0,6.0,0.032967035,0.5935,0.6782,2.0,True
False,0.0,,0.0162,0.1315,0.0657,3.0,50805115.0,2.0,2.0,182.0,3.0,0.016483517,0.6189,0.6958,2.0,False
True,1.0,0.1134,0.1134,0.1294,0.0647,4.0,51199743.0,2.0,2.0,182.0,3.0,0.016483517,0.6402,0.7117,,False
False,0.0,,1.0,1.0,1.0,0.0,0.0,1.0,1.0,32.0,32.0,1.0,0.6911,0.0002,,True
False,0.0,,1.0,1.0,1.0,0.0,0.0,1.0,1.0,147.0,147.0,1.0,0.6911,0.0002,4.0,True
False,0.0,0.0955,0.1196,0.1196,0.1196,1.0,50699629.0,1.0,1.0,148.0,3.0,0.02027027,0.5935,0.6782,4.0,True
False,0.0,,0.02,0.1188,0.0594,2.0,50805115.0,2.0,2.0,148.0,3.0,0.02027027,0.6189,0.6958,4.0,False
True,1.0,0.0973,0.0973,0.117,0.0585,3.0,51199743.0,2.0,2.0,148.0,3.0,0.02027027,0.6402,0.7117,,False
False,0.0,,1.0,1.0,1.0,0.0,0.0,1.0,1.0,42.0,42.0,1.0,0.6911,0.0002,2.0,True
False,0.0,,1.0,1.0,1.0,0.0,0.0,1.0,1.0,250.0,250.0,1.0,0.6911,0.0002,4.0,True
False,0.0,,1.0,1.0,1.0,0.0,0.0,1.0,1.0,169.0,169.0,1.0,0.6911,0.0002,5.0,True
False,0.0,,1.0,1.0,1.0,0.0,0.0,1.0,1.0,158.0,158.0,1.0,0.6911,0.0002,5.0,True
False,0.0,,1.0,1.0,1.0,0.0,0.0,1.0,1.0,186.0,186.0,1.0,0.6911,0.0002,5.0,True
False,0.0,,1.0,1.0,1.0,0.0,0.0,1.0,1.0,84.0,84.0,1.0,0.6911,0.0002,2.0,True
False,0.0,,1.0,1.0,1.0,0.0,0.0,1.0,1.0,314.0,314.0,1.0,0.6911,0.0002,16.0,True
False,0.0,,1.0,1.0,1.0,0.0,0.0,1.0,1.0,202.0,202.0,1.0,0.6911,0.0002,6.0,True
False,0.0,,1.0,1.0,1.0,0.0,0.0,1.0,1.0,234.0,234.0,1.0,0.6911,0.0002,14.0,True
False,0.0,0.5438,0.5594,0.5594,0.5594,1.0,13133022.0,1.0,1.0,232.0,16.0,0.06896552,0.6685,0.1625,14.0,True
False,0.0,0.0982,0.1167,0.1167,0.1167,2.0,50699629.0,1.0,1.0,233.0,6.0,0.025751073,0.5935,0.6782,14.0,True
False,0.0,,0.0127,0.1159,0.0579,3.0,50805115.0,2.0,2.0,233.0,3.0,0.012875536,0.6189,0.6958,14.0,False
True,1.0,0.1015,0.1015,0.1141,0.057,4.0,51199743.0,2.0,2.0,233.0,3.0,0.012875536,0.6402,0.7117,,False
False,0.0,,1.0,1.0,1.0,0.0,0.0,1.0,1.0,87.0,87.0,1.0,0.6911,0.0002,3.0,True
False,0.0,,1.0,1.0,1.0,0.0,0.0,1.0,1.0,204.0,204.0,1.0,0.6911,0.0002,15.0,True
False,0.0,0.5438,0.5597,0.5597,0.5597,1.0,13133022.0,1.0,1.0,199.0,17.0,0.085427135,0.6685,0.1625,15.0,True
False,0.0,0.0983,0.1253,0.1253,0.1253,2.0,50699629.0,1.0,1.0,198.0,8.0,0.04040404,0.5935,0.6782,15.0,True
False,0.0,,0.0149,0.1245,0.0622,3.0,50805115.0,2.0,2.0,198.0,3.0,0.015151516,0.6189,0.6958,15.0,False
True,1.0,0.1078,0.1078,0.1225,0.0612,4.0,51199743.0,2.0,2.0,198.0,3.0,0.015151516,0.6402,0.7117,,False
False,0.0,,1.0,1.0,1.0,0.0,0.0,1.0,1.0,137.0,137.0,1.0,0.6911,0.0002,2.0,True
False,0.0,,1.0,1.0,1.0,0.0,0.0,1.0,1.0,301.0,301.0,1.0,0.6911,0.0002,26.0,True
False,0.0,0.5438,0.5515,0.5515,0.5515,1.0,13133022.0,1.0,1.0,295.0,11.0,0.037288137,0.6685,0.1625,26.0,True
False,0.0,0.0968,0.1146,0.1146,0.1146,2.0,50699629.0,1.0,1.0,295.0,7.0,0.023728814,0.5935,0.6782,26.0,True
False,0.0,,0.0462,0.1433,0.0716,3.0,50805115.0,2.0,2.0,298.0,11.0,0.03691275,0.6189,0.6958,26.0,False
True,1.0,0.0955,0.1381,0.1668,0.0834,4.0,51199743.0,2.0,2.0,301.0,11.0,0.036544852,0.6402,0.7117,,False
False,0.0,,1.0,1.0,1.0,0.0,0.0,1.0,1.0,49.0,49.0,1.0,0.6911,0.0002,1.0,True
False,0.0,0.0955,0.1651,0.1651,0.1651,1.0,50699629.0,1.0,1.0,50.0,3.0,0.06,0.5935,0.6782,1.0,True
False,0.0,,0.0577,0.1643,0.0821,2.0,50805115.0,2.0,2.0,50.0,3.0,0.06,0.6189,0.6958,1.0,False
True,1.0,0.1049,0.1049,0.1617,0.0808,3.0,51199743.0,2.0,2.0,50.0,3.0,0.06,0.6402,0.7117,,False
False,0.0,,1.0,1.0,1.0,0.0,0.0,1.0,1.0,118.0,118.0,1.0,0.6911,0.0002,7.0,True
False,0.0,0.5438,0.559,0.559,0.559,1.0,13133022.0,1.0,1.0,118.0,6.0,0.050847456,0.6685,0.1625,7.0,True
False,0.0,0.0982,0.127,0.127,0.127,2.0,50699629.0,1.0,1.0,118.0,4.0,0.033898305,0.5935,0.6782,7.0,True
False,0.0,,0.025,0.1262,0.0631,3.0,50805115.0,2.0,2.0,118.0,3.0,0.025423728,0.6189,0.6958,7.0,False
True,1.0,0.0996,0.0996,0.1242,0.0621,4.0,51199743.0,2.0,2.0,118.0,3.0,0.025423728,0.6402,0.7117,,False
False,0.0,,1.0,1.0,1.0,0.0,0.0,1.0,1.0,394.0,394.0,1.0,0.6911,0.0002,23.0,True
False,0.0,0.5438,0.5555,0.5555,0.5555,1.0,13133022.0,1.0,1.0,386.0,22.0,0.05699482,0.6685,0.1625,23.0,True
False,0.0,0.0976,0.1209,0.1209,0.1209,2.0,50699629.0,1.0,1.0,385.0,12.0,0.031168832,0.5935,0.6782,23.0,True
False,0.0,,0.0077,0.12,0.06,3.0,50805115.0,2.0,2.0,385.0,3.0,0.007792208,0.6189,0.6958,23.0,False
True,1.0,0.1105,0.1105,0.1181,0.0591,4.0,51199743.0,2.0,2.0,385.0,3.0,0.007792208,0.6402,0.7117,,False
False,0.0,,1.0,1.0,1.0,0.0,0.0,1.0,1.0,526.0,526.0,1.0,0.6911,0.0002,19.0,True
False,0.0,0.5438,0.5473,0.5473,0.5473,1.0,13133022.0,1.0,1.0,522.0,8.0,0.01532567,0.6685,0.1625,19.0,True
False,0.0,0.0961,0.1115,0.1115,0.1115,2.0,50699629.0,1.0,1.0,519.0,12.0,0.023121387,0.5935,0.6782,19.0,True
False,0.0,,0.0058,0.1107,0.0553,3.0,50805115.0,2.0,2.0,519.0,3.0,0.0057803467,0.6189,0.6958,19.0,False
True,1.0,0.1032,0.1032,0.1089,0.0544,4.0,51199743.0,2.0,2.0,519.0,3.0,0.0057803467,0.6402,0.7117,,False
False,0.0,,1.0,1.0,1.0,0.0,0.0,1.0,1.0,209.0,209.0,1.0,0.6911,0.0002,8.0,True
False,0.0,0.5438,0.5549,0.5549,0.5549,1.0,13133022.0,1.0,1.0,203.0,14.0,0.06896552,0.6685,0.1625,8.0,True
False,0.0,0.0974,0.1144,0.1144,0.1144,2.0,50699629.0,1.0,1.0,202.0,5.0,0.024752475,0.5935,0.6782,8.0,True
False,0.0,,0.0147,0.1136,0.0568,3.0,50805115.0,2.0,2.0,202.0,3.0,0.014851485,0.6189,0.6958,8.0,False
True,1.0,0.0974,0.0974,0.1118,0.0559,4.0,51199743.0,2.0,2.0,202.0,3.0,0.014851485,0.6402,0.7117,,False
False,0.0,,1.0,1.0,1.0,0.0,0.0,1.0,1.0,434.0,434.0,1.0,0.6911,0.0002,12.0,True
False,0.0,0.5438,0.5492,0.5492,0.5492,1.0,13133022.0,1.0,1.0,416.0,25.0,0.060096152,0.6685,0.1625,12.0,True
False,0.0,0.0965,0.1159,0.1159,0.1159,2.0,50699629.0,1.0,1.0,416.0,10.0,0.024038462,0.5935,0.6782,12.0,True
False,0.0,,0.0072,0.1151,0.0575,3.0,50805115.0,2.0,2.0,416.0,3.0,0.0072115385,0.6189,0.6958,12.0,False
True,1.0,0.1062,0.1062,0.1132,0.0566,4.0,51199743.0,2.0,2.0,416.0,3.0,0.0072115385,0.6402,0.7117,,False
False,0.0,,1.0,1.0,1.0,0.0,0.0,1.0,1.0,1336.0,1336.0,1.0,0.6911,0.0002,58.0,True
False,0.0,0.5438,0.5472,0.5472,0.5472,1.0,13133022.0,1.0,1.0,1313.0,39.0,0.02970297,0.6685,0.1625,58.0,True
False,0.0,0.0961,0.1099,0.1099,0.1099,2.0,50699629.0,1.0,1.0,1306.0,29.0,0.022205207,0.5935,0.6782,58.0,True
False,0.0,,0.0023,0.1091,0.0545,3.0,50805115.0,2.0,2.0,1306.0,3.0,0.0022970904,0.6189,0.6958,58.0,False
True,1.0,0.1051,0.1051,0.1074,0.0537,4.0,51199743.0,2.0,2.0,1306.0,3.0,0.0022970904,0.6402,0.7117,,False
False,0.0,,1.0,1.0,1.0,0.0,0.0,1.0,1.0,171.0,171.0,1.0,0.6911,0.0002,0.0,True
False,0.0,,1.0,1.0,1.0,0.0,0.0,1.0,1.0,1200.0,1200.0,1.0,0.6911,0.0002,19.0,True
False,0.0,,1.0,1.0,1.0,0.0,0.0,1.0,1.0,1126.0,1126.0,1.0,0.6911,0.0002,22.0,True
False,0.0,,1.0,1.0,1.0,0.0,0.0,1.0,1.0,51.0,51.0,1.0,0.6911,0.0002,1.0,True
False,0.0,,1.0,1.0,1.0,0.0,0.0,1.0,1.0,83.0,83.0,1.0,0.6911,0.0002,9.0,True
False,0.0,,1.0,1.0,1.0,0.0,0.0,1.0,1.0,67.0,67.0,1.0,0.6911,0.0002,2.0,True
False,0.0,,1.0,1.0,1.0,0.0,0.0,1.0,1.0,147.0,147.0,1.0,0.6911,0.0002,8.0,True
False,0.0,,1.0,1.0,1.0,0.0,0.0,1.0,1.0,1108.0,1108.0,1.0,0.6911,0.0002,23.0,True
False,0.0,,1.0,1.0,1.0,0.0,0.0,1.0,1.0,526.0,526.0,1.0,0.6911,0.0002,20.0,True
False,0.0,0.5438,0.5508,0.5508,0.5508,1.0,13133022.0,1.0,1.0,518.0,22.0,0.042471044,0.6685,0.1625,20.0,True
False,0.0,0.114,0.1157,0.1157,0.1157,2.0,47163297.0,1.0,1.0,518.0,1.0,0.0019305019,0.5733,0.5036,20.0,True
False,0.0,0.0982,0.1191,0.1191,0.1191,3.0,50699629.0,1.0,1.0,517.0,14.0,0.027079303,0.5935,0.6782,20.0,True
False,0.0,,0.0058,0.1182,0.0591,4.0,50805115.0,2.0,2.0,517.0,3.0,0.0058027077,0.6189,0.6958,20.0,False
True,1.0,0.1107,0.1107,0.1163,0.0582,5.0,51199743.0,2.0,2.0,517.0,3.0,0.0058027077,0.6402,0.7117,,False
False,0.0,,1.0,1.0,1.0,0.0,0.0,1.0,1.0,91.0,91.0,1.0,0.6911,0.0002,5.0,True
False,0.0,,1.0,1.0,1.0,0.0,0.0,1.0,1.0,425.0,425.0,1.0,0.6911,0.0002,20.0,True
False,0.0,0.5438,0.556,0.556,0.556,1.0,13133022.0,1.0,1.0,408.0,33.0,0.080882356,0.6685,0.1625,20.0,True
False,0.0,0.0976,0.1152,0.1152,0.1152,2.0,50699629.0,1.0,1.0,408.0,9.0,0.022058824,0.5935,0.6782,20.0,True
False,0.0,,0.0073,0.1144,0.0572,3.0,50805115.0,2.0,2.0,408.0,3.0,0.007352941,0.6189,0.6958,20.0,False
True,1.0,0.1054,0.1054,0.1126,0.0563,4.0,51199743.0,2.0,2.0,408.0,3.0,0.007352941,0.6402,0.7117,,False
False,0.0,,1.0,1.0,1.0,0.0,0.0,1.0,1.0,992.0,992.0,1.0,0.6911,0.0002,20.0,True
False,0.0,,1.0,1.0,1.0,0.0,0.0,1.0,1.0,220.0,220.0,1.0,0.6911,0.0002,7.0,True
False,0.0,0.5438,0.5586,0.5586,0.5586,1.0,13133022.0,1.0,1.0,213.0,16.0,0.07511737,0.6685,0.1625,7.0,True
False,0.0,0.0981,0.1191,0.1191,0.1191,2.0,50699629.0,1.0,1.0,212.0,7.0,0.03301887,0.5935,0.6782,7.0,True
False,0.0,,0.014,0.1183,0.0592,3.0,50805115.0,2.0,2.0,212.0,3.0,0.014150944,0.6189,0.6958,7.0,False
True,1.0,0.1027,0.1027,0.1165,0.0582,4.0,51199743.0,2.0,2.0,212.0,3.0,0.014150944,0.6402,0.7117,,False
False,0.0,,1.0,1.0,1.0,0.0,0.0,1.0,1.0,1058.0,1058.0,1.0,0.6911,0.0002,17.0,True
False,0.0,,1.0,1.0,1.0,0.0,0.0,1.0,1.0,456.0,456.0,1.0,0.6911,0.0002,23.0,True
False,0.0,0.5438,0.552,0.552,0.552,1.0,13133022.0,1.0,1.0,442.0,27.0,0.061085973,0.6685,0.1625,23.0,True
False,0.0,0.0969,0.1071,0.1071,0.1071,2.0,50699629.0,1.0,1.0,441.0,6.0,0.013605442,0.5935,0.6782,23.0,True
False,0.0,,0.0068,0.1064,0.0532,3.0,50805115.0,2.0,2.0,441.0,3.0,0.006802721,0.6189,0.6958,23.0,False
True,1.0,0.098,0.098,0.1047,0.0523,4.0,51199743.0,2.0,2.0,441.0,3.0,0.006802721,0.6402,0.7117,,False
False,0.0,,1.0,1.0,1.0,0.0,0.0,1.0,1.0,219.0,219.0,1.0,0.6911,0.0002,4.0,True
False,0.0,0.5438,0.5546,0.5546,0.5546,1.0,13133022.0,1.0,1.0,209.0,16.0,0.07655502,0.6685,0.1625,4.0,True
False,0.0,0.0974,0.1188,0.1188,0.1188,2.0,50699629.0,1.0,1.0,208.0,7.0,0.033653848,0.5935,0.6782,4.0,True
False,0.0,,0.0142,0.118,0.059,3.0,50805115.0,2.0,2.0,208.0,3.0,0.014423077,0.6189,0.6958,4.0,False
True,1.0,0.1022,0.1022,0.1162,0.0581,4.0,51199743.0,2.0,2.0,208.0,3.0,0.014423077,0.6402,0.7117,,False
False,0.0,,1.0,1.0,1.0,0.0,0.0,1.0,1.0,613.0,613.0,1.0,0.6911,0.0002,21.0,True
False,0.0,0.5438,0.5567,0.5567,0.5567,1.0,13133022.0,1.0,1.0,596.0,40.0,0.06711409,0.6685,0.1625,21.0,True
False,0.0,0.0978,0.1396,0.1396,0.1396,2.0,50699629.0,1.0,1.0,597.0,30.0,0.050251257,0.5935,0.6782,21.0,True
False,0.0,,0.005,0.1387,0.0694,3.0,50805115.0,2.0,2.0,597.0,3.0,0.0050251256,0.6189,0.6958,21.0,False
True,1.0,0.1316,0.1316,0.1365,0.0683,4.0,51199743.0,2.0,2.0,597.0,3.0,0.0050251256,0.6402,0.7117,,False
False,0.0,,1.0,1.0,1.0,0.0,0.0,1.0,1.0,206.0,206.0,1.0,0.6911,0.0002,12.0,True
False,0.0,0.5438,0.5504,0.5504,0.5504,1.0,13133022.0,1.0,1.0,206.0,4.0,0.019417476,0.6685,0.1625,12.0,True
False,0.0,0.0966,0.1271,0.1271,0.1271,2.0,50699629.0,1.0,1.0,205.0,9.0,0.043902438,0.5935,0.6782,12.0,True
False,0.0,,0.0144,0.1263,0.0631,3.0,50805115.0,2.0,2.0,205.0,3.0,0.014634146,0.6189,0.6958,12.0,False
True,1.0,0.1101,0.1101,0.1243,0.0621,4.0,51199743.0,2.0,2.0,205.0,3.0,0.014634146,0.6402,0.7117,,False
False,0.0,,1.0,1.0,1.0,0.0,0.0,1.0,1.0,117.0,117.0,1.0,0.6911,0.0002,13.0,True
False,0.0,0.5438,0.5676,0.5676,0.5676,1.0,13133022.0,1.0,1.0,113.0,13.0,0.11504425,0.6685,0.1625,13.0,True
False,0.0,0.0997,0.1219,0.1219,0.1219,2.0,50699629.0,1.0,1.0,113.0,3.0,0.026548672,0.5935,0.6782,13.0,True
False,0.0,,,0.121,0.121,3.0,50805115.0,1.0,2.0,113.0,3.0,0.026548672,0.6189,0.6958,13.0,False
True,1.0,0.1191,0.1191,0.1191,0.1191,4.0,51199743.0,1.0,2.0,113.0,3.0,0.026548672,0.6402,0.7117,,False
False,0.0,,1.0,1.0,1.0,0.0,0.0,1.0,1.0,513.0,513.0,1.0,0.6911,0.0002,40.0,True
False,0.0,0.5438,0.5538,0.5538,0.5538,1.0,13133022.0,1.0,1.0,501.0,31.0,0.06187625,0.6685,0.1625,40.0,True
True,1.0,0.0976,0.1407,0.1407,0.1407,2.0,50612147.0,1.0,1.0,520.0,23.0,0.04423077,0.5905,0.6444,41.0,True
False,1.0,0.1401,0.1574,0.1574,0.1574,3.0,50699629.0,1.0,1.0,519.0,12.0,0.023121387,0.5935,0.6782,41.0,True
False,1.0,,0.0057,0.1564,0.0782,4.0,50805115.0,2.0,2.0,519.0,3.0,0.0057803467,0.6189,0.6958,41.0,False
True,2.0,0.1483,0.1483,0.1539,0.077,5.0,51199743.0,2.0,2.0,519.0,3.0,0.0057803467,0.6402,0.7117,,False
False,0.0,,1.0,1.0,1.0,0.0,0.0,1.0,1.0,132.0,132.0,1.0,0.6911,0.0002,9.0,True
False,0.0,0.5438,0.5438,0.5438,0.5438,1.0,13133022.0,1.0,1.0,131.0,1.0,0.007633588,0.6685,0.1625,9.0,True
False,0.0,0.0955,0.1363,0.1363,0.1363,2.0,50699629.0,1.0,1.0,131.0,7.0,0.053435113,0.5935,0.6782,9.0,True
False,0.0,,0.0226,0.1355,0.0677,3.0,50805115.0,2.0,2.0,131.0,3.0,0.022900764,0.6189,0.6958,9.0,False
True,1.0,0.1111,0.1111,0.1333,0.0667,4.0,51199743.0,2.0,2.0,131.0,3.0,0.022900764,0.6402,0.7117,,False
False,0.0,,1.0,1.0,1.0,0.0,0.0,1.0,1.0,65.0,65.0,1.0,0.6911,0.0002,3.0,True
False,0.0,0.5438,0.571,0.571,0.571,1.0,13133022.0,1.0,1.0,65.0,6.0,0.092307694,0.6685,0.1625,3.0,True
False,0.0,0.1003,0.1813,0.1813,0.1813,2.0,50699629.0,1.0,1.0,65.0,6.0,0.092307694,0.5935,0.6782,3.0,True
False,0.0,,0.1714,0.2802,0.1401,3.0,50805115.0,2.0,2.0,66.0,11.0,0.16666667,0.6189,0.6958,3.0,False
True,1.0,0.1071,0.2645,0.3319,0.1659,4.0,51199743.0,2.0,2.0,67.0,11.0,0.1641791,0.6402,0.7117,,False
False,0.0,,1.0,1.0,1.0,0.0,0.0,1.0,1.0,157.0,157.0,1.0,0.6911,0.0002,14.0,True
False,0.0,0.5438,0.5612,0.5612,0.5612,1.0,13133022.0,1.0,1.0,155.0,12.0,0.077419356,0.6685,0.1625,14.0,True
False,0.0,0.0986,0.1272,0.1272,0.1272,2.0,50699629.0,1.0,1.0,155.0,6.0,0.038709678,0.5935,0.6782,14.0,True
False,0.0,,0.019,0.1263,0.0632,3.0,50805115.0,2.0,2.0,155.0,3.0,0.019354839,0.6189,0.6958,14.0,False
True,1.0,0.1057,0.1057,0.1243,0.0622,4.0,51199743.0,2.0,2.0,155.0,3.0,0.019354839,0.6402,0.7117,,False
False,0.0,,1.0,1.0,1.0,0.0,0.0,1.0,1.0,410.0,410.0,1.0,0.6911,0.0002,15.0,True
False,0.0,0.5438,0.5471,0.5471,0.5471,1.0,13133022.0,1.0,1.0,404.0,10.0,0.024752475,0.6685,0.1625,15.0,True
False,0.0,0.0961,0.1072,0.1072,0.1072,2.0,50699629.0,1.0,1.0,404.0,6.0,0.014851485,0.5935,0.6782,15.0,True
False,0.0,,0.0074,0.1064,0.0532,3.0,50805115.0,2.0,2.0,404.0,3.0,0.0074257427,0.6189,0.6958,15.0,False
True,1.0,0.0975,0.0975,0.1047,0.0524,4.0,51199743.0,2.0,2.0,404.0,3.0,0.0074257427,0.6402,0.7117,,False
False,0.0,,1.0,1.0,1.0,0.0,0.0,1.0,1.0,1119.0,1119.0,1.0,0.6911,0.0002,50.0,True
False,0.0,0.5438,0.5459,0.5459,0.5459,1.0,13133022.0,1.0,1.0,1092.0,32.0,0.02930403,0.6685,0.1625,50.0,True
False,0.0,0.0959,0.1074,0.1074,0.1074,2.0,50699629.0,1.0,1.0,1091.0,16.0,0.014665444,0.5935,0.6782,50.0,True
False,0.0,,0.0027,0.1066,0.0533,3.0,50805115.0,2.0,2.0,1091.0,3.0,0.0027497709,0.6189,0.6958,50.0,False
True,1.0,0.1022,0.1022,0.1049,0.0525,4.0,51199743.0,2.0,2.0,1091.0,3.0,0.0027497709,0.6402,0.7117,,False
False,0.0,,1.0,1.0,1.0,0.0,0.0,1.0,1.0,679.0,679.0,1.0,0.6911,0.0002,30.0,True
False,0.0,0.5438,0.5472,0.5472,0.5472,1.0,13133022.0,1.0,1.0,671.0,13.0,0.019374069,0.6685,0.1625,30.0,True
False,0.0,0.0961,0.1041,0.1041,0.1041,2.0,50699629.0,1.0,1.0,668.0,9.0,0.013473053,0.5935,0.6782,30.0,True
False,0.0,,0.0045,0.1033,0.0516,3.0,50805115.0,2.0,2.0,668.0,3.0,0.004491018,0.6189,0.6958,30.0,False
True,1.0,0.0972,0.0972,0.1016,0.0508,4.0,51199743.0,2.0,2.0,668.0,3.0,0.004491018,0.6402,0.7117,,False
False,0.0,,1.0,1.0,1.0,0.0,0.0,1.0,1.0,542.0,542.0,1.0,0.6911,0.0002,13.0,True
False,0.0,0.5438,0.5472,0.5472,0.5472,1.0,13133022.0,1.0,1.0,530.0,17.0,0.032075472,0.6685,0.1625,13.0,True
False,0.0,0.0961,0.1199,0.1199,0.1199,2.0,50699629.0,1.0,1.0,530.0,15.0,0.028301887,0.5935,0.6782,13.0,True
False,0.0,,0.0056,0.119,0.0595,3.0,50805115.0,2.0,2.0,530.0,3.0,0.0056603774,0.6189,0.6958,13.0,False
True,1.0,0.1116,0.1116,0.1171,0.0586,4.0,51199743.0,2.0,2.0,530.0,3.0,0.0056603774,0.6402,0.7117,,False
False,0.0,,1.0,1.0,1.0,0.0,0.0,1.0,1.0,227.0,227.0,1.0,0.6911,0.0002,9.0,True
False,0.0,0.5438,0.5543,0.5543,0.5543,1.0,13133022.0,1.0,1.0,215.0,20.0,0.093023255,0.6685,0.1625,9.0,True
False,0.0,0.0973,0.1304,0.1304,0.1304,2.0,50699629.0,1.0,1.0,216.0,7.0,0.032407407,0.5935,0.6782,9.0,True
False,0.0,,0.0137,0.1295,0.0648,3.0,50805115.0,2.0,2.0,216.0,3.0,0.013888889,0.6189,0.6958,9.0,False
True,1.0,0.114,0.114,0.1275,0.0637,4.0,51199743.0,2.0,2.0,216.0,3.0,0.013888889,0.6402,0.7117,,False
False,0.0,,1.0,1.0,1.0,0.0,0.0,1.0,1.0,285.0,285.0,1.0,0.6911,0.0002,7.0,True
False,0.0,0.5438,0.5583,0.5583,0.5583,1.0,13133022.0,1.0,1.0,280.0,19.0,0.067857146,0.6685,0.1625,7.0,True
False,0.0,0.098,0.1176,0.1176,0.1176,2.0,50699629.0,1.0,1.0,275.0,12.0,0.043636363,0.5935,0.6782,7.0,True
False,0.0,,0.0108,0.1168,0.0584,3.0,50805115.0,2.0,2.0,275.0,3.0,0.010909091,0.6189,0.6958,7.0,False
True,1.0,0.1043,0.1043,0.1149,0.0575,4.0,51199743.0,2.0,2.0,275.0,3.0,0.010909091,0.6402,0.7117,,False
False,0.0,,1.0,1.0,1.0,0.0,0.0,1.0,1.0,74.0,74.0,1.0,0.6911,0.0002,3.0,True
False,0.0,0.5438,0.5618,0.5618,0.5618,1.0,13133022.0,1.0,1.0,74.0,4.0,0.054054055,0.6685,0.1625,3.0,True
False,0.0,0.0987,0.1599,0.1599,0.1599,2.0,50699629.0,1.0,1.0,72.0,7.0,0.097222224,0.5935,0.6782,3.0,True
False,0.0,,0.0405,0.159,0.0795,3.0,50805115.0,2.0,2.0,72.0,3.0,0.041666668,0.6189,0.6958,3.0,False
True,1.0,0.1166,0.1166,0.1565,0.0782,4.0,51199743.0,2.0,2.0,72.0,3.0,0.041666668,0.6402,0.7117,,False
False,0.0,,1.0,1.0,1.0,0.0,0.0,1.0,1.0,291.0,291.0,1.0,0.6911,0.0002,17.0,True
False,0.0,0.5438,0.5584,0.5584,0.5584,1.0,13133022.0,1.0,1.0,279.0,26.0,0.09318996,0.6685,0.1625,17.0,True
False,0.0,0.0981,0.1142,0.1142,0.1142,2.0,50699629.0,1.0,1.0,278.0,7.0,0.025179856,0.5935,0.6782,17.0,True
False,0.0,,0.0107,0.1134,0.0567,3.0,50805115.0,2.0,2.0,278.0,3.0,0.010791367,0.6189,0.6958,17.0,False
True,1.0,0.101,0.101,0.1116,0.0558,4.0,51199743.0,2.0,2.0,278.0,3.0,0.010791367,0.6402,0.7117,,False
False,0.0,,1.0,1.0,1.0,0.0,0.0,1.0,1.0,56.0,56.0,1.0,0.6911,0.0002,1.0,True
False,0.0,,1.0,1.0,1.0,0.0,0.0,1.0,1.0,50.0,50.0,1.0,0.6911,0.0002,1.0,True
False,0.0,,1.0,1.0,1.0,0.0,0.0,1.0,1.0,333.0,333.0,1.0,0.6911,0.0002,,True
False,0.0,,1.0,1.0,1.0,0.0,0.0,1.0,1.0,43.0,43.0,1.0,0.6911,0.0002,1.0,True
False,0.0,,1.0,1.0,1.0,0.0,0.0,1.0,1.0,64.0,64.0,1.0,0.6911,0.0002,1.0,True
False,0.0,,1.0,1.0,1.0,0.0,0.0,1.0,1.0,34.0,34.0,1.0,0.6911,0.0002,1.0,True
False,0.0,,1.0,1.0,1.0,0.0,0.0,1.0,1.0,34.0,34.0,1.0,0.6911,0.0002,1.0,True
False,0.0,,1.0,1.0,1.0,0.0,0.0,1.0,1.0,34.0,34.0,1.0,0.6911,0.0002,1.0,True
False,0.0,,1.0,1.0,1.0,0.0,0.0,1.0,1.0,38.0,38.0,1.0,0.6911,0.0002,1.0,True
False,0.0,,1.0,1.0,1.0,0.0,0.0,1.0,1.0,44.0,44.0,1.0,0.6911,0.0002,1.0,True
False,0.0,,1.0,1.0,1.0,0.0,0.0,1.0,1.0,31.0,31.0,1.0,0.6911,0.0002,,True
False,0.0,,1.0,1.0,1.0,0.0,0.0,1.0,1.0,1855.0,1855.0,1.0,0.6911,0.0002,,True
False,0.0,,1.0,1.0,1.0,0.0,0.0,1.0,1.0,24.0,24.0,1.0,0.6911,0.0002,,True
False,0.0,,1.0,1.0,1.0,0.0,0.0,1.0,1.0,24.0,24.0,1.0,0.6911,0.0002,1.0,True
False,0.0,,1.0,1.0,1.0,0.0,0.0,1.0,1.0,14.0,14.0,1.0,0.6911,0.0002,,True
False,0.0,,1.0,1.0,1.0,0.0,0.0,1.0,1.0,1053.0,1053.0,1.0,0.6911,0.0002,,True
False,0.0,,1.0,1.0,1.0,0.0,0.0,1.0,1.0,27.0,27.0,1.0,0.6911,0.0002,,True
False,0.0,,1.0,1.0,1.0,0.0,0.0,1.0,1.0,894.0,894.0,1.0,0.6911,0.0002,,True
False,0.0,,1.0,1.0,1.0,0.0,0.0,1.0,1.0,28.0,28.0,1.0,0.6911,0.0002,,True
False,0.0,,1.0,1.0,1.0,0.0,0.0,1.0,1.0,2031.0,2031.0,1.0,0.6911,0.0002,,True
False,0.0,,1.0,1.0,1.0,0.0,0.0,1.0,1.0,1182.0,1182.0,1.0,0.6911,0.0002,,True
False,0.0,,1.0,1.0,1.0,0.0,0.0,1.0,1.0,34.0,34.0,1.0,0.6911,0.0002,,True
False,0.0,,1.0,1.0,1.0,0.0,0.0,1.0,1.0,1044.0,1044.0,1.0,0.6911,0.0002,,True
False,0.0,,1.0,1.0,1.0,0.0,0.0,1.0,1.0,23.0,23.0,1.0,0.6911,0.0002,,True
False,0.0,,1.0,1.0,1.0,0.0,0.0,1.0,1.0,91.0,91.0,1.0,0.6911,0.0002,,True
False,0.0,,1.0,1.0,1.0,0.0,0.0,1.0,1.0,29.0,29.0,1.0,0.6911,0.0002,,True
False,0.0,,1.0,1.0,1.0,0.0,0.0,1.0,1.0,3669.0,3669.0,1.0,0.6911,0.0002,,True
False,0.0,,1.0,1.0,1.0,0.0,0.0,1.0,1.0,103.0,103.0,1.0,0.6911,0.0002,,True
False,0.0,,1.0,1.0,1.0,0.0,0.0,1.0,1.0,2642.0,2642.0,1.0,0.6911,0.0002,,True
False,0.0,,1.0,1.0,1.0,0.0,0.0,1.0,1.0,49.0,49.0,1.0,0.6911,0.0002,,True
False,0.0,,1.0,1.0,1.0,0.0,0.0,1.0,1.0,44.0,44.0,1.0,0.6911,0.0002,,True
False,0.0,0.5438,0.5539,0.5539,0.5539,1.0,13133022.0,1.0,1.0,44.0,1.0,0.022727273,0.6685,0.1625,,True
False,0.0,,1.0,1.0,1.0,0.0,0.0,1.0,1.0,38.0,38.0,1.0,0.6911,0.0002,,True
False,0.0,,1.0,1.0,1.0,0.0,0.0,1.0,1.0,34.0,34.0,1.0,0.6911,0.0002,,True
False,0.0,0.5438,0.5568,0.5568,0.5568,1.0,13133022.0,1.0,1.0,34.0,1.0,0.029411765,0.6685,0.1625,,True
False,0.0,,1.0,1.0,1.0,0.0,0.0,1.0,1.0,1064.0,1064.0,1.0,0.6911,0.0002,,True
False,0.0,,1.0,1.0,1.0,0.0,0.0,1.0,1.0,35.0,35.0,1.0,0.6911,0.0002,,True
False,0.0,0.5438,0.5564,0.5564,0.5564,1.0,13133022.0,1.0,1.0,35.0,1.0,0.028571429,0.6685,0.1625,,True
False,0.0,,1.0,1.0,1.0,0.0,0.0,1.0,1.0,28.0,28.0,1.0,0.6911,0.0002,,True
False,0.0,,1.0,1.0,1.0,0.0,0.0,1.0,1.0,35.0,35.0,1.0,0.6911,0.0002,,True
False,0.0,0.5438,0.5564,0.5564,0.5564,1.0,13133022.0,1.0,1.0,35.0,1.0,0.028571429,0.6685,0.1625,,True
False,0.0,,1.0,1.0,1.0,0.0,0.0,1.0,1.0,932.0,932.0,1.0,0.6911,0.0002,,True
False,0.0,,1.0,1.0,1.0,0.0,0.0,1.0,1.0,28.0,28.0,1.0,0.6911,0.0002,,True
False,0.0,0.5438,0.5595,0.5595,0.5595,1.0,13133022.0,1.0,1.0,28.0,1.0,0.035714287,0.6685,0.1625,,True
False,0.0,,1.0,1.0,1.0,0.0,0.0,1.0,1.0,27.0,27.0,1.0,0.6911,0.0002,,True
False,0.0,,1.0,1.0,1.0,0.0,0.0,1.0,1.0,829.0,829.0,1.0,0.6911,0.0002,,True
False,0.0,,1.0,1.0,1.0,0.0,0.0,1.0,1.0,35.0,35.0,1.0,0.6911,0.0002,,True
False,0.0,0.5438,0.5564,0.5564,0.5564,1.0,13133022.0,1.0,1.0,35.0,1.0,0.028571429,0.6685,0.1625,,True
False,0.0,,1.0,1.0,1.0,0.0,0.0,1.0,1.0,32.0,32.0,1.0,0.6911,0.0002,,True
False,0.0,0.5438,0.5576,0.5576,0.5576,1.0,13133022.0,1.0,1.0,32.0,1.0,0.03125,0.6685,0.1625,,True
False,0.0,,1.0,1.0,1.0,0.0,0.0,1.0,1.0,19.0,19.0,1.0,0.6911,0.0002,,True
False,0.0,,1.0,1.0,1.0,0.0,0.0,1.0,1.0,30.0,30.0,1.0,0.6911,0.0002,,True
False,0.0,0.5438,0.5585,0.5585,0.5585,1.0,13133022.0,1.0,1.0,30.0,1.0,0.033333335,0.6685,0.1625,,True
False,0.0,,1.0,1.0,1.0,0.0,0.0,1.0,1.0,765.0,765.0,1.0,0.6911,0.0002,,True
False,0.0,,1.0,1.0,1.0,0.0,0.0,1.0,1.0,34.0,34.0,1.0,0.6911,0.0002,,True
False,0.0,0.5438,0.5568,0.5568,0.5568,1.0,13133022.0,1.0,1.0,34.0,1.0,0.029411765,0.6685,0.1625,,True
False,0.0,,1.0,1.0,1.0,0.0,0.0,1.0,1.0,21.0,21.0,1.0,0.6911,0.0002,,True
False,0.0,,1.0,1.0,1.0,0.0,0.0,1.0,1.0,33.0,33.0,1.0,0.6911,0.0002,,True
False,0.0,0.5438,0.5572,0.5572,0.5572,1.0,13133022.0,1.0,1.0,33.0,1.0,0.030303031,0.6685,0.1625,,True
False,0.0,,1.0,1.0,1.0,0.0,0.0,1.0,1.0,2913.0,2913.0,1.0,0.6911,0.0002,,True
False,0.0,,1.0,1.0,1.0,0.0,0.0,1.0,1.0,39.0,39.0,1.0,0.6911,0.0002,,True
False,0.0,0.5438,0.5552,0.5552,0.5552,1.0,13133022.0,1.0,1.0,39.0,1.0,0.025641026,0.6685,0.1625,,True
False,0.0,,1.0,1.0,1.0,0.0,0.0,1.0,1.0,27.0,27.0,1.0,0.6911,0.0002,,True
False,0.0,,1.0,1.0,1.0,0.0,0.0,1.0,1.0,51.0,51.0,1.0,0.6911,0.0002,,True
False,0.0,0.5438,0.5525,0.5525,0.5525,1.0,13133022.0,1.0,1.0,51.0,1.0,0.019607844,0.6685,0.1625,,True
False,0.0,,1.0,1.0,1.0,0.0,0.0,1.0,1.0,28.0,28.0,1.0,0.6911,0.0002,,True
False,0.0,,1.0,1.0,1.0,0.0,0.0,1.0,1.0,42.0,42.0,1.0,0.6911,0.0002,,True
False,0.0,0.5438,0.5544,0.5544,0.5544,1.0,13133022.0,1.0,1.0,42.0,1.0,0.023809524,0.6685,0.1625,,True
False,0.0,,1.0,1.0,1.0,0.0,0.0,1.0,1.0,31.0,31.0,1.0,0.6911,0.0002,,True
False,0.0,,1.0,1.0,1.0,0.0,0.0,1.0,1.0,30.0,30.0,1.0,0.6911,0.0002,,True
False,0.0,0.5438,0.5585,0.5585,0.5585,1.0,13133022.0,1.0,1.0,30.0,1.0,0.033333335,0.6685,0.1625,,True
False,0.0,,1.0,1.0,1.0,0.0,0.0,1.0,1.0,24.0,24.0,1.0,0.6911,0.0002,,True
False,0.0,,1.0,1.0,1.0,0.0,0.0,1.0,1.0,52.0,52.0,1.0,0.6911,0.0002,,True
False,0.0,0.5438,0.5524,0.5524,0.5524,1.0,13133022.0,1.0,1.0,52.0,1.0,0.01923077,0.6685,0.1625,,True
False,0.0,,1.0,1.0,1.0,0.0,0.0,1.0,1.0,279.0,279.0,1.0,0.6911,0.0002,,True
False,0.0,,1.0,1.0,1.0,0.0,0.0,1.0,1.0,35.0,35.0,1.0,0.6911,0.0002,,True
False,0.0,0.5438,0.5564,0.5564,0.5564,1.0,13133022.0,1.0,1.0,35.0,1.0,0.028571429,0.6685,0.1625,,True
False,0.0,,1.0,1.0,1.0,0.0,0.0,1.0,1.0,337.0,337.0,1.0,0.6911,0.0002,,True
False,0.0,,1.0,1.0,1.0,0.0,0.0,1.0,1.0,766.0,766.0,1.0,0.6911,0.0002,,True
False,0.0,,1.0,1.0,1.0,0.0,0.0,1.0,1.0,31.0,31.0,1.0,0.6911,0.0002,,True
False,0.0,0.5438,0.558,0.558,0.558,1.0,13133022.0,1.0,1.0,31.0,1.0,0.032258064,0.6685,0.1625,,True
False,0.0,,1.0,1.0,1.0,0.0,0.0,1.0,1.0,31.0,31.0,1.0,0.6911,0.0002,,True
False,0.0,0.5438,0.558,0.558,0.558,1.0,13133022.0,1.0,1.0,31.0,1.0,0.032258064,0.6685,0.1625,,True
False,0.0,,1.0,1.0,1.0,0.0,0.0,1.0,1.0,34.0,34.0,1.0,0.6911,0.0002,,True
False,0.0,,1.0,1.0,1.0,0.0,0.0,1.0,1.0,32.0,32.0,1.0,0.6911,0.0002,,True
False,0.0,0.5438,0.5576,0.5576,0.5576,1.0,13133022.0,1.0,1.0,32.0,1.0,0.03125,0.6685,0.1625,,True
False,0.0,,1.0,1.0,1.0,0.0,0.0,1.0,1.0,23.0,23.0,1.0,0.6911,0.0002,,True
False,0.0,,1.0,1.0,1.0,0.0,0.0,1.0,1.0,37.0,37.0,1.0,0.6911,0.0002,,True
False,0.0,0.5438,0.5558,0.5558,0.5558,1.0,13133022.0,1.0,1.0,37.0,1.0,0.027027028,0.6685,0.1625,,True
False,0.0,,1.0,1.0,1.0,0.0,0.0,1.0,1.0,14.0,14.0,1.0,0.6911,0.0002,,True
False,0.0,,1.0,1.0,1.0,0.0,0.0,1.0,1.0,5.0,5.0,1.0,0.6911,0.0002,,True
False,0.0,,1.0,1.0,1.0,0.0,0.0,1.0,1.0,29.0,29.0,1.0,0.6911,0.0002,,True
False,0.0,0.5438,0.559,0.559,0.559,1.0,13133022.0,1.0,1.0,29.0,1.0,0.03448276,0.6685,0.1625,,True
False,0.0,,1.0,1.0,1.0,0.0,0.0,1.0,1.0,19.0,19.0,1.0,0.6911,0.0002,,True
False,0.0,,1.0,1.0,1.0,0.0,0.0,1.0,1.0,29.0,29.0,1.0,0.6911,0.0002,,True
False,0.0,0.5438,0.559,0.559,0.559,1.0,13133022.0,1.0,1.0,29.0,1.0,0.03448276,0.6685,0.1625,,True
False,0.0,,1.0,1.0,1.0,0.0,0.0,1.0,1.0,21.0,21.0,1.0,0.6911,0.0002,,True
False,0.0,,1.0,1.0,1.0,0.0,0.0,1.0,1.0,30.0,30.0,1.0,0.6911,0.0002,,True
False,0.0,0.5438,0.5585,0.5585,0.5585,1.0,13133022.0,1.0,1.0,30.0,1.0,0.033333335,0.6685,0.1625,,True
False,0.0,,1.0,1.0,1.0,0.0,0.0,1.0,1.0,38.0,38.0,1.0,0.6911,0.0002,,True
False,0.0,,1.0,1.0,1.0,0.0,0.0,1.0,1.0,30.0,30.0,1.0,0.6911,0.0002,,True
False,0.0,0.5438,0.5585,0.5585,0.5585,1.0,13133022.0,1.0,1.0,30.0,1.0,0.033333335,0.6685,0.1625,,True
False,0.0,,1.0,1.0,1.0,0.0,0.0,1.0,1.0,28.0,28.0,1.0,0.6911,0.0002,,True
False,0.0,,1.0,1.0,1.0,0.0,0.0,1.0,1.0,32.0,32.0,1.0,0.6911,0.0002,,True
False,0.0,0.5438,0.5576,0.5576,0.5576,1.0,13133022.0,1.0,1.0,32.0,1.0,0.03125,0.6685,0.1625,,True
False,0.0,,1.0,1.0,1.0,0.0,0.0,1.0,1.0,27.0,27.0,1.0,0.6911,0.0002,,True
False,0.0,,1.0,1.0,1.0,0.0,0.0,1.0,1.0,36.0,36.0,1.0,0.6911,0.0002,,True
False,0.0,0.5438,0.5561,0.5561,0.5561,1.0,13133022.0,1.0,1.0,36.0,1.0,0.027777778,0.6685,0.1625,,True
False,0.0,,1.0,1.0,1.0,0.0,0.0,1.0,1.0,29.0,29.0,1.0,0.6911,0.0002,,True
False,0.0,,1.0,1.0,1.0,0.0,0.0,1.0,1.0,31.0,31.0,1.0,0.6911,0.0002,,True
False,0.0,0.5438,0.558,0.558,0.558,1.0,13133022.0,1.0,1.0,31.0,1.0,0.032258064,0.6685,0.1625,,True
False,0.0,,1.0,1.0,1.0,0.0,0.0,1.0,1.0,103.0,103.0,1.0,0.6911,0.0002,,True
False,0.0,,1.0,1.0,1.0,0.0,0.0,1.0,1.0,49.0,49.0,1.0,0.6911,0.0002,,True
False,0.0,,1.0,1.0,1.0,0.0,0.0,1.0,1.0,54.0,54.0,1.0,0.6911,0.0002,2.0,True
False,0.0,0.5438,0.5682,0.5682,0.5682,1.0,13133022.0,1.0,1.0,54.0,4.0,0.074074075,0.6685,0.1625,2.0,True
False,0.0,,1.0,1.0,1.0,0.0,0.0,1.0,1.0,32.0,32.0,1.0,0.6911,0.0002,,True
False,0.0,0.5438,0.5576,0.5576,0.5576,1.0,13133022.0,1.0,1.0,32.0,1.0,0.03125,0.6685,0.1625,,True
False,0.0,,1.0,1.0,1.0,0.0,0.0,1.0,1.0,19.0,19.0,1.0,0.6911,0.0002,,True
False,0.0,,1.0,1.0,1.0,0.0,0.0,1.0,1.0,31.0,31.0,1.0,0.6911,0.0002,,True
False,0.0,0.5438,0.558,0.558,0.558,1.0,13133022.0,1.0,1.0,31.0,1.0,0.032258064,0.6685,0.1625,,True
False,0.0,,1.0,1.0,1.0,0.0,0.0,1.0,1.0,5.0,5.0,1.0,0.6911,0.0002,,True
False,0.0,,1.0,1.0,1.0,0.0,0.0,1.0,1.0,48.0,48.0,1.0,0.6911,0.0002,3.0,True
False,0.0,0.5438,0.5711,0.5711,0.5711,1.0,13133022.0,1.0,1.0,48.0,4.0,0.083333336,0.6685,0.1625,3.0,True
False,0.0,,1.0,1.0,1.0,0.0,0.0,1.0,1.0,28.0,28.0,1.0,0.6911,0.0002,,True
False,0.0,,1.0,1.0,1.0,0.0,0.0,1.0,1.0,30.0,30.0,1.0,0.6911,0.0002,,True
False,0.0,,1.0,1.0,1.0,0.0,0.0,1.0,1.0,43.0,43.0,1.0,0.6911,0.0002,4.0,True
False,0.0,0.5438,0.5742,0.5742,0.5742,1.0,13133022.0,1.0,1.0,43.0,4.0,0.093023255,0.6685,0.1625,4.0,True
False,0.0,,1.0,1.0,1.0,0.0,0.0,1.0,1.0,254.0,254.0,1.0,0.6911,0.0002,,True
False,0.0,,1.0,1.0,1.0,0.0,0.0,1.0,1.0,279.0,279.0,1.0,0.6911,0.0002,8.0,True
False,0.0,0.5438,0.5504,0.5504,0.5504,1.0,13133022.0,1.0,1.0,272.0,12.0,0.04411765,0.6685,0.1625,8.0,True
False,0.0,,1.0,1.0,1.0,0.0,0.0,1.0,1.0,330.0,330.0,1.0,0.6911,0.0002,,True
False,0.0,,1.0,1.0,1.0,0.0,0.0,1.0,1.0,148.0,148.0,1.0,0.6911,0.0002,18.0,True
False,0.0,0.5438,0.5469,0.5469,0.5469,1.0,13133022.0,1.0,1.0,143.0,6.0,0.04195804,0.6685,0.1625,18.0,True
False,0.0,,1.0,1.0,1.0,0.0,0.0,1.0,1.0,23.0,23.0,1.0,0.6911,0.0002,,True
False,0.0,,1.0,1.0,1.0,0.0,0.0,1.0,1.0,244.0,244.0,1.0,0.6911,0.0002,16.0,True
False,0.0,0.5438,0.5647,0.5647,0.5647,1.0,13133022.0,1.0,1.0,238.0,25.0,0.10504202,0.6685,0.1625,16.0,True
False,0.0,,1.0,1.0,1.0,0.0,0.0,1.0,1.0,27.0,27.0,1.0,0.6911,0.0002,,True
False,0.0,,1.0,1.0,1.0,0.0,0.0,1.0,1.0,163.0,163.0,1.0,0.6911,0.0002,9.0,True
False,0.0,0.5438,0.5662,0.5662,0.5662,1.0,13133022.0,1.0,1.0,161.0,10.0,0.062111802,0.6685,0.1625,9.0,True
False,0.0,,1.0,1.0,1.0,0.0,0.0,1.0,1.0,22.0,22.0,1.0,0.6911,0.0002,,True
False,0.0,,1.0,1.0,1.0,0.0,0.0,1.0,1.0,109.0,109.0,1.0,0.6911,0.0002,3.0,True
False,0.0,0.5438,0.5731,0.5731,0.5731,1.0,13133022.0,1.0,1.0,107.0,14.0,0.13084112,0.6685,0.1625,3.0,True
False,0.0,,1.0,1.0,1.0,0.0,0.0,1.0,1.0,13.0,13.0,1.0,0.6911,0.0002,,True
False,0.0,,1.0,1.0,1.0,0.0,0.0,1.0,1.0,150.0,150.0,1.0,0.6911,0.0002,4.0,True
False,0.0,0.5438,0.562,0.562,0.562,1.0,13133022.0,1.0,1.0,149.0,7.0,0.046979867,0.6685,0.1625,4.0,True
False,0.0,,1.0,1.0,1.0,0.0,0.0,1.0,1.0,46.0,46.0,1.0,0.6911,0.0002,,True
False,0.0,,1.0,1.0,1.0,0.0,0.0,1.0,1.0,92.0,92.0,1.0,0.6911,0.0002,4.0,True
False,0.0,0.5438,0.5683,0.5683,0.5683,1.0,13133022.0,1.0,1.0,91.0,7.0,0.07692308,0.6685,0.1625,4.0,True
False,0.0,,1.0,1.0,1.0,0.0,0.0,1.0,1.0,34.0,34.0,1.0,0.6911,0.0002,,True
False,0.0,,1.0,1.0,1.0,0.0,0.0,1.0,1.0,315.0,315.0,1.0,0.6911,0.0002,15.0,True
False,0.0,0.5438,0.5452,0.5452,0.5452,1.0,13133022.0,1.0,1.0,309.0,7.0,0.022653721,0.6685,0.1625,15.0,True
False,0.0,,1.0,1.0,1.0,0.0,0.0,1.0,1.0,280.0,280.0,1.0,0.6911,0.0002,17.0,True
False,0.0,0.5438,0.5556,0.5556,0.5556,1.0,13133022.0,1.0,1.0,268.0,23.0,0.0858209,0.6685,0.1625,17.0,True
False,0.0,,1.0,1.0,1.0,0.0,0.0,1.0,1.0,36.0,36.0,1.0,0.6911,0.0002,,True
False,0.0,,1.0,1.0,1.0,0.0,0.0,1.0,1.0,117.0,117.0,1.0,0.6911,0.0002,10.0,True
False,0.0,0.5438,0.5554,0.5554,0.5554,1.0,13133022.0,1.0,1.0,116.0,5.0,0.04310345,0.6685,0.1625,10.0,True
False,0.0,,1.0,1.0,1.0,0.0,0.0,1.0,1.0,20.0,20.0,1.0,0.6911,0.0002,,True
False,0.0,,1.0,1.0,1.0,0.0,0.0,1.0,1.0,35.0,35.0,1.0,0.6911,0.0002,3.0,True
False,0.0,0.5438,0.5808,0.5808,0.5808,1.0,13133022.0,1.0,1.0,35.0,4.0,0.114285715,0.6685,0.1625,3.0,True
False,0.0,,1.0,1.0,1.0,0.0,0.0,1.0,1.0,38.0,38.0,1.0,0.6911,0.0002,,True
False,0.0,,1.0,1.0,1.0,0.0,0.0,1.0,1.0,28.0,28.0,1.0,0.6911,0.0002,,True
False,0.0,,1.0,1.0,1.0,0.0,0.0,1.0,1.0,57.0,57.0,1.0,0.6911,0.0002,7.0,True
False,0.0,0.5438,0.567,0.567,0.567,1.0,13133022.0,1.0,1.0,57.0,4.0,0.07017544,0.6685,0.1625,7.0,True
False,0.0,,1.0,1.0,1.0,0.0,0.0,1.0,1.0,26.0,26.0,1.0,0.6911,0.0002,,True
False,0.0,,1.0,1.0,1.0,0.0,0.0,1.0,1.0,85.0,85.0,1.0,0.6911,0.0002,2.0,True
False,0.0,0.5438,0.5595,0.5595,0.5595,1.0,13133022.0,1.0,1.0,85.0,4.0,0.047058824,0.6685,0.1625,2.0,True
False,0.0,,1.0,1.0,1.0,0.0,0.0,1.0,1.0,28.0,28.0,1.0,0.6911,0.0002,,True
False,0.0,,1.0,1.0,1.0,0.0,0.0,1.0,1.0,117.0,117.0,1.0,0.6911,0.0002,20.0,True
False,0.0,0.5438,0.5596,0.5596,0.5596,1.0,13133022.0,1.0,1.0,113.0,10.0,0.088495575,0.6685,0.1625,20.0,True
False,0.0,,1.0,1.0,1.0,0.0,0.0,1.0,1.0,102.0,102.0,1.0,0.6911,0.0002,,True
False,0.0,,1.0,1.0,1.0,0.0,0.0,1.0,1.0,104.0,104.0,1.0,0.6911,0.0002,10.0,True
False,0.0,0.5438,0.5483,0.5483,0.5483,1.0,13133022.0,1.0,1.0,99.0,6.0,0.060606062,0.6685,0.1625,10.0,True
False,0.0,,1.0,1.0,1.0,0.0,0.0,1.0,1.0,48.0,48.0,1.0,0.6911,0.0002,,True
False,0.0,,1.0,1.0,1.0,0.0,0.0,1.0,1.0,86.0,86.0,1.0,0.6911,0.0002,1.0,True
False,0.0,0.5438,0.555,0.555,0.555,1.0,13133022.0,1.0,1.0,80.0,8.0,0.1,0.6685,0.1625,1.0,True
False,0.0,,1.0,1.0,1.0,0.0,0.0,1.0,1.0,33.0,33.0,1.0,0.6911,0.0002,,True
False,0.0,,1.0,1.0,1.0,0.0,0.0,1.0,1.0,98.0,98.0,1.0,0.6911,0.0002,7.0,True
False,0.0,0.5438,0.5626,0.5626,0.5626,1.0,13133022.0,1.0,1.0,95.0,8.0,0.08421053,0.6685,0.1625,7.0,True
False,0.0,,1.0,1.0,1.0,0.0,0.0,1.0,1.0,22.0,22.0,1.0,0.6911,0.0002,,True
False,0.0,,1.0,1.0,1.0,0.0,0.0,1.0,1.0,35.0,35.0,1.0,0.6911,0.0002,2.0,True
False,0.0,0.5438,0.5808,0.5808,0.5808,1.0,13133022.0,1.0,1.0,35.0,4.0,0.114285715,0.6685,0.1625,2.0,True
False,0.0,,1.0,1.0,1.0,0.0,0.0,1.0,1.0,13.0,13.0,1.0,0.6911,0.0002,,True
False,0.0,,1.0,1.0,1.0,0.0,0.0,1.0,1.0,271.0,271.0,1.0,0.6911,0.0002,12.0,True
False,0.0,0.5438,0.5577,0.5577,0.5577,1.0,13133022.0,1.0,1.0,260.0,24.0,0.092307694,0.6685,0.1625,12.0,True
False,0.0,,1.0,1.0,1.0,0.0,0.0,1.0,1.0,26.0,26.0,1.0,0.6911,0.0002,,True
False,0.0,,1.0,1.0,1.0,0.0,0.0,1.0,1.0,102.0,102.0,1.0,0.6911,0.0002,9.0,True
False,0.0,0.5438,0.5438,0.5438,0.5438,1.0,13133022.0,1.0,1.0,101.0,1.0,0.00990099,0.6685,0.1625,9.0,True
False,0.0,,1.0,1.0,1.0,0.0,0.0,1.0,1.0,125.0,125.0,1.0,0.6911,0.0002,14.0,True
False,0.0,0.5438,0.5546,0.5546,0.5546,1.0,13133022.0,1.0,1.0,125.0,4.0,0.032,0.6685,0.1625,14.0,True
False,0.0,,1.0,1.0,1.0,0.0,0.0,1.0,1.0,42.0,42.0,1.0,0.6911,0.0002,2.0,True
False,0.0,,1.0,1.0,1.0,0.0,0.0,1.0,1.0,186.0,186.0,1.0,0.6911,0.0002,28.0,True
False,0.0,0.5438,0.5511,0.5511,0.5511,1.0,13133022.0,1.0,1.0,186.0,4.0,0.021505376,0.6685,0.1625,28.0,True
False,0.0,,1.0,1.0,1.0,0.0,0.0,1.0,1.0,36.0,36.0,1.0,0.6911,0.0002,2.0,True
False,0.0,,1.0,1.0,1.0,0.0,0.0,1.0,1.0,135.0,135.0,1.0,0.6911,0.0002,13.0,True
False,0.0,0.5438,0.5572,0.5572,0.5572,1.0,13133022.0,1.0,1.0,134.0,7.0,0.052238807,0.6685,0.1625,13.0,True
False,0.0,,1.0,1.0,1.0,0.0,0.0,1.0,1.0,168.0,168.0,1.0,0.6911,0.0002,5.0,True
False,0.0,,1.0,1.0,1.0,0.0,0.0,1.0,1.0,202.0,202.0,1.0,0.6911,0.0002,,True
False,0.0,,1.0,1.0,1.0,0.0,0.0,1.0,1.0,42.0,42.0,1.0,0.6911,0.0002,1.0,True
False,0.0,0.5438,0.5749,0.5749,0.5749,1.0,13133022.0,1.0,1.0,42.0,4.0,0.0952381,0.6685,0.1625,1.0,True
False,0.0,,1.0,1.0,1.0,0.0,0.0,1.0,1.0,96.0,96.0,1.0,0.6911,0.0002,8.0,True
False,0.0,0.5438,0.5579,0.5579,0.5579,1.0,13133022.0,1.0,1.0,95.0,5.0,0.05263158,0.6685,0.1625,8.0,True
False,0.0,,1.0,1.0,1.0,0.0,0.0,1.0,1.0,32.0,32.0,1.0,0.6911,0.0002,,True
False,0.0,,1.0,1.0,1.0,0.0,0.0,1.0,1.0,204.0,204.0,1.0,0.6911,0.0002,15.0,True
False,0.0,0.5438,0.5504,0.5504,0.5504,1.0,13133022.0,1.0,1.0,204.0,4.0,0.019607844,0.6685,0.1625,15.0,True
False,0.0,,1.0,1.0,1.0,0.0,0.0,1.0,1.0,119.0,119.0,1.0,0.6911,0.0002,,True
False,0.0,,1.0,1.0,1.0,0.0,0.0,1.0,1.0,69.0,69.0,1.0,0.6911,0.0002,6.0,True
False,0.0,0.5438,0.5633,0.5633,0.5633,1.0,13133022.0,1.0,1.0,68.0,5.0,0.073529415,0.6685,0.1625,6.0,True
False,0.0,,1.0,1.0,1.0,0.0,0.0,1.0,1.0,105.0,105.0,1.0,0.6911,0.0002,,True
False,0.0,,1.0,1.0,1.0,0.0,0.0,1.0,1.0,117.0,117.0,1.0,0.6911,0.0002,8.0,True
False,0.0,0.5438,0.5515,0.5515,0.5515,1.0,13133022.0,1.0,1.0,116.0,3.0,0.02586207,0.6685,0.1625,8.0,True
False,0.0,,1.0,1.0,1.0,0.0,0.0,1.0,1.0,15.0,15.0,1.0,0.6911,0.0002,,True
False,0.0,,1.0,1.0,1.0,0.0,0.0,1.0,1.0,110.0,110.0,1.0,0.6911,0.0002,5.0,True
False,0.0,0.5438,0.5438,0.5438,0.5438,1.0,13133022.0,1.0,1.0,108.0,2.0,0.018518519,0.6685,0.1625,5.0,True
False,0.0,,1.0,1.0,1.0,0.0,0.0,1.0,1.0,2.0,2.0,1.0,0.6911,0.0002,,True
False,0.0,,1.0,1.0,1.0,0.0,0.0,1.0,1.0,153.0,153.0,1.0,0.6911,0.0002,11.0,True
False,0.0,0.5438,0.5526,0.5526,0.5526,1.0,13133022.0,1.0,1.0,153.0,4.0,0.026143791,0.6685,0.1625,11.0,True
False,0.0,,1.0,1.0,1.0,0.0,0.0,1.0,1.0,18.0,18.0,1.0,0.6911,0.0002,,True
False,0.0,,1.0,1.0,1.0,0.0,0.0,1.0,1.0,46.0,46.0,1.0,0.6911,0.0002,2.0,True
False,0.0,0.5438,0.5723,0.5723,0.5723,1.0,13133022.0,1.0,1.0,46.0,4.0,0.08695652,0.6685,0.1625,2.0,True
False,0.0,,1.0,1.0,1.0,0.0,0.0,1.0,1.0,18.0,18.0,1.0,0.6911,0.0002,,True
False,0.0,,1.0,1.0,1.0,0.0,0.0,1.0,1.0,160.0,160.0,1.0,0.6911,0.0002,3.0,True
False,0.0,0.5438,0.5553,0.5553,0.5553,1.0,13133022.0,1.0,1.0,156.0,10.0,0.06410257,0.6685,0.1625,3.0,True
False,0.0,,1.0,1.0,1.0,0.0,0.0,1.0,1.0,40.0,40.0,1.0,0.6911,0.0002,2.0,True
False,0.0,0.5438,0.5764,0.5764,0.5764,1.0,13133022.0,1.0,1.0,40.0,4.0,0.1,0.6685,0.1625,2.0,True
False,0.0,,1.0,1.0,1.0,0.0,0.0,1.0,1.0,455.0,455.0,1.0,0.6911,0.0002,11.0,True
False,0.0,0.5438,0.5489,0.5489,0.5489,1.0,13133022.0,1.0,1.0,445.0,17.0,0.03820225,0.6685,0.1625,11.0,True
False,0.0,,1.0,1.0,1.0,0.0,0.0,1.0,1.0,92.0,92.0,1.0,0.6911,0.0002,5.0,True
False,0.0,0.5438,0.5745,0.5745,0.5745,1.0,13133022.0,1.0,1.0,87.0,14.0,0.16091955,0.6685,0.1625,5.0,True
False,0.0,,1.0,1.0,1.0,0.0,0.0,1.0,1.0,528.0,528.0,1.0,0.6911,0.0002,15.0,True
False,0.0,0.5438,0.5509,0.5509,0.5509,1.0,13133022.0,1.0,1.0,512.0,27.0,0.052734375,0.6685,0.1625,15.0,True
False,0.0,,1.0,1.0,1.0,0.0,0.0,1.0,1.0,211.0,211.0,1.0,0.6911,0.0002,12.0,True
False,0.0,0.5438,0.5551,0.5551,0.5551,1.0,13133022.0,1.0,1.0,200.0,18.0,0.09,0.6685,0.1625,12.0,True
False,0.0,,1.0,1.0,1.0,0.0,0.0,1.0,1.0,35.0,35.0,1.0,0.6911,0.0002,2.0,True
False,0.0,,1.0,1.0,1.0,0.0,0.0,1.0,1.0,189.0,189.0,1.0,0.6911,0.0002,6.0,True
False,0.0,0.5438,0.5488,0.5488,0.5488,1.0,13133022.0,1.0,1.0,179.0,12.0,0.06703911,0.6685,0.1625,6.0,True
False,0.0,,1.0,1.0,1.0,0.0,0.0,1.0,1.0,16.0,16.0,1.0,0.6911,0.0002,1.0,True
False,0.0,,1.0,1.0,1.0,0.0,0.0,1.0,1.0,62.0,62.0,1.0,0.6911,0.0002,2.0,True
False,0.0,0.5438,0.5652,0.5652,0.5652,1.0,13133022.0,1.0,1.0,62.0,4.0,0.06451613,0.6685,0.1625,2.0,True
False,0.0,,1.0,1.0,1.0,0.0,0.0,1.0,1.0,17.0,17.0,1.0,0.6911,0.0002,1.0,True
False,0.0,,1.0,1.0,1.0,0.0,0.0,1.0,1.0,64.0,64.0,1.0,0.6911,0.0002,4.0,True
False,0.0,0.5438,0.5645,0.5645,0.5645,1.0,13133022.0,1.0,1.0,64.0,4.0,0.0625,0.6685,0.1625,4.0,True
False,0.0,,1.0,1.0,1.0,0.0,0.0,1.0,1.0,110.0,110.0,1.0,0.6911,0.0002,11.0,True
False,0.0,,1.0,1.0,1.0,0.0,0.0,1.0,1.0,95.0,95.0,1.0,0.6911,0.0002,14.0,True
False,0.0,0.5438,0.5579,0.5579,0.5579,1.0,13133022.0,1.0,1.0,95.0,4.0,0.042105265,0.6685,0.1625,14.0,True
False,0.0,,1.0,1.0,1.0,0.0,0.0,1.0,1.0,37.0,37.0,1.0,0.6911,0.0002,2.0,True
False,0.0,,1.0,1.0,1.0,0.0,0.0,1.0,1.0,119.0,119.0,1.0,0.6911,0.0002,16.0,True
False,0.0,0.5438,0.5551,0.5551,0.5551,1.0,13133022.0,1.0,1.0,119.0,4.0,0.033613447,0.6685,0.1625,16.0,True
False,0.0,,1.0,1.0,1.0,0.0,0.0,1.0,1.0,196.0,196.0,1.0,0.6911,0.0002,8.0,True
False,0.0,,1.0,1.0,1.0,0.0,0.0,1.0,1.0,287.0,287.0,1.0,0.6911,0.0002,11.0,True
False,0.0,0.5438,0.5553,0.5553,0.5553,1.0,13133022.0,1.0,1.0,276.0,23.0,0.083333336,0.6685,0.1625,11.0,True
False,0.0,,1.0,1.0,1.0,0.0,0.0,1.0,1.0,57.0,57.0,1.0,0.6911,0.0002,2.0,True
False,0.0,0.5438,0.5747,0.5747,0.5747,1.0,13133022.0,1.0,1.0,57.0,6.0,0.10526316,0.6685,0.1625,2.0,True
False,0.0,,1.0,1.0,1.0,0.0,0.0,1.0,1.0,199.0,199.0,1.0,0.6911,0.0002,7.0,True
False,0.0,0.5438,0.5558,0.5558,0.5558,1.0,13133022.0,1.0,1.0,188.0,18.0,0.095744684,0.6685,0.1625,7.0,True
False,0.0,,1.0,1.0,1.0,0.0,0.0,1.0,1.0,281.0,281.0,1.0,0.6911,0.0002,14.0,True
False,0.0,0.5438,0.5556,0.5556,0.5556,1.0,13133022.0,1.0,1.0,268.0,25.0,0.09328358,0.6685,0.1625,14.0,True
False,0.0,,1.0,1.0,1.0,0.0,0.0,1.0,1.0,43.0,43.0,1.0,0.6911,0.0002,1.0,True
False,0.0,0.5438,0.5742,0.5742,0.5742,1.0,13133022.0,1.0,1.0,43.0,4.0,0.093023255,0.6685,0.1625,1.0,True
False,0.0,,1.0,1.0,1.0,0.0,0.0,1.0,1.0,41.0,41.0,1.0,0.6911,0.0002,1.0,True
False,0.0,0.5438,0.5756,0.5756,0.5756,1.0,13133022.0,1.0,1.0,41.0,4.0,0.09756097,0.6685,0.1625,1.0,True
False,0.0,,1.0,1.0,1.0,0.0,0.0,1.0,1.0,70.0,70.0,1.0,0.6911,0.0002,7.0,True
False,0.0,0.5438,0.5628,0.5628,0.5628,1.0,13133022.0,1.0,1.0,70.0,4.0,0.057142857,0.6685,0.1625,7.0,True
False,0.0,,1.0,1.0,1.0,0.0,0.0,1.0,1.0,184.0,184.0,1.0,0.6911,0.0002,4.0,True
False,0.0,0.5438,0.5564,0.5564,0.5564,1.0,13133022.0,1.0,1.0,179.0,10.0,0.05586592,0.6685,0.1625,4.0,True
False,0.0,,1.0,1.0,1.0,0.0,0.0,1.0,1.0,254.0,254.0,1.0,0.6911,0.0002,9.0,True
False,0.0,0.5438,0.5569,0.5569,0.5569,1.0,13133022.0,1.0,1.0,241.0,24.0,0.099585064,0.6685,0.1625,9.0,True
False,0.0,,1.0,1.0,1.0,0.0,0.0,1.0,1.0,92.0,92.0,1.0,0.6911,0.0002,4.0,True
False,0.0,0.5438,0.5641,0.5641,0.5641,1.0,13133022.0,1.0,1.0,88.0,10.0,0.11363637,0.6685,0.1625,4.0,True
False,0.0,,1.0,1.0,1.0,0.0,0.0,1.0,1.0,218.0,218.0,1.0,0.6911,0.0002,12.0,True
False,0.0,0.5438,0.5523,0.5523,0.5523,1.0,13133022.0,1.0,1.0,212.0,12.0,0.056603774,0.6685,0.1625,12.0,True
False,0.0,,1.0,1.0,1.0,0.0,0.0,1.0,1.0,57.0,57.0,1.0,0.6911,0.0002,2.0,True
False,0.0,0.5438,0.5945,0.5945,0.5945,1.0,13133022.0,1.0,1.0,52.0,15.0,0.28846154,0.6685,0.1625,2.0,True
False,0.0,,1.0,1.0,1.0,0.0,0.0,1.0,1.0,49.0,49.0,1.0,0.6911,0.0002,,True
False,0.0,0.5438,0.5723,0.5723,0.5723,1.0,13133022.0,1.0,1.0,47.0,5.0,0.10638298,0.6685,0.1625,,True
False,0.0,,1.0,1.0,1.0,0.0,0.0,1.0,1.0,64.0,64.0,1.0,0.6911,0.0002,,True
False,0.0,0.5438,0.5587,0.5587,0.5587,1.0,13133022.0,1.0,1.0,60.0,6.0,0.1,0.6685,0.1625,,True
False,0.0,,1.0,1.0,1.0,0.0,0.0,1.0,1.0,48.0,48.0,1.0,0.6911,0.0002,,True
False,0.0,0.5438,0.5641,0.5641,0.5641,1.0,13133022.0,1.0,1.0,44.0,6.0,0.13636364,0.6685,0.1625,,True
False,0.0,,1.0,1.0,1.0,0.0,0.0,1.0,1.0,142.0,142.0,1.0,0.6911,0.0002,,True
False,0.0,0.5438,0.5535,0.5535,0.5535,1.0,13133022.0,1.0,1.0,140.0,5.0,0.035714287,0.6685,0.1625,,True
False,0.0,,1.0,1.0,1.0,0.0,0.0,1.0,1.0,48.0,48.0,1.0,0.6911,0.0002,,True
False,0.0,0.5438,0.5729,0.5729,0.5729,1.0,13133022.0,1.0,1.0,46.0,5.0,0.10869565,0.6685,0.1625,,True
False,0.0,,1.0,1.0,1.0,0.0,0.0,1.0,1.0,331.0,331.0,1.0,0.6911,0.0002,,True
False,0.0,0.5438,0.5479,0.5479,0.5479,1.0,13133022.0,1.0,1.0,329.0,5.0,0.015197569,0.6685,0.1625,,True
False,0.0,,1.0,1.0,1.0,0.0,0.0,1.0,1.0,42.0,42.0,1.0,0.6911,0.0002,,True
False,0.0,0.5438,0.5672,0.5672,0.5672,1.0,13133022.0,1.0,1.0,38.0,6.0,0.15789473,0.6685,0.1625,,True
False,0.0,,1.0,1.0,1.0,0.0,0.0,1.0,1.0,79.0,79.0,1.0,0.6911,0.0002,,True
False,0.0,0.5438,0.5558,0.5558,0.5558,1.0,13133022.0,1.0,1.0,75.0,6.0,0.08,0.6685,0.1625,,True
False,0.0,,1.0,1.0,1.0,0.0,0.0,1.0,1.0,112.0,112.0,1.0,0.6911,0.0002,,True
False,0.0,0.5438,0.5521,0.5521,0.5521,1.0,13133022.0,1.0,1.0,108.0,6.0,0.055555556,0.6685,0.1625,,True
False,0.0,,1.0,1.0,1.0,0.0,0.0,1.0,1.0,270.0,270.0,1.0,0.6911,0.0002,13.0,True
False,0.0,0.5438,0.5543,0.5543,0.5543,1.0,13133022.0,1.0,1.0,259.0,20.0,0.077220075,0.6685,0.1625,13.0,True
False,0.0,,1.0,1.0,1.0,0.0,0.0,1.0,1.0,45.0,45.0,1.0,0.6911,0.0002,2.0,True
False,0.0,,1.0,1.0,1.0,0.0,0.0,1.0,1.0,57.0,57.0,1.0,0.6911,0.0002,2.0,True
False,0.0,0.5438,0.567,0.567,0.567,1.0,13133022.0,1.0,1.0,57.0,4.0,0.07017544,0.6685,0.1625,2.0,True
False,0.0,,1.0,1.0,1.0,0.0,0.0,1.0,1.0,53.0,53.0,1.0,0.6911,0.0002,1.0,True
False,0.0,0.5438,0.5776,0.5776,0.5776,1.0,13133022.0,1.0,1.0,52.0,7.0,0.13461539,0.6685,0.1625,1.0,True
False,0.0,,1.0,1.0,1.0,0.0,0.0,1.0,1.0,41.0,41.0,1.0,0.6911,0.0002,1.0,True
False,0.0,0.5438,0.5894,0.5894,0.5894,1.0,13133022.0,1.0,1.0,38.0,9.0,0.23684211,0.6685,0.1625,1.0,True
False,0.0,,1.0,1.0,1.0,0.0,0.0,1.0,1.0,77.0,77.0,1.0,0.6911,0.0002,6.0,True
False,0.0,0.5438,0.5803,0.5803,0.5803,1.0,13133022.0,1.0,1.0,74.0,9.0,0.12162162,0.6685,0.1625,6.0,True
False,0.0,,1.0,1.0,1.0,0.0,0.0,1.0,1.0,7.0,7.0,1.0,0.6911,0.0002,,True
False,0.0,,1.0,1.0,1.0,0.0,0.0,1.0,1.0,8.0,8.0,1.0,0.6911,0.0002,,True
False,0.0,,1.0,1.0,1.0,0.0,0.0,1.0,1.0,11.0,11.0,1.0,0.6911,0.0002,,True
False,0.0,,1.0,1.0,1.0,0.0,0.0,1.0,1.0,10.0,10.0,1.0,0.6911,0.0002,,True
False,0.0,,1.0,1.0,1.0,0.0,0.0,1.0,1.0,11.0,11.0,1.0,0.6911,0.0002,,True
False,0.0,,1.0,1.0,1.0,0.0,0.0,1.0,1.0,12.0,12.0,1.0,0.6911,0.0002,,True
False,0.0,,1.0,1.0,1.0,0.0,0.0,1.0,1.0,16.0,16.0,1.0,0.6911,0.0002,,True
False,0.0,,1.0,1.0,1.0,0.0,0.0,1.0,1.0,40.0,40.0,1.0,0.6911,0.0002,1.0,True
False,0.0,,1.0,1.0,1.0,0.0,0.0,1.0,1.0,117.0,117.0,1.0,0.6911,0.0002,3.0,True
False,0.0,0.5438,0.5786,0.5786,0.5786,1.0,13133022.0,1.0,1.0,116.0,16.0,0.13793103,0.6685,0.1625,3.0,True
True,1.0,0.102,0.2793,0.2793,0.2793,2.0,50612147.0,1.0,1.0,138.0,26.0,0.1884058,0.5905,0.6444,4.0,True
False,1.0,0.2781,0.3007,0.3007,0.3007,3.0,50699629.0,1.0,1.0,139.0,3.0,0.021582734,0.5935,0.6782,4.0,True
False,1.0,,0.0208,0.2993,0.1496,4.0,50805115.0,2.0,2.0,139.0,3.0,0.021582734,0.6189,0.6958,4.0,False
True,2.0,0.274,0.274,0.2945,0.1473,5.0,51199743.0,2.0,2.0,139.0,3.0,0.021582734,0.6402,0.7117,,False
False,0.0,,1.0,1.0,1.0,0.0,0.0,1.0,1.0,127.0,127.0,1.0,0.6911,0.0002,10.0,True
False,0.0,,1.0,1.0,1.0,0.0,0.0,1.0,1.0,123.0,123.0,1.0,0.6911,0.0002,2.0,True
False,0.0,0.5438,0.5599,0.5599,0.5599,1.0,13133022.0,1.0,1.0,112.0,15.0,0.13392857,0.6685,0.1625,2.0,True
False,0.0,0.0983,0.1455,0.1455,0.1455,2.0,50699629.0,1.0,1.0,112.0,6.0,0.05357143,0.5935,0.6782,2.0,True
False,0.0,,1.0,1.0,1.0,0.0,0.0,1.0,1.0,35.0,35.0,1.0,0.6911,0.0002,0.0,True
False,0.0,,1.0,1.0,1.0,0.0,0.0,1.0,1.0,331.0,331.0,1.0,0.6911,0.0002,,True
False,0.0,0.0955,0.1733,0.1733,0.1733,1.0,50699629.0,1.0,1.0,334.0,27.0,0.08083832,0.5935,0.6782,,True
False,0.0,,1.0,1.0,1.0,0.0,0.0,1.0,1.0,179.0,179.0,1.0,0.6911,0.0002,7.0,True
False,0.0,0.0955,0.1055,0.1055,0.1055,1.0,50699629.0,1.0,1.0,179.0,2.0,0.011173184,0.5935,0.6782,7.0,True
False,0.0,,1.0,1.0,1.0,0.0,0.0,1.0,1.0,41.0,41.0,1.0,0.6911,0.0002,,True
False,0.0,0.0955,0.0955,0.0955,0.0955,1.0,50699629.0,1.0,1.0,0.0,41.0,inf,0.5935,0.6782,,True
False,0.0,,1.0,1.0,1.0,0.0,0.0,1.0,1.0,63.0,63.0,1.0,0.6911,0.0002,,True
False,0.0,0.0955,0.0955,0.0955,0.0955,1.0,50699629.0,1.0,1.0,0.0,63.0,inf,0.5935,0.6782,,True
False,0.0,,1.0,1.0,1.0,0.0,0.0,1.0,1.0,73.0,73.0,1.0,0.6911,0.0002,3.0,True
False,0.0,0.0955,0.1077,0.1077,0.1077,1.0,50699629.0,1.0,1.0,73.0,1.0,0.01369863,0.5935,0.6782,3.0,True
False,0.0,,1.0,1.0,1.0,0.0,0.0,1.0,1.0,63.0,63.0,1.0,0.6911,0.0002,,True
False,0.0,0.0955,0.0955,0.0955,0.0955,1.0,50699629.0,1.0,1.0,0.0,63.0,inf,0.5935,0.6782,,True
False,0.0,,1.0,1.0,1.0,0.0,0.0,1.0,1.0,63.0,63.0,1.0,0.5935,0.6782,,True
False,0.0,,1.0,1.0,1.0,0.0,0.0,1.0,1.0,230.0,230.0,1.0,0.6911,0.0002,3.0,True
False,0.0,0.5438,0.5558,0.5558,0.5558,1.0,13133022.0,1.0,1.0,226.0,12.0,0.053097345,0.6685,0.1625,3.0,True
False,0.0,0.0976,0.1016,0.1016,0.1016,2.0,50699629.0,1.0,1.0,226.0,1.0,0.0044247787,0.5935,0.6782,3.0,True
False,0.0,,1.0,1.0,1.0,0.0,0.0,1.0,1.0,12.0,12.0,1.0,0.6911,0.0002,,True
False,0.0,,1.0,1.0,1.0,0.0,0.0,1.0,1.0,16.0,16.0,1.0,0.6911,0.0002,,True
False,0.0,,1.0,1.0,1.0,0.0,0.0,1.0,1.0,3.0,3.0,1.0,0.6911,0.0002,,True
False,0.0,,1.0,1.0,1.0,0.0,0.0,1.0,1.0,59.0,59.0,1.0,0.6911,0.0002,1.0,True
False,0.0,,1.0,1.0,1.0,0.0,0.0,1.0,1.0,127.0,127.0,1.0,0.6911,0.0002,5.0,True
False,0.0,,1.0,1.0,1.0,0.0,0.0,1.0,1.0,25.0,25.0,1.0,0.6911,0.0002,1.0,True
False,0.0,,1.0,1.0,1.0,0.0,0.0,1.0,1.0,60.0,60.0,1.0,0.6911,0.0002,1.0,True
False,0.0,,1.0,1.0,1.0,0.0,0.0,1.0,1.0,60.0,60.0,1.0,0.6911,0.0002,1.0,True
False,0.0,,1.0,1.0,1.0,0.0,0.0,1.0,1.0,43.0,43.0,1.0,0.6911,0.0002,1.0,True
False,0.0,,1.0,1.0,1.0,0.0,0.0,1.0,1.0,95.0,95.0,1.0,0.6911,0.0002,1.0,True
False,0.0,0.5438,0.581,0.581,0.581,1.0,13133022.0,1.0,1.0,95.0,11.0,0.11578947,0.6685,0.1625,1.0,True
True,1.0,0.1062,0.1154,0.1154,0.1154,2.0,49833434.0,1.0,1.0,95.0,1.0,0.010526316,0.5518,0.5998,1.0,True
False,1.0,0.1109,0.1201,0.1201,0.1201,3.0,50699629.0,1.0,1.0,95.0,1.0,0.010526316,0.5935,0.6782,1.0,True
False,0.0,,1.0,1.0,1.0,0.0,0.0,1.0,1.0,31.0,31.0,1.0,0.6911,0.0002,1.0,True
False,0.0,,1.0,1.0,1.0,0.0,0.0,1.0,1.0,114.0,114.0,1.0,0.6911,0.0002,1.0,True
False,0.0,0.5438,0.589,0.589,0.589,1.0,13133022.0,1.0,1.0,109.0,25.0,0.2293578,0.6685,0.1625,1.0,True
True,1.0,0.1077,0.1158,0.1158,0.1158,2.0,49833434.0,1.0,1.0,109.0,1.0,0.0091743115,0.5518,0.5998,1.0,True
False,1.0,0.1112,0.1194,0.1194,0.1194,3.0,50699629.0,1.0,1.0,109.0,1.0,0.0091743115,0.5935,0.6782,1.0,True
False,0.0,,1.0,1.0,1.0,0.0,0.0,1.0,1.0,7.0,7.0,1.0,0.6911,0.0002,,True
False,0.0,,1.0,1.0,1.0,0.0,0.0,1.0,1.0,252.0,252.0,1.0,0.6911,0.0002,10.0,True
False,0.0,0.5438,0.5587,0.5587,0.5587,1.0,13133022.0,1.0,1.0,242.0,20.0,0.08264463,0.6685,0.1625,10.0,True
False,0.0,0.0981,0.1055,0.1055,0.1055,2.0,50699629.0,1.0,1.0,242.0,2.0,0.008264462,0.5935,0.6782,10.0,True
False,0.0,,1.0,1.0,1.0,0.0,0.0,1.0,1.0,10.0,10.0,1.0,0.6911,0.0002,,True
False,0.0,,1.0,1.0,1.0,0.0,0.0,1.0,1.0,1550.0,1550.0,1.0,0.6911,0.0002,73.0,True
False,0.0,0.9569,0.958,0.958,0.958,1.0,1022463.0,1.0,1.0,1587.0,41.0,0.025834909,0.6622,0.1783,73.0,False
False,0.0,0.5445,0.5477,0.5477,0.5477,2.0,13133022.0,1.0,1.0,1563.0,35.0,0.022392834,0.6685,0.1625,73.0,True
True,1.0,0.0966,0.0971,0.0971,0.0971,3.0,50612147.0,1.0,1.0,1563.0,1.0,0.00063979527,0.5905,0.6444,73.0,True
False,1.0,0.0968,0.1014,0.1014,0.1014,4.0,50699629.0,1.0,1.0,1564.0,8.0,0.0051150895,0.5935,0.6782,73.0,True
False,0.0,,1.0,1.0,1.0,0.0,0.0,1.0,1.0,44.0,44.0,1.0,0.6911,0.0002,,True
False,0.0,0.0955,0.0955,0.0955,0.0955,1.0,50699629.0,1.0,1.0,0.0,44.0,inf,0.5935,0.6782,,True
False,0.0,,1.0,1.0,1.0,0.0,0.0,1.0,1.0,44.0,44.0,1.0,0.5935,0.6782,,True
False,0.0,,1.0,1.0,1.0,0.0,0.0,1.0,1.0,51.0,51.0,1.0,0.6911,0.0002,3.0,True
False,0.0,0.5438,0.5789,0.5789,0.5789,1.0,13133022.0,1.0,1.0,50.0,5.0,0.1,0.6685,0.1625,3.0,True
False,0.0,0.1017,0.1683,0.1683,0.1683,2.0,50699629.0,1.0,1.0,50.0,5.0,0.1,0.5935,0.6782,3.0,True
False,0.0,,1.0,1.0,1.0,0.0,0.0,1.0,1.0,117.0,117.0,1.0,0.6911,0.0002,8.0,True
False,0.0,0.5438,0.5718,0.5718,0.5718,1.0,13133022.0,1.0,1.0,112.0,17.0,0.15178572,0.6685,0.1625,8.0,True
False,0.0,0.1004,0.1233,0.1233,0.1233,2.0,50699629.0,1.0,1.0,112.0,3.0,0.026785715,0.5935,0.6782,8.0,True
False,0.0,,1.0,1.0,1.0,0.0,0.0,1.0,1.0,93.0,93.0,1.0,0.6911,0.0002,3.0,True
False,0.0,0.5438,0.5489,0.5489,0.5489,1.0,13133022.0,1.0,1.0,88.0,6.0,0.06818182,0.6685,0.1625,3.0,True
False,0.0,0.0964,0.1163,0.1163,0.1163,2.0,50699629.0,1.0,1.0,89.0,1.0,0.011235955,0.5935,0.6782,3.0,True
False,0.0,,1.0,1.0,1.0,0.0,0.0,1.0,1.0,156.0,156.0,1.0,0.6911,0.0002,8.0,True
False,0.0,0.5438,0.5554,0.5554,0.5554,1.0,13133022.0,1.0,1.0,155.0,7.0,0.045161292,0.6685,0.1625,8.0,True
False,0.0,0.115,0.1581,0.1581,0.1581,2.0,47163297.0,1.0,1.0,160.0,6.0,0.0375,0.5733,0.5036,8.0,True
False,0.0,0.1343,0.1958,0.1958,0.1958,3.0,50699629.0,1.0,1.0,166.0,12.0,0.072289154,0.5935,0.6782,9.0,True
False,0.0,,1.0,1.0,1.0,0.0,0.0,1.0,1.0,63.0,63.0,1.0,0.6911,0.0002,,True
False,0.0,,1.0,1.0,1.0,0.0,0.0,1.0,1.0,227.0,227.0,1.0,0.6911,0.0002,0.0,True
False,0.0,,1.0,1.0,1.0,0.0,0.0,1.0,1.0,33.0,33.0,1.0,0.6911,0.0002,,True
False,0.0,,1.0,1.0,1.0,0.0,0.0,1.0,1.0,3.0,3.0,1.0,0.6911,0.0002,,True
False,0.0,,1.0,1.0,1.0,0.0,0.0,1.0,1.0,202.0,202.0,1.0,0.6911,0.0002,,True
False,0.0,,1.0,1.0,1.0,0.0,0.0,1.0,1.0,348.0,348.0,1.0,0.6911,0.0002,11.0,True
False,0.0,0.5438,0.5544,0.5544,0.5544,1.0,13133022.0,1.0,1.0,342.0,19.0,0.055555556,0.6685,0.1625,11.0,True
False,0.0,0.0974,0.0974,0.0974,0.0974,2.0,50699629.0,1.0,1.0,339.0,3.0,0.0088495575,0.5935,0.6782,11.0,True
False,0.0,,1.0,1.0,1.0,0.0,0.0,1.0,1.0,6.0,6.0,1.0,0.6911,0.0002,,True
False,0.0,,1.0,1.0,1.0,0.0,0.0,1.0,1.0,398.0,398.0,1.0,0.6911,0.0002,27.0,True
False,0.0,0.5438,0.5485,0.5485,0.5485,1.0,13133022.0,1.0,1.0,387.0,15.0,0.03875969,0.6685,0.1625,27.0,True
False,0.0,0.0963,0.0963,0.0963,0.0963,2.0,50699629.0,1.0,1.0,383.0,4.0,0.010443864,0.5935,0.6782,27.0,True
False,0.0,,1.0,1.0,1.0,0.0,0.0,1.0,1.0,128.0,128.0,1.0,0.6911,0.0002,,True
False,0.0,,1.0,1.0,1.0,0.0,0.0,1.0,1.0,125.0,125.0,1.0,0.6911,0.0002,13.0,True
False,0.0,0.5438,0.5737,0.5737,0.5737,1.0,13133022.0,1.0,1.0,120.0,19.0,0.15833333,0.6685,0.1625,13.0,True
True,1.0,0.1012,0.1645,0.1645,0.1645,2.0,50612147.0,1.0,1.0,123.0,6.0,0.048780486,0.5905,0.6444,13.0,True
False,1.0,0.1638,0.1654,0.1654,0.1654,3.0,50699629.0,1.0,1.0,119.0,4.0,0.033613447,0.5935,0.6782,13.0,True
False,0.0,,1.0,1.0,1.0,0.0,0.0,1.0,1.0,33.0,33.0,1.0,0.6911,0.0002,,True
False,0.0,,1.0,1.0,1.0,0.0,0.0,1.0,1.0,82.0,82.0,1.0,0.6911,0.0002,3.0,True
False,0.0,0.5438,0.5601,0.5601,0.5601,1.0,13133022.0,1.0,1.0,82.0,4.0,0.048780486,0.6685,0.1625,3.0,True
False,0.0,0.0984,0.0985,0.0985,0.0985,2.0,50699629.0,1.0,1.0,78.0,4.0,0.051282052,0.5935,0.6782,3.0,True
False,0.0,,1.0,1.0,1.0,0.0,0.0,1.0,1.0,24.0,24.0,1.0,0.6911,0.0002,,True
False,0.0,,1.0,1.0,1.0,0.0,0.0,1.0,1.0,171.0,171.0,1.0,0.6911,0.0002,12.0,True
False,0.0,0.5438,0.565,0.565,0.565,1.0,13133022.0,1.0,1.0,170.0,15.0,0.0882353,0.6685,0.1625,12.0,True
False,0.0,0.0992,0.0993,0.0993,0.0993,2.0,50699629.0,1.0,1.0,167.0,3.0,0.017964073,0.5935,0.6782,12.0,True
False,0.0,,1.0,1.0,1.0,0.0,0.0,1.0,1.0,198.0,198.0,1.0,0.6911,0.0002,8.0,True
False,0.0,0.5438,0.5597,0.5597,0.5597,1.0,13133022.0,1.0,1.0,198.0,12.0,0.060606062,0.6685,0.1625,8.0,True
False,0.0,0.1159,0.1336,0.1336,0.1336,2.0,47163297.0,1.0,1.0,198.0,4.0,0.02020202,0.5733,0.5036,8.0,True
False,0.0,0.1134,0.113,0.113,0.113,3.0,50699629.0,1.0,1.0,194.0,4.0,0.020618556,0.5935,0.6782,8.0,True
False,0.0,,1.0,1.0,1.0,0.0,0.0,1.0,1.0,113.0,113.0,1.0,0.6911,0.0002,5.0,True
False,0.0,0.5438,0.5557,0.5557,0.5557,1.0,13133022.0,1.0,1.0,113.0,4.0,0.03539823,0.6685,0.1625,5.0,True
False,0.0,0.0976,0.1203,0.1203,0.1203,2.0,50699629.0,1.0,1.0,113.0,3.0,0.026548672,0.5935,0.6782,5.0,True
False,0.0,,1.0,1.0,1.0,0.0,0.0,1.0,1.0,44.0,44.0,1.0,0.6911,0.0002,,True
False,0.0,0.0955,0.0955,0.0955,0.0955,1.0,50699629.0,1.0,1.0,0.0,44.0,inf,0.5935,0.6782,,True
False,0.0,,1.0,1.0,1.0,0.0,0.0,1.0,1.0,44.0,44.0,1.0,0.5935,0.6782,,True
False,0.0,,1.0,1.0,1.0,0.0,0.0,1.0,1.0,327.0,327.0,1.0,0.6911,0.0002,7.0,True
False,0.0,0.1125,0.1207,0.1207,0.1207,1.0,47163297.0,1.0,1.0,326.0,4.0,0.012269938,0.5733,0.5036,7.0,True
True,1.0,0.1028,0.1083,0.1083,0.1083,2.0,50612147.0,1.0,1.0,326.0,2.0,0.006134969,0.5905,0.6444,7.0,True
False,0.0,,1.0,1.0,1.0,0.0,0.0,1.0,1.0,34.0,34.0,1.0,0.6911,0.0002,1.0,True
False,0.0,,1.0,1.0,1.0,0.0,0.0,1.0,1.0,58.0,58.0,1.0,0.6911,0.0002,4.0,True
False,0.0,,1.0,1.0,1.0,0.0,0.0,1.0,1.0,161.0,161.0,1.0,0.6911,0.0002,10.0,True
False,0.0,,1.0,1.0,1.0,0.0,0.0,1.0,1.0,55.0,55.0,1.0,0.6911,0.0002,1.0,True
False,0.0,,1.0,1.0,1.0,0.0,0.0,1.0,1.0,58.0,58.0,1.0,0.6911,0.0002,4.0,True
False,0.0,,1.0,1.0,1.0,0.0,0.0,1.0,1.0,58.0,58.0,1.0,0.6911,0.0002,1.0,True
False,0.0,,1.0,1.0,1.0,0.0,0.0,1.0,1.0,262.0,262.0,1.0,0.6911,0.0002,8.0,True
False,0.0,0.5438,0.5525,0.5525,0.5525,1.0,13133022.0,1.0,1.0,260.0,10.0,0.03846154,0.6685,0.1625,8.0,True
True,1.0,0.0974,0.1043,0.1043,0.1043,2.0,50612147.0,1.0,1.0,260.0,2.0,0.0076923077,0.5905,0.6444,8.0,True
False,0.0,,1.0,1.0,1.0,0.0,0.0,1.0,1.0,29.0,29.0,1.0,0.6911,0.0002,0.0,True
False,0.0,,1.0,1.0,1.0,0.0,0.0,1.0,1.0,497.0,497.0,1.0,0.6911,0.0002,34.0,True
False,0.0,0.5438,0.5512,0.5512,0.5512,1.0,13133022.0,1.0,1.0,489.0,22.0,0.044989776,0.6685,0.1625,34.0,True
True,1.0,0.0972,0.1045,0.1045,0.1045,2.0,50612147.0,1.0,1.0,490.0,3.0,0.006122449,0.5905,0.6444,34.0,True
False,0.0,,1.0,1.0,1.0,0.0,0.0,1.0,1.0,49.0,49.0,1.0,0.6911,0.0002,2.0,True
False,0.0,,1.0,1.0,1.0,0.0,0.0,1.0,1.0,117.0,117.0,1.0,0.6911,0.0002,4.0,True
True,1.0,0.0959,0.1035,0.1035,0.1035,1.0,50612147.0,1.0,1.0,117.0,1.0,0.008547009,0.5905,0.6444,4.0,True
False,0.0,,1.0,1.0,1.0,0.0,0.0,1.0,1.0,35.0,35.0,1.0,0.6911,0.0002,3.0,True
False,0.0,,1.0,1.0,1.0,0.0,0.0,1.0,1.0,183.0,183.0,1.0,0.6911,0.0002,8.0,True
False,0.0,0.5438,0.5536,0.5536,0.5536,1.0,13133022.0,1.0,1.0,183.0,6.0,0.032786883,0.6685,0.1625,8.0,True
True,1.0,0.0976,0.1213,0.1213,0.1213,2.0,50612147.0,1.0,1.0,184.0,4.0,0.02173913,0.5905,0.6444,8.0,True
False,0.0,,1.0,1.0,1.0,0.0,0.0,1.0,1.0,51.0,51.0,1.0,0.6911,0.0002,1.0,True
False,0.0,,1.0,1.0,1.0,0.0,0.0,1.0,1.0,448.0,448.0,1.0,0.6911,0.0002,7.0,True
False,0.0,0.8217,0.8225,0.8225,0.8225,1.0,4240120.0,1.0,1.0,449.0,1.0,0.0022271716,0.6647,0.1668,7.0,False
False,0.0,0.8225,0.8237,0.8237,0.8237,2.0,4306466.0,1.0,1.0,449.0,3.0,0.0066815144,0.6647,0.166,7.0,False
False,0.0,0.5451,0.5565,0.5565,0.5565,3.0,13133022.0,1.0,1.0,438.0,26.0,0.05936073,0.6685,0.1625,7.0,True
False,0.0,0.1152,0.1172,0.1172,0.1172,4.0,47163297.0,1.0,1.0,438.0,1.0,0.002283105,0.5733,0.5036,7.0,True
True,1.0,0.0998,0.116,0.116,0.116,5.0,50612147.0,1.0,1.0,440.0,6.0,0.013636364,0.5905,0.6444,7.0,True
False,0.0,,1.0,1.0,1.0,0.0,0.0,1.0,1.0,202.0,202.0,1.0,0.6911,0.0002,,True
False,0.0,,1.0,1.0,1.0,0.0,0.0,1.0,1.0,314.0,314.0,1.0,0.6911,0.0002,9.0,True
False,0.0,0.5438,0.5556,0.5556,0.5556,1.0,13133022.0,1.0,1.0,307.0,21.0,0.06840391,0.6685,0.1625,9.0,True
False,0.0,0.115,0.1179,0.1179,0.1179,2.0,47163297.0,1.0,1.0,307.0,1.0,0.0032573289,0.5733,0.5036,9.0,True
True,1.0,0.1004,0.1121,0.1121,0.1121,3.0,50612147.0,1.0,1.0,307.0,4.0,0.0130293155,0.5905,0.6444,9.0,True
False,0.0,,1.0,1.0,1.0,0.0,0.0,1.0,1.0,43.0,43.0,1.0,0.6911,0.0002,,True
True,1.0,0.0959,0.1986,0.1986,0.1986,1.0,50612147.0,1.0,1.0,43.0,5.0,0.11627907,0.5905,0.6444,,True
False,0.0,,1.0,1.0,1.0,0.0,0.0,1.0,1.0,145.0,145.0,1.0,0.6911,0.0002,6.0,True
False,0.0,0.5438,0.5721,0.5721,0.5721,1.0,13133022.0,1.0,1.0,143.0,18.0,0.12587413,0.6685,0.1625,6.0,True
False,0.0,0.1184,0.1902,0.1902,0.1902,2.0,47163297.0,1.0,1.0,144.0,11.0,0.07638889,0.5733,0.5036,6.0,True
True,1.0,0.1623,0.179,0.179,0.179,3.0,50612147.0,1.0,1.0,144.0,3.0,0.020833334,0.5905,0.6444,6.0,True
False,0.0,,1.0,1.0,1.0,0.0,0.0,1.0,1.0,85.0,85.0,1.0,0.6911,0.0002,3.0,True
False,0.0,0.5438,0.5599,0.5599,0.5599,1.0,13133022.0,1.0,1.0,84.0,4.0,0.04761905,0.6685,0.1625,3.0,True
True,1.0,0.0987,0.1393,0.1393,0.1393,2.0,50612147.0,1.0,1.0,85.0,3.0,0.03529412,0.5905,0.6444,3.0,True
False,0.0,,1.0,1.0,1.0,0.0,0.0,1.0,1.0,181.0,181.0,1.0,0.6911,0.0002,5.0,True
False,0.0,0.5438,0.5537,0.5537,0.5537,1.0,13133022.0,1.0,1.0,181.0,6.0,0.03314917,0.6685,0.1625,5.0,True
True,1.0,0.0976,0.1066,0.1066,0.1066,2.0,50612147.0,1.0,1.0,181.0,2.0,0.011049724,0.5905,0.6444,5.0,True
False,0.0,,1.0,1.0,1.0,0.0,0.0,1.0,1.0,16.0,16.0,1.0,0.6911,0.0002,,True
False,0.0,,1.0,1.0,1.0,0.0,0.0,1.0,1.0,3.0,3.0,1.0,0.6911,0.0002,,True
False,0.0,,1.0,1.0,1.0,0.0,0.0,1.0,1.0,1.0,1.0,1.0,0.6911,0.0002,,True
False,0.0,,1.0,1.0,1.0,0.0,0.0,1.0,1.0,94.0,94.0,1.0,0.6911,0.0002,,True
False,0.0,,1.0,1.0,1.0,0.0,0.0,1.0,1.0,88.0,88.0,1.0,0.6911,0.0002,,True
False,0.0,,1.0,1.0,1.0,0.0,0.0,1.0,1.0,24.0,24.0,1.0,0.6911,0.0002,,True
False,0.0,,1.0,1.0,1.0,0.0,0.0,1.0,1.0,112.0,112.0,1.0,0.6911,0.0002,4.0,True
False,0.0,0.5438,0.5845,0.5845,0.5845,1.0,13133022.0,1.0,1.0,109.0,17.0,0.1559633,0.6685,0.1625,4.0,True
True,1.0,0.1031,0.1423,0.1423,0.1423,2.0,50612147.0,1.0,1.0,109.0,8.0,0.07339449,0.5905,0.6444,4.0,True
False,0.0,,1.0,1.0,1.0,0.0,0.0,1.0,1.0,505.0,505.0,1.0,0.6911,0.0002,19.0,True
False,0.0,0.5438,0.5623,0.5623,0.5623,1.0,13133022.0,1.0,1.0,491.0,41.0,0.08350305,0.6685,0.1625,19.0,True
True,1.0,0.0991,0.1063,0.1063,0.1063,2.0,50612147.0,1.0,1.0,491.0,4.0,0.00814664,0.5905,0.6444,19.0,True
False,0.0,,1.0,1.0,1.0,0.0,0.0,1.0,1.0,24.0,24.0,1.0,0.6911,0.0002,,True
False,0.0,,1.0,1.0,1.0,0.0,0.0,1.0,1.0,30.0,30.0,1.0,0.6911,0.0002,1.0,True
True,1.0,0.0959,0.1963,0.1963,0.1963,1.0,50612147.0,1.0,1.0,26.0,7.0,0.26923078,0.5905,0.6444,1.0,True
False,0.0,,1.0,1.0,1.0,0.0,0.0,1.0,1.0,40.0,40.0,1.0,0.6911,0.0002,,True
False,0.0,,1.0,1.0,1.0,0.0,0.0,1.0,1.0,44.0,44.0,1.0,0.6911,0.0002,2.0,True
True,1.0,0.0959,0.137,0.137,0.137,1.0,50612147.0,1.0,1.0,43.0,3.0,0.069767445,0.5905,0.6444,2.0,True
False,0.0,,1.0,1.0,1.0,0.0,0.0,1.0,1.0,14.0,14.0,1.0,0.6911,0.0002,,True
False,0.0,,1.0,1.0,1.0,0.0,0.0,1.0,1.0,401.0,401.0,1.0,0.6911,0.0002,10.0,True
False,0.0,0.5438,0.5517,0.5517,0.5517,1.0,13133022.0,1.0,1.0,400.0,13.0,0.0325,0.6685,0.1625,10.0,True
True,1.0,0.0973,0.1455,0.1455,0.1455,2.0,50612147.0,1.0,1.0,405.0,18.0,0.044444446,0.5905,0.6444,10.0,True
False,0.0,,1.0,1.0,1.0,0.0,0.0,1.0,1.0,19.0,19.0,1.0,0.6911,0.0002,,True
False,0.0,,1.0,1.0,1.0,0.0,0.0,1.0,1.0,41.0,41.0,1.0,0.6911,0.0002,,True
False,0.0,0.9646,0.9753,0.9753,0.9753,1.0,845164.0,1.0,1.0,41.0,14.0,0.34146342,0.6621,0.191,,True
True,1.0,0.9687,0.9749,0.9749,0.9749,2.0,1010452.0,1.0,1.0,49.0,9.0,0.18367347,0.6621,0.1874,,True
False,1.0,0.8035,0.8108,0.8108,0.8108,3.0,5179933.0,1.0,1.0,50.0,1.0,0.02,0.665,0.1626,,False
True,2.0,0.0985,0.1821,0.1821,0.1821,4.0,50612147.0,1.0,1.0,50.0,5.0,0.1,0.5905,0.6444,,True
False,0.0,,1.0,1.0,1.0,0.0,0.0,1.0,1.0,126.0,126.0,1.0,0.6911,0.0002,1.0,True
False,0.0,,1.0,1.0,1.0,0.0,0.0,1.0,1.0,26.0,26.0,1.0,0.6911,0.0002,1.0,True
False,0.0,0.5438,0.6382,0.6382,0.6382,1.0,13133022.0,1.0,1.0,27.0,7.0,0.25925925,0.6685,0.1625,1.0,True
True,1.0,0.1125,0.3345,0.3345,0.3345,2.0,50612147.0,1.0,1.0,28.0,10.0,0.35714287,0.5905,0.6444,1.0,True
False,0.0,,1.0,1.0,1.0,0.0,0.0,1.0,1.0,87.0,87.0,1.0,0.6911,0.0002,2.0,True
False,0.0,0.5438,0.57,0.57,0.57,1.0,13133022.0,1.0,1.0,85.0,9.0,0.105882354,0.6685,0.1625,2.0,True
True,1.0,0.1005,0.3278,0.3278,0.3278,2.0,50612147.0,1.0,1.0,103.0,25.0,0.24271844,0.5905,0.6444,3.0,True
False,0.0,,1.0,1.0,1.0,0.0,0.0,1.0,1.0,228.0,228.0,1.0,0.6911,0.0002,4.0,True
False,0.0,0.5438,0.5458,0.5458,0.5458,1.0,13133022.0,1.0,1.0,220.0,9.0,0.04090909,0.6685,0.1625,4.0,True
True,1.0,0.0962,0.1896,0.1896,0.1896,2.0,50612147.0,1.0,1.0,239.0,23.0,0.09623431,0.5905,0.6444,5.0,True
False,0.0,,1.0,1.0,1.0,0.0,0.0,1.0,1.0,37.0,37.0,1.0,0.6911,0.0002,1.0,True
True,1.0,0.0959,0.47,0.47,0.47,1.0,50612147.0,1.0,1.0,55.0,22.0,0.4,0.5905,0.6444,2.0,True
False,0.0,,1.0,1.0,1.0,0.0,0.0,1.0,1.0,54.0,54.0,1.0,0.6911,0.0002,,True
False,0.0,,1.0,1.0,1.0,0.0,0.0,1.0,1.0,79.0,79.0,1.0,0.6911,0.0002,,True
False,0.0,,1.0,1.0,1.0,0.0,0.0,1.0,1.0,156.0,156.0,1.0,0.6911,0.0002,,True
False,0.0,,1.0,1.0,1.0,0.0,0.0,1.0,1.0,54.0,54.0,1.0,0.6911,0.0002,,True
False,0.0,,1.0,1.0,1.0,0.0,0.0,1.0,1.0,168.0,168.0,1.0,0.6911,0.0002,,True
False,0.0,,1.0,1.0,1.0,0.0,0.0,1.0,1.0,250.0,250.0,1.0,0.6911,0.0002,,True
False,0.0,,1.0,1.0,1.0,0.0,0.0,1.0,1.0,278.0,278.0,1.0,0.6911,0.0002,,True
False,0.0,,1.0,1.0,1.0,0.0,0.0,1.0,1.0,37.0,37.0,1.0,0.6911,0.0002,1.0,True
True,1.0,0.0959,0.4877,0.4877,0.4877,1.0,50612147.0,1.0,1.0,57.0,24.0,0.42105263,0.5905,0.6444,2.0,True
False,0.0,,1.0,1.0,1.0,0.0,0.0,1.0,1.0,55.0,55.0,1.0,0.6911,0.0002,2.0,True
False,0.0,0.5438,0.5758,0.5758,0.5758,1.0,13133022.0,1.0,1.0,55.0,6.0,0.10909091,0.6685,0.1625,2.0,True
True,1.0,0.1015,0.3898,0.3898,0.3898,2.0,50612147.0,1.0,1.0,74.0,23.0,0.3108108,0.5905,0.6444,3.0,True
False,0.0,,1.0,1.0,1.0,0.0,0.0,1.0,1.0,9.0,9.0,1.0,0.6911,0.0002,,True
False,0.0,0.099,0.3693,0.3693,0.3693,1.0,49906551.0,1.0,1.0,9.0,3.0,0.33333334,0.5527,0.5914,,True
False,0.0,,1.0,1.0,1.0,0.0,0.0,1.0,1.0,56.0,56.0,1.0,0.6911,0.0002,1.0,True
False,0.0,0.5438,0.591,0.591,0.591,1.0,13133022.0,1.0,1.0,56.0,10.0,0.17857143,0.6685,0.1625,1.0,True
True,1.0,0.108,0.1384,0.1384,0.1384,2.0,49833434.0,1.0,1.0,56.0,2.0,0.035714287,0.5518,0.5998,1.0,True
False,0.0,,1.0,1.0,1.0,0.0,0.0,1.0,1.0,202.0,202.0,1.0,0.6911,0.0002,,True
False,0.0,,1.0,1.0,1.0,0.0,0.0,1.0,1.0,85.0,85.0,1.0,0.6911,0.0002,1.0,True
False,0.0,0.5438,0.5545,0.5545,0.5545,1.0,13133022.0,1.0,1.0,84.0,3.0,0.035714287,0.6685,0.1625,1.0,True
True,1.0,0.1014,0.1223,0.1223,0.1223,2.0,49833434.0,1.0,1.0,84.0,2.0,0.023809524,0.5518,0.5998,1.0,True
False,0.0,,1.0,1.0,1.0,0.0,0.0,1.0,1.0,6.0,6.0,1.0,0.6911,0.0002,,True
False,0.0,,1.0,1.0,1.0,0.0,0.0,1.0,1.0,71.0,71.0,1.0,0.6911,0.0002,1.0,True
False,0.0,0.5438,0.5952,0.5952,0.5952,1.0,13133022.0,1.0,1.0,69.0,16.0,0.23188406,0.6685,0.1625,1.0,True
True,1.0,0.1088,0.1206,0.1206,0.1206,2.0,49833434.0,1.0,1.0,68.0,2.0,0.029411765,0.5518,0.5998,1.0,True
False,0.0,,1.0,1.0,1.0,0.0,0.0,1.0,1.0,23.0,23.0,1.0,0.6911,0.0002,,True
False,0.0,,1.0,1.0,1.0,0.0,0.0,1.0,1.0,141.0,141.0,1.0,0.6911,0.0002,2.0,True
False,0.0,0.5438,0.5661,0.5661,0.5661,1.0,13133022.0,1.0,1.0,141.0,12.0,0.08510638,0.6685,0.1625,2.0,True
True,1.0,0.1035,0.1098,0.1098,0.1098,2.0,49833434.0,1.0,1.0,141.0,1.0,0.0070921984,0.5518,0.5998,2.0,True
False,0.0,,1.0,1.0,1.0,0.0,0.0,1.0,1.0,24.0,24.0,1.0,0.6911,0.0002,,True
False,0.0,,1.0,1.0,1.0,0.0,0.0,1.0,1.0,73.0,73.0,1.0,0.6911,0.0002,1.0,True
True,1.0,0.0994,0.1234,0.1234,0.1234,1.0,49833434.0,1.0,1.0,73.0,2.0,0.02739726,0.5518,0.5998,1.0,True
False,0.0,,1.0,1.0,1.0,0.0,0.0,1.0,1.0,197.0,197.0,1.0,0.6911,0.0002,6.0,True
False,0.0,0.9762,0.9786,0.9786,0.9786,1.0,586845.0,1.0,1.0,166.0,49.0,0.2951807,0.662,0.196,6.0,False
False,0.0,0.5453,0.5557,0.5557,0.5557,2.0,13133022.0,1.0,1.0,167.0,4.0,0.023952097,0.6685,0.1625,6.0,True
True,1.0,0.1016,0.1222,0.1222,0.1222,3.0,49833434.0,1.0,1.0,168.0,3.0,0.017857144,0.5518,0.5998,6.0,True
False,0.0,,1.0,1.0,1.0,0.0,0.0,1.0,1.0,318.0,318.0,1.0,0.6911,0.0002,30.0,True
True,1.0,0.0994,0.119,0.119,0.119,1.0,49833434.0,1.0,1.0,320.0,9.0,0.028125,0.5518,0.5998,31.0,True
False,0.0,,1.0,1.0,1.0,0.0,0.0,1.0,1.0,40.0,40.0,1.0,0.6911,0.0002,1.0,True
False,0.0,,1.0,1.0,1.0,0.0,0.0,1.0,1.0,359.0,359.0,1.0,0.6911,0.0002,10.0,True
False,0.0,,1.0,1.0,1.0,0.0,0.0,1.0,1.0,84.0,84.0,1.0,0.6911,0.0002,2.0,True
False,0.0,,1.0,1.0,1.0,0.0,0.0,1.0,1.0,64.0,64.0,1.0,0.6911,0.0002,,True
False,0.0,,1.0,1.0,1.0,0.0,0.0,1.0,1.0,70.0,70.0,1.0,0.6911,0.0002,,True
False,0.0,,1.0,1.0,1.0,0.0,0.0,1.0,1.0,112.0,112.0,1.0,0.6911,0.0002,,True
False,0.0,,1.0,1.0,1.0,0.0,0.0,1.0,1.0,182.0,182.0,1.0,0.6911,0.0002,,True
False,0.0,,1.0,1.0,1.0,0.0,0.0,1.0,1.0,80.0,80.0,1.0,0.6911,0.0002,,True
False,0.0,,1.0,1.0,1.0,0.0,0.0,1.0,1.0,215.0,215.0,1.0,0.6911,0.0002,3.0,True
True,1.0,0.0994,0.1036,0.1036,0.1036,1.0,49833434.0,1.0,1.0,215.0,1.0,0.004651163,0.5518,0.5998,3.0,True
False,0.0,,1.0,1.0,1.0,0.0,0.0,1.0,1.0,228.0,228.0,1.0,0.6911,0.0002,3.0,True
False,0.0,0.5438,0.5559,0.5559,0.5559,1.0,13133022.0,1.0,1.0,223.0,15.0,0.06726457,0.6685,0.1625,3.0,True
True,1.0,0.1016,0.1056,0.1056,0.1056,2.0,49833434.0,1.0,1.0,223.0,1.0,0.004484305,0.5518,0.5998,3.0,True
False,0.0,,1.0,1.0,1.0,0.0,0.0,1.0,1.0,83.0,83.0,1.0,0.6911,0.0002,6.0,True
True,1.0,0.0994,0.1101,0.1101,0.1101,1.0,49833434.0,1.0,1.0,83.0,1.0,0.012048192,0.5518,0.5998,6.0,True
False,0.0,,1.0,1.0,1.0,0.0,0.0,1.0,1.0,239.0,239.0,1.0,0.6911,0.0002,7.0,True
False,0.0,0.5438,0.5516,0.5516,0.5516,1.0,13133022.0,1.0,1.0,233.0,10.0,0.042918455,0.6685,0.1625,7.0,True
True,1.0,0.1008,0.1085,0.1085,0.1085,2.0,49833434.0,1.0,1.0,233.0,2.0,0.008583691,0.5518,0.5998,7.0,True
False,0.0,,1.0,1.0,1.0,0.0,0.0,1.0,1.0,78.0,78.0,1.0,0.6911,0.0002,3.0,True
False,0.0,0.5438,0.5698,0.5698,0.5698,1.0,13133022.0,1.0,1.0,68.0,15.0,0.22058824,0.6685,0.1625,3.0,True
True,1.0,0.1042,0.117,0.117,0.117,2.0,49833434.0,1.0,1.0,68.0,1.0,0.014705882,0.5518,0.5998,3.0,True
False,0.0,,1.0,1.0,1.0,0.0,0.0,1.0,1.0,110.0,110.0,1.0,0.6911,0.0002,,True
True,1.0,0.0994,0.1233,0.1233,0.1233,1.0,49833434.0,1.0,1.0,111.0,2.0,0.018018018,0.5518,0.5998,,True
False,0.0,,1.0,1.0,1.0,0.0,0.0,1.0,1.0,71.0,71.0,1.0,0.6911,0.0002,,True
False,0.0,,1.0,1.0,1.0,0.0,0.0,1.0,1.0,45.0,45.0,1.0,0.6911,0.0002,1.0,True
True,1.0,0.0994,0.119,0.119,0.119,1.0,49833434.0,1.0,1.0,45.0,1.0,0.022222223,0.5518,0.5998,1.0,True
False,0.0,,1.0,1.0,1.0,0.0,0.0,1.0,1.0,55.0,55.0,1.0,0.6911,0.0002,,True
False,0.0,,1.0,1.0,1.0,0.0,0.0,1.0,1.0,306.0,306.0,1.0,0.6911,0.0002,9.0,True
False,0.0,0.5438,0.5533,0.5533,0.5533,1.0,13133022.0,1.0,1.0,286.0,26.0,0.09090909,0.6685,0.1625,9.0,True
False,0.0,0.1145,0.1584,0.1584,0.1584,2.0,47163297.0,1.0,1.0,300.0,14.0,0.046666667,0.5733,0.5036,10.0,True
True,1.0,0.14,0.143,0.143,0.143,3.0,49833434.0,1.0,1.0,300.0,1.0,0.0033333334,0.5518,0.5998,10.0,True
False,0.0,,1.0,1.0,1.0,0.0,0.0,1.0,1.0,76.0,76.0,1.0,0.6911,0.0002,,True
False,0.0,,1.0,1.0,1.0,0.0,0.0,1.0,1.0,284.0,284.0,1.0,0.6911,0.0002,6.0,True
False,0.0,0.5438,0.5541,0.5541,0.5541,1.0,13133022.0,1.0,1.0,264.0,26.0,0.09848485,0.6685,0.1625,6.0,True
False,0.0,0.1147,0.1649,0.1649,0.1649,2.0,47163297.0,1.0,1.0,279.0,15.0,0.05376344,0.5733,0.5036,7.0,True
True,1.0,0.1458,0.149,0.149,0.149,3.0,49833434.0,1.0,1.0,279.0,1.0,0.0035842294,0.5518,0.5998,7.0,True
False,0.0,,1.0,1.0,1.0,0.0,0.0,1.0,1.0,307.0,307.0,1.0,0.6911,0.0002,9.0,True
False,0.0,0.8587,0.8596,0.8596,0.8596,1.0,3344246.0,1.0,1.0,308.0,1.0,0.0032467532,0.6629,0.1578,9.0,False
False,0.0,0.5444,0.5575,0.5575,0.5575,2.0,13133022.0,1.0,1.0,275.0,42.0,0.15272728,0.6685,0.1625,9.0,True
True,1.0,0.1019,0.1051,0.1051,0.1051,3.0,49833434.0,1.0,1.0,275.0,1.0,0.0036363637,0.5518,0.5998,9.0,True
False,0.0,,1.0,1.0,1.0,0.0,0.0,1.0,1.0,146.0,146.0,1.0,0.6911,0.0002,19.0,True
False,0.0,,1.0,1.0,1.0,0.0,0.0,1.0,1.0,92.0,92.0,1.0,0.6911,0.0002,11.0,True
False,0.0,,1.0,1.0,1.0,0.0,0.0,1.0,1.0,109.0,109.0,1.0,0.6911,0.0002,15.0,True
False,0.0,,1.0,1.0,1.0,0.0,0.0,1.0,1.0,81.0,81.0,1.0,0.6911,0.0002,10.0,True
False,0.0,,1.0,1.0,1.0,0.0,0.0,1.0,1.0,97.0,97.0,1.0,0.6911,0.0002,12.0,True
False,0.0,,1.0,1.0,1.0,0.0,0.0,1.0,1.0,142.0,142.0,1.0,0.6911,0.0002,17.0,True
False,0.0,,1.0,1.0,1.0,0.0,0.0,1.0,1.0,47.0,47.0,1.0,0.6911,0.0002,2.0,True
False,0.0,,1.0,1.0,1.0,0.0,0.0,1.0,1.0,74.0,74.0,1.0,0.6911,0.0002,8.0,True
False,0.0,,1.0,1.0,1.0,0.0,0.0,1.0,1.0,354.0,354.0,1.0,0.6911,0.0002,7.0,True
False,0.0,0.5438,0.5464,0.5464,0.5464,1.0,13133022.0,1.0,1.0,348.0,8.0,0.022988506,0.6685,0.1625,7.0,True
False,0.0,0.1131,0.1496,0.1496,0.1496,2.0,47163297.0,1.0,1.0,362.0,14.0,0.038674034,0.5733,0.5036,8.0,True
True,1.0,0.1323,0.1422,0.1422,0.1422,3.0,49833434.0,1.0,1.0,362.0,4.0,0.011049724,0.5518,0.5998,8.0,True
False,0.0,,1.0,1.0,1.0,0.0,0.0,1.0,1.0,74.0,74.0,1.0,0.6911,0.0002,6.0,True
False,0.0,,1.0,1.0,1.0,0.0,0.0,1.0,1.0,259.0,259.0,1.0,0.6911,0.0002,8.0,True
False,0.0,0.8217,0.823,0.823,0.823,1.0,4240120.0,1.0,1.0,260.0,1.0,0.0038461538,0.6647,0.1668,8.0,False
False,0.0,0.5447,0.5658,0.5658,0.5658,2.0,13133022.0,1.0,1.0,235.0,40.0,0.17021276,0.6685,0.1625,8.0,True
True,1.0,0.1034,0.1072,0.1072,0.1072,3.0,49833434.0,1.0,1.0,235.0,1.0,0.004255319,0.5518,0.5998,8.0,True
False,0.0,,1.0,1.0,1.0,0.0,0.0,1.0,1.0,295.0,295.0,1.0,0.6911,0.0002,8.0,True
False,0.0,0.8217,0.8241,0.8241,0.8241,1.0,4240120.0,1.0,1.0,297.0,2.0,0.0067340066,0.6647,0.1668,8.0,False
False,0.0,0.5454,0.5644,0.5644,0.5644,2.0,13133022.0,1.0,1.0,262.0,50.0,0.1908397,0.6685,0.1625,8.0,True
True,1.0,0.1032,0.1065,0.1065,0.1065,3.0,49833434.0,1.0,1.0,262.0,1.0,0.003816794,0.5518,0.5998,8.0,True
False,0.0,,1.0,1.0,1.0,0.0,0.0,1.0,1.0,291.0,291.0,1.0,0.6911,0.0002,8.0,True
False,0.0,0.5438,0.5613,0.5613,0.5613,1.0,13133022.0,1.0,1.0,257.0,48.0,0.18677042,0.6685,0.1625,8.0,True
True,1.0,0.1026,0.1061,0.1061,0.1061,2.0,49833434.0,1.0,1.0,257.0,1.0,0.0038910506,0.5518,0.5998,8.0,True
False,0.0,,1.0,1.0,1.0,0.0,0.0,1.0,1.0,94.0,94.0,1.0,0.6911,0.0002,1.0,True
False,0.0,0.992,0.9937,0.9937,0.9937,1.0,256144.0,1.0,1.0,119.0,25.0,0.21008404,0.6913,0.0055,2.0,False
False,0.0,0.5452,0.5676,0.5676,0.5676,2.0,13133022.0,1.0,1.0,119.0,10.0,0.084033616,0.6685,0.1625,2.0,True
True,1.0,0.1038,0.1111,0.1111,0.1111,3.0,49833434.0,1.0,1.0,119.0,1.0,0.008403362,0.5518,0.5998,2.0,True
False,0.0,,1.0,1.0,1.0,0.0,0.0,1.0,1.0,88.0,88.0,1.0,0.6911,0.0002,1.0,True
False,0.0,0.5438,0.5839,0.5839,0.5839,1.0,13133022.0,1.0,1.0,88.0,11.0,0.125,0.6685,0.1625,1.0,True
True,1.0,0.1067,0.1166,0.1166,0.1166,2.0,49833434.0,1.0,1.0,88.0,1.0,0.011363637,0.5518,0.5998,1.0,True
False,0.0,,1.0,1.0,1.0,0.0,0.0,1.0,1.0,141.0,141.0,1.0,0.6911,0.0002,2.0,True
False,0.0,0.5438,0.5693,0.5693,0.5693,1.0,13133022.0,1.0,1.0,140.0,11.0,0.07857143,0.6685,0.1625,2.0,True
True,1.0,0.1041,0.1104,0.1104,0.1104,2.0,49833434.0,1.0,1.0,140.0,1.0,0.007142857,0.5518,0.5998,2.0,True
False,0.0,,1.0,1.0,1.0,0.0,0.0,1.0,1.0,182.0,182.0,1.0,0.6911,0.0002,2.0,True
False,0.0,0.8587,0.8603,0.8603,0.8603,1.0,3344246.0,1.0,1.0,183.0,1.0,0.0054644807,0.6629,0.1578,2.0,False
True,1.0,0.0996,0.1044,0.1044,0.1044,2.0,49833434.0,1.0,1.0,183.0,1.0,0.0054644807,0.5518,0.5998,2.0,True
False,0.0,,1.0,1.0,1.0,0.0,0.0,1.0,1.0,156.0,156.0,1.0,0.6911,0.0002,19.0,True
False,0.0,,1.0,1.0,1.0,0.0,0.0,1.0,1.0,116.0,116.0,1.0,0.6911,0.0002,1.0,True
False,0.0,0.5438,0.5636,0.5636,0.5636,1.0,13133022.0,1.0,1.0,112.0,9.0,0.08035714,0.6685,0.1625,1.0,True
True,1.0,0.103,0.1187,0.1187,0.1187,2.0,49833434.0,1.0,1.0,112.0,2.0,0.017857144,0.5518,0.5998,1.0,True
False,0.0,,1.0,1.0,1.0,0.0,0.0,1.0,1.0,50.0,50.0,1.0,0.6911,0.0002,3.0,True
False,0.0,,1.0,1.0,1.0,0.0,0.0,1.0,1.0,122.0,122.0,1.0,0.6911,0.0002,2.0,True
False,0.0,0.5438,0.5732,0.5732,0.5732,1.0,13133022.0,1.0,1.0,121.0,11.0,0.09090909,0.6685,0.1625,2.0,True
True,1.0,0.1048,0.112,0.112,0.112,2.0,49833434.0,1.0,1.0,121.0,1.0,0.008264462,0.5518,0.5998,2.0,True
False,0.0,,1.0,1.0,1.0,0.0,0.0,1.0,1.0,33.0,33.0,1.0,0.6911,0.0002,1.0,True
False,0.0,,1.0,1.0,1.0,0.0,0.0,1.0,1.0,79.0,79.0,1.0,0.6911,0.0002,,True
False,0.0,,1.0,1.0,1.0,0.0,0.0,1.0,1.0,48.0,48.0,1.0,0.6911,0.0002,4.0,True
False,0.0,,1.0,1.0,1.0,0.0,0.0,1.0,1.0,54.0,54.0,1.0,0.6911,0.0002,6.0,True
False,0.0,,1.0,1.0,1.0,0.0,0.0,1.0,1.0,65.0,65.0,1.0,0.6911,0.0002,5.0,True
False,0.0,,1.0,1.0,1.0,0.0,0.0,1.0,1.0,38.0,38.0,1.0,0.6911,0.0002,2.0,True
False,0.0,,1.0,1.0,1.0,0.0,0.0,1.0,1.0,64.0,64.0,1.0,0.6911,0.0002,4.0,True
False,0.0,,1.0,1.0,1.0,0.0,0.0,1.0,1.0,93.0,93.0,1.0,0.6911,0.0002,13.0,True
False,0.0,,1.0,1.0,1.0,0.0,0.0,1.0,1.0,105.0,105.0,1.0,0.6911,0.0002,1.0,True
False,0.0,0.5438,0.5779,0.5779,0.5779,1.0,13133022.0,1.0,1.0,104.0,11.0,0.10576923,0.6685,0.1625,1.0,True
True,1.0,0.1056,0.114,0.114,0.114,2.0,49833434.0,1.0,1.0,104.0,1.0,0.009615385,0.5518,0.5998,1.0,True
False,0.0,,1.0,1.0,1.0,0.0,0.0,1.0,1.0,49.0,49.0,1.0,0.6911,0.0002,3.0,True
False,0.0,,1.0,1.0,1.0,0.0,0.0,1.0,1.0,157.0,157.0,1.0,0.6911,0.0002,2.0,True
False,0.0,0.5438,0.5704,0.5704,0.5704,1.0,13133022.0,1.0,1.0,152.0,21.0,0.13815789,0.6685,0.1625,2.0,True
True,1.0,0.1043,0.116,0.116,0.116,2.0,49833434.0,1.0,1.0,152.0,2.0,0.013157895,0.5518,0.5998,2.0,True
False,0.0,,1.0,1.0,1.0,0.0,0.0,1.0,1.0,63.0,63.0,1.0,0.6911,0.0002,7.0,True
False,0.0,,1.0,1.0,1.0,0.0,0.0,1.0,1.0,85.0,85.0,1.0,0.6911,0.0002,1.0,True
False,0.0,0.5438,0.5805,0.5805,0.5805,1.0,13133022.0,1.0,1.0,84.0,9.0,0.10714286,0.6685,0.1625,1.0,True
True,1.0,0.1061,0.1165,0.1165,0.1165,2.0,49833434.0,1.0,1.0,84.0,1.0,0.011904762,0.5518,0.5998,1.0,True
False,0.0,,1.0,1.0,1.0,0.0,0.0,1.0,1.0,125.0,125.0,1.0,0.6911,0.0002,1.0,True
False,0.0,0.5438,0.5713,0.5713,0.5713,1.0,13133022.0,1.0,1.0,115.0,17.0,0.14782609,0.6685,0.1625,1.0,True
True,1.0,0.1044,0.1122,0.1122,0.1122,2.0,49833434.0,1.0,1.0,115.0,1.0,0.008695652,0.5518,0.5998,1.0,True
False,0.0,,1.0,1.0,1.0,0.0,0.0,1.0,1.0,118.0,118.0,1.0,0.6911,0.0002,1.0,True
False,0.0,0.5438,0.559,0.559,0.559,1.0,13133022.0,1.0,1.0,118.0,6.0,0.050847456,0.6685,0.1625,1.0,True
True,1.0,0.1022,0.117,0.117,0.117,2.0,49833434.0,1.0,1.0,118.0,2.0,0.016949153,0.5518,0.5998,1.0,True
False,0.0,,1.0,1.0,1.0,0.0,0.0,1.0,1.0,112.0,112.0,1.0,0.6911,0.0002,4.0,True
False,0.0,0.5438,0.5678,0.5678,0.5678,1.0,13133022.0,1.0,1.0,111.0,7.0,0.06306306,0.6685,0.1625,4.0,True
True,1.0,0.1038,0.1117,0.1117,0.1117,2.0,49833434.0,1.0,1.0,111.0,1.0,0.009009009,0.5518,0.5998,4.0,True
False,0.0,,1.0,1.0,1.0,0.0,0.0,1.0,1.0,76.0,76.0,1.0,0.6911,0.0002,1.0,True
False,0.0,0.5438,0.5672,0.5672,0.5672,1.0,13133022.0,1.0,1.0,76.0,6.0,0.078947365,0.6685,0.1625,1.0,True
True,1.0,0.1037,0.1264,0.1264,0.1264,2.0,49833434.0,1.0,1.0,76.0,2.0,0.02631579,0.5518,0.5998,1.0,True
False,0.0,,1.0,1.0,1.0,0.0,0.0,1.0,1.0,105.0,105.0,1.0,0.6911,0.0002,1.0,True
False,0.0,0.5438,0.5608,0.5608,0.5608,1.0,13133022.0,1.0,1.0,105.0,6.0,0.057142857,0.6685,0.1625,1.0,True
True,1.0,0.1025,0.1109,0.1109,0.1109,2.0,49833434.0,1.0,1.0,105.0,1.0,0.00952381,0.5518,0.5998,1.0,True
False,0.0,,1.0,1.0,1.0,0.0,0.0,1.0,1.0,160.0,160.0,1.0,0.6911,0.0002,4.0,True
False,0.0,0.5438,0.5606,0.5606,0.5606,1.0,13133022.0,1.0,1.0,160.0,7.0,0.04375,0.6685,0.1625,4.0,True
True,1.0,0.1025,0.108,0.108,0.108,2.0,49833434.0,1.0,1.0,160.0,1.0,0.00625,0.5518,0.5998,4.0,True
False,0.0,,1.0,1.0,1.0,0.0,0.0,1.0,1.0,94.0,94.0,1.0,0.6911,0.0002,1.0,True
False,0.0,0.5438,0.5628,0.5628,0.5628,1.0,13133022.0,1.0,1.0,94.0,6.0,0.06382979,0.6685,0.1625,1.0,True
True,1.0,0.1029,0.1123,0.1123,0.1123,2.0,49833434.0,1.0,1.0,94.0,1.0,0.010638298,0.5518,0.5998,1.0,True
False,0.0,,1.0,1.0,1.0,0.0,0.0,1.0,1.0,92.0,92.0,1.0,0.6911,0.0002,9.0,True
False,0.0,,1.0,1.0,1.0,0.0,0.0,1.0,1.0,526.0,526.0,1.0,0.6911,0.0002,19.0,True
False,0.0,0.5438,0.5455,0.5455,0.5455,1.0,13133022.0,1.0,1.0,526.0,2.0,0.0038022813,0.6685,0.1625,19.0,True
True,1.0,0.0997,0.1014,0.1014,0.1014,2.0,49833434.0,1.0,1.0,526.0,1.0,0.0019011407,0.5518,0.5998,19.0,True
False,0.0,,1.0,1.0,1.0,0.0,0.0,1.0,1.0,1147.0,1147.0,1.0,0.6911,0.0002,22.0,True
True,1.0,0.0994,0.1002,0.1002,0.1002,1.0,49833434.0,1.0,1.0,1147.0,1.0,0.0008718396,0.5518,0.5998,22.0,True
False,0.0,,1.0,1.0,1.0,0.0,0.0,1.0,1.0,1154.0,1154.0,1.0,0.6911,0.0002,23.0,True
True,1.0,0.0994,0.1002,0.1002,0.1002,1.0,49833434.0,1.0,1.0,1154.0,1.0,0.0008665511,0.5518,0.5998,23.0,True
False,0.0,,1.0,1.0,1.0,0.0,0.0,1.0,1.0,1251.0,1251.0,1.0,0.6911,0.0002,23.0,True
True,1.0,0.0994,0.1001,0.1001,0.1001,1.0,49833434.0,1.0,1.0,1251.0,1.0,0.0007993605,0.5518,0.5998,23.0,True
False,0.0,,1.0,1.0,1.0,0.0,0.0,1.0,1.0,1159.0,1159.0,1.0,0.6911,0.0002,23.0,True
True,1.0,0.0994,0.1002,0.1002,0.1002,1.0,49833434.0,1.0,1.0,1159.0,1.0,0.0008628128,0.5518,0.5998,23.0,True
False,0.0,,1.0,1.0,1.0,0.0,0.0,1.0,1.0,1497.0,1497.0,1.0,0.6911,0.0002,25.0,True
True,1.0,0.0994,0.1,0.1,0.1,1.0,49833434.0,1.0,1.0,1497.0,1.0,0.0006680027,0.5518,0.5998,25.0,True
False,0.0,,1.0,1.0,1.0,0.0,0.0,1.0,1.0,783.0,783.0,1.0,0.6911,0.0002,20.0,True
True,1.0,0.0994,0.1005,0.1005,0.1005,1.0,49833434.0,1.0,1.0,783.0,1.0,0.0012771392,0.5518,0.5998,20.0,True
False,0.0,,1.0,1.0,1.0,0.0,0.0,1.0,1.0,1408.0,1408.0,1.0,0.6911,0.0002,25.0,True
True,1.0,0.0994,0.1,0.1,0.1,1.0,49833434.0,1.0,1.0,1408.0,1.0,0.0007102273,0.5518,0.5998,25.0,True
False,0.0,,1.0,1.0,1.0,0.0,0.0,1.0,1.0,1408.0,1408.0,1.0,0.6911,0.0002,25.0,True
True,1.0,0.0994,0.1,0.1,0.1,1.0,49833434.0,1.0,1.0,1408.0,1.0,0.0007102273,0.5518,0.5998,25.0,True
False,0.0,,1.0,1.0,1.0,0.0,0.0,1.0,1.0,871.0,871.0,1.0,0.6911,0.0002,24.0,True
False,0.0,0.5438,0.5513,0.5513,0.5513,1.0,13133022.0,1.0,1.0,849.0,36.0,0.042402826,0.6685,0.1625,24.0,True
True,1.0,0.1008,0.1039,0.1039,0.1039,2.0,49833434.0,1.0,1.0,849.0,3.0,0.003533569,0.5518,0.5998,24.0,True
False,0.0,,1.0,1.0,1.0,0.0,0.0,1.0,1.0,36.0,36.0,1.0,0.6911,0.0002,2.0,True
False,0.0,,1.0,1.0,1.0,0.0,0.0,1.0,1.0,90.0,90.0,1.0,0.6911,0.0002,9.0,True
False,0.0,,1.0,1.0,1.0,0.0,0.0,1.0,1.0,135.0,135.0,1.0,0.6911,0.0002,11.0,True
False,0.0,,1.0,1.0,1.0,0.0,0.0,1.0,1.0,143.0,143.0,1.0,0.6911,0.0002,10.0,True
False,0.0,,1.0,1.0,1.0,0.0,0.0,1.0,1.0,32.0,32.0,1.0,0.6911,0.0002,2.0,True
False,0.0,,1.0,1.0,1.0,0.0,0.0,1.0,1.0,52.0,52.0,1.0,0.6911,0.0002,5.0,True
False,0.0,,1.0,1.0,1.0,0.0,0.0,1.0,1.0,24.0,24.0,1.0,0.6911,0.0002,1.0,True
False,0.0,,1.0,1.0,1.0,0.0,0.0,1.0,1.0,24.0,24.0,1.0,0.6911,0.0002,1.0,True
False,0.0,,1.0,1.0,1.0,0.0,0.0,1.0,1.0,91.0,91.0,1.0,0.6911,0.0002,6.0,True
False,0.0,,1.0,1.0,1.0,0.0,0.0,1.0,1.0,14.0,14.0,1.0,0.6911,0.0002,1.0,True
False,0.0,,1.0,1.0,1.0,0.0,0.0,1.0,1.0,51.0,51.0,1.0,0.6911,0.0002,9.0,True
False,0.0,,1.0,1.0,1.0,0.0,0.0,1.0,1.0,62.0,62.0,1.0,0.6911,0.0002,7.0,True
False,0.0,,1.0,1.0,1.0,0.0,0.0,1.0,1.0,159.0,159.0,1.0,0.6911,0.0002,14.0,True
False,0.0,,1.0,1.0,1.0,0.0,0.0,1.0,1.0,17.0,17.0,1.0,0.6911,0.0002,0.0,True
False,0.0,,1.0,1.0,1.0,0.0,0.0,1.0,1.0,29.0,29.0,1.0,0.6911,0.0002,1.0,True
False,0.0,,1.0,1.0,1.0,0.0,0.0,1.0,1.0,970.0,970.0,1.0,0.6911,0.0002,2.0,True
False,0.0,,1.0,1.0,1.0,0.0,0.0,1.0,1.0,56.0,56.0,1.0,0.6911,0.0002,3.0,True
False,0.0,,1.0,1.0,1.0,0.0,0.0,1.0,1.0,48.0,48.0,1.0,0.6911,0.0002,1.0,True
False,0.0,,1.0,1.0,1.0,0.0,0.0,1.0,1.0,11.0,11.0,1.0,0.6911,0.0002,0.0,True
False,0.0,,1.0,1.0,1.0,0.0,0.0,1.0,1.0,678.0,678.0,1.0,0.6911,0.0002,1.0,True
False,0.0,,1.0,1.0,1.0,0.0,0.0,1.0,1.0,30.0,30.0,1.0,0.6911,0.0002,0.0,True
False,0.0,,1.0,1.0,1.0,0.0,0.0,1.0,1.0,32.0,32.0,1.0,0.6911,0.0002,0.0,True
False,0.0,,1.0,1.0,1.0,0.0,0.0,1.0,1.0,16.0,16.0,1.0,0.6911,0.0002,0.0,True
False,0.0,,1.0,1.0,1.0,0.0,0.0,1.0,1.0,18.0,18.0,1.0,0.6911,0.0002,0.0,True
False,0.0,,1.0,1.0,1.0,0.0,0.0,1.0,1.0,18.0,18.0,1.0,0.6911,0.0002,0.0,True
False,0.0,,1.0,1.0,1.0,0.0,0.0,1.0,1.0,16.0,16.0,1.0,0.6911,0.0002,0.0,True
False,0.0,,1.0,1.0,1.0,0.0,0.0,1.0,1.0,143.0,143.0,1.0,0.6911,0.0002,17.0,True
False,0.0,,1.0,1.0,1.0,0.0,0.0,1.0,1.0,1192.0,1192.0,1.0,0.6911,0.0002,6.0,True
False,0.0,,1.0,1.0,1.0,0.0,0.0,1.0,1.0,18.0,18.0,1.0,0.6911,0.0002,0.0,True
False,0.0,,1.0,1.0,1.0,0.0,0.0,1.0,1.0,27.0,27.0,1.0,0.6911,0.0002,0.0,True
False,0.0,,1.0,1.0,1.0,0.0,0.0,1.0,1.0,32.0,32.0,1.0,0.6911,0.0002,,True
False,0.0,0.5438,0.5576,0.5576,0.5576,1.0,13133022.0,1.0,1.0,32.0,1.0,0.03125,0.6685,0.1625,,True
False,0.0,,1.0,1.0,1.0,0.0,0.0,1.0,1.0,91.0,91.0,1.0,0.6911,0.0002,8.0,True
False,0.0,,1.0,1.0,1.0,0.0,0.0,1.0,1.0,45.0,45.0,1.0,0.6911,0.0002,,True
False,0.0,0.5438,0.5537,0.5537,0.5537,1.0,13133022.0,1.0,1.0,45.0,1.0,0.022222223,0.6685,0.1625,,True
False,0.0,,1.0,1.0,1.0,0.0,0.0,1.0,1.0,210.0,210.0,1.0,0.6911,0.0002,9.0,True
False,0.0,,1.0,1.0,1.0,0.0,0.0,1.0,1.0,37.0,37.0,1.0,0.6911,0.0002,,True
False,0.0,0.5438,0.5558,0.5558,0.5558,1.0,13133022.0,1.0,1.0,37.0,1.0,0.027027028,0.6685,0.1625,,True
False,0.0,,1.0,1.0,1.0,0.0,0.0,1.0,1.0,181.0,181.0,1.0,0.6911,0.0002,5.0,True
False,0.0,,1.0,1.0,1.0,0.0,0.0,1.0,1.0,30.0,30.0,1.0,0.6911,0.0002,,True
False,0.0,0.5438,0.5585,0.5585,0.5585,1.0,13133022.0,1.0,1.0,30.0,1.0,0.033333335,0.6685,0.1625,,True
False,0.0,,1.0,1.0,1.0,0.0,0.0,1.0,1.0,332.0,332.0,1.0,0.6911,0.0002,11.0,True
False,0.0,,1.0,1.0,1.0,0.0,0.0,1.0,1.0,16.0,16.0,1.0,0.6911,0.0002,0.0,True
False,0.0,,1.0,1.0,1.0,0.0,0.0,1.0,1.0,124.0,124.0,1.0,0.6911,0.0002,11.0,True
False,0.0,0.546,0.5567,0.5567,0.5567,1.0,13116919.0,1.0,1.0,125.0,3.0,0.024,0.6656,0.1544,11.0,False
False,0.0,,1.0,1.0,1.0,0.0,0.0,1.0,1.0,66.0,66.0,1.0,0.6911,0.0002,6.0,True
False,0.0,0.546,0.5527,0.5527,0.5527,1.0,13116919.0,1.0,1.0,66.0,1.0,0.015151516,0.6656,0.1544,6.0,False
False,0.0,,1.0,1.0,1.0,0.0,0.0,1.0,1.0,58.0,58.0,1.0,0.6911,0.0002,3.0,True
False,0.0,,1.0,1.0,1.0,0.0,0.0,1.0,1.0,227.0,227.0,1.0,0.6911,0.0002,15.0,True
False,0.0,0.546,0.5499,0.5499,0.5499,1.0,13116919.0,1.0,1.0,227.0,2.0,0.008810572,0.6656,0.1544,15.0,False
False,0.0,,1.0,1.0,1.0,0.0,0.0,1.0,1.0,39.0,39.0,1.0,0.6911,0.0002,5.0,True
False,0.0,,1.0,1.0,1.0,0.0,0.0,1.0,1.0,42.0,42.0,1.0,0.6911,0.0002,4.0,True
False,0.0,0.546,0.5666,0.5666,0.5666,1.0,13116919.0,1.0,1.0,42.0,2.0,0.04761905,0.6656,0.1544,4.0,False
False,0.0,,1.0,1.0,1.0,0.0,0.0,1.0,1.0,27.0,27.0,1.0,0.6911,0.0002,7.0,True
False,0.0,,1.0,1.0,1.0,0.0,0.0,1.0,1.0,118.0,118.0,1.0,0.6911,0.0002,6.0,True
False,0.0,0.546,0.5535,0.5535,0.5535,1.0,13116919.0,1.0,1.0,118.0,2.0,0.016949153,0.6656,0.1544,6.0,False
False,0.0,,1.0,1.0,1.0,0.0,0.0,1.0,1.0,79.0,79.0,1.0,0.6911,0.0002,4.0,True
False,0.0,,1.0,1.0,1.0,0.0,0.0,1.0,1.0,45.0,45.0,1.0,0.6911,0.0002,,True
False,0.0,0.5438,0.5537,0.5537,0.5537,1.0,13133022.0,1.0,1.0,45.0,1.0,0.022222223,0.6685,0.1625,,True
False,0.0,,1.0,1.0,1.0,0.0,0.0,1.0,1.0,103.0,103.0,1.0,0.6911,0.0002,6.0,True
False,0.0,,1.0,1.0,1.0,0.0,0.0,1.0,1.0,21.0,21.0,1.0,0.6911,0.0002,,True
False,0.0,,1.0,1.0,1.0,0.0,0.0,1.0,1.0,26.0,26.0,1.0,0.6655,0.1554,5.0,False
False,0.0,,1.0,1.0,1.0,0.0,0.0,1.0,1.0,15.0,15.0,1.0,0.6911,0.0002,,True
True,1.0,,1.0,1.0,1.0,0.0,0.0,1.0,1.0,16.0,16.0,1.0,0.6646,0.168,3.0,True
False,1.0,0.6698,0.7921,0.7921,0.7921,1.0,8646717.0,1.0,1.0,25.0,9.0,0.36,0.6655,0.1554,5.0,False
False,0.0,,1.0,1.0,1.0,0.0,0.0,1.0,1.0,77.0,77.0,1.0,0.6911,0.0002,2.0,True
False,0.0,0.546,0.546,0.546,0.546,1.0,13116919.0,1.0,1.0,75.0,2.0,0.026666667,0.6656,0.1544,2.0,False
False,0.0,,1.0,1.0,1.0,0.0,0.0,1.0,1.0,2.0,2.0,1.0,0.6911,0.0002,,True
False,0.0,,1.0,1.0,1.0,0.0,0.0,1.0,1.0,342.0,342.0,1.0,0.6911,0.0002,32.0,True
False,0.0,0.546,0.5486,0.5486,0.5486,1.0,13116919.0,1.0,1.0,342.0,2.0,0.0058479533,0.6656,0.1544,32.0,False
False,0.0,,1.0,1.0,1.0,0.0,0.0,1.0,1.0,36.0,36.0,1.0,0.6911,0.0002,,True
False,0.0,,1.0,1.0,1.0,0.0,0.0,1.0,1.0,258.0,258.0,1.0,0.6911,0.0002,14.0,True
False,0.0,0.546,0.5495,0.5495,0.5495,1.0,13116919.0,1.0,1.0,258.0,2.0,0.007751938,0.6656,0.1544,14.0,False
False,0.0,,1.0,1.0,1.0,0.0,0.0,1.0,1.0,22.0,22.0,1.0,0.6911,0.0002,,True
False,0.0,,1.0,1.0,1.0,0.0,0.0,1.0,1.0,4.0,4.0,1.0,0.6911,0.0002,,True
False,0.0,,1.0,1.0,1.0,0.0,0.0,1.0,1.0,249.0,249.0,1.0,0.6653,0.1561,7.0,False
False,0.0,,1.0,1.0,1.0,0.0,0.0,1.0,1.0,1178.0,1178.0,1.0,0.6911,0.0002,,True
True,1.0,,1.0,1.0,1.0,0.0,0.0,1.0,1.0,162.0,162.0,1.0,0.6646,0.168,0.0,True
False,1.0,,0.0412,0.8812,0.4406,1.0,2865755.0,2.0,2.0,168.0,6.0,0.035714287,0.6652,0.1561,0.0,False
False,1.0,0.6578,0.6714,0.7023,0.3512,2.0,8151568.0,2.0,2.0,174.0,6.0,0.03448276,0.6654,0.1556,,False
False,0.0,,1.0,1.0,1.0,0.0,0.0,1.0,1.0,34.0,34.0,1.0,0.6911,0.0002,,True
True,1.0,,1.0,1.0,1.0,0.0,0.0,1.0,1.0,28.0,28.0,1.0,0.6646,0.168,5.0,True
False,1.0,0.6698,0.925,0.925,0.925,1.0,8646717.0,1.0,1.0,59.0,47.0,0.7966102,0.6655,0.1554,7.0,False
False,0.0,,1.0,1.0,1.0,0.0,0.0,1.0,1.0,3.0,3.0,1.0,0.6911,0.0002,,True
False,0.0,,1.0,1.0,1.0,0.0,0.0,1.0,1.0,6.0,6.0,1.0,0.6655,0.1554,0.0,False
False,0.0,,1.0,1.0,1.0,0.0,0.0,1.0,1.0,4.0,4.0,1.0,0.6911,0.0002,,True
True,1.0,,1.0,1.0,1.0,0.0,0.0,1.0,1.0,28.0,28.0,1.0,0.6646,0.168,1.0,True
False,1.0,0.6698,0.9057,0.9057,0.9057,1.0,8646717.0,1.0,1.0,24.0,34.0,1.4166666,0.6655,0.1554,4.0,False
False,0.0,,1.0,1.0,1.0,0.0,0.0,1.0,1.0,3.0,3.0,1.0,0.6911,0.0002,,True
True,1.0,,1.0,1.0,1.0,0.0,0.0,1.0,1.0,26.0,26.0,1.0,0.6646,0.168,3.0,True
False,1.0,0.9341,0.9366,0.9366,0.9366,1.0,1499543.0,1.0,1.0,26.0,1.0,0.03846154,0.6651,0.1612,3.0,False
False,0.0,,1.0,1.0,1.0,0.0,0.0,1.0,1.0,12.0,12.0,1.0,0.6911,0.0002,,True
False,0.0,,1.0,1.0,1.0,0.0,0.0,1.0,1.0,2615.0,2615.0,1.0,0.6636,0.1624,,True
False,0.0,0.9156,0.9268,0.9268,0.9268,1.0,1972573.0,1.0,1.0,2907.0,373.0,0.12831098,0.6651,0.1618,,False
False,0.0,,0.1203,0.9198,0.4599,2.0,2340541.0,2.0,2.0,3199.0,373.0,0.116598934,0.6651,0.1611,,False
False,0.0,,1.0,1.0,1.0,0.0,0.0,1.0,1.0,9.0,9.0,1.0,0.6911,0.0002,,True
False,0.0,,1.0,1.0,1.0,0.0,0.0,1.0,1.0,38.0,38.0,1.0,0.6651,0.1605,,False
False,0.0,1.0,1.0,1.0,1.0,1.0,1729.0,1.0,1.0,0.0,38.0,inf,0.6651,0.1593,,False
False,0.0,,1.0,1.0,1.0,0.0,0.0,1.0,1.0,8.0,8.0,1.0,0.6911,0.0002,,True
False,0.0,,1.0,1.0,1.0,0.0,0.0,1.0,1.0,1.0,1.0,1.0,0.6651,0.1586,,False
False,0.0,,1.0,1.0,1.0,0.0,0.0,1.0,1.0,59.0,59.0,1.0,0.6911,0.0002,,True
False,0.0,,1.0,1.0,1.0,0.0,0.0,1.0,1.0,43.0,43.0,1.0,0.6636,0.1624,,True
False,0.0,,0.2979,1.0,0.5,1.0,78618.0,2.0,2.0,44.0,16.0,0.36363637,0.6641,0.1654,,True
True,1.0,0.2885,0.4932,0.9754,0.4877,2.0,840980.0,2.0,2.0,55.0,16.0,0.29090908,0.6646,0.168,,True
False,1.0,0.4834,0.5234,0.9598,0.4799,3.0,1278710.0,2.0,2.0,59.0,5.0,0.084745765,0.6648,0.1636,,False
False,1.0,0.5144,0.5438,0.9465,0.4732,4.0,1636429.0,2.0,2.0,60.0,2.0,0.033333335,0.665,0.1634,,True
False,1.0,0.3672,0.606,0.8585,0.4293,5.0,3543801.0,2.0,2.0,0.0,60.0,inf,0.6652,0.1567,,False
False,0.0,,1.0,1.0,1.0,0.0,0.0,1.0,1.0,68.0,68.0,1.0,0.6911,0.0002,3.0,True
False,0.0,0.566,0.5723,0.5723,0.5723,1.0,12348962.0,1.0,1.0,68.0,1.0,0.014705882,0.6653,0.1561,3.0,False
False,0.0,,1.0,1.0,1.0,0.0,0.0,1.0,1.0,1024.0,1024.0,1.0,0.6911,0.0002,,True
False,0.0,,1.0,1.0,1.0,0.0,0.0,1.0,1.0,30.0,30.0,1.0,0.6911,0.0002,,True
False,0.0,,1.0,1.0,1.0,0.0,0.0,1.0,1.0,10.0,10.0,1.0,0.665,0.1626,,False
False,0.0,,1.0,1.0,1.0,0.0,0.0,1.0,1.0,100.0,100.0,1.0,0.6911,0.0002,11.0,True
True,1.0,0.825,0.8393,0.8393,0.8393,1.0,4197406.0,1.0,1.0,107.0,7.0,0.06542056,0.6646,0.168,12.0,True
False,1.0,0.8002,0.8184,0.8184,0.8184,2.0,5233932.0,1.0,1.0,98.0,17.0,0.1734694,0.665,0.162,11.0,False
False,0.0,,1.0,1.0,1.0,0.0,0.0,1.0,1.0,4.0,4.0,1.0,0.6911,0.0002,,True
False,0.0,,1.0,1.0,1.0,0.0,0.0,1.0,1.0,296.0,296.0,1.0,0.6911,0.0002,52.0,True
False,0.0,0.7863,0.7999,0.7999,0.7999,1.0,5233932.0,1.0,1.0,308.0,16.0,0.051948052,0.665,0.162,56.0,False
False,0.0,,1.0,1.0,1.0,0.0,0.0,1.0,1.0,148.0,148.0,1.0,0.6911,0.0002,,True
False,0.0,,1.0,1.0,1.0,0.0,0.0,1.0,1.0,63.0,63.0,1.0,0.6911,0.0002,,True
True,1.0,,1.0,1.0,1.0,0.0,0.0,1.0,1.0,23.0,23.0,1.0,0.6646,0.168,2.0,True
False,1.0,0.988,0.9943,0.9943,0.9943,1.0,301226.0,1.0,1.0,45.0,23.0,0.51111114,0.6648,0.1654,4.0,True
False,1.0,0.9727,0.9766,0.9766,0.9766,2.0,795449.0,1.0,1.0,52.0,7.0,0.13461539,0.665,0.1634,5.0,True
False,1.0,0.9458,0.9472,0.9472,0.9472,3.0,1499543.0,1.0,1.0,51.0,2.0,0.039215688,0.6651,0.1612,5.0,False
False,0.0,,1.0,1.0,1.0,0.0,0.0,1.0,1.0,4.0,4.0,1.0,0.6911,0.0002,,True
False,0.0,,1.0,1.0,1.0,0.0,0.0,1.0,1.0,127.0,127.0,1.0,0.6911,0.0002,5.0,True
True,1.0,0.825,0.8328,0.8328,0.8328,1.0,4197406.0,1.0,1.0,130.0,3.0,0.023076924,0.6646,0.168,5.0,True
False,0.0,,1.0,1.0,1.0,0.0,0.0,1.0,1.0,1.0,1.0,1.0,0.6911,0.0002,,True
False,0.0,,1.0,1.0,1.0,0.0,0.0,1.0,1.0,240.0,240.0,1.0,0.6911,0.0002,,True
False,0.0,,1.0,1.0,1.0,0.0,0.0,1.0,1.0,61.0,61.0,1.0,0.6636,0.1624,1.0,True
False,0.0,,,0.9607,0.9607,1.0,883694.0,1.0,2.0,0.0,61.0,inf,0.6647,0.1668,,False
False,0.0,,1.0,1.0,1.0,0.0,0.0,1.0,1.0,2515.0,2515.0,1.0,0.6911,0.0002,,True
False,0.0,0.9083,0.9119,0.9119,0.9119,1.0,2125172.0,1.0,1.0,2615.0,101.0,0.038623326,0.6627,0.1686,,False
False,0.0,0.8251,0.8461,0.8461,0.8461,2.0,4240120.0,1.0,1.0,2898.0,363.0,0.1252588,0.6647,0.1668,,False
False,0.0,0.846,0.8467,0.8467,0.8467,3.0,4306466.0,1.0,1.0,2907.0,12.0,0.004127967,0.6647,0.166,,False
False,0.0,,1.0,1.0,1.0,0.0,0.0,1.0,1.0,32.0,32.0,1.0,0.6911,0.0002,,True
False,0.0,,1.0,1.0,1.0,0.0,0.0,1.0,1.0,80.0,80.0,1.0,0.6911,0.0002,3.0,True
False,0.0,0.8217,0.8403,0.8403,0.8403,1.0,4240120.0,1.0,1.0,83.0,7.0,0.084337346,0.6647,0.1668,3.0,False
False,0.0,0.8403,0.8385,0.8385,0.8385,2.0,4306466.0,1.0,1.0,82.0,1.0,0.0121951215,0.6647,0.166,3.0,False
False,0.0,,1.0,1.0,1.0,0.0,0.0,1.0,1.0,38.0,38.0,1.0,0.6911,0.0002,,True
False,0.0,,1.0,1.0,1.0,0.0,0.0,1.0,1.0,1.0,1.0,1.0,0.6911,0.0002,,True
False,0.0,,1.0,1.0,1.0,0.0,0.0,1.0,1.0,58.0,58.0,1.0,0.6625,0.1735,,False
False,0.0,0.8553,0.8553,0.8553,0.8553,1.0,3379958.0,1.0,1.0,0.0,58.0,inf,0.6648,0.1654,,True
False,0.0,,1.0,1.0,1.0,0.0,0.0,1.0,1.0,1.0,1.0,1.0,0.6911,0.0002,,True
False,0.0,,1.0,1.0,1.0,0.0,0.0,1.0,1.0,58.0,58.0,1.0,0.6648,0.1654,,True
False,0.0,,1.0,1.0,1.0,0.0,0.0,1.0,1.0,36.0,36.0,1.0,0.6911,0.0002,,True
False,0.0,,1.0,1.0,1.0,0.0,0.0,1.0,1.0,19.0,19.0,1.0,0.6641,0.1654,0.0,True
False,0.0,0.9304,0.9367,0.9367,0.9367,1.0,1557811.0,1.0,1.0,20.0,1.0,0.05,0.665,0.1634,0.0,True
False,0.0,,1.0,1.0,1.0,0.0,0.0,1.0,1.0,22.0,22.0,1.0,0.6911,0.0002,,True
False,0.0,,1.0,1.0,1.0,0.0,0.0,1.0,1.0,62.0,62.0,1.0,0.6911,0.0002,3.0,True
False,0.0,0.988,0.9889,0.9889,0.9889,1.0,270982.0,1.0,1.0,53.0,13.0,0.24528302,0.6915,0.0065,3.0,True
True,1.0,0.8257,0.8668,0.8668,0.8668,2.0,4197406.0,1.0,1.0,65.0,16.0,0.24615385,0.6646,0.168,4.0,True
False,0.0,,1.0,1.0,1.0,0.0,0.0,1.0,1.0,94.0,94.0,1.0,0.6911,0.0002,4.0,True
False,0.0,0.9762,0.9767,0.9767,0.9767,1.0,586845.0,1.0,1.0,94.0,2.0,0.021276595,0.662,0.196,4.0,False
True,1.0,0.8255,0.8309,0.8309,0.8309,2.0,4197406.0,1.0,1.0,95.0,2.0,0.021052632,0.6646,0.168,4.0,True
False,0.0,,1.0,1.0,1.0,0.0,0.0,1.0,1.0,806.0,806.0,1.0,0.6911,0.0002,,True
False,0.0,,1.0,1.0,1.0,0.0,0.0,1.0,1.0,68.0,68.0,1.0,0.6911,0.0002,1.0,True
True,1.0,0.825,0.8299,0.8299,0.8299,1.0,4197406.0,1.0,1.0,69.0,1.0,0.014492754,0.6646,0.168,1.0,True
False,0.0,,1.0,1.0,1.0,0.0,0.0,1.0,1.0,3.0,3.0,1.0,0.6911,0.0002,,True
False,0.0,,1.0,1.0,1.0,0.0,0.0,1.0,1.0,3.0,3.0,1.0,0.6911,0.0002,,True
False,0.0,,1.0,1.0,1.0,0.0,0.0,1.0,1.0,26.0,26.0,1.0,0.6636,0.1624,1.0,True
True,1.0,,,0.9646,0.9646,1.0,840980.0,1.0,2.0,0.0,26.0,inf,0.6646,0.168,,True
False,0.0,,1.0,1.0,1.0,0.0,0.0,1.0,1.0,19.0,19.0,1.0,0.6911,0.0002,,True
False,0.0,,1.0,1.0,1.0,0.0,0.0,1.0,1.0,55.0,55.0,1.0,0.6911,0.0002,,True
False,0.0,,1.0,1.0,1.0,0.0,0.0,1.0,1.0,2.0,2.0,1.0,0.6636,0.1624,0.0,True
True,1.0,,,0.9646,0.9646,1.0,840980.0,1.0,2.0,0.0,2.0,inf,0.6646,0.168,,True
False,0.0,,1.0,1.0,1.0,0.0,0.0,1.0,1.0,1.0,1.0,1.0,0.6911,0.0002,,True
False,0.0,,1.0,1.0,1.0,0.0,0.0,1.0,1.0,28.0,28.0,1.0,0.6636,0.1624,,True
True,1.0,,,0.9646,0.9646,1.0,840980.0,1.0,2.0,0.0,28.0,inf,0.6646,0.168,,True
False,0.0,,1.0,1.0,1.0,0.0,0.0,1.0,1.0,8.0,8.0,1.0,0.6911,0.0002,,True
False,0.0,,1.0,1.0,1.0,0.0,0.0,1.0,1.0,39.0,39.0,1.0,0.6636,0.1624,,True
True,1.0,,,0.9646,0.9646,1.0,840980.0,1.0,2.0,0.0,39.0,inf,0.6646,0.168,,True
False,0.0,,1.0,1.0,1.0,0.0,0.0,1.0,1.0,131.0,131.0,1.0,0.6911,0.0002,7.0,True
True,1.0,0.825,0.8302,0.8302,0.8302,1.0,4197406.0,1.0,1.0,132.0,3.0,0.022727273,0.6646,0.168,7.0,True
False,0.0,,1.0,1.0,1.0,0.0,0.0,1.0,1.0,249.0,249.0,1.0,0.6911,0.0002,,True
False,0.0,,1.0,1.0,1.0,0.0,0.0,1.0,1.0,32.0,32.0,1.0,0.6911,0.0002,,True
False,0.0,,1.0,1.0,1.0,0.0,0.0,1.0,1.0,4.0,4.0,1.0,0.6911,0.0002,,True
False,0.0,,1.0,1.0,1.0,0.0,0.0,1.0,1.0,38.0,38.0,1.0,0.6911,0.0002,,True
False,0.0,,1.0,1.0,1.0,0.0,0.0,1.0,1.0,1.0,1.0,1.0,0.6911,0.0002,,True
True,1.0,,1.0,1.0,1.0,0.0,0.0,1.0,1.0,134.0,134.0,1.0,0.6646,0.168,,True
False,0.0,,1.0,1.0,1.0,0.0,0.0,1.0,1.0,33.0,33.0,1.0,0.6911,0.0002,,True
False,0.0,,1.0,1.0,1.0,0.0,0.0,1.0,1.0,133.0,133.0,1.0,0.6636,0.1624,,True
True,1.0,,,0.9646,0.9646,1.0,840980.0,1.0,2.0,0.0,133.0,inf,0.6646,0.168,,True
False,0.0,,1.0,1.0,1.0,0.0,0.0,1.0,1.0,4.0,4.0,1.0,0.6911,0.0002,,True
False,0.0,,1.0,1.0,1.0,0.0,0.0,1.0,1.0,13.0,13.0,1.0,0.6636,0.1624,1.0,True
True,1.0,,,0.9646,0.9646,1.0,840980.0,1.0,2.0,0.0,13.0,inf,0.6646,0.168,,True
False,0.0,,1.0,1.0,1.0,0.0,0.0,1.0,1.0,38.0,38.0,1.0,0.6911,0.0002,,True
False,0.0,,1.0,1.0,1.0,0.0,0.0,1.0,1.0,1.0,1.0,1.0,0.6911,0.0002,,True
False,0.0,,1.0,1.0,1.0,0.0,0.0,1.0,1.0,4.0,4.0,1.0,0.6911,0.0002,,True
False,0.0,,1.0,1.0,1.0,0.0,0.0,1.0,1.0,40.0,40.0,1.0,0.6636,0.1624,1.0,True
False,0.0,,0.0465,1.0,0.5,1.0,78618.0,2.0,2.0,41.0,1.0,0.024390243,0.6641,0.1654,1.0,True
True,1.0,0.045,,0.9646,0.9646,2.0,840980.0,1.0,2.0,0.0,41.0,inf,0.6646,0.168,,True
False,0.0,,1.0,1.0,1.0,0.0,0.0,1.0,1.0,4.0,4.0,1.0,0.6911,0.0002,,True
False,0.0,,1.0,1.0,1.0,0.0,0.0,1.0,1.0,28.0,28.0,1.0,0.6636,0.1624,1.0,True
True,1.0,,,0.9646,0.9646,1.0,840980.0,1.0,2.0,0.0,28.0,inf,0.6646,0.168,,True
False,0.0,,1.0,1.0,1.0,0.0,0.0,1.0,1.0,36.0,36.0,1.0,0.6911,0.0002,,True
False,0.0,,1.0,1.0,1.0,0.0,0.0,1.0,1.0,16.0,16.0,1.0,0.6636,0.1624,1.0,True
True,1.0,,,0.9646,0.9646,1.0,840980.0,1.0,2.0,0.0,16.0,inf,0.6646,0.168,,True
False,0.0,,1.0,1.0,1.0,0.0,0.0,1.0,1.0,22.0,22.0,1.0,0.6911,0.0002,,True
False,0.0,,1.0,1.0,1.0,0.0,0.0,1.0,1.0,8.0,8.0,1.0,0.6911,0.0002,,True
False,0.0,,1.0,1.0,1.0,0.0,0.0,1.0,1.0,61.0,61.0,1.0,0.6636,0.1624,12.0,True
True,1.0,,,0.9646,0.9646,1.0,840980.0,1.0,2.0,0.0,61.0,inf,0.6646,0.168,,True
False,0.0,,1.0,1.0,1.0,0.0,0.0,1.0,1.0,4.0,4.0,1.0,0.6911,0.0002,,True
False,0.0,,1.0,1.0,1.0,0.0,0.0,1.0,1.0,84.0,84.0,1.0,0.6636,0.1624,10.0,True
False,0.0,,0.0241,1.0,0.5,1.0,78618.0,2.0,2.0,81.0,5.0,0.061728396,0.6641,0.1654,10.0,True
True,1.0,0.0233,,0.9646,0.9646,2.0,840980.0,1.0,2.0,0.0,81.0,inf,0.6646,0.168,,True
False,0.0,,1.0,1.0,1.0,0.0,0.0,1.0,1.0,1.0,1.0,1.0,0.6911,0.0002,,True
False,0.0,,1.0,1.0,1.0,0.0,0.0,1.0,1.0,16.0,16.0,1.0,0.6636,0.1624,3.0,True
True,1.0,,,0.9646,0.9646,1.0,840980.0,1.0,2.0,0.0,16.0,inf,0.6646,0.168,,True
False,0.0,,1.0,1.0,1.0,0.0,0.0,1.0,1.0,902.0,902.0,1.0,0.6911,0.0002,,True
False,0.0,,1.0,1.0,1.0,0.0,0.0,1.0,1.0,26.0,26.0,1.0,0.6636,0.1624,1.0,True
False,0.0,,0.1111,1.0,0.5,1.0,78618.0,2.0,2.0,25.0,4.0,0.16,0.6641,0.1654,1.0,True
True,1.0,0.1076,,0.9646,0.9646,2.0,840980.0,1.0,2.0,0.0,25.0,inf,0.6646,0.168,,True
False,0.0,,1.0,1.0,1.0,0.0,0.0,1.0,1.0,173.0,173.0,1.0,0.6636,0.1624,0.0,True
True,1.0,,,0.9646,0.9646,1.0,840980.0,1.0,2.0,0.0,173.0,inf,0.6646,0.168,,True
False,0.0,,1.0,1.0,1.0,0.0,0.0,1.0,1.0,32.0,32.0,1.0,0.6636,0.1624,0.0,True
True,1.0,,,0.9646,0.9646,1.0,840980.0,1.0,2.0,0.0,32.0,inf,0.6646,0.168,,True
False,0.0,,1.0,1.0,1.0,0.0,0.0,1.0,1.0,61.0,61.0,1.0,0.6911,0.0002,,True
False,0.0,,1.0,1.0,1.0,0.0,0.0,1.0,1.0,28.0,28.0,1.0,0.6636,0.1624,5.0,True
True,1.0,,,0.9646,0.9646,1.0,840980.0,1.0,2.0,0.0,28.0,inf,0.6646,0.168,,True
False,0.0,,1.0,1.0,1.0,0.0,0.0,1.0,1.0,4.0,4.0,1.0,0.6911,0.0002,,True
False,0.0,,1.0,1.0,1.0,0.0,0.0,1.0,1.0,1.0,1.0,1.0,0.6911,0.0002,,True
False,0.0,,1.0,1.0,1.0,0.0,0.0,1.0,1.0,14.0,14.0,1.0,0.6636,0.1624,2.0,True
True,1.0,,,0.9646,0.9646,1.0,840980.0,1.0,2.0,0.0,14.0,inf,0.6646,0.168,,True
False,0.0,,1.0,1.0,1.0,0.0,0.0,1.0,1.0,8.0,8.0,1.0,0.6911,0.0002,,True
False,0.0,,1.0,1.0,1.0,0.0,0.0,1.0,1.0,23.0,23.0,1.0,0.6636,0.1624,2.0,True
True,1.0,,,0.9646,0.9646,1.0,840980.0,1.0,2.0,0.0,23.0,inf,0.6646,0.168,,True
False,0.0,,1.0,1.0,1.0,0.0,0.0,1.0,1.0,1.0,1.0,1.0,0.6911,0.0002,,True
False,0.0,,1.0,1.0,1.0,0.0,0.0,1.0,1.0,69.0,69.0,1.0,0.6636,0.1624,8.0,True
True,1.0,,,0.9646,0.9646,1.0,840980.0,1.0,2.0,0.0,69.0,inf,0.6646,0.168,,True
False,0.0,,1.0,1.0,1.0,0.0,0.0,1.0,1.0,1019.0,1019.0,1.0,0.6911,0.0002,,True
False,0.0,,1.0,1.0,1.0,0.0,0.0,1.0,1.0,26.0,26.0,1.0,0.6636,0.1624,3.0,True
True,1.0,,,0.9646,0.9646,1.0,840980.0,1.0,2.0,0.0,26.0,inf,0.6646,0.168,,True
False,0.0,,1.0,1.0,1.0,0.0,0.0,1.0,1.0,38.0,38.0,1.0,0.6911,0.0002,,True
False,0.0,,1.0,1.0,1.0,0.0,0.0,1.0,1.0,21.0,21.0,1.0,0.6636,0.1624,3.0,True
True,1.0,,,0.9646,0.9646,1.0,840980.0,1.0,2.0,0.0,21.0,inf,0.6646,0.168,,True
True,1.0,,1.0,1.0,1.0,0.0,0.0,1.0,1.0,21.0,21.0,1.0,0.6646,0.168,3.0,True
True,1.0,,1.0,1.0,1.0,0.0,0.0,1.0,1.0,13.0,13.0,1.0,0.6646,0.168,1.0,True
True,1.0,,1.0,1.0,1.0,0.0,0.0,1.0,1.0,41.0,41.0,1.0,0.6646,0.168,1.0,True
True,1.0,,1.0,1.0,1.0,0.0,0.0,1.0,1.0,16.0,16.0,1.0,0.6646,0.168,1.0,True
True,1.0,,1.0,1.0,1.0,0.0,0.0,1.0,1.0,138.0,138.0,1.0,0.6646,0.168,,True
False,0.0,,1.0,1.0,1.0,0.0,0.0,1.0,1.0,21.0,21.0,1.0,0.6636,0.1624,3.0,True
False,0.0,,0.087,1.0,0.5,1.0,78618.0,2.0,2.0,21.0,2.0,0.0952381,0.6641,0.1654,3.0,True
False,0.0,0.087,0.0909,1.0,0.5,2.0,78794.0,2.0,2.0,20.0,1.0,0.05,0.6642,0.1668,3.0,False
True,1.0,0.088,,0.9646,0.9646,3.0,840980.0,1.0,2.0,0.0,20.0,inf,0.6646,0.168,,True
False,0.0,,1.0,1.0,1.0,0.0,0.0,1.0,1.0,162.0,162.0,1.0,0.6636,0.1624,0.0,True
True,1.0,,,0.9646,0.9646,1.0,840980.0,1.0,2.0,0.0,162.0,inf,0.6646,0.168,,True
False,0.0,,1.0,1.0,1.0,0.0,0.0,1.0,1.0,27.0,27.0,1.0,0.6636,0.1624,,True
False,0.0,,,1.0,1.0,1.0,78618.0,1.0,2.0,0.0,27.0,inf,0.6641,0.1654,,True
False,0.0,,1.0,1.0,1.0,0.0,0.0,1.0,1.0,58.0,58.0,1.0,0.6915,0.0065,5.0,True
False,0.0,0.8691,0.901,0.901,0.901,1.0,3073264.0,1.0,1.0,70.0,15.0,0.21428572,0.6629,0.1578,5.0,False
False,0.0,0.8973,0.931,0.931,0.931,2.0,3164062.0,1.0,1.0,101.0,32.0,0.31683168,0.6641,0.1654,6.0,True
False,0.0,,1.0,1.0,1.0,0.0,0.0,1.0,1.0,2615.0,2615.0,1.0,0.6641,0.1654,,True
False,0.0,1.0,1.0,1.0,1.0,1.0,116.0,1.0,1.0,0.0,2615.0,inf,0.6642,0.168,,False
True,1.0,,1.0,1.0,1.0,0.0,0.0,1.0,1.0,20.0,20.0,1.0,0.6646,0.168,3.0,True
True,1.0,,1.0,1.0,1.0,0.0,0.0,1.0,1.0,173.0,173.0,1.0,0.6646,0.168,0.0,True
True,1.0,,1.0,1.0,1.0,0.0,0.0,1.0,1.0,32.0,32.0,1.0,0.6646,0.168,0.0,True
True,1.0,,1.0,1.0,1.0,0.0,0.0,1.0,1.0,14.0,14.0,1.0,0.6646,0.168,2.0,True
True,1.0,,1.0,1.0,1.0,0.0,0.0,1.0,1.0,69.0,69.0,1.0,0.6646,0.168,8.0,True
False,0.0,,1.0,1.0,1.0,0.0,0.0,1.0,1.0,45.0,45.0,1.0,0.6911,0.0002,1.0,True
False,0.0,0.8587,0.8646,0.8646,0.8646,1.0,3344246.0,1.0,1.0,46.0,1.0,0.02173913,0.6629,0.1578,1.0,False
False,0.0,,1.0,1.0,1.0,0.0,0.0,1.0,1.0,67.0,67.0,1.0,0.6911,0.0002,4.0,True
False,0.0,0.8587,0.8628,0.8628,0.8628,1.0,3344246.0,1.0,1.0,68.0,1.0,0.014705882,0.6629,0.1578,4.0,False
False,0.0,,1.0,1.0,1.0,0.0,0.0,1.0,1.0,134.0,134.0,1.0,0.6636,0.1624,,True
False,0.0,,1.0,1.0,1.0,0.0,0.0,1.0,1.0,251.0,251.0,1.0,0.6911,0.0002,6.0,True
False,0.0,0.8553,0.8581,0.8581,0.8581,1.0,3435044.0,1.0,1.0,253.0,3.0,0.011857707,0.6641,0.1654,6.0,True
False,0.0,,1.0,1.0,1.0,0.0,0.0,1.0,1.0,20.0,20.0,1.0,0.6636,0.1624,0.0,True
False,0.0,,,1.0,1.0,1.0,78618.0,1.0,2.0,0.0,20.0,inf,0.6641,0.1654,,True
False,0.0,,1.0,1.0,1.0,0.0,0.0,1.0,1.0,107.0,107.0,1.0,0.6911,0.0002,,True
False,0.0,,1.0,1.0,1.0,0.0,0.0,1.0,1.0,48.0,48.0,1.0,0.6911,0.0002,,True
False,0.0,,1.0,1.0,1.0,0.0,0.0,1.0,1.0,748.0,748.0,1.0,0.6911,0.0002,20.0,True
True,1.0,0.0994,0.1006,0.1006,0.1006,1.0,49833434.0,1.0,1.0,748.0,1.0,0.0013368984,0.5518,0.5998,20.0,True
False,0.0,,1.0,1.0,1.0,0.0,0.0,1.0,1.0,30.0,30.0,1.0,0.6911,0.0002,,True
False,0.0,,1.0,1.0,1.0,0.0,0.0,1.0,1.0,998.0,998.0,1.0,0.6911,0.0002,25.0,True
True,1.0,0.0994,0.1003,0.1003,0.1003,1.0,49833434.0,1.0,1.0,998.0,1.0,0.001002004,0.5518,0.5998,25.0,True
False,0.0,,1.0,1.0,1.0,0.0,0.0,1.0,1.0,409.0,409.0,1.0,0.6911,0.0002,7.0,True
False,0.0,0.988,0.9882,0.9882,0.9882,1.0,272045.0,1.0,1.0,410.0,3.0,0.007317073,0.6915,0.0059,7.0,False
False,0.0,0.1126,0.1212,0.1212,0.1212,2.0,47163297.0,1.0,1.0,410.0,4.0,0.009756098,0.5733,0.5036,7.0,True
False,0.0,,1.0,1.0,1.0,0.0,0.0,1.0,1.0,158.0,158.0,1.0,0.6911,0.0002,4.0,True
False,0.0,0.1125,0.1237,0.1237,0.1237,1.0,47163297.0,1.0,1.0,158.0,2.0,0.012658228,0.5733,0.5036,4.0,True
False,0.0,,1.0,1.0,1.0,0.0,0.0,1.0,1.0,337.0,337.0,1.0,0.6911,0.0002,5.0,True
False,0.0,0.5438,0.5493,0.5493,0.5493,1.0,13133022.0,1.0,1.0,327.0,16.0,0.048929665,0.6685,0.1625,5.0,True
False,0.0,0.1137,0.1191,0.1191,0.1191,2.0,47163297.0,1.0,1.0,327.0,2.0,0.006116208,0.5733,0.5036,5.0,True
False,0.0,,1.0,1.0,1.0,0.0,0.0,1.0,1.0,316.0,316.0,1.0,0.6911,0.0002,3.0,True
False,0.0,0.5438,0.5527,0.5527,0.5527,1.0,13133022.0,1.0,1.0,306.0,16.0,0.052287582,0.6685,0.1625,3.0,True
False,0.0,0.1144,0.1202,0.1202,0.1202,2.0,47163297.0,1.0,1.0,306.0,2.0,0.006535948,0.5733,0.5036,3.0,True
False,0.0,,1.0,1.0,1.0,0.0,0.0,1.0,1.0,211.0,211.0,1.0,0.6911,0.0002,2.0,True
False,0.0,0.5438,0.5548,0.5548,0.5548,1.0,13133022.0,1.0,1.0,205.0,11.0,0.053658538,0.6685,0.1625,2.0,True
False,0.0,0.1148,0.1235,0.1235,0.1235,2.0,47163297.0,1.0,1.0,205.0,2.0,0.009756098,0.5733,0.5036,2.0,True
False,0.0,,1.0,1.0,1.0,0.0,0.0,1.0,1.0,321.0,321.0,1.0,0.6911,0.0002,3.0,True
False,0.0,0.5438,0.554,0.554,0.554,1.0,13133022.0,1.0,1.0,311.0,22.0,0.07073955,0.6685,0.1625,3.0,True
False,0.0,0.1147,0.126,0.126,0.126,2.0,47163297.0,1.0,1.0,311.0,4.0,0.012861736,0.5733,0.5036,3.0,True
False,0.0,,1.0,1.0,1.0,0.0,0.0,1.0,1.0,429.0,429.0,1.0,0.6911,0.0002,4.0,True
False,0.0,0.5438,0.5492,0.5492,0.5492,1.0,13133022.0,1.0,1.0,423.0,11.0,0.026004728,0.6685,0.1625,4.0,True
False,0.0,0.1137,0.1158,0.1158,0.1158,2.0,47163297.0,1.0,1.0,423.0,1.0,0.0023640662,0.5733,0.5036,4.0,True
False,0.0,,1.0,1.0,1.0,0.0,0.0,1.0,1.0,157.0,157.0,1.0,0.6911,0.0002,2.0,True
False,0.0,0.5438,0.5588,0.5588,0.5588,1.0,13133022.0,1.0,1.0,151.0,11.0,0.07284768,0.6685,0.1625,2.0,True
False,0.0,0.1157,0.1215,0.1215,0.1215,2.0,47163297.0,1.0,1.0,151.0,1.0,0.0066225166,0.5733,0.5036,2.0,True
False,0.0,,1.0,1.0,1.0,0.0,0.0,1.0,1.0,220.0,220.0,1.0,0.6911,0.0002,2.0,True
False,0.0,0.5438,0.5544,0.5544,0.5544,1.0,13133022.0,1.0,1.0,214.0,11.0,0.05140187,0.6685,0.1625,2.0,True
False,0.0,0.1147,0.1313,0.1313,0.1313,2.0,47163297.0,1.0,1.0,214.0,4.0,0.018691588,0.5733,0.5036,2.0,True
False,0.0,,1.0,1.0,1.0,0.0,0.0,1.0,1.0,50.0,50.0,1.0,0.6911,0.0002,,True
False,0.0,,1.0,1.0,1.0,0.0,0.0,1.0,1.0,177.0,177.0,1.0,0.6911,0.0002,4.0,True
False,0.0,0.5438,0.557,0.557,0.557,1.0,13133022.0,1.0,1.0,171.0,11.0,0.064327486,0.6685,0.1625,4.0,True
False,0.0,0.1153,0.1256,0.1256,0.1256,2.0,47163297.0,1.0,1.0,171.0,2.0,0.0116959065,0.5733,0.5036,4.0,True
False,0.0,,1.0,1.0,1.0,0.0,0.0,1.0,1.0,62.0,62.0,1.0,0.6911,0.0002,,True
False,0.0,,1.0,1.0,1.0,0.0,0.0,1.0,1.0,297.0,297.0,1.0,0.6911,0.0002,4.0,True
False,0.0,0.5438,0.5516,0.5516,0.5516,1.0,13133022.0,1.0,1.0,291.0,11.0,0.03780069,0.6685,0.1625,4.0,True
False,0.0,0.1142,0.1202,0.1202,0.1202,2.0,47163297.0,1.0,1.0,291.0,2.0,0.0068728523,0.5733,0.5036,4.0,True
False,0.0,,1.0,1.0,1.0,0.0,0.0,1.0,1.0,187.0,187.0,1.0,0.6911,0.0002,2.0,True
False,0.0,0.5438,0.5616,0.5616,0.5616,1.0,13133022.0,1.0,1.0,177.0,22.0,0.12429378,0.6685,0.1625,2.0,True
False,0.0,0.1162,0.1262,0.1262,0.1262,2.0,47163297.0,1.0,1.0,177.0,2.0,0.011299435,0.5733,0.5036,2.0,True
False,0.0,,1.0,1.0,1.0,0.0,0.0,1.0,1.0,75.0,75.0,1.0,0.6911,0.0002,4.0,True
False,0.0,0.5438,0.5615,0.5615,0.5615,1.0,13133022.0,1.0,1.0,75.0,4.0,0.053333335,0.6685,0.1625,4.0,True
False,0.0,0.1176,0.3256,0.3256,0.3256,2.0,46902843.0,1.0,1.0,88.0,21.0,0.23863636,0.5747,0.4782,6.0,True
False,0.0,0.3217,0.3312,0.3312,0.3312,3.0,47163297.0,1.0,1.0,88.0,1.0,0.011363637,0.5733,0.5036,6.0,True
False,0.0,,1.0,1.0,1.0,0.0,0.0,1.0,1.0,362.0,362.0,1.0,0.6911,0.0002,11.0,True
False,0.0,0.5438,0.562,0.562,0.562,1.0,13133022.0,1.0,1.0,348.0,40.0,0.11494253,0.6685,0.1625,11.0,True
False,0.0,0.1177,0.1328,0.1328,0.1328,2.0,46902843.0,1.0,1.0,350.0,5.0,0.014285714,0.5747,0.4782,11.0,True
False,0.0,0.1312,0.1412,0.1412,0.1412,3.0,47163297.0,1.0,1.0,350.0,4.0,0.011428571,0.5733,0.5036,11.0,True
False,0.0,,1.0,1.0,1.0,0.0,0.0,1.0,1.0,143.0,143.0,1.0,0.6911,0.0002,7.0,True
False,0.0,0.5438,0.5638,0.5638,0.5638,1.0,13133022.0,1.0,1.0,135.0,15.0,0.11111111,0.6685,0.1625,7.0,True
False,0.0,0.1167,0.1358,0.1358,0.1358,2.0,47163297.0,1.0,1.0,136.0,2.0,0.014705882,0.5733,0.5036,7.0,True
False,0.0,,1.0,1.0,1.0,0.0,0.0,1.0,1.0,61.0,61.0,1.0,0.6911,0.0002,2.0,True
False,0.0,0.1125,0.1269,0.1269,0.1269,1.0,47163297.0,1.0,1.0,61.0,1.0,0.016393442,0.5733,0.5036,2.0,True
False,0.0,,1.0,1.0,1.0,0.0,0.0,1.0,1.0,136.0,136.0,1.0,0.6911,0.0002,12.0,True
False,0.0,0.1125,0.1785,0.1785,0.1785,1.0,47163297.0,1.0,1.0,146.0,10.0,0.06849315,0.5733,0.5036,13.0,True
False,0.0,,1.0,1.0,1.0,0.0,0.0,1.0,1.0,80.0,80.0,1.0,0.6911,0.0002,1.0,True
False,0.0,0.1125,0.1892,0.1892,0.1892,1.0,47163297.0,1.0,1.0,80.0,7.0,0.0875,0.5733,0.5036,1.0,True
False,0.0,,1.0,1.0,1.0,0.0,0.0,1.0,1.0,74.0,74.0,1.0,0.6911,0.0002,2.0,True
False,0.0,,1.0,1.0,1.0,0.0,0.0,1.0,1.0,74.0,74.0,1.0,0.6911,0.0002,2.0,True
False,0.0,,1.0,1.0,1.0,0.0,0.0,1.0,1.0,157.0,157.0,1.0,0.6911,0.0002,5.0,True
False,0.0,0.1125,0.1575,0.1575,0.1575,1.0,47163297.0,1.0,1.0,157.0,8.0,0.050955415,0.5733,0.5036,5.0,True
False,0.0,,1.0,1.0,1.0,0.0,0.0,1.0,1.0,101.0,101.0,1.0,0.6911,0.0002,2.0,True
False,0.0,0.8217,0.8251,0.8251,0.8251,1.0,4306466.0,1.0,1.0,102.0,1.0,0.009803922,0.6647,0.166,2.0,False
False,0.0,0.113,0.2767,0.2767,0.2767,2.0,47163297.0,1.0,1.0,100.0,21.0,0.21,0.5733,0.5036,2.0,True
False,0.0,,1.0,1.0,1.0,0.0,0.0,1.0,1.0,454.0,454.0,1.0,0.6911,0.0002,7.0,True
False,0.0,0.1125,0.1145,0.1145,0.1145,1.0,47163297.0,1.0,1.0,454.0,1.0,0.002202643,0.5733,0.5036,7.0,True
False,0.0,,1.0,1.0,1.0,0.0,0.0,1.0,1.0,1517.0,1517.0,1.0,0.6911,0.0002,62.0,True
False,0.0,0.5438,0.5462,0.5462,0.5462,1.0,13133022.0,1.0,1.0,1495.0,30.0,0.020066889,0.6685,0.1625,62.0,True
False,0.0,0.1131,0.1807,0.1807,0.1807,2.0,47163297.0,1.0,1.0,1479.0,129.0,0.08722109,0.5733,0.5036,62.0,True
False,0.0,,1.0,1.0,1.0,0.0,0.0,1.0,1.0,678.0,678.0,1.0,0.6911,0.0002,8.0,True
False,0.0,0.5438,0.5536,0.5536,0.5536,1.0,13133022.0,1.0,1.0,647.0,54.0,0.083462134,0.6685,0.1625,8.0,True
False,0.0,0.1146,0.1187,0.1187,0.1187,2.0,47163297.0,1.0,1.0,646.0,4.0,0.0061919503,0.5733,0.5036,8.0,True
False,0.0,,1.0,1.0,1.0,0.0,0.0,1.0,1.0,487.0,487.0,1.0,0.6911,0.0002,3.0,True
False,0.0,0.8587,0.8593,0.8593,0.8593,1.0,3344246.0,1.0,1.0,488.0,1.0,0.0020491802,0.6629,0.1578,3.0,False
False,0.0,0.5442,0.5499,0.5499,0.5499,2.0,13133022.0,1.0,1.0,476.0,18.0,0.037815128,0.6685,0.1625,3.0,True
False,0.0,0.1138,0.1509,0.1509,0.1509,3.0,47163297.0,1.0,1.0,476.0,20.0,0.042016808,0.5733,0.5036,3.0,True
False,0.0,,1.0,1.0,1.0,0.0,0.0,1.0,1.0,510.0,510.0,1.0,0.6911,0.0002,4.0,True
False,0.0,0.8553,0.8559,0.8559,0.8559,1.0,3435044.0,1.0,1.0,511.0,1.0,0.0019569471,0.6641,0.1654,4.0,True
False,0.0,0.5441,0.5486,0.5486,0.5486,2.0,13133022.0,1.0,1.0,505.0,11.0,0.021782178,0.6685,0.1625,4.0,True
False,0.0,0.1136,0.1171,0.1171,0.1171,3.0,47163297.0,1.0,1.0,505.0,2.0,0.003960396,0.5733,0.5036,4.0,True
False,0.0,,1.0,1.0,1.0,0.0,0.0,1.0,1.0,300.0,300.0,1.0,0.6911,0.0002,3.0,True
False,0.0,0.5438,0.5515,0.5515,0.5515,1.0,13133022.0,1.0,1.0,294.0,11.0,0.037414964,0.6685,0.1625,3.0,True
False,0.0,0.1141,0.1202,0.1202,0.1202,2.0,47163297.0,1.0,1.0,294.0,2.0,0.006802721,0.5733,0.5036,3.0,True
False,0.0,,1.0,1.0,1.0,0.0,0.0,1.0,1.0,655.0,655.0,1.0,0.6911,0.0002,4.0,True
False,0.0,0.5438,0.548,0.548,0.548,1.0,13133022.0,1.0,1.0,645.0,16.0,0.024806201,0.6685,0.1625,4.0,True
False,0.0,0.1134,0.1478,0.1478,0.1478,2.0,47163297.0,1.0,1.0,645.0,25.0,0.03875969,0.5733,0.5036,4.0,True
False,0.0,,1.0,1.0,1.0,0.0,0.0,1.0,1.0,1682.0,1682.0,1.0,0.6911,0.0002,17.0,True
False,0.0,0.5438,0.5454,0.5454,0.5454,1.0,13133022.0,1.0,1.0,1668.0,20.0,0.0119904075,0.6685,0.1625,17.0,True
False,0.0,0.1129,0.1161,0.1161,0.1161,2.0,47163297.0,1.0,1.0,1668.0,6.0,0.0035971224,0.5733,0.5036,17.0,True
False,0.0,,1.0,1.0,1.0,0.0,0.0,1.0,1.0,9.0,9.0,1.0,0.6911,0.0002,0.0,True
False,0.0,,1.0,1.0,1.0,0.0,0.0,1.0,1.0,27.0,27.0,1.0,0.6911,0.0002,,True
False,0.0,,1.0,1.0,1.0,0.0,0.0,1.0,1.0,9.0,9.0,1.0,0.6911,0.0002,0.0,True
False,0.0,,1.0,1.0,1.0,0.0,0.0,1.0,1.0,40.0,40.0,1.0,0.6911,0.0002,,True
False,0.0,,1.0,1.0,1.0,0.0,0.0,1.0,1.0,28.0,28.0,1.0,0.6911,0.0002,3.0,True
False,0.0,,1.0,1.0,1.0,0.0,0.0,1.0,1.0,40.0,40.0,1.0,0.6911,0.0002,,True
False,0.0,,1.0,1.0,1.0,0.0,0.0,1.0,1.0,269.0,269.0,1.0,0.6911,0.0002,,True
False,0.0,,1.0,1.0,1.0,0.0,0.0,1.0,1.0,35.0,35.0,1.0,0.6911,0.0002,6.0,True
False,0.0,,1.0,1.0,1.0,0.0,0.0,1.0,1.0,9.0,9.0,1.0,0.6911,0.0002,0.0,True
False,0.0,,1.0,1.0,1.0,0.0,0.0,1.0,1.0,31.0,31.0,1.0,0.6911,0.0002,,True
False,0.0,,1.0,1.0,1.0,0.0,0.0,1.0,1.0,5.0,5.0,1.0,0.6911,0.0002,0.0,True
False,0.0,,1.0,1.0,1.0,0.0,0.0,1.0,1.0,10.0,10.0,1.0,0.6911,0.0002,,True
False,0.0,,1.0,1.0,1.0,0.0,0.0,1.0,1.0,5.0,5.0,1.0,0.6911,0.0002,0.0,True
False,0.0,,1.0,1.0,1.0,0.0,0.0,1.0,1.0,151.0,151.0,1.0,0.6911,0.0002,,True
False,0.0,,1.0,1.0,1.0,0.0,0.0,1.0,1.0,796.0,796.0,1.0,0.6911,0.0002,8.0,True
False,0.0,0.5438,0.5472,0.5472,0.5472,1.0,13133022.0,1.0,1.0,786.0,16.0,0.020356234,0.6685,0.1625,8.0,True
False,0.0,0.1133,0.1189,0.1189,0.1189,2.0,47163297.0,1.0,1.0,786.0,5.0,0.006361323,0.5733,0.5036,8.0,True
False,0.0,,1.0,1.0,1.0,0.0,0.0,1.0,1.0,27.0,27.0,1.0,0.6911,0.0002,4.0,True
False,0.0,,1.0,1.0,1.0,0.0,0.0,1.0,1.0,82.0,82.0,1.0,0.6911,0.0002,,True
False,0.0,,1.0,1.0,1.0,0.0,0.0,1.0,1.0,553.0,553.0,1.0,0.6911,0.0002,4.0,True
False,0.0,0.5438,0.548,0.548,0.548,1.0,13133022.0,1.0,1.0,542.0,16.0,0.029520296,0.6685,0.1625,4.0,True
False,0.0,0.1134,0.1641,0.1641,0.1641,2.0,47163297.0,1.0,1.0,542.0,31.0,0.05719557,0.5733,0.5036,4.0,True
False,0.0,,1.0,1.0,1.0,0.0,0.0,1.0,1.0,45.0,45.0,1.0,0.6911,0.0002,8.0,True
False,0.0,,1.0,1.0,1.0,0.0,0.0,1.0,1.0,202.0,202.0,1.0,0.6911,0.0002,,True
False,0.0,,1.0,1.0,1.0,0.0,0.0,1.0,1.0,493.0,493.0,1.0,0.6911,0.0002,4.0,True
False,0.0,0.5438,0.5475,0.5475,0.5475,1.0,13133022.0,1.0,1.0,487.0,10.0,0.02053388,0.6685,0.1625,4.0,True
False,0.0,0.1133,0.1624,0.1624,0.1624,2.0,47163297.0,1.0,1.0,487.0,27.0,0.05544148,0.5733,0.5036,4.0,True
False,0.0,,1.0,1.0,1.0,0.0,0.0,1.0,1.0,15.0,15.0,1.0,0.6911,0.0002,2.0,True
False,0.0,,1.0,1.0,1.0,0.0,0.0,1.0,1.0,37.0,37.0,1.0,0.6911,0.0002,,True
False,0.0,,1.0,1.0,1.0,0.0,0.0,1.0,1.0,233.0,233.0,1.0,0.6911,0.0002,2.0,True
False,0.0,0.5438,0.5538,0.5538,0.5538,1.0,13133022.0,1.0,1.0,227.0,11.0,0.04845815,0.6685,0.1625,2.0,True
False,0.0,0.1146,0.1224,0.1224,0.1224,2.0,47163297.0,1.0,1.0,227.0,2.0,0.008810572,0.5733,0.5036,2.0,True
False,0.0,,1.0,1.0,1.0,0.0,0.0,1.0,1.0,76.0,76.0,1.0,0.6911,0.0002,3.0,True
False,0.0,,1.0,1.0,1.0,0.0,0.0,1.0,1.0,31.0,31.0,1.0,0.6911,0.0002,,True
False,0.0,,1.0,1.0,1.0,0.0,0.0,1.0,1.0,553.0,553.0,1.0,0.6911,0.0002,5.0,True
False,0.0,0.5438,0.5479,0.5479,0.5479,1.0,13133022.0,1.0,1.0,547.0,11.0,0.020109689,0.6685,0.1625,5.0,True
False,0.0,0.1134,0.115,0.115,0.115,2.0,47163297.0,1.0,1.0,547.0,1.0,0.0018281536,0.5733,0.5036,5.0,True
False,0.0,,1.0,1.0,1.0,0.0,0.0,1.0,1.0,212.0,212.0,1.0,0.6911,0.0002,3.0,True
False,0.0,0.5438,0.5548,0.5548,0.5548,1.0,13133022.0,1.0,1.0,206.0,11.0,0.053398058,0.6685,0.1625,3.0,True
False,0.0,0.1148,0.1234,0.1234,0.1234,2.0,47163297.0,1.0,1.0,206.0,2.0,0.009708738,0.5733,0.5036,3.0,True
False,0.0,,1.0,1.0,1.0,0.0,0.0,1.0,1.0,426.0,426.0,1.0,0.6911,0.0002,5.0,True
False,0.0,0.5438,0.5492,0.5492,0.5492,1.0,13133022.0,1.0,1.0,420.0,11.0,0.026190476,0.6685,0.1625,5.0,True
False,0.0,0.1137,0.1179,0.1179,0.1179,2.0,47163297.0,1.0,1.0,420.0,2.0,0.004761905,0.5733,0.5036,5.0,True
False,0.0,,1.0,1.0,1.0,0.0,0.0,1.0,1.0,346.0,346.0,1.0,0.6911,0.0002,4.0,True
False,0.0,0.8553,0.8561,0.8561,0.8561,1.0,3435044.0,1.0,1.0,347.0,1.0,0.0028818443,0.6641,0.1654,4.0,True
False,0.0,0.5443,0.551,0.551,0.551,2.0,13133022.0,1.0,1.0,341.0,11.0,0.032258064,0.6685,0.1625,4.0,True
False,0.0,0.114,0.1192,0.1192,0.1192,3.0,47163297.0,1.0,1.0,341.0,2.0,0.0058651026,0.5733,0.5036,4.0,True
False,0.0,,1.0,1.0,1.0,0.0,0.0,1.0,1.0,890.0,890.0,1.0,0.6911,0.0002,5.0,True
False,0.0,0.5438,0.5463,0.5463,0.5463,1.0,13133022.0,1.0,1.0,884.0,11.0,0.012443439,0.6685,0.1625,5.0,True
False,0.0,0.1131,0.1191,0.1191,0.1191,2.0,47163297.0,1.0,1.0,884.0,6.0,0.0067873304,0.5733,0.5036,5.0,True
False,0.0,,1.0,1.0,1.0,0.0,0.0,1.0,1.0,218.0,218.0,1.0,0.6911,0.0002,2.0,True
False,0.0,0.8553,0.8591,0.8591,0.8591,1.0,3435044.0,1.0,1.0,221.0,3.0,0.013574661,0.6641,0.1654,2.0,True
False,0.0,0.5463,0.5568,0.5568,0.5568,2.0,13133022.0,1.0,1.0,215.0,11.0,0.05116279,0.6685,0.1625,2.0,True
False,0.0,0.1152,0.1314,0.1314,0.1314,3.0,47163297.0,1.0,1.0,215.0,4.0,0.018604651,0.5733,0.5036,2.0,True
False,0.0,,1.0,1.0,1.0,0.0,0.0,1.0,1.0,14.0,14.0,1.0,0.6911,0.0002,,True
False,0.0,,1.0,1.0,1.0,0.0,0.0,1.0,1.0,20.0,20.0,1.0,0.6911,0.0002,,True
False,0.0,,1.0,1.0,1.0,0.0,0.0,1.0,1.0,6.0,6.0,1.0,0.6911,0.0002,,True
False,0.0,,1.0,1.0,1.0,0.0,0.0,1.0,1.0,27.0,27.0,1.0,0.6911,0.0002,,True
False,0.0,,1.0,1.0,1.0,0.0,0.0,1.0,1.0,194.0,194.0,1.0,0.6911,0.0002,,True
False,0.0,,1.0,1.0,1.0,0.0,0.0,1.0,1.0,28.0,28.0,1.0,0.6911,0.0002,,True
False,0.0,,1.0,1.0,1.0,0.0,0.0,1.0,1.0,56.0,56.0,1.0,0.6911,0.0002,,True
False,0.0,,1.0,1.0,1.0,0.0,0.0,1.0,1.0,21.0,21.0,1.0,0.6911,0.0002,,True
False,0.0,,1.0,1.0,1.0,0.0,0.0,1.0,1.0,20.0,20.0,1.0,0.6911,0.0002,,True
False,0.0,,1.0,1.0,1.0,0.0,0.0,1.0,1.0,149.0,149.0,1.0,0.6911,0.0002,,True
False,0.0,,1.0,1.0,1.0,0.0,0.0,1.0,1.0,38.0,38.0,1.0,0.6911,0.0002,,True
False,0.0,,1.0,1.0,1.0,0.0,0.0,1.0,1.0,30.0,30.0,1.0,0.6911,0.0002,,True
False,0.0,,1.0,1.0,1.0,0.0,0.0,1.0,1.0,435.0,435.0,1.0,0.6911,0.0002,23.0,True
False,0.0,0.1125,0.237,0.237,0.237,1.0,47163297.0,1.0,1.0,433.0,63.0,0.14549653,0.5733,0.5036,22.0,True
False,0.0,,1.0,1.0,1.0,0.0,0.0,1.0,1.0,454.0,454.0,1.0,0.6911,0.0002,,True
False,0.0,,1.0,1.0,1.0,0.0,0.0,1.0,1.0,26.0,26.0,1.0,0.6911,0.0002,,True
False,0.0,,1.0,1.0,1.0,0.0,0.0,1.0,1.0,89.0,89.0,1.0,0.6911,0.0002,1.0,True
False,0.0,0.5438,0.5688,0.5688,0.5688,1.0,13133022.0,1.0,1.0,89.0,8.0,0.08988764,0.6685,0.1625,1.0,True
False,0.0,0.1177,0.1275,0.1275,0.1275,2.0,47163297.0,1.0,1.0,89.0,1.0,0.011235955,0.5733,0.5036,1.0,True
False,0.0,,1.0,1.0,1.0,0.0,0.0,1.0,1.0,13.0,13.0,1.0,0.6911,0.0002,,True
False,0.0,,1.0,1.0,1.0,0.0,0.0,1.0,1.0,51.0,51.0,1.0,0.6911,0.0002,,True
False,0.0,,1.0,1.0,1.0,0.0,0.0,1.0,1.0,242.0,242.0,1.0,0.6911,0.0002,4.0,True
False,0.0,0.5438,0.5516,0.5516,0.5516,1.0,13133022.0,1.0,1.0,231.0,17.0,0.07359307,0.6685,0.1625,4.0,True
False,0.0,0.1142,0.1256,0.1256,0.1256,2.0,47163297.0,1.0,1.0,231.0,3.0,0.012987013,0.5733,0.5036,4.0,True
False,0.0,,1.0,1.0,1.0,0.0,0.0,1.0,1.0,454.0,454.0,1.0,0.6911,0.0002,,True
False,0.0,,1.0,1.0,1.0,0.0,0.0,1.0,1.0,71.0,71.0,1.0,0.6911,0.0002,,True
False,0.0,,1.0,1.0,1.0,0.0,0.0,1.0,1.0,236.0,236.0,1.0,0.6911,0.0002,4.0,True
True,1.0,0.953,0.9555,0.9555,0.9555,1.0,1102080.0,1.0,1.0,241.0,10.0,0.041493777,0.6624,0.1751,4.0,False
False,1.0,0.5453,0.5757,0.5757,0.5757,2.0,13133022.0,1.0,1.0,233.0,37.0,0.15879828,0.6685,0.1625,4.0,True
False,1.0,0.1191,0.1266,0.1266,0.1266,3.0,47163297.0,1.0,1.0,233.0,2.0,0.008583691,0.5733,0.5036,4.0,True
False,0.0,,1.0,1.0,1.0,0.0,0.0,1.0,1.0,22.0,22.0,1.0,0.6911,0.0002,,True
False,0.0,,1.0,1.0,1.0,0.0,0.0,1.0,1.0,64.0,64.0,1.0,0.6911,0.0002,,True
False,0.0,,1.0,1.0,1.0,0.0,0.0,1.0,1.0,315.0,315.0,1.0,0.6911,0.0002,6.0,True
False,0.0,0.5438,0.5452,0.5452,0.5452,1.0,13133022.0,1.0,1.0,310.0,6.0,0.019354839,0.6685,0.1625,6.0,True
False,0.0,0.1129,0.187,0.187,0.187,2.0,47163297.0,1.0,1.0,310.0,26.0,0.08387097,0.5733,0.5036,6.0,True
False,0.0,,1.0,1.0,1.0,0.0,0.0,1.0,1.0,52.0,52.0,1.0,0.6911,0.0002,0.0,True
False,0.0,,1.0,1.0,1.0,0.0,0.0,1.0,1.0,227.0,227.0,1.0,0.6911,0.0002,,True
False,0.0,,1.0,1.0,1.0,0.0,0.0,1.0,1.0,126.0,126.0,1.0,0.6911,0.0002,5.0,True
False,0.0,0.1125,0.2063,0.2063,0.2063,1.0,47163297.0,1.0,1.0,140.0,14.0,0.1,0.5733,0.5036,6.0,True
False,0.0,,1.0,1.0,1.0,0.0,0.0,1.0,1.0,394.0,394.0,1.0,0.6911,0.0002,8.0,True
False,0.0,0.5438,0.5461,0.5461,0.5461,1.0,13133022.0,1.0,1.0,388.0,8.0,0.020618556,0.6685,0.1625,8.0,True
False,0.0,0.113,0.1481,0.1481,0.1481,2.0,47163297.0,1.0,1.0,403.0,15.0,0.037220843,0.5733,0.5036,9.0,True
False,0.0,,1.0,1.0,1.0,0.0,0.0,1.0,1.0,339.0,339.0,1.0,0.6911,0.0002,10.0,True
False,0.0,0.5438,0.556,0.556,0.556,1.0,13133022.0,1.0,1.0,296.0,52.0,0.17567568,0.6685,0.1625,10.0,True
False,0.0,0.1151,0.1299,0.1299,0.1299,2.0,47163297.0,1.0,1.0,295.0,6.0,0.020338982,0.5733,0.5036,10.0,True
False,0.0,,1.0,1.0,1.0,0.0,0.0,1.0,1.0,42.0,42.0,1.0,0.6911,0.0002,2.0,True
False,0.0,0.1125,0.3421,0.3421,0.3421,1.0,47163297.0,1.0,1.0,56.0,14.0,0.25,0.5733,0.5036,3.0,True
False,0.0,,1.0,1.0,1.0,0.0,0.0,1.0,1.0,258.0,258.0,1.0,0.6911,0.0002,5.0,True
False,0.0,0.8587,0.8609,0.8609,0.8609,1.0,3344246.0,1.0,1.0,260.0,2.0,0.0076923077,0.6629,0.1578,5.0,False
False,0.0,0.5452,0.5579,0.5579,0.5579,2.0,13133022.0,1.0,1.0,247.0,21.0,0.085020244,0.6685,0.1625,5.0,True
False,0.0,0.1155,0.1652,0.1652,0.1652,3.0,47163297.0,1.0,1.0,261.0,14.0,0.053639848,0.5733,0.5036,6.0,True
False,0.0,,1.0,1.0,1.0,0.0,0.0,1.0,1.0,43.0,43.0,1.0,0.6911,0.0002,,True
False,0.0,,1.0,1.0,1.0,0.0,0.0,1.0,1.0,84.0,84.0,1.0,0.6911,0.0002,,True
False,0.0,,1.0,1.0,1.0,0.0,0.0,1.0,1.0,18.0,18.0,1.0,0.6911,0.0002,,True
False,0.0,,1.0,1.0,1.0,0.0,0.0,1.0,1.0,87.0,87.0,1.0,0.6911,0.0002,,True
False,0.0,,1.0,1.0,1.0,0.0,0.0,1.0,1.0,5.0,5.0,1.0,0.6911,0.0002,,True
False,0.0,,1.0,1.0,1.0,0.0,0.0,1.0,1.0,20.0,20.0,1.0,0.6911,0.0002,,True
False,0.0,,1.0,1.0,1.0,0.0,0.0,1.0,1.0,5.0,5.0,1.0,0.6911,0.0002,,True
False,0.0,,1.0,1.0,1.0,0.0,0.0,1.0,1.0,24.0,24.0,1.0,0.6911,0.0002,,True
False,0.0,,1.0,1.0,1.0,0.0,0.0,1.0,1.0,13.0,13.0,1.0,0.6911,0.0002,,True
False,0.0,,1.0,1.0,1.0,0.0,0.0,1.0,1.0,46.0,46.0,1.0,0.6911,0.0002,,True
False,0.0,,1.0,1.0,1.0,0.0,0.0,1.0,1.0,134.0,134.0,1.0,0.6911,0.0002,,True
False,0.0,,1.0,1.0,1.0,0.0,0.0,1.0,1.0,255.0,255.0,1.0,0.6911,0.0002,5.0,True
False,0.0,0.8587,0.8609,0.8609,0.8609,1.0,3344246.0,1.0,1.0,257.0,2.0,0.007782101,0.6629,0.1578,5.0,False
False,0.0,0.5452,0.558,0.558,0.558,2.0,13133022.0,1.0,1.0,245.0,20.0,0.08163265,0.6685,0.1625,5.0,True
False,0.0,0.1155,0.1656,0.1656,0.1656,3.0,47163297.0,1.0,1.0,259.0,14.0,0.054054055,0.5733,0.5036,6.0,True
False,0.0,,1.0,1.0,1.0,0.0,0.0,1.0,1.0,16.0,16.0,1.0,0.6911,0.0002,,True
False,0.0,,1.0,1.0,1.0,0.0,0.0,1.0,1.0,123.0,123.0,1.0,0.6911,0.0002,2.0,True
False,0.0,0.5438,0.5591,0.5591,0.5591,1.0,13133022.0,1.0,1.0,117.0,10.0,0.08547009,0.6685,0.1625,2.0,True
False,0.0,0.1157,0.2696,0.2696,0.2696,2.0,47163297.0,1.0,1.0,132.0,22.0,0.16666667,0.5733,0.5036,2.0,True
False,0.0,,1.0,1.0,1.0,0.0,0.0,1.0,1.0,14.0,14.0,1.0,0.6911,0.0002,,True
False,0.0,,1.0,1.0,1.0,0.0,0.0,1.0,1.0,52.0,52.0,1.0,0.6911,0.0002,,True
False,0.0,,1.0,1.0,1.0,0.0,0.0,1.0,1.0,234.0,234.0,1.0,0.6911,0.0002,5.0,True
False,0.0,0.5438,0.5477,0.5477,0.5477,1.0,13133022.0,1.0,1.0,229.0,7.0,0.030567685,0.6685,0.1625,5.0,True
False,0.0,0.1134,0.1677,0.1677,0.1677,2.0,47163297.0,1.0,1.0,243.0,14.0,0.057613168,0.5733,0.5036,6.0,True
False,0.0,,1.0,1.0,1.0,0.0,0.0,1.0,1.0,33.0,33.0,1.0,0.6911,0.0002,,True
False,0.0,,1.0,1.0,1.0,0.0,0.0,1.0,1.0,22.0,22.0,1.0,0.6911,0.0002,,True
False,0.0,,1.0,1.0,1.0,0.0,0.0,1.0,1.0,234.0,234.0,1.0,0.6911,0.0002,5.0,True
False,0.0,0.5438,0.5477,0.5477,0.5477,1.0,13133022.0,1.0,1.0,229.0,7.0,0.030567685,0.6685,0.1625,5.0,True
False,0.0,0.1134,0.1677,0.1677,0.1677,2.0,47163297.0,1.0,1.0,243.0,14.0,0.057613168,0.5733,0.5036,6.0,True
False,0.0,,1.0,1.0,1.0,0.0,0.0,1.0,1.0,12.0,12.0,1.0,0.6911,0.0002,,True
False,0.0,,1.0,1.0,1.0,0.0,0.0,1.0,1.0,39.0,39.0,1.0,0.6911,0.0002,,True
False,0.0,,1.0,1.0,1.0,0.0,0.0,1.0,1.0,237.0,237.0,1.0,0.6911,0.0002,5.0,True
False,0.0,0.5438,0.5477,0.5477,0.5477,1.0,13133022.0,1.0,1.0,232.0,7.0,0.030172413,0.6685,0.1625,5.0,True
False,0.0,0.1134,0.167,0.167,0.167,2.0,47163297.0,1.0,1.0,246.0,14.0,0.05691057,0.5733,0.5036,6.0,True
False,0.0,,1.0,1.0,1.0,0.0,0.0,1.0,1.0,41.0,41.0,1.0,0.6911,0.0002,,True
False,0.0,,1.0,1.0,1.0,0.0,0.0,1.0,1.0,57.0,57.0,1.0,0.6911,0.0002,,True
False,0.0,,1.0,1.0,1.0,0.0,0.0,1.0,1.0,237.0,237.0,1.0,0.6911,0.0002,5.0,True
False,0.0,0.5438,0.5477,0.5477,0.5477,1.0,13133022.0,1.0,1.0,232.0,7.0,0.030172413,0.6685,0.1625,5.0,True
False,0.0,0.1134,0.167,0.167,0.167,2.0,47163297.0,1.0,1.0,246.0,14.0,0.05691057,0.5733,0.5036,6.0,True
False,0.0,,1.0,1.0,1.0,0.0,0.0,1.0,1.0,7.0,7.0,1.0,0.6911,0.0002,,True
False,0.0,,1.0,1.0,1.0,0.0,0.0,1.0,1.0,22.0,22.0,1.0,0.6911,0.0002,,True
False,0.0,,1.0,1.0,1.0,0.0,0.0,1.0,1.0,431.0,431.0,1.0,0.6911,0.0002,11.0,True
False,0.0,0.5438,0.5492,0.5492,0.5492,1.0,13133022.0,1.0,1.0,420.0,17.0,0.04047619,0.6685,0.1625,11.0,True
False,0.0,0.1137,0.1441,0.1441,0.1441,2.0,47163297.0,1.0,1.0,434.0,14.0,0.032258064,0.5733,0.5036,12.0,True
False,0.0,,1.0,1.0,1.0,0.0,0.0,1.0,1.0,196.0,196.0,1.0,0.6911,0.0002,4.0,True
False,0.0,0.5438,0.5485,0.5485,0.5485,1.0,13133022.0,1.0,1.0,191.0,7.0,0.036649216,0.6685,0.1625,4.0,True
False,0.0,0.1135,0.1778,0.1778,0.1778,2.0,47163297.0,1.0,1.0,205.0,14.0,0.068292685,0.5733,0.5036,5.0,True
False,0.0,,1.0,1.0,1.0,0.0,0.0,1.0,1.0,196.0,196.0,1.0,0.6911,0.0002,4.0,True
False,0.0,0.5438,0.5485,0.5485,0.5485,1.0,13133022.0,1.0,1.0,191.0,7.0,0.036649216,0.6685,0.1625,4.0,True
False,0.0,0.1135,0.1778,0.1778,0.1778,2.0,47163297.0,1.0,1.0,205.0,14.0,0.068292685,0.5733,0.5036,5.0,True
False,0.0,,1.0,1.0,1.0,0.0,0.0,1.0,1.0,300.0,300.0,1.0,0.6911,0.0002,7.0,True
False,0.0,0.5438,0.5469,0.5469,0.5469,1.0,13133022.0,1.0,1.0,294.0,8.0,0.027210884,0.6685,0.1625,7.0,True
False,0.0,0.1132,0.1561,0.1561,0.1561,2.0,47163297.0,1.0,1.0,308.0,14.0,0.045454547,0.5733,0.5036,8.0,True
False,0.0,,1.0,1.0,1.0,0.0,0.0,1.0,1.0,80.0,80.0,1.0,0.6911,0.0002,,True
False,0.0,,1.0,1.0,1.0,0.0,0.0,1.0,1.0,23.0,23.0,1.0,0.6911,0.0002,,True
False,0.0,,1.0,1.0,1.0,0.0,0.0,1.0,1.0,202.0,202.0,1.0,0.6911,0.0002,,True
False,0.0,,1.0,1.0,1.0,0.0,0.0,1.0,1.0,70.0,70.0,1.0,0.6911,0.0002,,True
False,0.0,,1.0,1.0,1.0,0.0,0.0,1.0,1.0,73.0,73.0,1.0,0.6911,0.0002,,True
False,0.0,,1.0,1.0,1.0,0.0,0.0,1.0,1.0,58.0,58.0,1.0,0.6911,0.0002,,True
False,0.0,,1.0,1.0,1.0,0.0,0.0,1.0,1.0,167.0,167.0,1.0,0.6911,0.0002,,True
False,0.0,,1.0,1.0,1.0,0.0,0.0,1.0,1.0,34.0,34.0,1.0,0.6911,0.0002,,True
False,0.0,,1.0,1.0,1.0,0.0,0.0,1.0,1.0,63.0,63.0,1.0,0.6911,0.0002,,True
False,0.0,,1.0,1.0,1.0,0.0,0.0,1.0,1.0,100.0,100.0,1.0,0.6911,0.0002,,True
False,0.0,,1.0,1.0,1.0,0.0,0.0,1.0,1.0,6.0,6.0,1.0,0.6911,0.0002,,True
False,0.0,,1.0,1.0,1.0,0.0,0.0,1.0,1.0,78.0,78.0,1.0,0.6911,0.0002,,True
False,0.0,,1.0,1.0,1.0,0.0,0.0,1.0,1.0,122.0,122.0,1.0,0.6911,0.0002,,True
False,0.0,,1.0,1.0,1.0,0.0,0.0,1.0,1.0,300.0,300.0,1.0,0.6911,0.0002,7.0,True
False,0.0,0.5438,0.5469,0.5469,0.5469,1.0,13133022.0,1.0,1.0,294.0,8.0,0.027210884,0.6685,0.1625,7.0,True
False,0.0,0.1132,0.1561,0.1561,0.1561,2.0,47163297.0,1.0,1.0,308.0,14.0,0.045454547,0.5733,0.5036,8.0,True
False,0.0,,1.0,1.0,1.0,0.0,0.0,1.0,1.0,419.0,419.0,1.0,0.6911,0.0002,11.0,True
False,0.0,0.5438,0.5493,0.5493,0.5493,1.0,13133022.0,1.0,1.0,408.0,17.0,0.041666668,0.6685,0.1625,11.0,True
False,0.0,0.1137,0.145,0.145,0.145,2.0,47163297.0,1.0,1.0,422.0,14.0,0.033175357,0.5733,0.5036,12.0,True
False,0.0,,1.0,1.0,1.0,0.0,0.0,1.0,1.0,522.0,522.0,1.0,0.6911,0.0002,11.0,True
False,0.0,0.1125,0.1373,0.1373,0.1373,1.0,47163297.0,1.0,1.0,536.0,14.0,0.026119404,0.5733,0.5036,12.0,True
False,0.0,,1.0,1.0,1.0,0.0,0.0,1.0,1.0,51.0,51.0,1.0,0.6911,0.0002,,True
False,0.0,,1.0,1.0,1.0,0.0,0.0,1.0,1.0,335.0,335.0,1.0,0.6911,0.0002,6.0,True
False,0.0,0.5438,0.552,0.552,0.552,1.0,13133022.0,1.0,1.0,329.0,14.0,0.04255319,0.6685,0.1625,6.0,True
False,0.0,0.1143,0.1527,0.1527,0.1527,2.0,47163297.0,1.0,1.0,343.0,14.0,0.040816326,0.5733,0.5036,7.0,True
False,0.0,,1.0,1.0,1.0,0.0,0.0,1.0,1.0,3.0,3.0,1.0,0.6911,0.0002,,True
False,0.0,,1.0,1.0,1.0,0.0,0.0,1.0,1.0,309.0,309.0,1.0,0.6911,0.0002,,True
False,0.0,,1.0,1.0,1.0,0.0,0.0,1.0,1.0,776.0,776.0,1.0,0.6911,0.0002,34.0,True
False,0.0,0.5438,0.5509,0.5509,0.5509,1.0,13133022.0,1.0,1.0,768.0,30.0,0.0390625,0.6685,0.1625,34.0,True
False,0.0,0.114,0.1209,0.1209,0.1209,2.0,47163297.0,1.0,1.0,769.0,5.0,0.006501951,0.5733,0.5036,34.0,True
False,0.0,,1.0,1.0,1.0,0.0,0.0,1.0,1.0,13.0,13.0,1.0,0.6911,0.0002,,True
False,0.0,,1.0,1.0,1.0,0.0,0.0,1.0,1.0,137.0,137.0,1.0,0.6911,0.0002,,True
False,0.0,,1.0,1.0,1.0,0.0,0.0,1.0,1.0,113.0,113.0,1.0,0.6911,0.0002,14.0,True
False,0.0,0.1125,0.1203,0.1203,0.1203,1.0,47163297.0,1.0,1.0,113.0,1.0,0.0088495575,0.5733,0.5036,14.0,True
False,0.0,,1.0,1.0,1.0,0.0,0.0,1.0,1.0,17.0,17.0,1.0,0.6911,0.0002,,True
False,0.0,,1.0,1.0,1.0,0.0,0.0,1.0,1.0,82.0,82.0,1.0,0.6911,0.0002,,True
False,0.0,,1.0,1.0,1.0,0.0,0.0,1.0,1.0,394.0,394.0,1.0,0.6911,0.0002,10.0,True
False,0.0,0.5438,0.5507,0.5507,0.5507,1.0,13133022.0,1.0,1.0,394.0,10.0,0.02538071,0.6685,0.1625,10.0,True
False,0.0,0.114,0.1162,0.1162,0.1162,2.0,47163297.0,1.0,1.0,394.0,1.0,0.002538071,0.5733,0.5036,10.0,True
False,0.0,,1.0,1.0,1.0,0.0,0.0,1.0,1.0,11.0,11.0,1.0,0.6911,0.0002,,True
False,0.0,,1.0,1.0,1.0,0.0,0.0,1.0,1.0,25.0,25.0,1.0,0.6911,0.0002,,True
False,0.0,,1.0,1.0,1.0,0.0,0.0,1.0,1.0,79.0,79.0,1.0,0.6911,0.0002,5.0,True
False,0.0,0.5438,0.5964,0.5964,0.5964,1.0,13133022.0,1.0,1.0,76.0,19.0,0.25,0.6685,0.1625,5.0,True
False,0.0,0.1234,0.1565,0.1565,0.1565,2.0,47163297.0,1.0,1.0,77.0,2.0,0.025974026,0.5733,0.5036,5.0,True
False,0.0,,1.0,1.0,1.0,0.0,0.0,1.0,1.0,93.0,93.0,1.0,0.6911,0.0002,5.0,True
False,0.0,0.5438,0.5843,0.5843,0.5843,1.0,13133022.0,1.0,1.0,88.0,19.0,0.2159091,0.6685,0.1625,5.0,True
False,0.0,0.1209,0.169,0.169,0.169,2.0,47163297.0,1.0,1.0,89.0,4.0,0.04494382,0.5733,0.5036,5.0,True
False,0.0,,1.0,1.0,1.0,0.0,0.0,1.0,1.0,83.0,83.0,1.0,0.6911,0.0002,6.0,True
False,0.0,0.5438,0.5823,0.5823,0.5823,1.0,13133022.0,1.0,1.0,81.0,14.0,0.17283951,0.6685,0.1625,6.0,True
False,0.0,0.1205,0.1718,0.1718,0.1718,2.0,47163297.0,1.0,1.0,83.0,4.0,0.04819277,0.5733,0.5036,6.0,True
False,0.0,,1.0,1.0,1.0,0.0,0.0,1.0,1.0,150.0,150.0,1.0,0.6911,0.0002,,True
False,0.0,,1.0,1.0,1.0,0.0,0.0,1.0,1.0,35.0,35.0,1.0,0.6911,0.0002,,True
False,0.0,,1.0,1.0,1.0,0.0,0.0,1.0,1.0,81.0,81.0,1.0,0.6911,0.0002,,True
False,0.0,,1.0,1.0,1.0,0.0,0.0,1.0,1.0,46.0,46.0,1.0,0.6911,0.0002,,True
False,0.0,,1.0,1.0,1.0,0.0,0.0,1.0,1.0,63.0,63.0,1.0,0.6911,0.0002,,True
False,0.0,,1.0,1.0,1.0,0.0,0.0,1.0,1.0,96.0,96.0,1.0,0.6911,0.0002,,True
False,0.0,,1.0,1.0,1.0,0.0,0.0,1.0,1.0,98.0,98.0,1.0,0.6911,0.0002,,True
False,0.0,,1.0,1.0,1.0,0.0,0.0,1.0,1.0,78.0,78.0,1.0,0.6911,0.0002,,True
False,0.0,,1.0,1.0,1.0,0.0,0.0,1.0,1.0,78.0,78.0,1.0,0.6911,0.0002,,True
False,0.0,,1.0,1.0,1.0,0.0,0.0,1.0,1.0,65.0,65.0,1.0,0.6911,0.0002,,True
False,0.0,,1.0,1.0,1.0,0.0,0.0,1.0,1.0,106.0,106.0,1.0,0.6911,0.0002,,True
False,0.0,,1.0,1.0,1.0,0.0,0.0,1.0,1.0,274.0,274.0,1.0,0.6911,0.0002,,True
False,0.0,,1.0,1.0,1.0,0.0,0.0,1.0,1.0,90.0,90.0,1.0,0.6911,0.0002,,True
False,0.0,,1.0,1.0,1.0,0.0,0.0,1.0,1.0,109.0,109.0,1.0,0.6911,0.0002,,True
False,0.0,,1.0,1.0,1.0,0.0,0.0,1.0,1.0,259.0,259.0,1.0,0.6911,0.0002,,True
False,0.0,,1.0,1.0,1.0,0.0,0.0,1.0,1.0,172.0,172.0,1.0,0.6911,0.0002,17.0,True
False,0.0,0.1139,0.1551,0.1551,0.1551,1.0,46902843.0,1.0,1.0,171.0,9.0,0.05263158,0.5747,0.4782,16.0,True
False,0.0,,1.0,1.0,1.0,0.0,0.0,1.0,1.0,38.0,38.0,1.0,0.6627,0.1652,,False
False,0.0,1.0,1.0,1.0,1.0,1.0,171.0,1.0,1.0,38.0,2.0,0.05263158,0.6627,0.1635,,False
False,0.0,1.0,1.0,1.0,1.0,2.0,63617.0,1.0,1.0,40.0,3.0,0.075,0.6627,0.162,,False
False,0.0,1.0,1.0,1.0,1.0,3.0,64533.0,1.0,1.0,42.0,5.0,0.11904762,0.6627,0.1605,,False
False,0.0,,0.4886,1.0,0.5,4.0,80376.0,2.0,2.0,84.0,42.0,0.5,0.6627,0.1579,,False
False,0.0,0.064,0.0797,0.1522,0.0761,5.0,43959356.0,2.0,2.0,77.0,9.0,0.116883114,0.5715,0.4773,,False
False,0.0,,1.0,1.0,1.0,0.0,0.0,1.0,1.0,9.0,9.0,1.0,0.5715,0.4773,,False
False,0.0,,1.0,1.0,1.0,0.0,0.0,1.0,1.0,14.0,14.0,1.0,0.6911,0.0002,,True
False,0.0,0.9802,0.9815,0.9815,0.9815,1.0,434111.0,1.0,1.0,14.0,1.0,0.071428575,0.6921,0.0081,,True
False,0.0,0.1178,0.2735,0.2735,0.2735,2.0,46194648.0,1.0,1.0,15.0,2.0,0.13333334,0.5715,0.4773,,False
False,0.0,,1.0,1.0,1.0,0.0,0.0,1.0,1.0,21.0,21.0,1.0,0.6911,0.0002,,True
False,0.0,0.9802,0.9814,0.9814,0.9814,1.0,434111.0,1.0,1.0,15.0,7.0,0.46666667,0.6921,0.0081,,True
False,0.0,0.1178,0.2648,0.2648,0.2648,2.0,46194648.0,1.0,1.0,16.0,2.0,0.125,0.5715,0.4773,,False
False,0.0,,1.0,1.0,1.0,0.0,0.0,1.0,1.0,81.0,81.0,1.0,0.6911,0.0002,,True
False,0.0,,1.0,1.0,1.0,0.0,0.0,1.0,1.0,19.0,19.0,1.0,0.6911,0.0002,,True
False,0.0,0.1176,0.2379,0.2379,0.2379,1.0,46194648.0,1.0,1.0,20.0,2.0,0.1,0.5715,0.4773,,False
False,0.0,,1.0,1.0,1.0,0.0,0.0,1.0,1.0,106.0,106.0,1.0,0.6911,0.0002,,True
False,0.0,,1.0,1.0,1.0,0.0,0.0,1.0,1.0,119.0,119.0,1.0,0.6911,0.0002,,True
False,0.0,,1.0,1.0,1.0,0.0,0.0,1.0,1.0,20.0,20.0,1.0,0.6911,0.0002,,True
False,0.0,0.9802,0.9811,0.9811,0.9811,1.0,434111.0,1.0,1.0,20.0,1.0,0.05,0.6921,0.0081,,True
False,0.0,0.1177,0.1598,0.1598,0.1598,2.0,46194648.0,1.0,1.0,20.0,1.0,0.05,0.5715,0.4773,,False
False,0.0,,1.0,1.0,1.0,0.0,0.0,1.0,1.0,80.0,80.0,1.0,0.6911,0.0002,,True
False,0.0,,1.0,1.0,1.0,0.0,0.0,1.0,1.0,125.0,125.0,1.0,0.6911,0.0002,,True
False,0.0,,1.0,1.0,1.0,0.0,0.0,1.0,1.0,138.0,138.0,1.0,0.6911,0.0002,,True
False,0.0,0.1176,0.1176,0.1176,0.1176,1.0,46194648.0,1.0,1.0,0.0,138.0,inf,0.5715,0.4773,,False
False,0.0,,1.0,1.0,1.0,0.0,0.0,1.0,1.0,81.0,81.0,1.0,0.6911,0.0002,,True
False,0.0,,1.0,1.0,1.0,0.0,0.0,1.0,1.0,24.0,24.0,1.0,0.6911,0.0002,,True
False,0.0,,1.0,1.0,1.0,0.0,0.0,1.0,1.0,2.0,2.0,1.0,0.5715,0.4773,,False
False,0.0,,1.0,1.0,1.0,0.0,0.0,1.0,1.0,5.0,5.0,1.0,0.6911,0.0002,,True
False,0.0,0.1176,0.4485,0.4485,0.4485,1.0,46194648.0,1.0,1.0,6.0,2.0,0.33333334,0.5715,0.4773,,False
False,0.0,,1.0,1.0,1.0,0.0,0.0,1.0,1.0,26.0,26.0,1.0,0.6911,0.0002,,True
False,0.0,,1.0,1.0,1.0,0.0,0.0,1.0,1.0,122069.0,122069.0,1.0,0.6911,0.0002,,True
False,0.0,,1.0,1.0,1.0,0.0,0.0,1.0,1.0,178.0,178.0,1.0,0.6911,0.0002,,True
False,0.0,,1.0,1.0,1.0,0.0,0.0,1.0,1.0,29.0,29.0,1.0,0.6911,0.0002,,True
False,0.0,,1.0,1.0,1.0,0.0,0.0,1.0,1.0,54.0,54.0,1.0,0.6911,0.0002,,True
False,0.0,,1.0,1.0,1.0,0.0,0.0,1.0,1.0,50.0,50.0,1.0,0.6911,0.0002,2.0,True
False,0.0,,1.0,1.0,1.0,0.0,0.0,1.0,1.0,21.0,21.0,1.0,0.6911,0.0002,,True
False,0.0,,1.0,1.0,1.0,0.0,0.0,1.0,1.0,110.0,110.0,1.0,0.6911,0.0002,,True
False,0.0,,1.0,1.0,1.0,0.0,0.0,1.0,1.0,36.0,36.0,1.0,0.6911,0.0002,,True
False,0.0,,1.0,1.0,1.0,0.0,0.0,1.0,1.0,63.0,63.0,1.0,0.6911,0.0002,,True
False,0.0,,1.0,1.0,1.0,0.0,0.0,1.0,1.0,59.0,59.0,1.0,0.6911,0.0002,,True
False,0.0,,1.0,1.0,1.0,0.0,0.0,1.0,1.0,131.0,131.0,1.0,0.6911,0.0002,,True
False,0.0,,1.0,1.0,1.0,0.0,0.0,1.0,1.0,26.0,26.0,1.0,0.6911,0.0002,,True
False,0.0,,1.0,1.0,1.0,0.0,0.0,1.0,1.0,91.0,91.0,1.0,0.6911,0.0002,,True
False,0.0,,1.0,1.0,1.0,0.0,0.0,1.0,1.0,23.0,23.0,1.0,0.6911,0.0002,,True
False,0.0,,1.0,1.0,1.0,0.0,0.0,1.0,1.0,5.0,5.0,1.0,0.6911,0.0002,,True
False,0.0,0.1176,0.4485,0.4485,0.4485,1.0,46194648.0,1.0,1.0,6.0,2.0,0.33333334,0.5715,0.4773,,False
False,0.0,,1.0,1.0,1.0,0.0,0.0,1.0,1.0,86.0,86.0,1.0,0.6911,0.0002,,True
False,0.0,,1.0,1.0,1.0,0.0,0.0,1.0,1.0,28.0,28.0,1.0,0.6911,0.0002,,True
False,0.0,,1.0,1.0,1.0,0.0,0.0,1.0,1.0,6.0,6.0,1.0,0.5715,0.4773,,False
False,0.0,,1.0,1.0,1.0,0.0,0.0,1.0,1.0,24.0,24.0,1.0,0.6911,0.0002,,True
False,0.0,0.1176,0.1529,0.1529,0.1529,1.0,46194648.0,1.0,1.0,24.0,1.0,0.041666668,0.5715,0.4773,,False
False,0.0,,1.0,1.0,1.0,0.0,0.0,1.0,1.0,17.0,17.0,1.0,0.6911,0.0002,,True
False,0.0,0.1176,0.1666,0.1666,0.1666,1.0,46194648.0,1.0,1.0,17.0,1.0,0.05882353,0.5715,0.4773,,False
False,0.0,,1.0,1.0,1.0,0.0,0.0,1.0,1.0,20.0,20.0,1.0,0.6911,0.0002,,True
False,0.0,0.1176,0.1596,0.1596,0.1596,1.0,46194648.0,1.0,1.0,20.0,1.0,0.05,0.5715,0.4773,,False
False,0.0,,1.0,1.0,1.0,0.0,0.0,1.0,1.0,20.0,20.0,1.0,0.6911,0.0002,,True
False,0.0,0.1176,0.1596,0.1596,0.1596,1.0,46194648.0,1.0,1.0,20.0,1.0,0.05,0.5715,0.4773,,False
False,0.0,,1.0,1.0,1.0,0.0,0.0,1.0,1.0,5.0,5.0,1.0,0.6911,0.0002,,True
False,0.0,0.1176,0.1176,0.1176,0.1176,1.0,46194648.0,1.0,1.0,0.0,5.0,inf,0.5715,0.4773,,False
False,0.0,,1.0,1.0,1.0,0.0,0.0,1.0,1.0,86.0,86.0,1.0,0.6911,0.0002,,True
False,0.0,,1.0,1.0,1.0,0.0,0.0,1.0,1.0,146.0,146.0,1.0,0.6911,0.0002,,True
False,0.0,,1.0,1.0,1.0,0.0,0.0,1.0,1.0,22.0,22.0,1.0,0.6911,0.0002,,True
False,0.0,,1.0,1.0,1.0,0.0,0.0,1.0,1.0,5.0,5.0,1.0,0.5715,0.4773,,False
False,0.0,,1.0,1.0,1.0,0.0,0.0,1.0,1.0,52.0,52.0,1.0,0.6911,0.0002,,True
False,0.0,0.1176,0.1176,0.1176,0.1176,1.0,46194648.0,1.0,1.0,0.0,52.0,inf,0.5715,0.4773,,False
False,0.0,,1.0,1.0,1.0,0.0,0.0,1.0,1.0,79.0,79.0,1.0,0.6911,0.0002,,True
False,0.0,,1.0,1.0,1.0,0.0,0.0,1.0,1.0,20.0,20.0,1.0,0.6911,0.0002,,True
False,0.0,,1.0,1.0,1.0,0.0,0.0,1.0,1.0,9.0,9.0,1.0,0.5715,0.4773,,False
False,0.0,,1.0,1.0,1.0,0.0,0.0,1.0,1.0,200.0,200.0,1.0,0.6911,0.0002,,True
False,0.0,,1.0,1.0,1.0,0.0,0.0,1.0,1.0,1020.0,1020.0,1.0,0.6911,0.0002,,True
False,0.0,,1.0,1.0,1.0,0.0,0.0,1.0,1.0,4.0,4.0,1.0,0.6911,0.0002,,True
False,0.0,,1.0,1.0,1.0,0.0,0.0,1.0,1.0,66.0,66.0,1.0,0.6911,0.0002,,True
False,0.0,,1.0,1.0,1.0,0.0,0.0,1.0,1.0,67.0,67.0,1.0,0.6911,0.0002,,True
False,0.0,,1.0,1.0,1.0,0.0,0.0,1.0,1.0,1410.0,1410.0,1.0,0.6911,0.0002,,True
False,0.0,,1.0,1.0,1.0,0.0,0.0,1.0,1.0,10.0,10.0,1.0,0.6911,0.0002,,True
False,0.0,,1.0,1.0,1.0,0.0,0.0,1.0,1.0,99.0,99.0,1.0,0.6911,0.0002,,True
False,0.0,0.1176,0.1176,0.1176,0.1176,1.0,46194648.0,1.0,1.0,0.0,99.0,inf,0.5715,0.4773,,False
False,0.0,,1.0,1.0,1.0,0.0,0.0,1.0,1.0,24.0,24.0,1.0,0.6911,0.0002,,True
False,0.0,,1.0,1.0,1.0,0.0,0.0,1.0,1.0,300.0,300.0,1.0,0.6911,0.0002,,True
False,0.0,,1.0,1.0,1.0,0.0,0.0,1.0,1.0,1.0,1.0,1.0,0.5715,0.4773,,False
False,0.0,,1.0,1.0,1.0,0.0,0.0,1.0,1.0,5.0,5.0,1.0,0.6911,0.0002,,True
False,0.0,0.1176,0.2647,0.2647,0.2647,1.0,46194648.0,1.0,1.0,5.0,1.0,0.2,0.5715,0.4773,,False
False,0.0,,1.0,1.0,1.0,0.0,0.0,1.0,1.0,24.0,24.0,1.0,0.6911,0.0002,,True
False,0.0,0.9802,0.981,0.981,0.981,1.0,434111.0,1.0,1.0,24.0,1.0,0.041666668,0.6921,0.0081,,True
False,0.0,0.738,0.7479,0.7479,0.7479,2.0,6627227.0,1.0,1.0,24.0,1.0,0.041666668,0.6652,0.1573,,False
False,0.0,0.1193,0.1546,0.1546,0.1546,3.0,46194648.0,1.0,1.0,24.0,1.0,0.041666668,0.5715,0.4773,,False
False,0.0,,1.0,1.0,1.0,0.0,0.0,1.0,1.0,5.0,5.0,1.0,0.6911,0.0002,,True
False,0.0,0.1176,0.2647,0.2647,0.2647,1.0,46194648.0,1.0,1.0,5.0,1.0,0.2,0.5715,0.4773,,False
False,0.0,,1.0,1.0,1.0,0.0,0.0,1.0,1.0,24.0,24.0,1.0,0.6911,0.0002,,True
False,0.0,0.7374,0.7479,0.7479,0.7479,1.0,6627227.0,1.0,1.0,24.0,1.0,0.041666668,0.6652,0.1573,,False
False,0.0,0.1193,0.1546,0.1546,0.1546,2.0,46194648.0,1.0,1.0,24.0,1.0,0.041666668,0.5715,0.4773,,False
False,0.0,,1.0,1.0,1.0,0.0,0.0,1.0,1.0,76.0,76.0,1.0,0.6911,0.0002,,True
False,0.0,0.1176,0.1176,0.1176,0.1176,1.0,46194648.0,1.0,1.0,0.0,76.0,inf,0.5715,0.4773,,False
False,0.0,,1.0,1.0,1.0,0.0,0.0,1.0,1.0,29.0,29.0,1.0,0.5715,0.4773,,False
False,0.0,,1.0,1.0,1.0,0.0,0.0,1.0,1.0,10.0,10.0,1.0,0.6911,0.0002,,True
False,0.0,0.1176,0.3212,0.3212,0.3212,1.0,46194648.0,1.0,1.0,11.0,2.0,0.18181819,0.5715,0.4773,,False
False,0.0,,1.0,1.0,1.0,0.0,0.0,1.0,1.0,63.0,63.0,1.0,0.6911,0.0002,,True
False,0.0,,1.0,1.0,1.0,0.0,0.0,1.0,1.0,9.0,9.0,1.0,0.6911,0.0002,,True
False,0.0,0.1176,0.2279,0.2279,0.2279,1.0,46194648.0,1.0,1.0,7.0,3.0,0.42857143,0.5715,0.4773,,False
False,0.0,,1.0,1.0,1.0,0.0,0.0,1.0,1.0,45.0,45.0,1.0,0.6911,0.0002,,True
False,0.0,,1.0,1.0,1.0,0.0,0.0,1.0,1.0,168.0,168.0,1.0,0.6911,0.0002,,True
False,0.0,,1.0,1.0,1.0,0.0,0.0,1.0,1.0,52.0,52.0,1.0,0.6911,0.0002,1.0,True
False,0.0,,1.0,1.0,1.0,0.0,0.0,1.0,1.0,58.0,58.0,1.0,0.6911,0.0002,,True
False,0.0,,1.0,1.0,1.0,0.0,0.0,1.0,1.0,244.0,244.0,1.0,0.6911,0.0002,,True
False,0.0,,1.0,1.0,1.0,0.0,0.0,1.0,1.0,282.0,282.0,1.0,0.6911,0.0002,,True
False,0.0,,1.0,1.0,1.0,0.0,0.0,1.0,1.0,266.0,266.0,1.0,0.6911,0.0002,,True
False,0.0,,1.0,1.0,1.0,0.0,0.0,1.0,1.0,261.0,261.0,1.0,0.6911,0.0002,,True
False,0.0,,1.0,1.0,1.0,0.0,0.0,1.0,1.0,258.0,258.0,1.0,0.6911,0.0002,,True
False,0.0,,1.0,1.0,1.0,0.0,0.0,1.0,1.0,202.0,202.0,1.0,0.6911,0.0002,,True
False,0.0,,1.0,1.0,1.0,0.0,0.0,1.0,1.0,5.0,5.0,1.0,0.6911,0.0002,,True
False,0.0,,1.0,1.0,1.0,0.0,0.0,1.0,1.0,70.0,70.0,1.0,0.6911,0.0002,2.0,True
False,0.0,,1.0,1.0,1.0,0.0,0.0,1.0,1.0,36.0,36.0,1.0,0.6911,0.0002,,True
False,0.0,,1.0,1.0,1.0,0.0,0.0,1.0,1.0,64.0,64.0,1.0,0.6911,0.0002,,True
False,0.0,,1.0,1.0,1.0,0.0,0.0,1.0,1.0,72.0,72.0,1.0,0.6911,0.0002,,True
False,0.0,,1.0,1.0,1.0,0.0,0.0,1.0,1.0,171.0,171.0,1.0,0.6911,0.0002,,True
False,0.0,,1.0,1.0,1.0,0.0,0.0,1.0,1.0,78.0,78.0,1.0,0.6911,0.0002,,True
False,0.0,,1.0,1.0,1.0,0.0,0.0,1.0,1.0,78.0,78.0,1.0,0.6911,0.0002,,True
False,0.0,,1.0,1.0,1.0,0.0,0.0,1.0,1.0,216.0,216.0,1.0,0.6911,0.0002,,True
False,0.0,,1.0,1.0,1.0,0.0,0.0,1.0,1.0,64.0,64.0,1.0,0.6911,0.0002,,True
False,0.0,,1.0,1.0,1.0,0.0,0.0,1.0,1.0,160.0,160.0,1.0,0.6911,0.0002,,True
False,0.0,,1.0,1.0,1.0,0.0,0.0,1.0,1.0,110.0,110.0,1.0,0.6911,0.0002,,True
False,0.0,,1.0,1.0,1.0,0.0,0.0,1.0,1.0,150.0,150.0,1.0,0.6911,0.0002,,True
False,0.0,,1.0,1.0,1.0,0.0,0.0,1.0,1.0,37.0,37.0,1.0,0.6911,0.0002,2.0,True
False,0.0,,1.0,1.0,1.0,0.0,0.0,1.0,1.0,260.0,260.0,1.0,0.6911,0.0002,,True
False,0.0,,1.0,1.0,1.0,0.0,0.0,1.0,1.0,64.0,64.0,1.0,0.6911,0.0002,,True
False,0.0,,1.0,1.0,1.0,0.0,0.0,1.0,1.0,253.0,253.0,1.0,0.6911,0.0002,,True
False,0.0,,1.0,1.0,1.0,0.0,0.0,1.0,1.0,62.0,62.0,1.0,0.6911,0.0002,5.0,True
False,0.0,0.8587,0.8631,0.8631,0.8631,1.0,3344246.0,1.0,1.0,63.0,1.0,0.015873017,0.6629,0.1578,5.0,False
False,0.0,,1.0,1.0,1.0,0.0,0.0,1.0,1.0,44.0,44.0,1.0,0.6629,0.1578,,False
False,0.0,,1.0,1.0,1.0,0.0,0.0,1.0,1.0,1.0,1.0,1.0,0.6911,0.0002,,True
False,0.0,,1.0,1.0,1.0,0.0,0.0,1.0,1.0,78.0,78.0,1.0,0.6629,0.1578,,False
False,0.0,,1.0,1.0,1.0,0.0,0.0,1.0,1.0,1.0,1.0,1.0,0.6911,0.0002,,True
False,0.0,,1.0,1.0,1.0,0.0,0.0,1.0,1.0,19.0,19.0,1.0,0.6911,0.0002,,True
False,0.0,0.9083,0.9083,0.9083,0.9083,1.0,2125172.0,1.0,1.0,0.0,19.0,inf,0.6627,0.1686,,False
False,0.0,,1.0,1.0,1.0,0.0,0.0,1.0,1.0,24.0,24.0,1.0,0.6911,0.0002,,True
False,0.0,0.9083,0.9083,0.9083,0.9083,1.0,2125172.0,1.0,1.0,0.0,24.0,inf,0.6627,0.1686,,False
False,0.0,,1.0,1.0,1.0,0.0,0.0,1.0,1.0,62.0,62.0,1.0,0.6911,0.0002,,True
False,0.0,,1.0,1.0,1.0,0.0,0.0,1.0,1.0,20.0,20.0,1.0,0.6911,0.0002,,True
False,0.0,0.9083,0.9258,0.9258,0.9258,1.0,2150854.0,1.0,1.0,20.0,4.0,0.2,0.6627,0.1668,,False
False,0.0,,1.0,1.0,1.0,0.0,0.0,1.0,1.0,27.0,27.0,1.0,0.6911,0.0002,,True
False,0.0,,1.0,1.0,1.0,0.0,0.0,1.0,1.0,214.0,214.0,1.0,0.6911,0.0002,8.0,True
False,0.0,0.8587,0.86,0.86,0.86,1.0,3344246.0,1.0,1.0,215.0,1.0,0.004651163,0.6629,0.1578,8.0,False
False,0.0,,1.0,1.0,1.0,0.0,0.0,1.0,1.0,84.0,84.0,1.0,0.6911,0.0002,,True
False,0.0,,1.0,1.0,1.0,0.0,0.0,1.0,1.0,204.0,204.0,1.0,0.6911,0.0002,10.0,True
False,0.0,0.8587,0.8614,0.8614,0.8614,1.0,3344246.0,1.0,1.0,206.0,2.0,0.009708738,0.6629,0.1578,10.0,False
False,0.0,,1.0,1.0,1.0,0.0,0.0,1.0,1.0,9.0,9.0,1.0,0.6911,0.0002,,True
False,0.0,,1.0,1.0,1.0,0.0,0.0,1.0,1.0,109.0,109.0,1.0,0.6911,0.0002,9.0,True
False,0.0,0.8587,0.889,0.889,0.889,1.0,3344246.0,1.0,1.0,135.0,26.0,0.19259259,0.6629,0.1578,9.0,False
False,0.0,,1.0,1.0,1.0,0.0,0.0,1.0,1.0,2024.0,2024.0,1.0,0.6911,0.0002,,True
False,0.0,,1.0,1.0,1.0,0.0,0.0,1.0,1.0,6.0,6.0,1.0,0.6911,0.0002,,True
False,0.0,,1.0,1.0,1.0,0.0,0.0,1.0,1.0,73.0,73.0,1.0,0.6629,0.1578,4.0,False
False,0.0,,1.0,1.0,1.0,0.0,0.0,1.0,1.0,10.0,10.0,1.0,0.6911,0.0002,,True
False,0.0,0.9083,0.9083,0.9083,0.9083,1.0,2125172.0,1.0,1.0,0.0,10.0,inf,0.6627,0.1686,,False
False,0.0,,1.0,1.0,1.0,0.0,0.0,1.0,1.0,67.0,67.0,1.0,0.6911,0.0002,,True
False,0.0,,1.0,1.0,1.0,0.0,0.0,1.0,1.0,20.0,20.0,1.0,0.6911,0.0002,,True
False,0.0,0.9083,0.9258,0.9258,0.9258,1.0,2125172.0,1.0,1.0,20.0,4.0,0.2,0.6627,0.1686,,False
False,0.0,,1.0,1.0,1.0,0.0,0.0,1.0,1.0,92.0,92.0,1.0,0.6911,0.0002,,True
False,0.0,,1.0,1.0,1.0,0.0,0.0,1.0,1.0,10.0,10.0,1.0,0.6911,0.0002,,True
False,0.0,0.9083,0.9083,0.9083,0.9083,1.0,2125172.0,1.0,1.0,0.0,10.0,inf,0.6627,0.1686,,False
False,0.0,,1.0,1.0,1.0,0.0,0.0,1.0,1.0,39.0,39.0,1.0,0.6911,0.0002,,True
False,0.0,,1.0,1.0,1.0,0.0,0.0,1.0,1.0,5.0,5.0,1.0,0.6911,0.0002,,True
False,0.0,0.9083,0.9083,0.9083,0.9083,1.0,2125172.0,1.0,1.0,0.0,5.0,inf,0.6627,0.1686,,False
False,0.0,,1.0,1.0,1.0,0.0,0.0,1.0,1.0,6.0,6.0,1.0,0.6911,0.0002,,True
False,0.0,,1.0,1.0,1.0,0.0,0.0,1.0,1.0,99.0,99.0,1.0,0.6911,0.0002,,True
False,0.0,,1.0,1.0,1.0,0.0,0.0,1.0,1.0,10.0,10.0,1.0,0.6911,0.0002,,True
False,0.0,0.9083,0.9083,0.9083,0.9083,1.0,2125172.0,1.0,1.0,0.0,10.0,inf,0.6627,0.1686,,False
False,0.0,,1.0,1.0,1.0,0.0,0.0,1.0,1.0,5.0,5.0,1.0,0.6911,0.0002,,True
False,0.0,0.9083,0.9083,0.9083,0.9083,1.0,2125172.0,1.0,1.0,0.0,5.0,inf,0.6627,0.1686,,False
False,0.0,,1.0,1.0,1.0,0.0,0.0,1.0,1.0,14.0,14.0,1.0,0.6911,0.0002,,True
False,0.0,,1.0,1.0,1.0,0.0,0.0,1.0,1.0,5.0,5.0,1.0,0.6911,0.0002,,True
False,0.0,0.9083,0.9083,0.9083,0.9083,1.0,2125172.0,1.0,1.0,0.0,5.0,inf,0.6627,0.1686,,False
False,0.0,,1.0,1.0,1.0,0.0,0.0,1.0,1.0,36.0,36.0,1.0,0.6911,0.0002,,True
False,0.0,,1.0,1.0,1.0,0.0,0.0,1.0,1.0,19.0,19.0,1.0,0.6911,0.0002,,True
False,0.0,0.9083,0.9083,0.9083,0.9083,1.0,2125172.0,1.0,1.0,0.0,19.0,inf,0.6627,0.1686,,False
False,0.0,,1.0,1.0,1.0,0.0,0.0,1.0,1.0,9.0,9.0,1.0,0.6911,0.0002,,True
False,0.0,,1.0,1.0,1.0,0.0,0.0,1.0,1.0,19.0,19.0,1.0,0.6911,0.0002,,True
False,0.0,0.9083,0.9083,0.9083,0.9083,1.0,2125172.0,1.0,1.0,0.0,19.0,inf,0.6627,0.1686,,False
False,0.0,,1.0,1.0,1.0,0.0,0.0,1.0,1.0,107.0,107.0,1.0,0.6911,0.0002,,True
False,0.0,,1.0,1.0,1.0,0.0,0.0,1.0,1.0,17.0,17.0,1.0,0.6911,0.0002,,True
False,0.0,0.9083,0.9389,0.9389,0.9389,1.0,2125172.0,1.0,1.0,17.0,6.0,0.3529412,0.6627,0.1686,,False
False,0.0,,1.0,1.0,1.0,0.0,0.0,1.0,1.0,74.0,74.0,1.0,0.6911,0.0002,,True
False,0.0,,1.0,1.0,1.0,0.0,0.0,1.0,1.0,38.0,38.0,1.0,0.6911,0.0002,0.0,True
True,1.0,0.953,0.9553,0.9553,0.9553,1.0,1102080.0,1.0,1.0,39.0,1.0,0.025641026,0.6624,0.1751,0.0,False
False,0.0,,1.0,1.0,1.0,0.0,0.0,1.0,1.0,36.0,36.0,1.0,0.6911,0.0002,,True
False,0.0,,1.0,1.0,1.0,0.0,0.0,1.0,1.0,151.0,151.0,1.0,0.6911,0.0002,,True
False,0.0,,1.0,1.0,1.0,0.0,0.0,1.0,1.0,67.0,67.0,1.0,0.6625,0.1735,,False
False,0.0,,1.0,1.0,1.0,0.0,0.0,1.0,1.0,76.0,76.0,1.0,0.6625,0.1735,,False
False,0.0,,1.0,1.0,1.0,0.0,0.0,1.0,1.0,74.0,74.0,1.0,0.6911,0.0002,2.0,True
False,0.0,0.953,0.9549,0.9549,0.9549,1.0,1121117.0,1.0,1.0,74.0,3.0,0.04054054,0.6626,0.1717,2.0,False
False,0.0,,1.0,1.0,1.0,0.0,0.0,1.0,1.0,305.0,305.0,1.0,0.6911,0.0002,5.0,True
False,0.0,0.953,0.9667,0.9667,0.9667,1.0,1121117.0,1.0,1.0,304.0,92.0,0.3026316,0.6626,0.1717,5.0,False
False,0.0,,1.0,1.0,1.0,0.0,0.0,1.0,1.0,1036.0,1036.0,1.0,0.6911,0.0002,,True
False,0.0,,1.0,1.0,1.0,0.0,0.0,1.0,1.0,4.0,4.0,1.0,0.6911,0.0002,,True
False,0.0,,1.0,1.0,1.0,0.0,0.0,1.0,1.0,1095.0,1095.0,1.0,0.6911,0.0002,,True
False,0.0,0.9646,0.9646,0.9646,0.9646,1.0,845164.0,1.0,1.0,0.0,1095.0,inf,0.6621,0.191,,True
False,0.0,,1.0,1.0,1.0,0.0,0.0,1.0,1.0,68.0,68.0,1.0,0.6911,0.0002,1.0,True
True,1.0,0.9569,0.9692,0.9692,0.9692,1.0,1010452.0,1.0,1.0,72.0,22.0,0.30555555,0.6621,0.1874,1.0,True
False,0.0,,1.0,1.0,1.0,0.0,0.0,1.0,1.0,435.0,435.0,1.0,0.6911,0.0002,4.0,True
True,1.0,0.953,0.953,0.953,0.953,1.0,1102080.0,1.0,1.0,0.0,435.0,inf,0.6624,0.1751,,False
False,0.0,,1.0,1.0,1.0,0.0,0.0,1.0,1.0,59.0,59.0,1.0,0.6911,0.0002,1.0,True
True,1.0,0.953,0.953,0.953,0.953,1.0,1102080.0,1.0,1.0,0.0,59.0,inf,0.6624,0.1751,,False
False,0.0,,1.0,1.0,1.0,0.0,0.0,1.0,1.0,121.0,121.0,1.0,0.6911,0.0002,7.0,True
True,1.0,0.953,0.953,0.953,0.953,1.0,1102080.0,1.0,1.0,0.0,121.0,inf,0.6624,0.1751,,False
False,0.0,,1.0,1.0,1.0,0.0,0.0,1.0,1.0,169.0,169.0,1.0,0.6911,0.0002,,True
False,0.0,,1.0,1.0,1.0,0.0,0.0,1.0,1.0,2.0,2.0,1.0,0.6619,0.1925,,False
False,0.0,,1.0,1.0,1.0,0.0,0.0,1.0,1.0,161.0,161.0,1.0,0.6911,0.0002,,True
False,0.0,,1.0,1.0,1.0,0.0,0.0,1.0,1.0,12.0,12.0,1.0,0.6619,0.1925,,False
False,0.0,,1.0,1.0,1.0,0.0,0.0,1.0,1.0,160.0,160.0,1.0,0.6911,0.0002,,True
False,0.0,,1.0,1.0,1.0,0.0,0.0,1.0,1.0,12.0,12.0,1.0,0.6619,0.1925,,False
False,0.0,,1.0,1.0,1.0,0.0,0.0,1.0,1.0,62.0,62.0,1.0,0.6911,0.0002,,True
False,0.0,,1.0,1.0,1.0,0.0,0.0,1.0,1.0,7.0,7.0,1.0,0.6619,0.1925,,False
False,0.0,,1.0,1.0,1.0,0.0,0.0,1.0,1.0,202.0,202.0,1.0,0.6911,0.0002,,True
False,0.0,,1.0,1.0,1.0,0.0,0.0,1.0,1.0,7.0,7.0,1.0,0.6619,0.1925,,False
False,0.0,,1.0,1.0,1.0,0.0,0.0,1.0,1.0,16.0,16.0,1.0,0.6911,0.0002,,True
False,0.0,0.9646,0.9764,0.9764,0.9764,1.0,845164.0,1.0,1.0,11.0,9.0,0.8181818,0.6621,0.191,,True
False,0.0,,1.0,1.0,1.0,0.0,0.0,1.0,1.0,82.0,82.0,1.0,0.6911,0.0002,3.0,True
False,0.0,,1.0,1.0,1.0,0.0,0.0,1.0,1.0,79.0,79.0,1.0,0.6911,0.0002,,True
False,0.0,,1.0,1.0,1.0,0.0,0.0,1.0,1.0,2533.0,2533.0,1.0,0.6619,0.2009,,False
False,0.0,,1.0,1.0,1.0,0.0,0.0,1.0,1.0,171.0,171.0,1.0,0.6911,0.0002,,True
False,0.0,,1.0,1.0,1.0,0.0,0.0,1.0,1.0,1834.0,1834.0,1.0,0.6619,0.2009,,False
False,0.0,,1.0,1.0,1.0,0.0,0.0,1.0,1.0,63.0,63.0,1.0,0.6911,0.0002,,True
False,0.0,,1.0,1.0,1.0,0.0,0.0,1.0,1.0,2.0,2.0,1.0,0.6619,0.1925,,False
False,0.0,,1.0,1.0,1.0,0.0,0.0,1.0,1.0,66.0,66.0,1.0,0.6911,0.0002,,True
False,0.0,,1.0,1.0,1.0,0.0,0.0,1.0,1.0,4.0,4.0,1.0,0.6619,0.1925,,False
False,0.0,,1.0,1.0,1.0,0.0,0.0,1.0,1.0,106.0,106.0,1.0,0.6911,0.0002,,True
False,0.0,,1.0,1.0,1.0,0.0,0.0,1.0,1.0,66.0,66.0,1.0,0.6911,0.0002,,True
False,0.0,,1.0,1.0,1.0,0.0,0.0,1.0,1.0,133.0,133.0,1.0,0.6619,0.2009,,False
False,0.0,,1.0,1.0,1.0,0.0,0.0,1.0,1.0,7.0,7.0,1.0,0.6911,0.0002,,True
False,0.0,0.9762,0.9762,0.9762,0.9762,1.0,578614.0,1.0,1.0,0.0,7.0,inf,0.6619,0.2009,,False
False,0.0,,1.0,1.0,1.0,0.0,0.0,1.0,1.0,76.0,76.0,1.0,0.6911,0.0002,,True
False,0.0,,1.0,1.0,1.0,0.0,0.0,1.0,1.0,202.0,202.0,1.0,0.6911,0.0002,,True
False,0.0,,1.0,1.0,1.0,0.0,0.0,1.0,1.0,133.0,133.0,1.0,0.6619,0.2009,,False
False,0.0,,1.0,1.0,1.0,0.0,0.0,1.0,1.0,160.0,160.0,1.0,0.6911,0.0002,,True
False,0.0,,1.0,1.0,1.0,0.0,0.0,1.0,1.0,532.0,532.0,1.0,0.6619,0.2009,,False
False,0.0,,1.0,1.0,1.0,0.0,0.0,1.0,1.0,32.0,32.0,1.0,0.6911,0.0002,1.0,True
False,0.0,,1.0,1.0,1.0,0.0,0.0,1.0,1.0,58.0,58.0,1.0,0.6619,0.2009,,False
False,0.0,,1.0,1.0,1.0,0.0,0.0,1.0,1.0,47.0,47.0,1.0,0.6911,0.0002,1.0,True
False,0.0,,1.0,1.0,1.0,0.0,0.0,1.0,1.0,3613.0,3613.0,1.0,0.6619,0.2009,,False
False,0.0,,1.0,1.0,1.0,0.0,0.0,1.0,1.0,118.0,118.0,1.0,0.6911,0.0002,,True
False,0.0,,1.0,1.0,1.0,0.0,0.0,1.0,1.0,4744.0,4744.0,1.0,0.6619,0.2009,,False
False,0.0,,1.0,1.0,1.0,0.0,0.0,1.0,1.0,169.0,169.0,1.0,0.6911,0.0002,,True
False,0.0,,1.0,1.0,1.0,0.0,0.0,1.0,1.0,12.0,12.0,1.0,0.6911,0.0002,,True
False,0.0,0.9762,0.9762,0.9762,0.9762,1.0,578614.0,1.0,1.0,0.0,12.0,inf,0.6619,0.2009,,False
False,0.0,,1.0,1.0,1.0,0.0,0.0,1.0,1.0,12.0,12.0,1.0,0.6911,0.0002,,True
False,0.0,0.9762,0.9762,0.9762,0.9762,1.0,578614.0,1.0,1.0,0.0,12.0,inf,0.6619,0.2009,,False
False,0.0,,1.0,1.0,1.0,0.0,0.0,1.0,1.0,80.0,80.0,1.0,0.6911,0.0002,,True
False,0.0,,1.0,1.0,1.0,0.0,0.0,1.0,1.0,7.0,7.0,1.0,0.6911,0.0002,,True
False,0.0,0.9762,0.9762,0.9762,0.9762,1.0,578614.0,1.0,1.0,0.0,7.0,inf,0.6619,0.2009,,False
False,0.0,,1.0,1.0,1.0,0.0,0.0,1.0,1.0,69.0,69.0,1.0,0.6911,0.0002,,True
False,0.0,,1.0,1.0,1.0,0.0,0.0,1.0,1.0,38.0,38.0,1.0,0.6911,0.0002,,True
False,0.0,0.9802,0.9802,0.9802,0.9802,1.0,465556.0,1.0,1.0,0.0,38.0,inf,0.6598,0.1849,,True
False,0.0,,1.0,1.0,1.0,0.0,0.0,1.0,1.0,6.0,6.0,1.0,0.6911,0.0002,,True
False,0.0,,1.0,1.0,1.0,0.0,0.0,1.0,1.0,76.0,76.0,1.0,0.6911,0.0002,,True
False,0.0,,1.0,1.0,1.0,0.0,0.0,1.0,1.0,454.0,454.0,1.0,0.6911,0.0002,,True
False,0.0,0.9802,0.9802,0.9802,0.9802,1.0,465556.0,1.0,1.0,0.0,454.0,inf,0.6598,0.1849,,True
False,0.0,,1.0,1.0,1.0,0.0,0.0,1.0,1.0,102.0,102.0,1.0,0.6911,0.0002,,True
False,0.0,,1.0,1.0,1.0,0.0,0.0,1.0,1.0,28.0,28.0,1.0,0.6911,0.0002,,True
False,0.0,0.9802,0.9868,0.9868,0.9868,1.0,465556.0,1.0,1.0,17.0,17.0,1.0,0.6598,0.1849,,True
False,0.0,,1.0,1.0,1.0,0.0,0.0,1.0,1.0,87.0,87.0,1.0,0.6911,0.0002,,True
False,0.0,,1.0,1.0,1.0,0.0,0.0,1.0,1.0,31.0,31.0,1.0,0.6911,0.0002,,True
False,0.0,0.9802,0.9802,0.9802,0.9802,1.0,465556.0,1.0,1.0,0.0,31.0,inf,0.6598,0.1849,,True
False,0.0,,1.0,1.0,1.0,0.0,0.0,1.0,1.0,70.0,70.0,1.0,0.6911,0.0002,,True
False,0.0,,1.0,1.0,1.0,0.0,0.0,1.0,1.0,79.0,79.0,1.0,0.6911,0.0002,,True
False,0.0,,1.0,1.0,1.0,0.0,0.0,1.0,1.0,29.0,29.0,1.0,0.6598,0.1849,,True
False,0.0,,1.0,1.0,1.0,0.0,0.0,1.0,1.0,77.0,77.0,1.0,0.6911,0.0002,1.0,True
False,0.0,0.9802,0.9804,0.9804,0.9804,1.0,465556.0,1.0,1.0,77.0,1.0,0.012987013,0.6598,0.1849,1.0,True
False,0.0,,1.0,1.0,1.0,0.0,0.0,1.0,1.0,80.0,80.0,1.0,0.6911,0.0002,,True
False,0.0,,1.0,1.0,1.0,0.0,0.0,1.0,1.0,2.0,2.0,1.0,0.6911,0.0002,,True
False,0.0,0.9762,0.9762,0.9762,0.9762,1.0,578614.0,1.0,1.0,0.0,2.0,inf,0.6619,0.2009,,False
False,0.0,,1.0,1.0,1.0,0.0,0.0,1.0,1.0,74.0,74.0,1.0,0.6911,0.0002,,True
False,0.0,,1.0,1.0,1.0,0.0,0.0,1.0,1.0,4.0,4.0,1.0,0.6911,0.0002,,True
False,0.0,0.9762,0.9762,0.9762,0.9762,1.0,578614.0,1.0,1.0,0.0,4.0,inf,0.6619,0.2009,,False
False,0.0,,1.0,1.0,1.0,0.0,0.0,1.0,1.0,56.0,56.0,1.0,0.6911,0.0002,,True
False,0.0,,1.0,1.0,1.0,0.0,0.0,1.0,1.0,2.0,2.0,1.0,0.6911,0.0002,,True
False,0.0,0.9762,0.9762,0.9762,0.9762,1.0,578614.0,1.0,1.0,0.0,2.0,inf,0.6619,0.2009,,False
False,0.0,,1.0,1.0,1.0,0.0,0.0,1.0,1.0,84.0,84.0,1.0,0.6911,0.0002,,True
False,0.0,,1.0,1.0,1.0,0.0,0.0,1.0,1.0,13.0,13.0,1.0,0.6911,0.0002,,True
False,0.0,0.9802,0.9802,0.9802,0.9802,1.0,465556.0,1.0,1.0,0.0,13.0,inf,0.6598,0.1849,,True
False,0.0,,1.0,1.0,1.0,0.0,0.0,1.0,1.0,454.0,454.0,1.0,0.6911,0.0002,,True
False,0.0,0.9802,0.9802,0.9802,0.9802,1.0,465556.0,1.0,1.0,0.0,454.0,inf,0.6598,0.1849,,True
False,0.0,,1.0,1.0,1.0,0.0,0.0,1.0,1.0,155.0,155.0,1.0,0.6911,0.0002,5.0,True
False,0.0,,1.0,1.0,1.0,0.0,0.0,1.0,1.0,218.0,218.0,1.0,0.6911,0.0002,15.0,True
False,0.0,,1.0,1.0,1.0,0.0,0.0,1.0,1.0,60639.0,60639.0,1.0,0.6911,0.0002,,True
False,0.0,0.9804,0.9802,0.9802,0.9802,1.0,465556.0,1.0,1.0,0.0,60639.0,inf,0.6598,0.1849,,True
False,0.0,,1.0,1.0,1.0,0.0,0.0,1.0,1.0,158.0,158.0,1.0,0.6911,0.0002,4.0,True
False,0.0,,1.0,1.0,1.0,0.0,0.0,1.0,1.0,18227.0,18227.0,1.0,0.6911,0.0002,,True
False,0.0,0.9803,0.9802,0.9802,0.9802,1.0,465556.0,1.0,1.0,0.0,18227.0,inf,0.6598,0.1849,,True
False,0.0,,1.0,1.0,1.0,0.0,0.0,1.0,1.0,500.0,500.0,1.0,0.6911,0.0002,,True
False,0.0,,1.0,1.0,1.0,0.0,0.0,1.0,1.0,12.0,12.0,1.0,0.6911,0.0002,,True
False,0.0,0.9802,0.9802,0.9802,0.9802,1.0,465556.0,1.0,1.0,0.0,12.0,inf,0.6598,0.1849,,True
False,0.0,,1.0,1.0,1.0,0.0,0.0,1.0,1.0,3.0,3.0,1.0,0.6911,0.0002,,True
False,0.0,,1.0,1.0,1.0,0.0,0.0,1.0,1.0,2.0,2.0,1.0,0.6911,0.0002,,True
False,0.0,,1.0,1.0,1.0,0.0,0.0,1.0,1.0,194.0,194.0,1.0,0.6911,0.0002,,True
False,0.0,0.9802,0.9802,0.9802,0.9802,1.0,465556.0,1.0,1.0,0.0,194.0,inf,0.6598,0.1849,,True
False,0.0,,1.0,1.0,1.0,0.0,0.0,1.0,1.0,36.0,36.0,1.0,0.6911,0.0002,,True
False,0.0,,1.0,1.0,1.0,0.0,0.0,1.0,1.0,56.0,56.0,1.0,0.6911,0.0002,,True
False,0.0,0.9802,0.9802,0.9802,0.9802,1.0,465556.0,1.0,1.0,0.0,56.0,inf,0.6598,0.1849,,True
False,0.0,,1.0,1.0,1.0,0.0,0.0,1.0,1.0,12.0,12.0,1.0,0.6911,0.0002,,True
False,0.0,,1.0,1.0,1.0,0.0,0.0,1.0,1.0,149.0,149.0,1.0,0.6911,0.0002,,True
False,0.0,0.9802,0.9802,0.9802,0.9802,1.0,465556.0,1.0,1.0,0.0,149.0,inf,0.6598,0.1849,,True
False,0.0,,1.0,1.0,1.0,0.0,0.0,1.0,1.0,60.0,60.0,1.0,0.6911,0.0002,,True
False,0.0,,1.0,1.0,1.0,0.0,0.0,1.0,1.0,27232.0,27232.0,1.0,0.6911,0.0002,,True
False,0.0,0.9803,0.9802,0.9802,0.9802,1.0,465556.0,1.0,1.0,0.0,27232.0,inf,0.6598,0.1849,,True
False,0.0,,1.0,1.0,1.0,0.0,0.0,1.0,1.0,16.0,16.0,1.0,0.6911,0.0002,,True
False,0.0,0.9802,0.9802,0.9802,0.9802,1.0,465556.0,1.0,1.0,0.0,16.0,inf,0.6598,0.1849,,True
False,0.0,,1.0,1.0,1.0,0.0,0.0,1.0,1.0,14.0,14.0,1.0,0.6911,0.0002,,True
False,0.0,0.9802,0.9802,0.9802,0.9802,1.0,465556.0,1.0,1.0,0.0,14.0,inf,0.6598,0.1849,,True
False,0.0,,1.0,1.0,1.0,0.0,0.0,1.0,1.0,33.0,33.0,1.0,0.6911,0.0002,,True
False,0.0,0.9802,0.9802,0.9802,0.9802,1.0,465556.0,1.0,1.0,0.0,33.0,inf,0.6598,0.1849,,True
False,0.0,,1.0,1.0,1.0,0.0,0.0,1.0,1.0,12.0,12.0,1.0,0.6911,0.0002,,True
False,0.0,0.9802,0.9802,0.9802,0.9802,1.0,465556.0,1.0,1.0,0.0,12.0,inf,0.6598,0.1849,,True
False,0.0,,1.0,1.0,1.0,0.0,0.0,1.0,1.0,41.0,41.0,1.0,0.6911,0.0002,,True
False,0.0,0.9802,0.9802,0.9802,0.9802,1.0,465556.0,1.0,1.0,0.0,41.0,inf,0.6598,0.1849,,True
False,0.0,,1.0,1.0,1.0,0.0,0.0,1.0,1.0,7.0,7.0,1.0,0.6911,0.0002,,True
False,0.0,0.9802,0.9802,0.9802,0.9802,1.0,465556.0,1.0,1.0,0.0,7.0,inf,0.6598,0.1849,,True
False,0.0,,1.0,1.0,1.0,0.0,0.0,1.0,1.0,14.0,14.0,1.0,0.6911,0.0002,,True
False,0.0,0.9802,0.9802,0.9802,0.9802,1.0,465556.0,1.0,1.0,0.0,14.0,inf,0.6598,0.1849,,True
False,0.0,,1.0,1.0,1.0,0.0,0.0,1.0,1.0,6.0,6.0,1.0,0.6911,0.0002,,True
False,0.0,0.9802,0.9802,0.9802,0.9802,1.0,465556.0,1.0,1.0,0.0,6.0,inf,0.6598,0.1849,,True
False,0.0,,1.0,1.0,1.0,0.0,0.0,1.0,1.0,28375.0,28375.0,1.0,0.6911,0.0002,,True
False,0.0,0.9804,0.9802,0.9802,0.9802,1.0,465556.0,1.0,1.0,0.0,28375.0,inf,0.6598,0.1849,,True
False,0.0,,1.0,1.0,1.0,0.0,0.0,1.0,1.0,1263.0,1263.0,1.0,0.6911,0.0002,,True
False,0.0,0.9802,0.9802,0.9802,0.9802,1.0,465556.0,1.0,1.0,0.0,1263.0,inf,0.6598,0.1849,,True
False,0.0,,1.0,1.0,1.0,0.0,0.0,1.0,1.0,545.0,545.0,1.0,0.6911,0.0002,,True
False,0.0,0.9802,0.9802,0.9802,0.9802,1.0,465556.0,1.0,1.0,0.0,545.0,inf,0.6598,0.1849,,True
False,0.0,,1.0,1.0,1.0,0.0,0.0,1.0,1.0,6.0,6.0,1.0,0.6911,0.0002,,True
False,0.0,0.9802,0.9802,0.9802,0.9802,1.0,465556.0,1.0,1.0,0.0,6.0,inf,0.6598,0.1849,,True
False,0.0,,1.0,1.0,1.0,0.0,0.0,1.0,1.0,51.0,51.0,1.0,0.6911,0.0002,,True
False,0.0,0.9802,0.9802,0.9802,0.9802,1.0,465556.0,1.0,1.0,0.0,51.0,inf,0.6598,0.1849,,True
False,0.0,,1.0,1.0,1.0,0.0,0.0,1.0,1.0,3.0,3.0,1.0,0.6911,0.0002,,True
False,0.0,0.9802,0.9802,0.9802,0.9802,1.0,465556.0,1.0,1.0,0.0,3.0,inf,0.6598,0.1849,,True
False,0.0,,1.0,1.0,1.0,0.0,0.0,1.0,1.0,13.0,13.0,1.0,0.6911,0.0002,,True
False,0.0,0.9802,0.9802,0.9802,0.9802,1.0,465556.0,1.0,1.0,0.0,13.0,inf,0.6598,0.1849,,True
False,0.0,,1.0,1.0,1.0,0.0,0.0,1.0,1.0,17.0,17.0,1.0,0.6911,0.0002,,True
False,0.0,0.9802,0.9802,0.9802,0.9802,1.0,465556.0,1.0,1.0,0.0,17.0,inf,0.6598,0.1849,,True
False,0.0,,1.0,1.0,1.0,0.0,0.0,1.0,1.0,11.0,11.0,1.0,0.6911,0.0002,,True
False,0.0,0.9802,0.9802,0.9802,0.9802,1.0,465556.0,1.0,1.0,0.0,11.0,inf,0.6598,0.1849,,True
False,0.0,,1.0,1.0,1.0,0.0,0.0,1.0,1.0,43.0,43.0,1.0,0.6911,0.0002,,True
False,0.0,0.9802,0.9802,0.9802,0.9802,1.0,465556.0,1.0,1.0,0.0,43.0,inf,0.6598,0.1849,,True
False,0.0,,1.0,1.0,1.0,0.0,0.0,1.0,1.0,18.0,18.0,1.0,0.6911,0.0002,,True
False,0.0,0.9802,0.9802,0.9802,0.9802,1.0,465556.0,1.0,1.0,0.0,18.0,inf,0.6598,0.1849,,True
False,0.0,,1.0,1.0,1.0,0.0,0.0,1.0,1.0,5.0,5.0,1.0,0.6911,0.0002,,True
False,0.0,0.9802,0.9802,0.9802,0.9802,1.0,465556.0,1.0,1.0,0.0,5.0,inf,0.6598,0.1849,,True
False,0.0,,1.0,1.0,1.0,0.0,0.0,1.0,1.0,5.0,5.0,1.0,0.6911,0.0002,,True
False,0.0,0.9802,0.9802,0.9802,0.9802,1.0,465556.0,1.0,1.0,0.0,5.0,inf,0.6598,0.1849,,True
False,0.0,,1.0,1.0,1.0,0.0,0.0,1.0,1.0,13.0,13.0,1.0,0.6911,0.0002,,True
False,0.0,0.9802,0.9802,0.9802,0.9802,1.0,465556.0,1.0,1.0,0.0,13.0,inf,0.6598,0.1849,,True
False,0.0,,1.0,1.0,1.0,0.0,0.0,1.0,1.0,24.0,24.0,1.0,0.6911,0.0002,,True
False,0.0,0.9802,0.9802,0.9802,0.9802,1.0,465556.0,1.0,1.0,0.0,24.0,inf,0.6598,0.1849,,True
False,0.0,,1.0,1.0,1.0,0.0,0.0,1.0,1.0,66.0,66.0,1.0,0.6911,0.0002,,True
False,0.0,0.9802,0.9802,0.9802,0.9802,1.0,465556.0,1.0,1.0,0.0,66.0,inf,0.6598,0.1849,,True
False,0.0,,1.0,1.0,1.0,0.0,0.0,1.0,1.0,73.0,73.0,1.0,0.6911,0.0002,,True
False,0.0,0.9802,0.9802,0.9802,0.9802,1.0,465556.0,1.0,1.0,0.0,73.0,inf,0.6598,0.1849,,True
False,0.0,,1.0,1.0,1.0,0.0,0.0,1.0,1.0,167.0,167.0,1.0,0.6911,0.0002,,True
False,0.0,0.9802,0.9802,0.9802,0.9802,1.0,465556.0,1.0,1.0,0.0,167.0,inf,0.6598,0.1849,,True
False,0.0,,1.0,1.0,1.0,0.0,0.0,1.0,1.0,63.0,63.0,1.0,0.6911,0.0002,,True
False,0.0,0.9802,0.9802,0.9802,0.9802,1.0,465556.0,1.0,1.0,0.0,63.0,inf,0.6598,0.1849,,True
False,0.0,,1.0,1.0,1.0,0.0,0.0,1.0,1.0,27.0,27.0,1.0,0.6911,0.0002,,True
False,0.0,,1.0,1.0,1.0,0.0,0.0,1.0,1.0,40.0,40.0,1.0,0.6911,0.0002,,True
False,0.0,,1.0,1.0,1.0,0.0,0.0,1.0,1.0,40.0,40.0,1.0,0.6911,0.0002,,True
False,0.0,,1.0,1.0,1.0,0.0,0.0,1.0,1.0,252.0,252.0,1.0,0.6911,0.0002,,True
False,0.0,,1.0,1.0,1.0,0.0,0.0,1.0,1.0,13.0,13.0,1.0,0.6911,0.0002,,True
False,0.0,,1.0,1.0,1.0,0.0,0.0,1.0,1.0,533.0,533.0,1.0,0.6911,0.0002,,True
False,0.0,,1.0,1.0,1.0,0.0,0.0,1.0,1.0,73.0,73.0,1.0,0.6911,0.0002,,True
False,0.0,,1.0,1.0,1.0,0.0,0.0,1.0,1.0,7.0,7.0,1.0,0.6911,0.0002,,True
False,0.0,0.1176,0.3382,0.3382,0.3382,1.0,46194648.0,1.0,1.0,7.0,2.0,0.2857143,0.5715,0.4773,,False
False,0.0,,1.0,1.0,1.0,0.0,0.0,1.0,1.0,8.0,8.0,1.0,0.6911,0.0002,,True
False,0.0,0.1176,0.3382,0.3382,0.3382,1.0,46194648.0,1.0,1.0,7.0,3.0,0.42857143,0.5715,0.4773,,False
False,0.0,,1.0,1.0,1.0,0.0,0.0,1.0,1.0,8.0,8.0,1.0,0.6911,0.0002,,True
False,0.0,0.1176,0.2279,0.2279,0.2279,1.0,46194648.0,1.0,1.0,7.0,2.0,0.2857143,0.5715,0.4773,,False
False,0.0,,1.0,1.0,1.0,0.0,0.0,1.0,1.0,9.0,9.0,1.0,0.6911,0.0002,,True
False,0.0,0.1176,0.3137,0.3137,0.3137,1.0,46194648.0,1.0,1.0,8.0,3.0,0.375,0.5715,0.4773,,False
False,0.0,,1.0,1.0,1.0,0.0,0.0,1.0,1.0,7.0,7.0,1.0,0.6911,0.0002,,True
False,0.0,0.1176,0.3382,0.3382,0.3382,1.0,46194648.0,1.0,1.0,7.0,2.0,0.2857143,0.5715,0.4773,,False
False,0.0,,1.0,1.0,1.0,0.0,0.0,1.0,1.0,8.0,8.0,1.0,0.6911,0.0002,,True
False,0.0,0.1176,0.3382,0.3382,0.3382,1.0,46194648.0,1.0,1.0,7.0,3.0,0.42857143,0.5715,0.4773,,False
False,0.0,,1.0,1.0,1.0,0.0,0.0,1.0,1.0,30.0,30.0,1.0,0.6911,0.0002,,True
False,0.0,,1.0,1.0,1.0,0.0,0.0,1.0,1.0,8.0,8.0,1.0,0.6911,0.0002,,True
False,0.0,0.1176,0.3382,0.3382,0.3382,1.0,46194648.0,1.0,1.0,7.0,3.0,0.42857143,0.5715,0.4773,,False
False,0.0,,1.0,1.0,1.0,0.0,0.0,1.0,1.0,63.0,63.0,1.0,0.6911,0.0002,,True
False,0.0,,1.0,1.0,1.0,0.0,0.0,1.0,1.0,10.0,10.0,1.0,0.6911,0.0002,,True
False,0.0,0.1176,0.3212,0.3212,0.3212,1.0,46194648.0,1.0,1.0,11.0,2.0,0.18181819,0.5715,0.4773,,False
False,0.0,,1.0,1.0,1.0,0.0,0.0,1.0,1.0,63.0,63.0,1.0,0.6911,0.0002,,True
False,0.0,,1.0,1.0,1.0,0.0,0.0,1.0,1.0,9.0,9.0,1.0,0.6911,0.0002,,True
False,0.0,0.1176,0.3137,0.3137,0.3137,1.0,46194648.0,1.0,1.0,8.0,3.0,0.375,0.5715,0.4773,,False
False,0.0,,1.0,1.0,1.0,0.0,0.0,1.0,1.0,7.0,7.0,1.0,0.6911,0.0002,,True
False,0.0,0.1176,0.3382,0.3382,0.3382,1.0,46194648.0,1.0,1.0,7.0,2.0,0.2857143,0.5715,0.4773,,False
False,0.0,,1.0,1.0,1.0,0.0,0.0,1.0,1.0,28.0,28.0,1.0,0.6911,0.0002,,True
False,0.0,,1.0,1.0,1.0,0.0,0.0,1.0,1.0,30.0,30.0,1.0,0.6911,0.0002,,True
False,0.0,,1.0,1.0,1.0,0.0,0.0,1.0,1.0,26.0,26.0,1.0,0.6911,0.0002,,True
False,0.0,,1.0,1.0,1.0,0.0,0.0,1.0,1.0,51.0,51.0,1.0,0.6911,0.0002,,True
False,0.0,,1.0,1.0,1.0,0.0,0.0,1.0,1.0,102.0,102.0,1.0,0.6911,0.0002,,True
False,0.0,,1.0,1.0,1.0,0.0,0.0,1.0,1.0,71.0,71.0,1.0,0.6911,0.0002,,True
False,0.0,,1.0,1.0,1.0,0.0,0.0,1.0,1.0,70.0,70.0,1.0,0.6911,0.0002,,True
False,0.0,,1.0,1.0,1.0,0.0,0.0,1.0,1.0,245.0,245.0,1.0,0.6911,0.0002,,True
False,0.0,,1.0,1.0,1.0,0.0,0.0,1.0,1.0,8.0,8.0,1.0,0.6911,0.0002,,True
False,0.0,0.1176,0.4706,0.4706,0.4706,1.0,46194648.0,1.0,1.0,8.0,4.0,0.5,0.5715,0.4773,,False
False,0.0,,1.0,1.0,1.0,0.0,0.0,1.0,1.0,30.0,30.0,1.0,0.6911,0.0002,,True
False,0.0,,1.0,1.0,1.0,0.0,0.0,1.0,1.0,8.0,8.0,1.0,0.6911,0.0002,,True
False,0.0,0.1176,0.3137,0.3137,0.3137,1.0,46194648.0,1.0,1.0,8.0,2.0,0.25,0.5715,0.4773,,False
False,0.0,,1.0,1.0,1.0,0.0,0.0,1.0,1.0,9.0,9.0,1.0,0.6911,0.0002,,True
False,0.0,0.1176,0.3137,0.3137,0.3137,1.0,46194648.0,1.0,1.0,8.0,3.0,0.375,0.5715,0.4773,,False
False,0.0,,1.0,1.0,1.0,0.0,0.0,1.0,1.0,7.0,7.0,1.0,0.6911,0.0002,,True
False,0.0,0.1176,0.3382,0.3382,0.3382,1.0,46194648.0,1.0,1.0,7.0,2.0,0.2857143,0.5715,0.4773,,False
False,0.0,,1.0,1.0,1.0,0.0,0.0,1.0,1.0,8.0,8.0,1.0,0.6911,0.0002,,True
False,0.0,0.1176,0.4706,0.4706,0.4706,1.0,46194648.0,1.0,1.0,8.0,4.0,0.5,0.5715,0.4773,,False
False,0.0,,1.0,1.0,1.0,0.0,0.0,1.0,1.0,8.0,8.0,1.0,0.6911,0.0002,,True
False,0.0,0.1176,0.4706,0.4706,0.4706,1.0,46194648.0,1.0,1.0,8.0,4.0,0.5,0.5715,0.4773,,False
False,0.0,,1.0,1.0,1.0,0.0,0.0,1.0,1.0,17.0,17.0,1.0,0.5715,0.4773,,False
False,0.0,,1.0,1.0,1.0,0.0,0.0,1.0,1.0,2.0,2.0,1.0,0.6911,0.0002,,True
False,0.0,0.1176,0.1176,0.1176,0.1176,1.0,46194648.0,1.0,1.0,0.0,2.0,inf,0.5715,0.4773,,False
False,0.0,,1.0,1.0,1.0,0.0,0.0,1.0,1.0,21.0,21.0,1.0,0.6911,0.0002,,True
False,0.0,,1.0,1.0,1.0,0.0,0.0,1.0,1.0,20.0,20.0,1.0,0.6911,0.0002,,True
False,0.0,,1.0,1.0,1.0,0.0,0.0,1.0,1.0,94.0,94.0,1.0,0.5715,0.4773,,False
False,0.0,,1.0,1.0,1.0,0.0,0.0,1.0,1.0,9.0,9.0,1.0,0.6911,0.0002,,True
False,0.0,0.1176,0.3382,0.3382,0.3382,1.0,46194648.0,1.0,1.0,10.0,2.0,0.2,0.5715,0.4773,,False
False,0.0,,1.0,1.0,1.0,0.0,0.0,1.0,1.0,78.0,78.0,1.0,0.6911,0.0002,,True
False,0.0,,1.0,1.0,1.0,0.0,0.0,1.0,1.0,44.0,44.0,1.0,0.6911,0.0002,,True
False,0.0,,1.0,1.0,1.0,0.0,0.0,1.0,1.0,55.0,55.0,1.0,0.6911,0.0002,,True
False,0.0,,1.0,1.0,1.0,0.0,0.0,1.0,1.0,116.0,116.0,1.0,0.6911,0.0002,,True
False,0.0,,1.0,1.0,1.0,0.0,0.0,1.0,1.0,56.0,56.0,1.0,0.6911,0.0002,,True
False,0.0,,1.0,1.0,1.0,0.0,0.0,1.0,1.0,22.0,22.0,1.0,0.6911,0.0002,,True
False,0.0,,1.0,1.0,1.0,0.0,0.0,1.0,1.0,39.0,39.0,1.0,0.6911,0.0002,,True
False,0.0,,1.0,1.0,1.0,0.0,0.0,1.0,1.0,57.0,57.0,1.0,0.6911,0.0002,,True
False,0.0,,1.0,1.0,1.0,0.0,0.0,1.0,1.0,22.0,22.0,1.0,0.6911,0.0002,,True
False,0.0,,1.0,1.0,1.0,0.0,0.0,1.0,1.0,9.0,9.0,1.0,0.6911,0.0002,,True
False,0.0,0.1176,0.3382,0.3382,0.3382,1.0,46194648.0,1.0,1.0,10.0,2.0,0.2,0.5715,0.4773,,False
False,0.0,,1.0,1.0,1.0,0.0,0.0,1.0,1.0,20.0,20.0,1.0,0.6911,0.0002,,True
False,0.0,,1.0,1.0,1.0,0.0,0.0,1.0,1.0,243.0,243.0,1.0,0.6911,0.0002,,True
False,0.0,0.1176,0.1176,0.1176,0.1176,1.0,46194648.0,1.0,1.0,0.0,243.0,inf,0.5715,0.4773,,False
False,0.0,,1.0,1.0,1.0,0.0,0.0,1.0,1.0,27.0,27.0,1.0,0.6911,0.0002,,True
False,0.0,,1.0,1.0,1.0,0.0,0.0,1.0,1.0,125.0,125.0,1.0,0.5715,0.4773,,False
False,0.0,,1.0,1.0,1.0,0.0,0.0,1.0,1.0,9.0,9.0,1.0,0.5715,0.4773,,False
False,0.0,,1.0,1.0,1.0,0.0,0.0,1.0,1.0,105.0,105.0,1.0,0.6911,0.0002,,True
False,0.0,0.1176,0.1176,0.1176,0.1176,1.0,46194648.0,1.0,1.0,0.0,105.0,inf,0.5715,0.4773,,False
False,0.0,,1.0,1.0,1.0,0.0,0.0,1.0,1.0,5.0,5.0,1.0,0.5715,0.4773,,False
False,0.0,,1.0,1.0,1.0,0.0,0.0,1.0,1.0,58.0,58.0,1.0,0.6911,0.0002,1.0,True
False,0.0,0.988,0.9885,0.9885,0.9885,1.0,261526.0,1.0,1.0,58.0,2.0,0.03448276,0.6914,0.0064,1.0,False
False,0.0,0.1177,0.1176,0.1176,0.1176,2.0,46194648.0,1.0,1.0,0.0,58.0,inf,0.5715,0.4773,,False
False,0.0,,1.0,1.0,1.0,0.0,0.0,1.0,1.0,9.0,9.0,1.0,0.6911,0.0002,,True
False,0.0,0.1176,0.2647,0.2647,0.2647,1.0,46194648.0,1.0,1.0,10.0,1.0,0.1,0.5715,0.4773,,False
False,0.0,,1.0,1.0,1.0,0.0,0.0,1.0,1.0,32.0,32.0,1.0,0.6911,0.0002,,True
False,0.0,0.1176,0.2157,0.2157,0.2157,1.0,46194648.0,1.0,1.0,34.0,3.0,0.0882353,0.5715,0.4773,,False
False,0.0,,1.0,1.0,1.0,0.0,0.0,1.0,1.0,21.0,21.0,1.0,0.6911,0.0002,,True
False,0.0,0.1176,0.2279,0.2279,0.2279,1.0,46194648.0,1.0,1.0,22.0,2.0,0.09090909,0.5715,0.4773,,False
False,0.0,,1.0,1.0,1.0,0.0,0.0,1.0,1.0,46.0,46.0,1.0,0.6911,0.0002,,True
False,0.0,,1.0,1.0,1.0,0.0,0.0,1.0,1.0,5.0,5.0,1.0,0.6911,0.0002,,True
False,0.0,,1.0,1.0,1.0,0.0,0.0,1.0,1.0,20.0,20.0,1.0,0.6911,0.0002,,True
False,0.0,,1.0,1.0,1.0,0.0,0.0,1.0,1.0,1223.0,1223.0,1.0,0.6911,0.0002,,True
False,0.0,,1.0,1.0,1.0,0.0,0.0,1.0,1.0,23.0,23.0,1.0,0.6911,0.0002,,True
False,0.0,,1.0,1.0,1.0,0.0,0.0,1.0,1.0,34.0,34.0,1.0,0.6911,0.0002,,True
False,0.0,,1.0,1.0,1.0,0.0,0.0,1.0,1.0,47.0,47.0,1.0,0.6911,0.0002,,True
False,0.0,,1.0,1.0,1.0,0.0,0.0,1.0,1.0,76.0,76.0,1.0,0.6911,0.0002,,True
False,0.0,,1.0,1.0,1.0,0.0,0.0,1.0,1.0,86.0,86.0,1.0,0.6911,0.0002,,True
False,0.0,,1.0,1.0,1.0,0.0,0.0,1.0,1.0,74.0,74.0,1.0,0.6911,0.0002,,True
False,0.0,,1.0,1.0,1.0,0.0,0.0,1.0,1.0,56.0,56.0,1.0,0.6911,0.0002,,True
False,0.0,,1.0,1.0,1.0,0.0,0.0,1.0,1.0,36.0,36.0,1.0,0.6911,0.0002,,True
False,0.0,,1.0,1.0,1.0,0.0,0.0,1.0,1.0,70.0,70.0,1.0,0.6911,0.0002,,True
False,0.0,,1.0,1.0,1.0,0.0,0.0,1.0,1.0,80.0,80.0,1.0,0.6911,0.0002,,True
False,0.0,,1.0,1.0,1.0,0.0,0.0,1.0,1.0,94.0,94.0,1.0,0.6911,0.0002,,True
False,0.0,,1.0,1.0,1.0,0.0,0.0,1.0,1.0,51.0,51.0,1.0,0.6911,0.0002,,True
False,0.0,,1.0,1.0,1.0,0.0,0.0,1.0,1.0,27.0,27.0,1.0,0.6911,0.0002,,True
False,0.0,0.9802,0.9809,0.9809,0.9809,1.0,434111.0,1.0,1.0,27.0,1.0,0.037037037,0.6921,0.0081,,True
False,0.0,0.1177,0.2031,0.2031,0.2031,2.0,46194648.0,1.0,1.0,29.0,2.0,0.06896552,0.5715,0.4773,,False
False,0.0,,1.0,1.0,1.0,0.0,0.0,1.0,1.0,68.0,68.0,1.0,0.6911,0.0002,,True
False,0.0,,1.0,1.0,1.0,0.0,0.0,1.0,1.0,284.0,284.0,1.0,0.6911,0.0002,,True
False,0.0,,1.0,1.0,1.0,0.0,0.0,1.0,1.0,11.0,11.0,1.0,0.6911,0.0002,,True
False,0.0,0.9802,0.9818,0.9818,0.9818,1.0,434111.0,1.0,1.0,11.0,1.0,0.09090909,0.6921,0.0081,,True
False,0.0,0.1178,0.2943,0.2943,0.2943,2.0,46194648.0,1.0,1.0,13.0,2.0,0.15384616,0.5715,0.4773,,False
False,0.0,,1.0,1.0,1.0,0.0,0.0,1.0,1.0,202.0,202.0,1.0,0.6911,0.0002,,True
False,0.0,,1.0,1.0,1.0,0.0,0.0,1.0,1.0,20.0,20.0,1.0,0.6911,0.0002,,True
False,0.0,,1.0,1.0,1.0,0.0,0.0,1.0,1.0,6.0,6.0,1.0,0.6911,0.0002,,True
False,0.0,0.1176,0.4706,0.4706,0.4706,1.0,46194648.0,1.0,1.0,8.0,3.0,0.375,0.5715,0.4773,,False
False,0.0,,1.0,1.0,1.0,0.0,0.0,1.0,1.0,78.0,78.0,1.0,0.6911,0.0002,,True
False,0.0,,1.0,1.0,1.0,0.0,0.0,1.0,1.0,38.0,38.0,1.0,0.6911,0.0002,,True
False,0.0,,1.0,1.0,1.0,0.0,0.0,1.0,1.0,53.0,53.0,1.0,0.6911,0.0002,,True
False,0.0,0.988,0.9908,0.9908,0.9908,1.0,261526.0,1.0,1.0,54.0,12.0,0.22222222,0.6914,0.0064,,False
False,0.0,0.7395,0.7909,0.7909,0.7909,2.0,6630356.0,1.0,1.0,61.0,11.0,0.18032786,0.6652,0.1569,,False
False,0.0,0.2417,0.2851,0.2851,0.2851,3.0,32196771.0,1.0,1.0,64.0,3.0,0.046875,0.7077,0.758,,False
False,0.0,0.1489,0.1513,0.1513,0.1513,4.0,46194648.0,1.0,1.0,59.0,5.0,0.084745765,0.5715,0.4773,,False
False,0.0,,1.0,1.0,1.0,0.0,0.0,1.0,1.0,12.0,12.0,1.0,0.6911,0.0002,,True
False,0.0,0.1176,0.2831,0.2831,0.2831,1.0,46194648.0,1.0,1.0,14.0,2.0,0.14285715,0.5715,0.4773,,False
False,0.0,,1.0,1.0,1.0,0.0,0.0,1.0,1.0,6.0,6.0,1.0,0.6911,0.0002,,True
False,0.0,0.1176,0.3137,0.3137,0.3137,1.0,46194648.0,1.0,1.0,7.0,1.0,0.14285715,0.5715,0.4773,,False
False,0.0,,1.0,1.0,1.0,0.0,0.0,1.0,1.0,12.0,12.0,1.0,0.6911,0.0002,,True
False,0.0,0.1176,0.1855,0.1855,0.1855,1.0,46194648.0,1.0,1.0,12.0,1.0,0.083333336,0.5715,0.4773,,False
False,0.0,,1.0,1.0,1.0,0.0,0.0,1.0,1.0,22.0,22.0,1.0,0.6911,0.0002,,True
False,0.0,0.9802,0.981,0.981,0.981,1.0,434111.0,1.0,1.0,22.0,1.0,0.045454547,0.6921,0.0081,,True
False,0.0,0.1177,0.1578,0.1578,0.1578,2.0,46194648.0,1.0,1.0,21.0,2.0,0.0952381,0.5715,0.4773,,False
False,0.0,,1.0,1.0,1.0,0.0,0.0,1.0,1.0,19.0,19.0,1.0,0.6911,0.0002,,True
False,0.0,0.1176,0.1641,0.1641,0.1641,1.0,46194648.0,1.0,1.0,18.0,2.0,0.11111111,0.5715,0.4773,,False
False,0.0,,1.0,1.0,1.0,0.0,0.0,1.0,1.0,11.0,11.0,1.0,0.6911,0.0002,,True
False,0.0,0.1176,0.1978,0.1978,0.1978,1.0,46194648.0,1.0,1.0,10.0,2.0,0.2,0.5715,0.4773,,False
False,0.0,,1.0,1.0,1.0,0.0,0.0,1.0,1.0,28.0,28.0,1.0,0.6911,0.0002,2.0,True
False,0.0,,1.0,1.0,1.0,0.0,0.0,1.0,1.0,46.0,46.0,1.0,0.6911,0.0002,,True
False,0.0,,1.0,1.0,1.0,0.0,0.0,1.0,1.0,360.0,360.0,1.0,0.6911,0.0002,,True
False,0.0,,1.0,1.0,1.0,0.0,0.0,1.0,1.0,50.0,50.0,1.0,0.6911,0.0002,,True
False,0.0,,1.0,1.0,1.0,0.0,0.0,1.0,1.0,38.0,38.0,1.0,0.6911,0.0002,,True
False,0.0,,1.0,1.0,1.0,0.0,0.0,1.0,1.0,111.0,111.0,1.0,0.6911,0.0002,,True
False,0.0,,1.0,1.0,1.0,0.0,0.0,1.0,1.0,52.0,52.0,1.0,0.6911,0.0002,,True
False,0.0,,1.0,1.0,1.0,0.0,0.0,1.0,1.0,22.0,22.0,1.0,0.6911,0.0002,,True
False,0.0,,1.0,1.0,1.0,0.0,0.0,1.0,1.0,71.0,71.0,1.0,0.6911,0.0002,,True
False,0.0,,1.0,1.0,1.0,0.0,0.0,1.0,1.0,75.0,75.0,1.0,0.6911,0.0002,,True
False,0.0,,1.0,1.0,1.0,0.0,0.0,1.0,1.0,42.0,42.0,1.0,0.6911,0.0002,,True
False,0.0,,1.0,1.0,1.0,0.0,0.0,1.0,1.0,79.0,79.0,1.0,0.6911,0.0002,,True
False,0.0,,1.0,1.0,1.0,0.0,0.0,1.0,1.0,50.0,50.0,1.0,0.6911,0.0002,,True
False,0.0,,1.0,1.0,1.0,0.0,0.0,1.0,1.0,202.0,202.0,1.0,0.6911,0.0002,,True
False,0.0,,1.0,1.0,1.0,0.0,0.0,1.0,1.0,25.0,25.0,1.0,0.6911,0.0002,,True
False,0.0,,1.0,1.0,1.0,0.0,0.0,1.0,1.0,11.0,11.0,1.0,0.6911,0.0002,,True
False,0.0,0.1176,0.1978,0.1978,0.1978,1.0,46194648.0,1.0,1.0,10.0,2.0,0.2,0.5715,0.4773,,False
False,0.0,,1.0,1.0,1.0,0.0,0.0,1.0,1.0,64.0,64.0,1.0,0.6911,0.0002,,True
False,0.0,,1.0,1.0,1.0,0.0,0.0,1.0,1.0,23.0,23.0,1.0,0.6911,0.0002,,True
False,0.0,,1.0,1.0,1.0,0.0,0.0,1.0,1.0,65.0,65.0,1.0,0.6911,0.0002,,True
False,0.0,,1.0,1.0,1.0,0.0,0.0,1.0,1.0,28.0,28.0,1.0,0.6911,0.0002,,True
False,0.0,,1.0,1.0,1.0,0.0,0.0,1.0,1.0,61.0,61.0,1.0,0.7484,0.72,,False
False,0.0,1.0,1.0,1.0,1.0,1.0,7571.0,1.0,1.0,61.0,1.0,0.016393442,0.7484,0.7097,,False
False,0.0,1.0,1.0,1.0,1.0,2.0,82178.0,1.0,1.0,61.0,2.0,0.032786883,0.7486,0.7027,,False
False,0.0,,0.3607,0.7183,0.3591,3.0,12599662.0,2.0,2.0,60.0,23.0,0.38333333,0.5715,0.4773,,False
False,0.0,,1.0,1.0,1.0,0.0,0.0,1.0,1.0,202.0,202.0,1.0,0.6911,0.0002,,True
False,0.0,,1.0,1.0,1.0,0.0,0.0,1.0,1.0,27.0,27.0,1.0,0.6911,0.0002,,True
False,0.0,,1.0,1.0,1.0,0.0,0.0,1.0,1.0,18.0,18.0,1.0,0.6641,0.1654,,True
False,0.0,0.1381,0.2338,0.2338,0.2338,1.0,42759604.0,1.0,1.0,17.0,3.0,0.1764706,0.5715,0.4773,,False
False,0.0,,1.0,1.0,1.0,0.0,0.0,1.0,1.0,46.0,46.0,1.0,0.6911,0.0002,,True
False,0.0,,1.0,1.0,1.0,0.0,0.0,1.0,1.0,21.0,21.0,1.0,0.6911,0.0002,,True
False,0.0,,1.0,1.0,1.0,0.0,0.0,1.0,1.0,61.0,61.0,1.0,0.7484,0.72,,False
False,0.0,1.0,1.0,1.0,1.0,1.0,7571.0,1.0,1.0,61.0,1.0,0.016393442,0.7484,0.7097,,False
False,0.0,1.0,1.0,1.0,1.0,2.0,82178.0,1.0,1.0,61.0,2.0,0.032786883,0.7486,0.7027,,False
False,0.0,,0.3607,0.7183,0.3591,3.0,12599662.0,2.0,2.0,60.0,23.0,0.38333333,0.5715,0.4773,,False
False,0.0,,1.0,1.0,1.0,0.0,0.0,1.0,1.0,66.0,66.0,1.0,0.7484,0.72,,False
False,0.0,1.0,1.0,1.0,1.0,1.0,7571.0,1.0,1.0,66.0,1.0,0.015151516,0.7484,0.7097,,False
False,0.0,1.0,1.0,1.0,1.0,2.0,82178.0,1.0,1.0,66.0,2.0,0.030303031,0.7486,0.7027,,False
False,0.0,,0.2879,0.6862,0.3431,3.0,12599662.0,2.0,2.0,65.0,20.0,0.30769232,0.5715,0.4773,,False
False,0.0,,1.0,1.0,1.0,0.0,0.0,1.0,1.0,24.0,24.0,1.0,0.6911,0.0002,,True
False,0.0,0.1176,0.1544,0.1544,0.1544,1.0,46194648.0,1.0,1.0,23.0,2.0,0.08695652,0.5715,0.4773,,False
False,0.0,,1.0,1.0,1.0,0.0,0.0,1.0,1.0,34.0,34.0,1.0,0.6911,0.0002,,True
False,0.0,0.1176,0.1428,0.1428,0.1428,1.0,46194648.0,1.0,1.0,34.0,1.0,0.029411765,0.5715,0.4773,,False
False,0.0,,1.0,1.0,1.0,0.0,0.0,1.0,1.0,17.0,17.0,1.0,0.6911,0.0002,,True
False,0.0,0.1176,0.2437,0.2437,0.2437,1.0,46194648.0,1.0,1.0,19.0,2.0,0.10526316,0.5715,0.4773,,False
False,0.0,,1.0,1.0,1.0,0.0,0.0,1.0,1.0,76.0,76.0,1.0,0.6911,0.0002,,True
False,0.0,0.1176,0.1612,0.1612,0.1612,1.0,46194648.0,1.0,1.0,79.0,3.0,0.03797468,0.5715,0.4773,,False
False,0.0,,1.0,1.0,1.0,0.0,0.0,1.0,1.0,95.0,95.0,1.0,0.6911,0.0002,,True
False,0.0,0.1176,0.1176,0.1176,0.1176,1.0,46194648.0,1.0,1.0,0.0,95.0,inf,0.5715,0.4773,,False
False,0.0,,1.0,1.0,1.0,0.0,0.0,1.0,1.0,76.0,76.0,1.0,0.6911,0.0002,,True
False,0.0,,1.0,1.0,1.0,0.0,0.0,1.0,1.0,85.0,85.0,1.0,0.6911,0.0002,5.0,True
False,0.0,,1.0,1.0,1.0,0.0,0.0,1.0,1.0,72.0,72.0,1.0,0.6911,0.0002,,True
False,0.0,,1.0,1.0,1.0,0.0,0.0,1.0,1.0,72.0,72.0,1.0,0.6911,0.0002,2.0,True
False,0.0,,1.0,1.0,1.0,0.0,0.0,1.0,1.0,64.0,64.0,1.0,0.6911,0.0002,,True
False,0.0,,1.0,1.0,1.0,0.0,0.0,1.0,1.0,31.0,31.0,1.0,0.6911,0.0002,1.0,True
False,0.0,,1.0,1.0,1.0,0.0,0.0,1.0,1.0,79.0,79.0,1.0,0.6911,0.0002,,True
False,0.0,,1.0,1.0,1.0,0.0,0.0,1.0,1.0,3.0,3.0,1.0,0.6911,0.0002,,True
False,0.0,,1.0,1.0,1.0,0.0,0.0,1.0,1.0,46.0,46.0,1.0,0.6911,0.0002,,True
False,0.0,,1.0,1.0,1.0,0.0,0.0,1.0,1.0,2572.0,2572.0,1.0,0.6911,0.0002,,True
False,0.0,,1.0,1.0,1.0,0.0,0.0,1.0,1.0,80.0,80.0,1.0,0.6911,0.0002,,True
False,0.0,,1.0,1.0,1.0,0.0,0.0,1.0,1.0,23.0,23.0,1.0,0.6911,0.0002,,True
False,0.0,,1.0,1.0,1.0,0.0,0.0,1.0,1.0,62.0,62.0,1.0,0.6911,0.0002,,True
False,0.0,,1.0,1.0,1.0,0.0,0.0,1.0,1.0,2733.0,2733.0,1.0,0.6911,0.0002,,True
False,0.0,,1.0,1.0,1.0,0.0,0.0,1.0,1.0,9.0,9.0,1.0,0.5715,0.4773,,False
False,0.0,,1.0,1.0,1.0,0.0,0.0,1.0,1.0,7.0,7.0,1.0,0.6911,0.0002,,True
False,0.0,0.1176,0.3823,0.3823,0.3823,1.0,46194648.0,1.0,1.0,8.0,2.0,0.25,0.5715,0.4773,,False
False,0.0,,1.0,1.0,1.0,0.0,0.0,1.0,1.0,102.0,102.0,1.0,0.6911,0.0002,,True
False,0.0,,1.0,1.0,1.0,0.0,0.0,1.0,1.0,309.0,309.0,1.0,0.6911,0.0002,,True
False,0.0,,1.0,1.0,1.0,0.0,0.0,1.0,1.0,72.0,72.0,1.0,0.6911,0.0002,,True
False,0.0,,1.0,1.0,1.0,0.0,0.0,1.0,1.0,2822.0,2822.0,1.0,0.6911,0.0002,,True
False,0.0,,1.0,1.0,1.0,0.0,0.0,1.0,1.0,27.0,27.0,1.0,0.6636,0.1624,,True
False,0.0,,0.4783,1.0,0.5,1.0,78618.0,2.0,2.0,41.0,18.0,0.4390244,0.6641,0.1654,,True
True,1.0,0.4632,0.568,0.9731,0.4866,2.0,840980.0,2.0,2.0,43.0,9.0,0.20930232,0.6646,0.168,,True
False,1.0,0.5567,0.6088,0.959,0.4795,3.0,1278247.0,2.0,2.0,45.0,6.0,0.13333334,0.6648,0.1645,,False
False,1.0,0.5978,0.5991,0.9437,0.4719,4.0,1636429.0,2.0,2.0,45.0,1.0,0.022222223,0.665,0.1634,,True
False,1.0,0.1706,0.2002,0.2946,0.1473,5.0,28755006.0,2.0,2.0,46.0,1.0,0.02173913,0.6901,0.7515,,False
False,1.0,0.1042,0.3111,0.3411,0.1705,6.0,42838222.0,2.0,2.0,45.0,13.0,0.2888889,0.5715,0.4773,,False
False,0.0,,1.0,1.0,1.0,0.0,0.0,1.0,1.0,80.0,80.0,1.0,0.6911,0.0002,,True
False,0.0,,1.0,1.0,1.0,0.0,0.0,1.0,1.0,418.0,418.0,1.0,0.6911,0.0002,,True
False,0.0,,1.0,1.0,1.0,0.0,0.0,1.0,1.0,12.0,12.0,1.0,0.6636,0.1624,,True
False,0.0,,0.4,1.0,0.5,1.0,78618.0,2.0,2.0,18.0,7.0,0.3888889,0.6641,0.1654,,True
True,1.0,0.3874,0.4431,0.9692,0.4846,2.0,840980.0,2.0,2.0,19.0,1.0,0.05263158,0.6646,0.168,,True
False,1.0,0.426,0.4292,0.9367,0.4683,3.0,1636429.0,2.0,2.0,19.0,1.0,0.05263158,0.665,0.1634,,True
False,1.0,0.1223,0.1954,0.3276,0.1638,4.0,28755006.0,2.0,2.0,20.0,1.0,0.05,0.6901,0.7515,,False
False,1.0,0.1017,0.367,0.3969,0.1984,5.0,42838222.0,2.0,2.0,19.0,7.0,0.36842105,0.5715,0.4773,,False
False,0.0,,1.0,1.0,1.0,0.0,0.0,1.0,1.0,203.0,203.0,1.0,0.6911,0.0002,,True
False,0.0,0.1176,0.1176,0.1176,0.1176,1.0,46194648.0,1.0,1.0,0.0,203.0,inf,0.5715,0.4773,,False
False,0.0,,1.0,1.0,1.0,0.0,0.0,1.0,1.0,155.0,155.0,1.0,0.6911,0.0002,,True
False,0.0,,1.0,1.0,1.0,0.0,0.0,1.0,1.0,2822.0,2822.0,1.0,0.6911,0.0002,,True
False,0.0,,1.0,1.0,1.0,0.0,0.0,1.0,1.0,4.0,4.0,1.0,0.5715,0.4773,,False
False,0.0,,1.0,1.0,1.0,0.0,0.0,1.0,1.0,51.0,51.0,1.0,0.6911,0.0002,,True
False,0.0,0.1176,0.1176,0.1176,0.1176,1.0,46194648.0,1.0,1.0,0.0,51.0,inf,0.5715,0.4773,,False
False,0.0,,1.0,1.0,1.0,0.0,0.0,1.0,1.0,2.0,2.0,1.0,0.5715,0.4773,,False
False,0.0,,1.0,1.0,1.0,0.0,0.0,1.0,1.0,7.0,7.0,1.0,0.6911,0.0002,,True
False,0.0,0.1176,0.2279,0.2279,0.2279,1.0,46194648.0,1.0,1.0,7.0,1.0,0.14285715,0.5715,0.4773,,False
False,0.0,,1.0,1.0,1.0,0.0,0.0,1.0,1.0,10.0,10.0,1.0,0.6911,0.0002,,True
False,0.0,0.992,0.9942,0.9942,0.9942,1.0,256144.0,1.0,1.0,10.0,3.0,0.3,0.6913,0.0055,,False
False,0.0,0.118,0.3216,0.3216,0.3216,2.0,46194648.0,1.0,1.0,11.0,2.0,0.18181819,0.5715,0.4773,,False
False,0.0,,1.0,1.0,1.0,0.0,0.0,1.0,1.0,65.0,65.0,1.0,0.6911,0.0002,,True
False,0.0,,1.0,1.0,1.0,0.0,0.0,1.0,1.0,91.0,91.0,1.0,0.6911,0.0002,3.0,True
False,0.0,,1.0,1.0,1.0,0.0,0.0,1.0,1.0,67.0,67.0,1.0,0.6911,0.0002,,True
False,0.0,,1.0,1.0,1.0,0.0,0.0,1.0,1.0,43.0,43.0,1.0,0.6911,0.0002,1.0,True
False,0.0,,1.0,1.0,1.0,0.0,0.0,1.0,1.0,60.0,60.0,1.0,0.6911,0.0002,,True
False,0.0,,1.0,1.0,1.0,0.0,0.0,1.0,1.0,40.0,40.0,1.0,0.6911,0.0002,2.0,True
False,0.0,,1.0,1.0,1.0,0.0,0.0,1.0,1.0,186.0,186.0,1.0,0.6911,0.0002,,True
False,0.0,,1.0,1.0,1.0,0.0,0.0,1.0,1.0,28.0,28.0,1.0,0.6911,0.0002,1.0,True
False,0.0,,1.0,1.0,1.0,0.0,0.0,1.0,1.0,168.0,168.0,1.0,0.6911,0.0002,,True
False,0.0,,1.0,1.0,1.0,0.0,0.0,1.0,1.0,28.0,28.0,1.0,0.6911,0.0002,0.0,True
False,0.0,,1.0,1.0,1.0,0.0,0.0,1.0,1.0,23.0,23.0,1.0,0.6911,0.0002,0.0,True
False,0.0,,1.0,1.0,1.0,0.0,0.0,1.0,1.0,7.0,7.0,1.0,0.6911,0.0002,,True
False,0.0,0.1176,0.3382,0.3382,0.3382,1.0,46194648.0,1.0,1.0,7.0,2.0,0.2857143,0.5715,0.4773,,False
False,0.0,,1.0,1.0,1.0,0.0,0.0,1.0,1.0,86.0,86.0,1.0,0.6911,0.0002,,True
False,0.0,,1.0,1.0,1.0,0.0,0.0,1.0,1.0,10.0,10.0,1.0,0.6911,0.0002,,True
False,0.0,0.1176,0.3212,0.3212,0.3212,1.0,46194648.0,1.0,1.0,11.0,2.0,0.18181819,0.5715,0.4773,,False
False,0.0,,1.0,1.0,1.0,0.0,0.0,1.0,1.0,57.0,57.0,1.0,0.6911,0.0002,,True
False,0.0,,1.0,1.0,1.0,0.0,0.0,1.0,1.0,23.0,23.0,1.0,0.6911,0.0002,0.0,True
False,0.0,,1.0,1.0,1.0,0.0,0.0,1.0,1.0,7.0,7.0,1.0,0.6911,0.0002,,True
False,0.0,0.1176,0.3382,0.3382,0.3382,1.0,46194648.0,1.0,1.0,7.0,2.0,0.2857143,0.5715,0.4773,,False
False,0.0,,1.0,1.0,1.0,0.0,0.0,1.0,1.0,72.0,72.0,1.0,0.6911,0.0002,,True
False,0.0,,1.0,1.0,1.0,0.0,0.0,1.0,1.0,23.0,23.0,1.0,0.6911,0.0002,0.0,True
False,0.0,,1.0,1.0,1.0,0.0,0.0,1.0,1.0,19.0,19.0,1.0,0.6911,0.0002,,True
False,0.0,0.1176,0.1176,0.1176,0.1176,1.0,46194648.0,1.0,1.0,0.0,19.0,inf,0.5715,0.4773,,False
False,0.0,,1.0,1.0,1.0,0.0,0.0,1.0,1.0,82.0,82.0,1.0,0.6911,0.0002,,True
False,0.0,,1.0,1.0,1.0,0.0,0.0,1.0,1.0,23.0,23.0,1.0,0.6911,0.0002,0.0,True
False,0.0,,1.0,1.0,1.0,0.0,0.0,1.0,1.0,65.0,65.0,1.0,0.6911,0.0002,,True
False,0.0,,1.0,1.0,1.0,0.0,0.0,1.0,1.0,23.0,23.0,1.0,0.6911,0.0002,0.0,True
False,0.0,,1.0,1.0,1.0,0.0,0.0,1.0,1.0,13.0,13.0,1.0,0.5715,0.4773,,False
False,0.0,,1.0,1.0,1.0,0.0,0.0,1.0,1.0,284.0,284.0,1.0,0.6911,0.0002,,True
True,1.0,0.953,0.9537,0.9537,0.9537,1.0,1102080.0,1.0,1.0,286.0,2.0,0.006993007,0.6624,0.1751,,False
False,1.0,0.1177,0.1176,0.1176,0.1176,2.0,46194648.0,1.0,1.0,0.0,286.0,inf,0.5715,0.4773,,False
False,0.0,,1.0,1.0,1.0,0.0,0.0,1.0,1.0,111.0,111.0,1.0,0.6911,0.0002,,True
False,0.0,,1.0,1.0,1.0,0.0,0.0,1.0,1.0,41.0,41.0,1.0,0.6911,0.0002,1.0,True
False,0.0,,1.0,1.0,1.0,0.0,0.0,1.0,1.0,15.0,15.0,1.0,0.5715,0.4773,,False
False,0.0,,1.0,1.0,1.0,0.0,0.0,1.0,1.0,65.0,65.0,1.0,0.5715,0.4773,,False
False,0.0,,1.0,1.0,1.0,0.0,0.0,1.0,1.0,8.0,8.0,1.0,0.6911,0.0002,,True
False,0.0,0.1176,0.4485,0.4485,0.4485,1.0,46194648.0,1.0,1.0,7.0,4.0,0.5714286,0.5715,0.4773,,False
False,0.0,,1.0,1.0,1.0,0.0,0.0,1.0,1.0,7.0,7.0,1.0,0.6911,0.0002,,True
False,0.0,0.1176,0.4485,0.4485,0.4485,1.0,46194648.0,1.0,1.0,7.0,3.0,0.42857143,0.5715,0.4773,,False
False,0.0,,1.0,1.0,1.0,0.0,0.0,1.0,1.0,92.0,92.0,1.0,0.6911,0.0002,,True
False,0.0,,1.0,1.0,1.0,0.0,0.0,1.0,1.0,41.0,41.0,1.0,0.6911,0.0002,1.0,True
False,0.0,,1.0,1.0,1.0,0.0,0.0,1.0,1.0,104.0,104.0,1.0,0.6911,0.0002,,True
False,0.0,,1.0,1.0,1.0,0.0,0.0,1.0,1.0,26.0,26.0,1.0,0.6911,0.0002,1.0,True
False,0.0,,1.0,1.0,1.0,0.0,0.0,1.0,1.0,78.0,78.0,1.0,0.6911,0.0002,,True
False,0.0,,1.0,1.0,1.0,0.0,0.0,1.0,1.0,107.0,107.0,1.0,0.6911,0.0002,6.0,True
False,0.0,,1.0,1.0,1.0,0.0,0.0,1.0,1.0,78.0,78.0,1.0,0.6911,0.0002,,True
False,0.0,,1.0,1.0,1.0,0.0,0.0,1.0,1.0,46.0,46.0,1.0,0.6911,0.0002,3.0,True
False,0.0,,1.0,1.0,1.0,0.0,0.0,1.0,1.0,53.0,53.0,1.0,0.6911,0.0002,,True
False,0.0,,1.0,1.0,1.0,0.0,0.0,1.0,1.0,66.0,66.0,1.0,0.6911,0.0002,2.0,True
False,0.0,,1.0,1.0,1.0,0.0,0.0,1.0,1.0,67.0,67.0,1.0,0.6911,0.0002,,True
False,0.0,,1.0,1.0,1.0,0.0,0.0,1.0,1.0,77.0,77.0,1.0,0.6911,0.0002,2.0,True
False,0.0,,1.0,1.0,1.0,0.0,0.0,1.0,1.0,100.0,100.0,1.0,0.6911,0.0002,5.0,True
False,0.0,,1.0,1.0,1.0,0.0,0.0,1.0,1.0,8.0,8.0,1.0,0.6911,0.0002,,True
False,0.0,0.1176,0.4485,0.4485,0.4485,1.0,46194648.0,1.0,1.0,7.0,4.0,0.5714286,0.5715,0.4773,,False
False,0.0,,1.0,1.0,1.0,0.0,0.0,1.0,1.0,8.0,8.0,1.0,0.6911,0.0002,,True
False,0.0,0.1176,0.4485,0.4485,0.4485,1.0,46194648.0,1.0,1.0,7.0,4.0,0.5714286,0.5715,0.4773,,False
False,0.0,,1.0,1.0,1.0,0.0,0.0,1.0,1.0,19.0,19.0,1.0,0.6911,0.0002,,True
False,0.0,0.1176,0.2379,0.2379,0.2379,1.0,46194648.0,1.0,1.0,20.0,2.0,0.1,0.5715,0.4773,,False
False,0.0,,1.0,1.0,1.0,0.0,0.0,1.0,1.0,64.0,64.0,1.0,0.6911,0.0002,,True
False,0.0,,1.0,1.0,1.0,0.0,0.0,1.0,1.0,8.0,8.0,1.0,0.6911,0.0002,,True
False,0.0,0.1176,0.4485,0.4485,0.4485,1.0,46194648.0,1.0,1.0,7.0,4.0,0.5714286,0.5715,0.4773,,False
False,0.0,,1.0,1.0,1.0,0.0,0.0,1.0,1.0,66.0,66.0,1.0,0.6911,0.0002,,True
False,0.0,,1.0,1.0,1.0,0.0,0.0,1.0,1.0,35.0,35.0,1.0,0.6911,0.0002,2.0,True
False,0.0,,1.0,1.0,1.0,0.0,0.0,1.0,1.0,7.0,7.0,1.0,0.6911,0.0002,,True
False,0.0,0.1176,0.3382,0.3382,0.3382,1.0,46194648.0,1.0,1.0,7.0,2.0,0.2857143,0.5715,0.4773,,False
False,0.0,,1.0,1.0,1.0,0.0,0.0,1.0,1.0,73.0,73.0,1.0,0.6911,0.0002,,True
False,0.0,,1.0,1.0,1.0,0.0,0.0,1.0,1.0,67.0,67.0,1.0,0.6911,0.0002,2.0,True
False,0.0,,1.0,1.0,1.0,0.0,0.0,1.0,1.0,8.0,8.0,1.0,0.6911,0.0002,,True
False,0.0,0.1176,0.5588,0.5588,0.5588,1.0,46194648.0,1.0,1.0,8.0,5.0,0.625,0.5715,0.4773,,False
False,0.0,,1.0,1.0,1.0,0.0,0.0,1.0,1.0,58.0,58.0,1.0,0.6911,0.0002,,True
False,0.0,,1.0,1.0,1.0,0.0,0.0,1.0,1.0,72.0,72.0,1.0,0.6911,0.0002,7.0,True
False,0.0,,1.0,1.0,1.0,0.0,0.0,1.0,1.0,8.0,8.0,1.0,0.6911,0.0002,,True
False,0.0,0.1176,0.5588,0.5588,0.5588,1.0,46194648.0,1.0,1.0,8.0,5.0,0.625,0.5715,0.4773,,False
False,0.0,,1.0,1.0,1.0,0.0,0.0,1.0,1.0,62.0,62.0,1.0,0.6911,0.0002,,True
False,0.0,,1.0,1.0,1.0,0.0,0.0,1.0,1.0,59.0,59.0,1.0,0.6911,0.0002,8.0,True
False,0.0,,1.0,1.0,1.0,0.0,0.0,1.0,1.0,19.0,19.0,1.0,0.6911,0.0002,,True
False,0.0,0.1176,0.2379,0.2379,0.2379,1.0,46194648.0,1.0,1.0,20.0,2.0,0.1,0.5715,0.4773,,False
False,0.0,,1.0,1.0,1.0,0.0,0.0,1.0,1.0,10.0,10.0,1.0,0.5715,0.4773,,False
False,0.0,,1.0,1.0,1.0,0.0,0.0,1.0,1.0,27.0,27.0,1.0,0.6911,0.0002,,True
False,0.0,0.9802,0.9921,0.9921,0.9921,1.0,434111.0,1.0,1.0,50.0,30.0,0.6,0.6921,0.0081,,True
False,0.0,0.9921,0.9924,0.9924,0.9924,2.0,465556.0,1.0,1.0,51.0,2.0,0.039215688,0.6598,0.1849,,True
False,0.0,0.9885,0.9896,0.9896,0.9896,3.0,578614.0,1.0,1.0,54.0,7.0,0.12962963,0.6619,0.2009,,False
False,0.0,0.1193,0.118,0.118,0.118,4.0,46194648.0,1.0,1.0,0.0,54.0,inf,0.5715,0.4773,,False
False,0.0,,1.0,1.0,1.0,0.0,0.0,1.0,1.0,45.0,45.0,1.0,0.6911,0.0002,3.0,True
False,0.0,,1.0,1.0,1.0,0.0,0.0,1.0,1.0,53.0,53.0,1.0,0.6911,0.0002,1.0,True
False,0.0,,1.0,1.0,1.0,0.0,0.0,1.0,1.0,29.0,29.0,1.0,0.6911,0.0002,4.0,True
False,0.0,,1.0,1.0,1.0,0.0,0.0,1.0,1.0,56.0,56.0,1.0,0.6911,0.0002,1.0,True
False,0.0,,1.0,1.0,1.0,0.0,0.0,1.0,1.0,83.0,83.0,1.0,0.6911,0.0002,3.0,True
False,0.0,,1.0,1.0,1.0,0.0,0.0,1.0,1.0,89.0,89.0,1.0,0.6911,0.0002,8.0,True
False,0.0,,1.0,1.0,1.0,0.0,0.0,1.0,1.0,47.0,47.0,1.0,0.6911,0.0002,1.0,True
False,0.0,,1.0,1.0,1.0,0.0,0.0,1.0,1.0,48.0,48.0,1.0,0.6911,0.0002,3.0,True
False,0.0,,1.0,1.0,1.0,0.0,0.0,1.0,1.0,14.0,14.0,1.0,0.6911,0.0002,1.0,True
False,0.0,,1.0,1.0,1.0,0.0,0.0,1.0,1.0,63.0,63.0,1.0,0.6911,0.0002,5.0,True
False,0.0,,1.0,1.0,1.0,0.0,0.0,1.0,1.0,99.0,99.0,1.0,0.6911,0.0002,3.0,True
False,0.0,,1.0,1.0,1.0,0.0,0.0,1.0,1.0,52.0,52.0,1.0,0.6911,0.0002,1.0,True
False,0.0,,1.0,1.0,1.0,0.0,0.0,1.0,1.0,73.0,73.0,1.0,0.6911,0.0002,,True
False,0.0,,1.0,1.0,1.0,0.0,0.0,1.0,1.0,32.0,32.0,1.0,0.6911,0.0002,0.0,True
False,0.0,,1.0,1.0,1.0,0.0,0.0,1.0,1.0,23.0,23.0,1.0,0.6911,0.0002,1.0,True
False,0.0,,1.0,1.0,1.0,0.0,0.0,1.0,1.0,36.0,36.0,1.0,0.5715,0.4773,,False
False,0.0,,1.0,1.0,1.0,0.0,0.0,1.0,1.0,14.0,14.0,1.0,0.6911,0.0002,,True
False,0.0,0.1176,0.1176,0.1176,0.1176,1.0,46194648.0,1.0,1.0,0.0,14.0,inf,0.5715,0.4773,,False
False,0.0,,1.0,1.0,1.0,0.0,0.0,1.0,1.0,11.0,11.0,1.0,0.5715,0.4773,,False
False,0.0,,1.0,1.0,1.0,0.0,0.0,1.0,1.0,15.0,15.0,1.0,0.5715,0.4773,,False
False,0.0,,1.0,1.0,1.0,0.0,0.0,1.0,1.0,17.0,17.0,1.0,0.6911,0.0002,,True
False,0.0,0.1176,0.1176,0.1176,0.1176,1.0,46194648.0,1.0,1.0,0.0,17.0,inf,0.5715,0.4773,,False
False,0.0,,1.0,1.0,1.0,0.0,0.0,1.0,1.0,77.0,77.0,1.0,0.6911,0.0002,,True
False,0.0,,1.0,1.0,1.0,0.0,0.0,1.0,1.0,83.0,83.0,1.0,0.6911,0.0002,,True
False,0.0,0.1176,0.1176,0.1176,0.1176,1.0,46194648.0,1.0,1.0,0.0,83.0,inf,0.5715,0.4773,,False
False,0.0,,1.0,1.0,1.0,0.0,0.0,1.0,1.0,66.0,66.0,1.0,0.6911,0.0002,,True
False,0.0,,1.0,1.0,1.0,0.0,0.0,1.0,1.0,35.0,35.0,1.0,0.6911,0.0002,1.0,True
False,0.0,,1.0,1.0,1.0,0.0,0.0,1.0,1.0,105.0,105.0,1.0,0.6911,0.0002,,True
False,0.0,,1.0,1.0,1.0,0.0,0.0,1.0,1.0,86.0,86.0,1.0,0.6911,0.0002,7.0,True
False,0.0,,1.0,1.0,1.0,0.0,0.0,1.0,1.0,84.0,84.0,1.0,0.5715,0.4773,,False
False,0.0,,1.0,1.0,1.0,0.0,0.0,1.0,1.0,5.0,5.0,1.0,0.6911,0.0002,,True
False,0.0,0.1343,0.2785,0.2785,0.2785,1.0,43350378.0,1.0,1.0,5.0,1.0,0.2,0.5594,0.4426,,False
False,0.0,,1.0,1.0,1.0,0.0,0.0,1.0,1.0,211.0,211.0,1.0,0.6911,0.0002,,True
False,0.0,,1.0,1.0,1.0,0.0,0.0,1.0,1.0,26.0,26.0,1.0,0.6911,0.0002,2.0,True
True,1.0,,1.0,1.0,1.0,0.0,0.0,1.0,1.0,58.0,58.0,1.0,0.6646,0.168,,True
False,1.0,0.9802,0.9831,0.9831,0.9831,1.0,437730.0,1.0,1.0,64.0,8.0,0.125,0.6648,0.1636,,False
False,1.0,0.9675,0.9689,0.9689,0.9689,2.0,795449.0,1.0,1.0,65.0,2.0,0.03076923,0.665,0.1634,,True
True,2.0,0.2786,0.289,0.289,0.289,3.0,27684298.0,1.0,1.0,65.0,1.0,0.015384615,0.6844,0.7926,,False
False,2.0,0.2879,0.2879,0.2879,0.2879,4.0,27747371.0,1.0,1.0,64.0,1.0,0.015625,0.6904,0.7685,,False
False,2.0,0.1696,0.1943,0.1943,0.1943,5.0,39150906.0,1.0,1.0,64.0,2.0,0.03125,0.5688,0.4464,,False
False,0.0,,1.0,1.0,1.0,0.0,0.0,1.0,1.0,408.0,408.0,1.0,0.6384,0.3034,,True
False,0.0,,,0.988,0.988,1.0,329106.0,1.0,2.0,816.0,408.0,0.5,0.5815,0.3819,,False
False,0.0,,,0.7028,0.7028,2.0,7673321.0,1.0,3.0,408.0,408.0,1.0,0.5688,0.4464,,False
False,0.0,,1.0,1.0,1.0,0.0,0.0,1.0,1.0,22.0,22.0,1.0,0.6911,0.0002,1.0,True
False,0.0,,1.0,1.0,1.0,0.0,0.0,1.0,1.0,35.0,35.0,1.0,0.6911,0.0002,2.0,True
False,0.0,,1.0,1.0,1.0,0.0,0.0,1.0,1.0,21.0,21.0,1.0,0.6911,0.0002,0.0,True
False,0.0,,1.0,1.0,1.0,0.0,0.0,1.0,1.0,72.0,72.0,1.0,0.6911,0.0002,4.0,True
False,0.0,,1.0,1.0,1.0,0.0,0.0,1.0,1.0,44.0,44.0,1.0,0.6911,0.0002,3.0,True
False,0.0,,1.0,1.0,1.0,0.0,0.0,1.0,1.0,82.0,82.0,1.0,0.6911,0.0002,5.0,True
False,0.0,,1.0,1.0,1.0,0.0,0.0,1.0,1.0,243.0,243.0,1.0,0.6911,0.0002,17.0,True
False,0.0,,1.0,1.0,1.0,0.0,0.0,1.0,1.0,115.0,115.0,1.0,0.6911,0.0002,3.0,True
False,0.0,,1.0,1.0,1.0,0.0,0.0,1.0,1.0,965.0,965.0,1.0,0.6384,0.3034,,True
False,0.0,,,0.988,0.988,1.0,329106.0,1.0,2.0,1930.0,965.0,0.5,0.5815,0.3819,,False
False,0.0,,,0.7028,0.7028,2.0,7673321.0,1.0,3.0,965.0,965.0,1.0,0.5688,0.4464,,False
False,0.0,,1.0,1.0,1.0,0.0,0.0,1.0,1.0,1344.0,1344.0,1.0,0.6384,0.3034,,True
False,0.0,,,0.988,0.988,1.0,329106.0,1.0,2.0,2688.0,1344.0,0.5,0.5815,0.3819,,False
False,0.0,,,0.7028,0.7028,2.0,7673321.0,1.0,3.0,1344.0,1344.0,1.0,0.5688,0.4464,,False
False,0.0,,1.0,1.0,1.0,0.0,0.0,1.0,1.0,1353.0,1353.0,1.0,0.6384,0.3034,,True
False,0.0,,,0.988,0.988,1.0,329106.0,1.0,2.0,2706.0,1353.0,0.5,0.5815,0.3819,,False
False,0.0,,,0.7028,0.7028,2.0,7673321.0,1.0,3.0,1353.0,1353.0,1.0,0.5688,0.4464,,False
False,0.0,,1.0,1.0,1.0,0.0,0.0,1.0,1.0,408.0,408.0,1.0,0.5688,0.4464,,False
False,0.0,,1.0,1.0,1.0,0.0,0.0,1.0,1.0,965.0,965.0,1.0,0.5688,0.4464,,False
False,0.0,,1.0,1.0,1.0,0.0,0.0,1.0,1.0,1344.0,1344.0,1.0,0.5688,0.4464,,False
False,0.0,,1.0,1.0,1.0,0.0,0.0,1.0,1.0,101.0,101.0,1.0,0.6911,0.0002,3.0,True
False,0.0,,1.0,1.0,1.0,0.0,0.0,1.0,1.0,1353.0,1353.0,1.0,0.5688,0.4464,,False
False,0.0,,1.0,1.0,1.0,0.0,0.0,1.0,1.0,152.0,152.0,1.0,0.6911,0.0002,3.0,True
False,0.0,,1.0,1.0,1.0,0.0,0.0,1.0,1.0,48.0,48.0,1.0,0.6911,0.0002,1.0,True
False,0.0,,1.0,1.0,1.0,0.0,0.0,1.0,1.0,109.0,109.0,1.0,0.6384,0.3034,,True
False,0.0,,,0.988,0.988,1.0,329106.0,1.0,2.0,218.0,109.0,0.5,0.5815,0.3819,,False
False,0.0,,1.0,1.0,1.0,0.0,0.0,1.0,1.0,16.0,16.0,1.0,0.6911,0.0002,0.0,True
False,0.0,,1.0,1.0,1.0,0.0,0.0,1.0,1.0,55.0,55.0,1.0,0.6911,0.0002,1.0,True
False,0.0,,1.0,1.0,1.0,0.0,0.0,1.0,1.0,962.0,962.0,1.0,0.6384,0.3034,,True
False,0.0,,,0.988,0.988,1.0,329106.0,1.0,2.0,1924.0,962.0,0.5,0.5815,0.3819,,False
False,0.0,,1.0,1.0,1.0,0.0,0.0,1.0,1.0,8.0,8.0,1.0,0.6384,0.3034,1.0,True
False,0.0,,,0.988,0.988,1.0,329106.0,1.0,2.0,16.0,8.0,0.5,0.5815,0.3819,,False
False,0.0,,1.0,1.0,1.0,0.0,0.0,1.0,1.0,22.0,22.0,1.0,0.6911,0.0002,1.0,True
False,0.0,,1.0,1.0,1.0,0.0,0.0,1.0,1.0,115.0,115.0,1.0,0.6911,0.0002,5.0,True
False,0.0,,1.0,1.0,1.0,0.0,0.0,1.0,1.0,87.0,87.0,1.0,0.6911,0.0002,5.0,True
False,0.0,,1.0,1.0,1.0,0.0,0.0,1.0,1.0,33.0,33.0,1.0,0.6911,0.0002,6.0,True
False,0.0,,1.0,1.0,1.0,0.0,0.0,1.0,1.0,80.0,80.0,1.0,0.6911,0.0002,5.0,True
False,0.0,,1.0,1.0,1.0,0.0,0.0,1.0,1.0,23.0,23.0,1.0,0.6911,0.0002,1.0,True
False,0.0,,1.0,1.0,1.0,0.0,0.0,1.0,1.0,22.0,22.0,1.0,0.6911,0.0002,1.0,True
False,0.0,,1.0,1.0,1.0,0.0,0.0,1.0,1.0,22.0,22.0,1.0,0.6911,0.0002,1.0,True
False,0.0,,1.0,1.0,1.0,0.0,0.0,1.0,1.0,19.0,19.0,1.0,0.6911,0.0002,3.0,True
False,0.0,,1.0,1.0,1.0,0.0,0.0,1.0,1.0,22.0,22.0,1.0,0.6911,0.0002,1.0,True
False,0.0,,1.0,1.0,1.0,0.0,0.0,1.0,1.0,22.0,22.0,1.0,0.6911,0.0002,1.0,True
False,0.0,,1.0,1.0,1.0,0.0,0.0,1.0,1.0,24.0,24.0,1.0,0.6911,0.0002,1.0,True
False,0.0,,1.0,1.0,1.0,0.0,0.0,1.0,1.0,215.0,215.0,1.0,0.6911,0.0002,10.0,True
False,0.0,,1.0,1.0,1.0,0.0,0.0,1.0,1.0,99.0,99.0,1.0,0.6911,0.0002,5.0,True
False,0.0,,1.0,1.0,1.0,0.0,0.0,1.0,1.0,17.0,17.0,1.0,0.6911,0.0002,1.0,True
False,0.0,,1.0,1.0,1.0,0.0,0.0,1.0,1.0,83.0,83.0,1.0,0.6911,0.0002,6.0,True
False,0.0,,1.0,1.0,1.0,0.0,0.0,1.0,1.0,36.0,36.0,1.0,0.6911,0.0002,5.0,True
False,0.0,,1.0,1.0,1.0,0.0,0.0,1.0,1.0,98.0,98.0,1.0,0.6911,0.0002,7.0,True
False,0.0,,1.0,1.0,1.0,0.0,0.0,1.0,1.0,138.0,138.0,1.0,0.6911,0.0002,8.0,True
False,0.0,,1.0,1.0,1.0,0.0,0.0,1.0,1.0,73.0,73.0,1.0,0.6911,0.0002,5.0,True
False,0.0,,1.0,1.0,1.0,0.0,0.0,1.0,1.0,13.0,13.0,1.0,0.6911,0.0002,1.0,True
False,0.0,,1.0,1.0,1.0,0.0,0.0,1.0,1.0,75.0,75.0,1.0,0.6911,0.0002,10.0,True
False,0.0,,1.0,1.0,1.0,0.0,0.0,1.0,1.0,85.0,85.0,1.0,0.6911,0.0002,,True
False,0.0,0.9802,0.9802,0.9802,0.9802,1.0,465556.0,1.0,1.0,0.0,85.0,inf,0.6598,0.1849,,True
False,0.0,,1.0,1.0,1.0,0.0,0.0,1.0,1.0,2447.0,2447.0,1.0,0.6911,0.0002,,True
False,0.0,0.9801,0.9802,0.9802,0.9802,1.0,465556.0,1.0,1.0,0.0,2447.0,inf,0.6598,0.1849,,True
False,0.0,,1.0,1.0,1.0,0.0,0.0,1.0,1.0,110.0,110.0,1.0,0.6911,0.0002,,True
False,0.0,0.9802,0.9802,0.9802,0.9802,1.0,465556.0,1.0,1.0,0.0,110.0,inf,0.6598,0.1849,,True
False,0.0,,1.0,1.0,1.0,0.0,0.0,1.0,1.0,45.0,45.0,1.0,0.6911,0.0002,,True
False,0.0,0.9802,0.9802,0.9802,0.9802,1.0,465556.0,1.0,1.0,0.0,45.0,inf,0.6598,0.1849,,True
False,0.0,,1.0,1.0,1.0,0.0,0.0,1.0,1.0,41.0,41.0,1.0,0.6911,0.0002,,True
False,0.0,0.9802,0.9802,0.9802,0.9802,1.0,465556.0,1.0,1.0,0.0,41.0,inf,0.6598,0.1849,,True
False,0.0,,1.0,1.0,1.0,0.0,0.0,1.0,1.0,27.0,27.0,1.0,0.6911,0.0002,,True
False,0.0,0.9802,0.9802,0.9802,0.9802,1.0,465556.0,1.0,1.0,0.0,27.0,inf,0.6598,0.1849,,True
False,0.0,,1.0,1.0,1.0,0.0,0.0,1.0,1.0,58.0,58.0,1.0,0.6911,0.0002,,True
False,0.0,0.9802,0.9802,0.9802,0.9802,1.0,465556.0,1.0,1.0,0.0,58.0,inf,0.6598,0.1849,,True
False,0.0,,1.0,1.0,1.0,0.0,0.0,1.0,1.0,46.0,46.0,1.0,0.6911,0.0002,,True
False,0.0,0.9802,0.9802,0.9802,0.9802,1.0,465556.0,1.0,1.0,0.0,46.0,inf,0.6598,0.1849,,True
False,0.0,,1.0,1.0,1.0,0.0,0.0,1.0,1.0,107.0,107.0,1.0,0.6911,0.0002,,True
False,0.0,0.9802,0.9802,0.9802,0.9802,1.0,465556.0,1.0,1.0,0.0,107.0,inf,0.6598,0.1849,,True
False,0.0,,1.0,1.0,1.0,0.0,0.0,1.0,1.0,2447.0,2447.0,1.0,0.6911,0.0002,,True
False,0.0,0.9801,0.9802,0.9802,0.9802,1.0,465556.0,1.0,1.0,0.0,2447.0,inf,0.6598,0.1849,,True
False,0.0,,1.0,1.0,1.0,0.0,0.0,1.0,1.0,6874.0,6874.0,1.0,0.6911,0.0002,,True
False,0.0,0.9801,0.9802,0.9802,0.9802,1.0,465556.0,1.0,1.0,0.0,6874.0,inf,0.6598,0.1849,,True
False,0.0,,1.0,1.0,1.0,0.0,0.0,1.0,1.0,1970.0,1970.0,1.0,0.6911,0.0002,,True
False,0.0,0.9801,0.9802,0.9802,0.9802,1.0,465556.0,1.0,1.0,0.0,1970.0,inf,0.6598,0.1849,,True
False,0.0,,1.0,1.0,1.0,0.0,0.0,1.0,1.0,2388.0,2388.0,1.0,0.6911,0.0002,,True
False,0.0,0.9801,0.9802,0.9802,0.9802,1.0,465556.0,1.0,1.0,0.0,2388.0,inf,0.6598,0.1849,,True
False,0.0,,1.0,1.0,1.0,0.0,0.0,1.0,1.0,11.0,11.0,1.0,0.6911,0.0002,,True
False,0.0,0.9802,0.9802,0.9802,0.9802,1.0,465556.0,1.0,1.0,0.0,11.0,inf,0.6598,0.1849,,True
False,0.0,,1.0,1.0,1.0,0.0,0.0,1.0,1.0,3922.0,3922.0,1.0,0.6911,0.0002,,True
False,0.0,0.9802,0.9802,0.9802,0.9802,1.0,465556.0,1.0,1.0,0.0,3922.0,inf,0.6598,0.1849,,True
False,0.0,,1.0,1.0,1.0,0.0,0.0,1.0,1.0,8.0,8.0,1.0,0.6911,0.0002,,True
False,0.0,0.9802,0.9802,0.9802,0.9802,1.0,465556.0,1.0,1.0,0.0,8.0,inf,0.6598,0.1849,,True
False,0.0,,1.0,1.0,1.0,0.0,0.0,1.0,1.0,31.0,31.0,1.0,0.6911,0.0002,,True
False,0.0,0.9802,0.9802,0.9802,0.9802,1.0,465556.0,1.0,1.0,0.0,31.0,inf,0.6598,0.1849,,True
False,0.0,,1.0,1.0,1.0,0.0,0.0,1.0,1.0,130.0,130.0,1.0,0.6911,0.0002,,True
False,0.0,0.9802,0.9802,0.9802,0.9802,1.0,465556.0,1.0,1.0,0.0,130.0,inf,0.6598,0.1849,,True
False,0.0,,1.0,1.0,1.0,0.0,0.0,1.0,1.0,969.0,969.0,1.0,0.6911,0.0002,,True
False,0.0,0.9802,0.9802,0.9802,0.9802,1.0,465556.0,1.0,1.0,0.0,969.0,inf,0.6598,0.1849,,True
False,0.0,,1.0,1.0,1.0,0.0,0.0,1.0,1.0,455.0,455.0,1.0,0.6911,0.0002,,True
False,0.0,0.9802,0.9802,0.9802,0.9802,1.0,465556.0,1.0,1.0,0.0,455.0,inf,0.6598,0.1849,,True
False,0.0,,1.0,1.0,1.0,0.0,0.0,1.0,1.0,1989.0,1989.0,1.0,0.6911,0.0002,,True
False,0.0,0.9801,0.9802,0.9802,0.9802,1.0,465556.0,1.0,1.0,0.0,1989.0,inf,0.6598,0.1849,,True
False,0.0,,1.0,1.0,1.0,0.0,0.0,1.0,1.0,1.0,1.0,1.0,0.6911,0.0002,,True
False,0.0,0.9802,0.9802,0.9802,0.9802,1.0,465556.0,1.0,1.0,0.0,1.0,inf,0.6598,0.1849,,True
False,0.0,,1.0,1.0,1.0,0.0,0.0,1.0,1.0,1.0,1.0,1.0,0.6911,0.0002,,True
False,0.0,0.9802,0.9802,0.9802,0.9802,1.0,465556.0,1.0,1.0,0.0,1.0,inf,0.6598,0.1849,,True
False,0.0,,1.0,1.0,1.0,0.0,0.0,1.0,1.0,2704.0,2704.0,1.0,0.6911,0.0002,,True
False,0.0,0.9802,0.9802,0.9802,0.9802,1.0,465556.0,1.0,1.0,0.0,2704.0,inf,0.6598,0.1849,,True
False,0.0,,1.0,1.0,1.0,0.0,0.0,1.0,1.0,1427.0,1427.0,1.0,0.6911,0.0002,,True
False,0.0,0.9801,0.9802,0.9802,0.9802,1.0,465556.0,1.0,1.0,0.0,1427.0,inf,0.6598,0.1849,,True
False,0.0,,1.0,1.0,1.0,0.0,0.0,1.0,1.0,1263.0,1263.0,1.0,0.6911,0.0002,,True
False,0.0,0.9802,0.9802,0.9802,0.9802,1.0,465556.0,1.0,1.0,0.0,1263.0,inf,0.6598,0.1849,,True
False,0.0,,1.0,1.0,1.0,0.0,0.0,1.0,1.0,48.0,48.0,1.0,0.6911,0.0002,,True
False,0.0,0.9802,0.9802,0.9802,0.9802,1.0,465556.0,1.0,1.0,0.0,48.0,inf,0.6598,0.1849,,True
False,0.0,,1.0,1.0,1.0,0.0,0.0,1.0,1.0,40.0,40.0,1.0,0.6911,0.0002,,True
False,0.0,0.9802,0.9802,0.9802,0.9802,1.0,465556.0,1.0,1.0,0.0,40.0,inf,0.6598,0.1849,,True
False,0.0,,1.0,1.0,1.0,0.0,0.0,1.0,1.0,1120.0,1120.0,1.0,0.6911,0.0002,,True
False,0.0,0.9802,0.9802,0.9802,0.9802,1.0,465556.0,1.0,1.0,0.0,1120.0,inf,0.6598,0.1849,,True
False,0.0,,1.0,1.0,1.0,0.0,0.0,1.0,1.0,575.0,575.0,1.0,0.6911,0.0002,,True
False,0.0,0.9802,0.9802,0.9802,0.9802,1.0,465556.0,1.0,1.0,0.0,575.0,inf,0.6598,0.1849,,True
False,0.0,,1.0,1.0,1.0,0.0,0.0,1.0,1.0,301.0,301.0,1.0,0.6911,0.0002,,True
False,0.0,0.9802,0.9802,0.9802,0.9802,1.0,465556.0,1.0,1.0,0.0,301.0,inf,0.6598,0.1849,,True
False,0.0,,1.0,1.0,1.0,0.0,0.0,1.0,1.0,4839.0,4839.0,1.0,0.6911,0.0002,,True
False,0.0,0.9802,0.9802,0.9802,0.9802,1.0,465556.0,1.0,1.0,0.0,4839.0,inf,0.6598,0.1849,,True
False,0.0,,1.0,1.0,1.0,0.0,0.0,1.0,1.0,46.0,46.0,1.0,0.6911,0.0002,,True
False,0.0,0.9802,0.9802,0.9802,0.9802,1.0,465556.0,1.0,1.0,0.0,46.0,inf,0.6598,0.1849,,True
False,0.0,,1.0,1.0,1.0,0.0,0.0,1.0,1.0,46.0,46.0,1.0,0.6911,0.0002,,True
False,0.0,0.9802,0.9802,0.9802,0.9802,1.0,465556.0,1.0,1.0,0.0,46.0,inf,0.6598,0.1849,,True
False,0.0,,1.0,1.0,1.0,0.0,0.0,1.0,1.0,50.0,50.0,1.0,0.6911,0.0002,,True
False,0.0,0.9802,0.9802,0.9802,0.9802,1.0,465556.0,1.0,1.0,0.0,50.0,inf,0.6598,0.1849,,True
False,0.0,,1.0,1.0,1.0,0.0,0.0,1.0,1.0,312.0,312.0,1.0,0.6911,0.0002,,True
False,0.0,0.9802,0.9802,0.9802,0.9802,1.0,465556.0,1.0,1.0,0.0,312.0,inf,0.6598,0.1849,,True
False,0.0,,1.0,1.0,1.0,0.0,0.0,1.0,1.0,56.0,56.0,1.0,0.6911,0.0002,,True
False,0.0,0.9802,0.9802,0.9802,0.9802,1.0,465556.0,1.0,1.0,0.0,56.0,inf,0.6598,0.1849,,True
False,0.0,,1.0,1.0,1.0,0.0,0.0,1.0,1.0,60.0,60.0,1.0,0.6911,0.0002,,True
False,0.0,0.9802,0.9802,0.9802,0.9802,1.0,465556.0,1.0,1.0,0.0,60.0,inf,0.6598,0.1849,,True
False,0.0,,1.0,1.0,1.0,0.0,0.0,1.0,1.0,46.0,46.0,1.0,0.6911,0.0002,,True
False,0.0,0.9802,0.9802,0.9802,0.9802,1.0,465556.0,1.0,1.0,0.0,46.0,inf,0.6598,0.1849,,True
False,0.0,,1.0,1.0,1.0,0.0,0.0,1.0,1.0,37.0,37.0,1.0,0.6911,0.0002,,True
False,0.0,0.9802,0.9802,0.9802,0.9802,1.0,465556.0,1.0,1.0,0.0,37.0,inf,0.6598,0.1849,,True
False,0.0,,1.0,1.0,1.0,0.0,0.0,1.0,1.0,46.0,46.0,1.0,0.6911,0.0002,,True
False,0.0,0.9802,0.9802,0.9802,0.9802,1.0,465556.0,1.0,1.0,0.0,46.0,inf,0.6598,0.1849,,True
False,0.0,,1.0,1.0,1.0,0.0,0.0,1.0,1.0,46.0,46.0,1.0,0.6911,0.0002,,True
False,0.0,0.9802,0.9802,0.9802,0.9802,1.0,465556.0,1.0,1.0,0.0,46.0,inf,0.6598,0.1849,,True
False,0.0,,1.0,1.0,1.0,0.0,0.0,1.0,1.0,56.0,56.0,1.0,0.6911,0.0002,,True
False,0.0,0.9802,0.9802,0.9802,0.9802,1.0,465556.0,1.0,1.0,0.0,56.0,inf,0.6598,0.1849,,True
False,0.0,,1.0,1.0,1.0,0.0,0.0,1.0,1.0,26.0,26.0,1.0,0.6911,0.0002,,True
False,0.0,0.9802,0.9802,0.9802,0.9802,1.0,465556.0,1.0,1.0,0.0,26.0,inf,0.6598,0.1849,,True
False,0.0,,1.0,1.0,1.0,0.0,0.0,1.0,1.0,88.0,88.0,1.0,0.6911,0.0002,,True
False,0.0,0.9802,0.9802,0.9802,0.9802,1.0,465556.0,1.0,1.0,0.0,88.0,inf,0.6598,0.1849,,True
False,0.0,,1.0,1.0,1.0,0.0,0.0,1.0,1.0,110.0,110.0,1.0,0.6911,0.0002,,True
False,0.0,0.9802,0.9802,0.9802,0.9802,1.0,465556.0,1.0,1.0,0.0,110.0,inf,0.6598,0.1849,,True
False,0.0,,1.0,1.0,1.0,0.0,0.0,1.0,1.0,313.0,313.0,1.0,0.6911,0.0002,,True
False,0.0,0.9802,0.9802,0.9802,0.9802,1.0,465556.0,1.0,1.0,0.0,313.0,inf,0.6598,0.1849,,True
False,0.0,,1.0,1.0,1.0,0.0,0.0,1.0,1.0,95.0,95.0,1.0,0.6911,0.0002,,True
False,0.0,0.9802,0.9802,0.9802,0.9802,1.0,465556.0,1.0,1.0,0.0,95.0,inf,0.6598,0.1849,,True
False,0.0,,1.0,1.0,1.0,0.0,0.0,1.0,1.0,29.0,29.0,1.0,0.6911,0.0002,,True
False,0.0,0.9802,0.9802,0.9802,0.9802,1.0,465556.0,1.0,1.0,0.0,29.0,inf,0.6598,0.1849,,True
False,0.0,,1.0,1.0,1.0,0.0,0.0,1.0,1.0,2.0,2.0,1.0,0.6911,0.0002,,True
False,0.0,0.9802,0.9802,0.9802,0.9802,1.0,465556.0,1.0,1.0,0.0,2.0,inf,0.6598,0.1849,,True
False,0.0,,1.0,1.0,1.0,0.0,0.0,1.0,1.0,4350.0,4350.0,1.0,0.6911,0.0002,,True
False,0.0,0.9802,0.9802,0.9802,0.9802,1.0,465556.0,1.0,1.0,0.0,4350.0,inf,0.6598,0.1849,,True
False,0.0,,1.0,1.0,1.0,0.0,0.0,1.0,1.0,149.0,149.0,1.0,0.6911,0.0002,,True
False,0.0,0.9802,0.9802,0.9802,0.9802,1.0,465556.0,1.0,1.0,0.0,149.0,inf,0.6598,0.1849,,True
False,0.0,,1.0,1.0,1.0,0.0,0.0,1.0,1.0,99.0,99.0,1.0,0.6911,0.0002,,True
False,0.0,0.9802,0.9802,0.9802,0.9802,1.0,465556.0,1.0,1.0,0.0,99.0,inf,0.6598,0.1849,,True
False,0.0,,1.0,1.0,1.0,0.0,0.0,1.0,1.0,62.0,62.0,1.0,0.6911,0.0002,,True
False,0.0,0.9802,0.9802,0.9802,0.9802,1.0,465556.0,1.0,1.0,0.0,62.0,inf,0.6598,0.1849,,True
False,0.0,,1.0,1.0,1.0,0.0,0.0,1.0,1.0,84.0,84.0,1.0,0.6911,0.0002,,True
False,0.0,0.9802,0.9802,0.9802,0.9802,1.0,465556.0,1.0,1.0,0.0,84.0,inf,0.6598,0.1849,,True
False,0.0,,1.0,1.0,1.0,0.0,0.0,1.0,1.0,9.0,9.0,1.0,0.6911,0.0002,,True
False,0.0,0.9802,0.9802,0.9802,0.9802,1.0,465556.0,1.0,1.0,0.0,9.0,inf,0.6598,0.1849,,True
False,0.0,,1.0,1.0,1.0,0.0,0.0,1.0,1.0,1983.0,1983.0,1.0,0.6911,0.0002,,True
False,0.0,0.9801,0.9802,0.9802,0.9802,1.0,465556.0,1.0,1.0,0.0,1983.0,inf,0.6598,0.1849,,True
False,0.0,,1.0,1.0,1.0,0.0,0.0,1.0,1.0,36.0,36.0,1.0,0.6911,0.0002,,True
False,0.0,0.9802,0.9802,0.9802,0.9802,1.0,465556.0,1.0,1.0,0.0,36.0,inf,0.6598,0.1849,,True
False,0.0,,1.0,1.0,1.0,0.0,0.0,1.0,1.0,1.0,1.0,1.0,0.6911,0.0002,,True
False,0.0,0.9802,0.9802,0.9802,0.9802,1.0,465556.0,1.0,1.0,0.0,1.0,inf,0.6598,0.1849,,True
False,0.0,,1.0,1.0,1.0,0.0,0.0,1.0,1.0,1.0,1.0,1.0,0.6911,0.0002,,True
False,0.0,0.9802,0.9802,0.9802,0.9802,1.0,465556.0,1.0,1.0,0.0,1.0,inf,0.6598,0.1849,,True
False,0.0,,1.0,1.0,1.0,0.0,0.0,1.0,1.0,27.0,27.0,1.0,0.6911,0.0002,,True
False,0.0,0.9802,0.9802,0.9802,0.9802,1.0,465556.0,1.0,1.0,0.0,27.0,inf,0.6598,0.1849,,True
False,0.0,,1.0,1.0,1.0,0.0,0.0,1.0,1.0,1036.0,1036.0,1.0,0.6911,0.0002,,True
False,0.0,0.9802,0.9802,0.9802,0.9802,1.0,465556.0,1.0,1.0,0.0,1036.0,inf,0.6598,0.1849,,True
False,0.0,,1.0,1.0,1.0,0.0,0.0,1.0,1.0,4.0,4.0,1.0,0.6911,0.0002,,True
False,0.0,0.9802,0.9802,0.9802,0.9802,1.0,465556.0,1.0,1.0,0.0,4.0,inf,0.6598,0.1849,,True
False,0.0,,1.0,1.0,1.0,0.0,0.0,1.0,1.0,14.0,14.0,1.0,0.6911,0.0002,,True
False,0.0,0.9802,0.9802,0.9802,0.9802,1.0,465556.0,1.0,1.0,0.0,14.0,inf,0.6598,0.1849,,True
False,0.0,,1.0,1.0,1.0,0.0,0.0,1.0,1.0,36.0,36.0,1.0,0.6911,0.0002,,True
False,0.0,0.9802,0.9802,0.9802,0.9802,1.0,465556.0,1.0,1.0,0.0,36.0,inf,0.6598,0.1849,,True
False,0.0,,1.0,1.0,1.0,0.0,0.0,1.0,1.0,9.0,9.0,1.0,0.6911,0.0002,,True
False,0.0,0.9802,0.9802,0.9802,0.9802,1.0,465556.0,1.0,1.0,0.0,9.0,inf,0.6598,0.1849,,True
False,0.0,,1.0,1.0,1.0,0.0,0.0,1.0,1.0,107.0,107.0,1.0,0.6911,0.0002,,True
False,0.0,0.9802,0.9802,0.9802,0.9802,1.0,465556.0,1.0,1.0,0.0,107.0,inf,0.6598,0.1849,,True
False,0.0,,1.0,1.0,1.0,0.0,0.0,1.0,1.0,74.0,74.0,1.0,0.6911,0.0002,,True
False,0.0,0.9802,0.9802,0.9802,0.9802,1.0,465556.0,1.0,1.0,0.0,74.0,inf,0.6598,0.1849,,True
False,0.0,,1.0,1.0,1.0,0.0,0.0,1.0,1.0,67.0,67.0,1.0,0.6911,0.0002,,True
False,0.0,0.9802,0.9802,0.9802,0.9802,1.0,465556.0,1.0,1.0,0.0,67.0,inf,0.6598,0.1849,,True
False,0.0,,1.0,1.0,1.0,0.0,0.0,1.0,1.0,98.0,98.0,1.0,0.6911,0.0002,,True
False,0.0,0.9802,0.9802,0.9802,0.9802,1.0,465556.0,1.0,1.0,0.0,98.0,inf,0.6598,0.1849,,True
False,0.0,,1.0,1.0,1.0,0.0,0.0,1.0,1.0,39.0,39.0,1.0,0.6911,0.0002,,True
False,0.0,0.9802,0.9802,0.9802,0.9802,1.0,465556.0,1.0,1.0,0.0,39.0,inf,0.6598,0.1849,,True
False,0.0,,1.0,1.0,1.0,0.0,0.0,1.0,1.0,6.0,6.0,1.0,0.6911,0.0002,,True
False,0.0,0.9802,0.9802,0.9802,0.9802,1.0,465556.0,1.0,1.0,0.0,6.0,inf,0.6598,0.1849,,True
False,0.0,,1.0,1.0,1.0,0.0,0.0,1.0,1.0,36.0,36.0,1.0,0.6911,0.0002,,True
False,0.0,0.9802,0.9802,0.9802,0.9802,1.0,465556.0,1.0,1.0,0.0,36.0,inf,0.6598,0.1849,,True
False,0.0,,1.0,1.0,1.0,0.0,0.0,1.0,1.0,151.0,151.0,1.0,0.6911,0.0002,,True
False,0.0,0.9802,0.9802,0.9802,0.9802,1.0,465556.0,1.0,1.0,0.0,151.0,inf,0.6598,0.1849,,True
False,0.0,,1.0,1.0,1.0,0.0,0.0,1.0,1.0,45.0,45.0,1.0,0.6911,0.0002,1.0,True
False,0.0,,1.0,1.0,1.0,0.0,0.0,1.0,1.0,49.0,49.0,1.0,0.6911,0.0002,1.0,True
False,0.0,,1.0,1.0,1.0,0.0,0.0,1.0,1.0,42.0,42.0,1.0,0.6911,0.0002,1.0,True
False,0.0,,1.0,1.0,1.0,0.0,0.0,1.0,1.0,52.0,52.0,1.0,0.6911,0.0002,1.0,True
False,0.0,,1.0,1.0,1.0,0.0,0.0,1.0,1.0,41.0,41.0,1.0,0.6911,0.0002,1.0,True
False,0.0,,1.0,1.0,1.0,0.0,0.0,1.0,1.0,51.0,51.0,1.0,0.6911,0.0002,1.0,True
False,0.0,,1.0,1.0,1.0,0.0,0.0,1.0,1.0,88.0,88.0,1.0,0.6384,0.3034,1.0,True
False,0.0,,,0.988,0.988,1.0,329106.0,1.0,2.0,176.0,88.0,0.5,0.5815,0.3819,,False
False,0.0,,1.0,1.0,1.0,0.0,0.0,1.0,1.0,43.0,43.0,1.0,0.6384,0.3034,5.0,True
False,0.0,,,0.988,0.988,1.0,329106.0,1.0,2.0,86.0,43.0,0.5,0.5815,0.3819,,False
False,0.0,,1.0,1.0,1.0,0.0,0.0,1.0,1.0,110.0,110.0,1.0,0.6384,0.3034,0.0,True
False,0.0,,,0.988,0.988,1.0,329106.0,1.0,2.0,220.0,110.0,0.5,0.5815,0.3819,,False
False,0.0,,1.0,1.0,1.0,0.0,0.0,1.0,1.0,75.0,75.0,1.0,0.6911,0.0002,6.0,True
False,0.0,,1.0,1.0,1.0,0.0,0.0,1.0,1.0,27.0,27.0,1.0,0.6384,0.3034,4.0,True
False,0.0,,,0.988,0.988,1.0,329106.0,1.0,2.0,54.0,27.0,0.5,0.5815,0.3819,,False
False,0.0,,1.0,1.0,1.0,0.0,0.0,1.0,1.0,95.0,95.0,1.0,0.6911,0.0002,11.0,True
False,0.0,,1.0,1.0,1.0,0.0,0.0,1.0,1.0,61.0,61.0,1.0,0.6652,0.1567,,False
True,1.0,,0.0484,0.3472,0.1736,1.0,24981477.0,2.0,2.0,61.0,3.0,0.04918033,0.6844,0.7926,,False
False,1.0,0.0484,0.0492,0.3478,0.1739,2.0,25044550.0,2.0,2.0,60.0,1.0,0.016666668,0.6904,0.7685,,False
False,1.0,,,0.291,0.291,3.0,26694759.0,1.0,3.0,0.0,60.0,inf,0.7484,0.72,,False
False,0.0,,1.0,1.0,1.0,0.0,0.0,1.0,1.0,73.0,73.0,1.0,0.6911,0.0002,12.0,True
False,0.0,,1.0,1.0,1.0,0.0,0.0,1.0,1.0,61.0,61.0,1.0,0.6652,0.1567,,False
False,0.0,,0.0161,0.7593,0.3797,1.0,6119414.0,2.0,2.0,61.0,1.0,0.016393442,0.6655,0.1553,,True
True,1.0,0.0067,0.0229,0.3267,0.1634,2.0,24981477.0,2.0,2.0,61.0,1.0,0.016393442,0.6844,0.7926,,False
False,1.0,,,0.291,0.291,3.0,26694759.0,1.0,3.0,0.0,61.0,inf,0.7484,0.72,,False
False,0.0,,1.0,1.0,1.0,0.0,0.0,1.0,1.0,119.0,119.0,1.0,0.6911,0.0002,24.0,True
False,0.0,,1.0,1.0,1.0,0.0,0.0,1.0,1.0,66.0,66.0,1.0,0.6655,0.1553,,True
False,0.0,1.0,1.0,1.0,1.0,1.0,11541.0,1.0,1.0,66.0,1.0,0.015151516,0.6655,0.1548,,False
True,1.0,0.4174,0.4261,0.4261,0.4261,2.0,18862063.0,1.0,1.0,66.0,1.0,0.015151516,0.6844,0.7926,,False
False,1.0,,,0.3852,0.3852,3.0,20575345.0,1.0,2.0,0.0,66.0,inf,0.7484,0.72,,False
False,0.0,,1.0,1.0,1.0,0.0,0.0,1.0,1.0,248.0,248.0,1.0,0.6911,0.0002,,True
False,0.0,0.2252,0.3756,0.3756,0.3756,1.0,32200151.0,1.0,1.0,307.0,59.0,0.1921824,0.7188,0.771,,False
False,0.0,,1.0,1.0,1.0,0.0,0.0,1.0,1.0,14.0,14.0,1.0,,,,True
False,0.0,,0.0667,0.9385,0.4693,1.0,1483290.0,2.0,2.0,14.0,1.0,0.071428575,0.6911,0.0002,,True
False,0.0,0.0535,0.6593,0.9091,0.4546,2.0,6298264.0,2.0,2.0,24.0,15.0,0.625,0.6648,0.1628,,True
False,0.0,0.4652,0.4761,0.6517,0.3258,3.0,13832252.0,2.0,2.0,24.0,1.0,0.041666668,0.6653,0.1561,,False
False,0.0,0.1902,0.1693,0.2394,0.1197,4.0,33614183.0,2.0,2.0,0.0,24.0,inf,0.7107,0.7816,,False
True,1.0,,1.0,1.0,1.0,0.0,0.0,1.0,1.0,24.0,24.0,1.0,0.6646,0.168,1.0,True
False,1.0,0.6618,0.7101,0.7101,0.7101,1.0,8935616.0,1.0,1.0,25.0,3.0,0.12,0.6685,0.1625,1.0,True
False,1.0,0.2966,0.4932,0.4932,0.4932,2.0,27747371.0,1.0,1.0,26.0,10.0,0.3846154,0.6904,0.7685,1.0,False
False,0.0,,1.0,1.0,1.0,0.0,0.0,1.0,1.0,38.0,38.0,1.0,0.6911,0.0002,3.0,True
False,0.0,,1.0,1.0,1.0,0.0,0.0,1.0,1.0,101.0,101.0,1.0,0.6911,0.0002,16.0,True
False,0.0,,1.0,1.0,1.0,0.0,0.0,1.0,1.0,77.0,77.0,1.0,0.6911,0.0002,14.0,True
False,0.0,,1.0,1.0,1.0,0.0,0.0,1.0,1.0,34.0,34.0,1.0,0.6911,0.0002,1.0,True
False,0.0,,1.0,1.0,1.0,0.0,0.0,1.0,1.0,115.0,115.0,1.0,0.6911,0.0002,10.0,True
False,0.0,,1.0,1.0,1.0,0.0,0.0,1.0,1.0,162.0,162.0,1.0,0.6911,0.0002,14.0,True
False,0.0,,1.0,1.0,1.0,0.0,0.0,1.0,1.0,49.0,49.0,1.0,0.6911,0.0002,6.0,True
True,1.0,,1.0,1.0,1.0,0.0,0.0,1.0,1.0,28.0,28.0,1.0,0.6646,0.168,1.0,True
False,1.0,0.6698,0.7138,0.7138,0.7138,1.0,8646717.0,1.0,1.0,28.0,4.0,0.14285715,0.6655,0.1554,1.0,False
False,1.0,0.7053,0.7278,0.7278,0.7278,2.0,8935616.0,1.0,1.0,27.0,3.0,0.11111111,0.6685,0.1625,1.0,True
False,1.0,0.3039,0.3884,0.3884,0.3884,3.0,27747371.0,1.0,1.0,27.0,4.0,0.14814815,0.6904,0.7685,1.0,False
True,1.0,,1.0,1.0,1.0,0.0,0.0,1.0,1.0,25.0,25.0,1.0,0.6646,0.168,1.0,True
False,1.0,0.6698,0.7267,0.7267,0.7267,1.0,8646717.0,1.0,1.0,26.0,4.0,0.15384616,0.6655,0.1554,1.0,False
False,1.0,0.718,0.75,0.75,0.75,2.0,8935616.0,1.0,1.0,26.0,4.0,0.15384616,0.6685,0.1625,1.0,True
False,1.0,0.3132,0.3926,0.3926,0.3926,3.0,27747371.0,1.0,1.0,26.0,4.0,0.15384616,0.6904,0.7685,1.0,False
True,1.0,,1.0,1.0,1.0,0.0,0.0,1.0,1.0,82.0,82.0,1.0,0.6646,0.168,10.0,True
False,1.0,0.988,0.9883,0.9883,0.9883,1.0,301226.0,1.0,1.0,82.0,2.0,0.024390243,0.6648,0.1654,10.0,True
False,1.0,0.9649,0.9743,0.9743,0.9743,2.0,795449.0,1.0,1.0,86.0,24.0,0.27906978,0.665,0.1634,11.0,True
False,1.0,0.6773,0.8958,0.8958,0.8958,3.0,8646717.0,1.0,1.0,43.0,95.0,2.2093024,0.6655,0.1554,5.0,False
True,2.0,0.3708,0.5227,0.5227,0.5227,4.0,27684298.0,1.0,1.0,49.0,14.0,0.2857143,0.6844,0.7926,5.0,False
True,1.0,,1.0,1.0,1.0,0.0,0.0,1.0,1.0,64.0,64.0,1.0,0.6646,0.168,12.0,True
False,1.0,0.9646,0.9736,0.9736,0.9736,1.0,795449.0,1.0,1.0,63.0,22.0,0.34920636,0.665,0.1634,12.0,True
False,1.0,0.6767,0.7952,0.7952,0.7952,2.0,8646717.0,1.0,1.0,80.0,31.0,0.3875,0.6655,0.1554,15.0,False
False,1.0,0.7851,0.7959,0.7959,0.7959,3.0,8935616.0,1.0,1.0,82.0,4.0,0.048780486,0.6685,0.1625,15.0,True
True,2.0,0.3336,0.5168,0.5168,0.5168,4.0,27684298.0,1.0,1.0,85.0,28.0,0.32941177,0.6844,0.7926,14.0,False
False,0.0,,1.0,1.0,1.0,0.0,0.0,1.0,1.0,160.0,160.0,1.0,0.6911,0.0002,5.0,True
False,0.0,0.2288,0.2288,0.2288,0.2288,1.0,31881343.0,1.0,1.0,0.0,160.0,inf,0.6898,0.7941,,False
False,0.0,,1.0,1.0,1.0,0.0,0.0,1.0,1.0,147.0,147.0,1.0,0.6911,0.0002,3.0,True
False,0.0,0.5438,0.5438,0.5438,0.5438,1.0,13133022.0,1.0,1.0,144.0,3.0,0.020833334,0.6685,0.1625,3.0,True
False,0.0,0.2288,0.2288,0.2288,0.2288,2.0,31881343.0,1.0,1.0,0.0,144.0,inf,0.6898,0.7941,,False
False,0.0,,1.0,1.0,1.0,0.0,0.0,1.0,1.0,52.0,52.0,1.0,0.6911,0.0002,4.0,True
False,0.0,,1.0,1.0,1.0,0.0,0.0,1.0,1.0,160.0,160.0,1.0,0.6911,0.0002,3.0,True
False,0.0,0.8553,0.8571,0.8571,0.8571,1.0,3435044.0,1.0,1.0,161.0,1.0,0.0062111802,0.6641,0.1654,3.0,True
False,0.0,0.2293,0.2288,0.2288,0.2288,2.0,31881343.0,1.0,1.0,0.0,161.0,inf,0.6898,0.7941,,False
False,0.0,,1.0,1.0,1.0,0.0,0.0,1.0,1.0,63.0,63.0,1.0,0.6911,0.0002,2.0,True
False,0.0,,1.0,1.0,1.0,0.0,0.0,1.0,1.0,35843.0,35843.0,1.0,0.6911,0.0002,,True
False,0.0,,0.0001,0.252,0.126,1.0,29780186.0,2.0,2.0,35843.0,5.0,0.00013949725,0.5122,0.0612,,False
False,0.0,,,0.2501,0.125,2.0,29955483.0,2.0,3.0,35843.0,5.0,0.00013949725,0.6244,0.7563,,False
False,0.0,,1.0,1.0,1.0,0.0,0.0,1.0,1.0,112.0,112.0,1.0,0.6911,0.0002,11.0,True
False,0.0,,1.0,1.0,1.0,0.0,0.0,1.0,1.0,257.0,257.0,1.0,0.6911,0.0002,10.0,True
False,0.0,,0.0039,0.2548,0.1274,1.0,29780186.0,2.0,2.0,257.0,1.0,0.0038910506,0.5122,0.0612,10.0,False
False,0.0,,,0.2528,0.1264,2.0,29955483.0,2.0,3.0,257.0,1.0,0.0038910506,0.6244,0.7563,,False
False,0.0,,1.0,1.0,1.0,0.0,0.0,1.0,1.0,55.0,55.0,1.0,0.6911,0.0002,,True
False,0.0,,0.0179,0.2652,0.1326,1.0,29780186.0,2.0,2.0,55.0,1.0,0.018181818,0.5122,0.0612,,False
False,0.0,,,0.2631,0.1316,2.0,29955483.0,2.0,3.0,55.0,1.0,0.018181818,0.6244,0.7563,,False
False,0.0,,1.0,1.0,1.0,0.0,0.0,1.0,1.0,49.0,49.0,1.0,0.6911,0.0002,1.0,True
False,0.0,,1.0,1.0,1.0,0.0,0.0,1.0,1.0,89.0,89.0,1.0,0.6911,0.0002,11.0,True
False,0.0,,1.0,1.0,1.0,0.0,0.0,1.0,1.0,110.0,110.0,1.0,0.6911,0.0002,15.0,True
False,0.0,,1.0,1.0,1.0,0.0,0.0,1.0,1.0,117.0,117.0,1.0,0.6911,0.0002,15.0,True
False,0.0,,1.0,1.0,1.0,0.0,0.0,1.0,1.0,181.0,181.0,1.0,0.6911,0.0002,38.0,True
False,0.0,,1.0,1.0,1.0,0.0,0.0,1.0,1.0,42.0,42.0,1.0,0.6911,0.0002,2.0,True
False,0.0,,1.0,1.0,1.0,0.0,0.0,1.0,1.0,28.0,28.0,1.0,0.6911,0.0002,1.0,True
False,0.0,,1.0,1.0,1.0,0.0,0.0,1.0,1.0,74.0,74.0,1.0,0.6911,0.0002,10.0,True
False,0.0,,1.0,1.0,1.0,0.0,0.0,1.0,1.0,47.0,47.0,1.0,0.6911,0.0002,6.0,True
False,0.0,,1.0,1.0,1.0,0.0,0.0,1.0,1.0,57.0,57.0,1.0,0.5122,0.0612,1.0,False
False,0.0,,,0.992,0.992,1.0,175297.0,1.0,2.0,114.0,57.0,0.5,0.6244,0.7563,,False
False,0.0,,1.0,1.0,1.0,0.0,0.0,1.0,1.0,64.0,64.0,1.0,0.6911,0.0002,1.0,True
False,0.0,0.5438,0.6122,0.6122,0.6122,1.0,13133022.0,1.0,1.0,57.0,18.0,0.31578946,0.6685,0.1625,1.0,True
False,0.0,,,0.2519,0.2519,2.0,29780186.0,1.0,2.0,0.0,57.0,inf,0.5122,0.0612,,False
False,0.0,,,0.2499,0.2499,3.0,29955483.0,1.0,3.0,,57.0,,0.6244,0.7563,,False
False,0.0,,1.0,1.0,1.0,0.0,0.0,1.0,1.0,413.0,413.0,1.0,0.6911,0.0002,,True
False,0.0,0.5438,0.5565,0.5565,0.5565,1.0,13133022.0,1.0,1.0,391.0,42.0,0.10741688,0.6685,0.1625,,True
False,0.0,,0.0025,0.2597,0.1299,2.0,29780186.0,2.0,2.0,391.0,1.0,0.0025575447,0.5122,0.0612,,False
False,0.0,,,0.2576,0.1288,3.0,29955483.0,2.0,3.0,391.0,1.0,0.0025575447,0.6244,0.7563,,False
False,0.0,,1.0,1.0,1.0,0.0,0.0,1.0,1.0,167.0,167.0,1.0,0.6911,0.0002,9.0,True
False,0.0,0.988,0.9881,0.9881,0.9881,1.0,261526.0,1.0,1.0,167.0,1.0,0.005988024,0.6914,0.0064,9.0,False
False,0.0,,0.006,0.2564,0.1282,2.0,29780186.0,2.0,2.0,167.0,1.0,0.005988024,0.5122,0.0612,9.0,False
False,0.0,,,0.2543,0.1272,3.0,29955483.0,2.0,3.0,167.0,1.0,0.005988024,0.6244,0.7563,,False
False,0.0,,1.0,1.0,1.0,0.0,0.0,1.0,1.0,50688.0,50688.0,1.0,0.6911,0.0002,,True
False,0.0,,0.0001,0.252,0.126,1.0,29780186.0,2.0,2.0,50688.0,5.0,9.8642675e-05,0.5122,0.0612,,False
False,0.0,,,0.2501,0.125,2.0,29955483.0,2.0,3.0,50688.0,5.0,9.8642675e-05,0.6244,0.7563,,False
False,0.0,,1.0,1.0,1.0,0.0,0.0,1.0,1.0,135.0,135.0,1.0,0.6911,0.0002,5.0,True
False,0.0,0.5438,0.5638,0.5638,0.5638,1.0,13133022.0,1.0,1.0,135.0,10.0,0.074074075,0.6685,0.1625,5.0,True
False,0.0,,1.0,1.0,1.0,0.0,0.0,1.0,1.0,85.0,85.0,1.0,0.6911,0.0002,2.0,True
False,0.0,0.5438,0.5752,0.5752,0.5752,1.0,13133022.0,1.0,1.0,85.0,10.0,0.11764706,0.6685,0.1625,2.0,True
False,0.0,,1.0,1.0,1.0,0.0,0.0,1.0,1.0,79.0,79.0,1.0,0.6911,0.0002,2.0,True
False,0.0,0.5438,0.5615,0.5615,0.5615,1.0,13133022.0,1.0,1.0,75.0,8.0,0.10666667,0.6685,0.1625,2.0,True
False,0.0,,1.0,1.0,1.0,0.0,0.0,1.0,1.0,54.0,54.0,1.0,0.6911,0.0002,2.0,True
False,0.0,,1.0,1.0,1.0,0.0,0.0,1.0,1.0,85.0,85.0,1.0,0.6911,0.0002,2.0,True
False,0.0,0.5438,0.5603,0.5603,0.5603,1.0,13133022.0,1.0,1.0,81.0,8.0,0.09876543,0.6685,0.1625,2.0,True
False,0.0,,1.0,1.0,1.0,0.0,0.0,1.0,1.0,28.0,28.0,1.0,0.6911,0.0002,1.0,True
False,0.0,,1.0,1.0,1.0,0.0,0.0,1.0,1.0,80.0,80.0,1.0,0.6911,0.0002,2.0,True
False,0.0,0.5438,0.5613,0.5613,0.5613,1.0,13133022.0,1.0,1.0,76.0,8.0,0.10526316,0.6685,0.1625,2.0,True
False,0.0,,1.0,1.0,1.0,0.0,0.0,1.0,1.0,22.0,22.0,1.0,0.6911,0.0002,1.0,True
False,0.0,,1.0,1.0,1.0,0.0,0.0,1.0,1.0,320.0,320.0,1.0,0.6911,0.0002,,True
False,0.0,,1.0,1.0,1.0,0.0,0.0,1.0,1.0,37.0,37.0,1.0,0.6911,0.0002,,True
False,0.0,,1.0,1.0,1.0,0.0,0.0,1.0,1.0,93.0,93.0,1.0,0.6911,0.0002,4.0,True
False,0.0,,1.0,1.0,1.0,0.0,0.0,1.0,1.0,62.0,62.0,1.0,0.6911,0.0002,,True
False,0.0,,1.0,1.0,1.0,0.0,0.0,1.0,1.0,305.0,305.0,1.0,0.6911,0.0002,28.0,True
False,0.0,,1.0,1.0,1.0,0.0,0.0,1.0,1.0,31.0,31.0,1.0,0.6911,0.0002,,True
False,0.0,,1.0,1.0,1.0,0.0,0.0,1.0,1.0,203.0,203.0,1.0,0.6911,0.0002,6.0,True
False,0.0,,1.0,1.0,1.0,0.0,0.0,1.0,1.0,31.0,31.0,1.0,0.6911,0.0002,,True
False,0.0,,1.0,1.0,1.0,0.0,0.0,1.0,1.0,169.0,169.0,1.0,0.6911,0.0002,8.0,True
False,0.0,,1.0,1.0,1.0,0.0,0.0,1.0,1.0,31.0,31.0,1.0,0.6911,0.0002,,True
False,0.0,,1.0,1.0,1.0,0.0,0.0,1.0,1.0,54.0,54.0,1.0,0.6911,0.0002,0.0,True
False,0.0,,1.0,1.0,1.0,0.0,0.0,1.0,1.0,130.0,130.0,1.0,0.6911,0.0002,,True
False,0.0,,1.0,1.0,1.0,0.0,0.0,1.0,1.0,35.0,35.0,1.0,0.6911,0.0002,1.0,True
False,0.0,,1.0,1.0,1.0,0.0,0.0,1.0,1.0,230.0,230.0,1.0,0.6911,0.0002,7.0,True
False,0.0,0.5438,0.5521,0.5521,0.5521,1.0,13133022.0,1.0,1.0,219.0,15.0,0.06849315,0.6685,0.1625,7.0,True
False,0.0,,1.0,1.0,1.0,0.0,0.0,1.0,1.0,68.0,68.0,1.0,0.6911,0.0002,5.0,True
False,0.0,,1.0,1.0,1.0,0.0,0.0,1.0,1.0,32.0,32.0,1.0,0.6911,0.0002,,True
False,0.0,,1.0,1.0,1.0,0.0,0.0,1.0,1.0,82.0,82.0,1.0,0.6911,0.0002,4.0,True
False,0.0,0.5438,0.5772,0.5772,0.5772,1.0,13133022.0,1.0,1.0,81.0,7.0,0.086419754,0.6685,0.1625,4.0,True
False,0.0,,1.0,1.0,1.0,0.0,0.0,1.0,1.0,39.0,39.0,1.0,0.6911,0.0002,4.0,True
False,0.0,,1.0,1.0,1.0,0.0,0.0,1.0,1.0,56.0,56.0,1.0,0.6911,0.0002,3.0,True
False,0.0,,1.0,1.0,1.0,0.0,0.0,1.0,1.0,285.0,285.0,1.0,0.6911,0.0002,11.0,True
False,0.0,0.5438,0.5571,0.5571,0.5571,1.0,13133022.0,1.0,1.0,273.0,20.0,0.07326008,0.6685,0.1625,11.0,True
False,0.0,,1.0,1.0,1.0,0.0,0.0,1.0,1.0,190.0,190.0,1.0,0.6911,0.0002,6.0,True
False,0.0,0.5438,0.5688,0.5688,0.5688,1.0,13133022.0,1.0,1.0,180.0,27.0,0.15,0.6685,0.1625,6.0,True
False,0.0,,1.0,1.0,1.0,0.0,0.0,1.0,1.0,100.0,100.0,1.0,0.6911,0.0002,4.0,True
False,0.0,0.5438,0.5572,0.5572,0.5572,1.0,13133022.0,1.0,1.0,100.0,4.0,0.04,0.6685,0.1625,4.0,True
False,0.0,,1.0,1.0,1.0,0.0,0.0,1.0,1.0,101.0,101.0,1.0,0.6911,0.0002,2.0,True
False,0.0,0.5438,0.6331,0.6331,0.6331,1.0,13133022.0,1.0,1.0,94.0,40.0,0.42553192,0.6685,0.1625,2.0,True
False,0.0,,1.0,1.0,1.0,0.0,0.0,1.0,1.0,38.0,38.0,1.0,0.6911,0.0002,0.0,True
False,0.0,0.5438,0.5666,0.5666,0.5666,1.0,13133022.0,1.0,1.0,38.0,2.0,0.05263158,0.6685,0.1625,0.0,True
False,0.0,,1.0,1.0,1.0,0.0,0.0,1.0,1.0,271.0,271.0,1.0,0.6911,0.0002,4.0,True
False,0.0,0.5438,0.5538,0.5538,0.5538,1.0,13133022.0,1.0,1.0,271.0,10.0,0.036900368,0.6685,0.1625,4.0,True
False,0.0,,1.0,1.0,1.0,0.0,0.0,1.0,1.0,112.0,112.0,1.0,0.6911,0.0002,8.0,True
False,0.0,0.5438,0.5638,0.5638,0.5638,1.0,13133022.0,1.0,1.0,112.0,8.0,0.071428575,0.6685,0.1625,8.0,True
False,0.0,,1.0,1.0,1.0,0.0,0.0,1.0,1.0,40.0,40.0,1.0,0.6911,0.0002,1.0,True
False,0.0,,1.0,1.0,1.0,0.0,0.0,1.0,1.0,114.0,114.0,1.0,0.6911,0.0002,8.0,True
False,0.0,0.5438,0.5634,0.5634,0.5634,1.0,13133022.0,1.0,1.0,114.0,8.0,0.07017544,0.6685,0.1625,8.0,True
False,0.0,,1.0,1.0,1.0,0.0,0.0,1.0,1.0,92.0,92.0,1.0,0.6911,0.0002,4.0,True
False,0.0,,1.0,1.0,1.0,0.0,0.0,1.0,1.0,63.0,63.0,1.0,0.6911,0.0002,,True
False,0.0,,1.0,1.0,1.0,0.0,0.0,1.0,1.0,25.0,25.0,1.0,0.6911,0.0002,,True
False,0.0,,1.0,1.0,1.0,0.0,0.0,1.0,1.0,310.0,310.0,1.0,0.6911,0.0002,,True
False,0.0,,1.0,1.0,1.0,0.0,0.0,1.0,1.0,75.0,75.0,1.0,0.6911,0.0002,2.0,True
False,0.0,,1.0,1.0,1.0,0.0,0.0,1.0,1.0,42.0,42.0,1.0,0.6911,0.0002,,True
False,0.0,,1.0,1.0,1.0,0.0,0.0,1.0,1.0,37.0,37.0,1.0,0.6911,0.0002,0.0,True
False,0.0,,1.0,1.0,1.0,0.0,0.0,1.0,1.0,37.0,37.0,1.0,0.6911,0.0002,0.0,True
False,0.0,,1.0,1.0,1.0,0.0,0.0,1.0,1.0,38.0,38.0,1.0,0.6911,0.0002,0.0,True
False,0.0,,1.0,1.0,1.0,0.0,0.0,1.0,1.0,86.0,86.0,1.0,0.6911,0.0002,2.0,True
False,0.0,,1.0,1.0,1.0,0.0,0.0,1.0,1.0,36.0,36.0,1.0,0.6911,0.0002,,True
False,0.0,,1.0,1.0,1.0,0.0,0.0,1.0,1.0,63.0,63.0,1.0,0.6911,0.0002,1.0,True
False,0.0,,1.0,1.0,1.0,0.0,0.0,1.0,1.0,272.0,272.0,1.0,0.6911,0.0002,,True
False,0.0,,1.0,1.0,1.0,0.0,0.0,1.0,1.0,142.0,142.0,1.0,0.6911,0.0002,7.0,True
False,0.0,0.5438,0.5708,0.5708,0.5708,1.0,13133022.0,1.0,1.0,133.0,22.0,0.16541353,0.6685,0.1625,7.0,True
False,0.0,,1.0,1.0,1.0,0.0,0.0,1.0,1.0,37.0,37.0,1.0,0.6911,0.0002,0.0,True
False,0.0,,1.0,1.0,1.0,0.0,0.0,1.0,1.0,277.0,277.0,1.0,0.6911,0.0002,,True
False,0.0,,1.0,1.0,1.0,0.0,0.0,1.0,1.0,56.0,56.0,1.0,0.6911,0.0002,1.0,True
False,0.0,0.5438,0.5752,0.5752,0.5752,1.0,13133022.0,1.0,1.0,56.0,6.0,0.10714286,0.6685,0.1625,1.0,True
False,0.0,,1.0,1.0,1.0,0.0,0.0,1.0,1.0,46.0,46.0,1.0,0.6911,0.0002,1.0,True
False,0.0,,1.0,1.0,1.0,0.0,0.0,1.0,1.0,35.0,35.0,1.0,0.6911,0.0002,,True
False,0.0,,1.0,1.0,1.0,0.0,0.0,1.0,1.0,55.0,55.0,1.0,0.6911,0.0002,1.0,True
False,0.0,0.5438,0.5927,0.5927,0.5927,1.0,13133022.0,1.0,1.0,54.0,11.0,0.2037037,0.6685,0.1625,1.0,True
False,0.0,,1.0,1.0,1.0,0.0,0.0,1.0,1.0,50.0,50.0,1.0,0.6911,0.0002,2.0,True
False,0.0,,1.0,1.0,1.0,0.0,0.0,1.0,1.0,88.0,88.0,1.0,0.6911,0.0002,,True
False,0.0,,1.0,1.0,1.0,0.0,0.0,1.0,1.0,65.0,65.0,1.0,0.6911,0.0002,1.0,True
False,0.0,0.5438,0.5991,0.5991,0.5991,1.0,13133022.0,1.0,1.0,64.0,15.0,0.234375,0.6685,0.1625,1.0,True
False,0.0,,1.0,1.0,1.0,0.0,0.0,1.0,1.0,68.0,68.0,1.0,0.6911,0.0002,1.0,True
False,0.0,0.5438,0.5698,0.5698,0.5698,1.0,13133022.0,1.0,1.0,68.0,6.0,0.0882353,0.6685,0.1625,1.0,True
False,0.0,,1.0,1.0,1.0,0.0,0.0,1.0,1.0,44.0,44.0,1.0,0.6911,0.0002,1.0,True
False,0.0,0.5438,0.5834,0.5834,0.5834,1.0,13133022.0,1.0,1.0,44.0,6.0,0.13636364,0.6685,0.1625,1.0,True
False,0.0,,1.0,1.0,1.0,0.0,0.0,1.0,1.0,65.0,65.0,1.0,0.6911,0.0002,2.0,True
False,0.0,0.5438,0.571,0.571,0.571,1.0,13133022.0,1.0,1.0,65.0,6.0,0.092307694,0.6685,0.1625,2.0,True
False,0.0,,1.0,1.0,1.0,0.0,0.0,1.0,1.0,81.0,81.0,1.0,0.6911,0.0002,1.0,True
False,0.0,0.5438,0.5672,0.5672,0.5672,1.0,13133022.0,1.0,1.0,76.0,11.0,0.14473684,0.6685,0.1625,1.0,True
False,0.0,,1.0,1.0,1.0,0.0,0.0,1.0,1.0,116.0,116.0,1.0,0.6911,0.0002,2.0,True
False,0.0,0.5438,0.5592,0.5592,0.5592,1.0,13133022.0,1.0,1.0,116.0,6.0,0.05172414,0.6685,0.1625,2.0,True
False,0.0,,1.0,1.0,1.0,0.0,0.0,1.0,1.0,82.0,82.0,1.0,0.6911,0.0002,2.0,True
False,0.0,0.5438,0.5818,0.5818,0.5818,1.0,13133022.0,1.0,1.0,82.0,12.0,0.14634146,0.6685,0.1625,2.0,True
False,0.0,,1.0,1.0,1.0,0.0,0.0,1.0,1.0,47.0,47.0,1.0,0.6911,0.0002,1.0,True
False,0.0,,1.0,1.0,1.0,0.0,0.0,1.0,1.0,30.0,30.0,1.0,0.6911,0.0002,0.0,True
False,0.0,,1.0,1.0,1.0,0.0,0.0,1.0,1.0,40.0,40.0,1.0,0.6911,0.0002,,True
False,0.0,,1.0,1.0,1.0,0.0,0.0,1.0,1.0,30.0,30.0,1.0,0.6911,0.0002,0.0,True
False,0.0,,1.0,1.0,1.0,0.0,0.0,1.0,1.0,32.0,32.0,1.0,0.6911,0.0002,,True
False,0.0,,1.0,1.0,1.0,0.0,0.0,1.0,1.0,33.0,33.0,1.0,0.6911,0.0002,0.0,True
False,0.0,,1.0,1.0,1.0,0.0,0.0,1.0,1.0,31.0,31.0,1.0,0.6911,0.0002,,True
False,0.0,,1.0,1.0,1.0,0.0,0.0,1.0,1.0,44.0,44.0,1.0,0.6911,0.0002,,True
False,0.0,,1.0,1.0,1.0,0.0,0.0,1.0,1.0,31.0,31.0,1.0,0.6911,0.0002,0.0,True
False,0.0,,1.0,1.0,1.0,0.0,0.0,1.0,1.0,31.0,31.0,1.0,0.6911,0.0002,0.0,True
False,0.0,,1.0,1.0,1.0,0.0,0.0,1.0,1.0,86.0,86.0,1.0,0.6911,0.0002,,True
False,0.0,,1.0,1.0,1.0,0.0,0.0,1.0,1.0,30.0,30.0,1.0,0.6911,0.0002,0.0,True
False,0.0,,1.0,1.0,1.0,0.0,0.0,1.0,1.0,70.0,70.0,1.0,0.6911,0.0002,,True
False,0.0,,1.0,1.0,1.0,0.0,0.0,1.0,1.0,40.0,40.0,1.0,0.6911,0.0002,2.0,True
False,0.0,,1.0,1.0,1.0,0.0,0.0,1.0,1.0,63.0,63.0,1.0,0.6911,0.0002,,True
False,0.0,,1.0,1.0,1.0,0.0,0.0,1.0,1.0,44.0,44.0,1.0,0.6911,0.0002,1.0,True
False,0.0,0.5438,0.5843,0.5843,0.5843,1.0,13133022.0,1.0,1.0,43.0,7.0,0.1627907,0.6685,0.1625,1.0,True
False,0.0,,1.0,1.0,1.0,0.0,0.0,1.0,1.0,33.0,33.0,1.0,0.6911,0.0002,1.0,True
False,0.0,,1.0,1.0,1.0,0.0,0.0,1.0,1.0,36.0,36.0,1.0,0.6911,0.0002,,True
False,0.0,,1.0,1.0,1.0,0.0,0.0,1.0,1.0,107.0,107.0,1.0,0.6911,0.0002,4.0,True
False,0.0,0.5438,0.5572,0.5572,0.5572,1.0,13133022.0,1.0,1.0,100.0,10.0,0.1,0.6685,0.1625,4.0,True
False,0.0,,1.0,1.0,1.0,0.0,0.0,1.0,1.0,42.0,42.0,1.0,0.6911,0.0002,1.0,True
False,0.0,,1.0,1.0,1.0,0.0,0.0,1.0,1.0,38.0,38.0,1.0,0.6911,0.0002,,True
False,0.0,,1.0,1.0,1.0,0.0,0.0,1.0,1.0,101.0,101.0,1.0,0.6911,0.0002,1.0,True
False,0.0,0.5438,0.5615,0.5615,0.5615,1.0,13133022.0,1.0,1.0,101.0,6.0,0.05940594,0.6685,0.1625,1.0,True
False,0.0,,1.0,1.0,1.0,0.0,0.0,1.0,1.0,45.0,45.0,1.0,0.6911,0.0002,1.0,True
False,0.0,,1.0,1.0,1.0,0.0,0.0,1.0,1.0,97.0,97.0,1.0,0.6911,0.0002,,True
False,0.0,,1.0,1.0,1.0,0.0,0.0,1.0,1.0,148.0,148.0,1.0,0.6911,0.0002,1.0,True
False,0.0,0.5438,0.562,0.562,0.562,1.0,13133022.0,1.0,1.0,148.0,10.0,0.067567565,0.6685,0.1625,1.0,True
False,0.0,,1.0,1.0,1.0,0.0,0.0,1.0,1.0,45.0,45.0,1.0,0.6911,0.0002,1.0,True
False,0.0,,1.0,1.0,1.0,0.0,0.0,1.0,1.0,38.0,38.0,1.0,0.6911,0.0002,,True
False,0.0,,1.0,1.0,1.0,0.0,0.0,1.0,1.0,16.0,16.0,1.0,0.6911,0.0002,1.0,True
False,0.0,0.5438,0.5438,0.5438,0.5438,1.0,13133022.0,1.0,1.0,14.0,2.0,0.14285715,0.6685,0.1625,1.0,True
False,0.0,,1.0,1.0,1.0,0.0,0.0,1.0,1.0,61.0,61.0,1.0,0.6911,0.0002,1.0,True
False,0.0,0.5438,0.5655,0.5655,0.5655,1.0,13133022.0,1.0,1.0,61.0,4.0,0.06557377,0.6685,0.1625,1.0,True
False,0.0,,1.0,1.0,1.0,0.0,0.0,1.0,1.0,70.0,70.0,1.0,0.6911,0.0002,1.0,True
False,0.0,0.5438,0.5628,0.5628,0.5628,1.0,13133022.0,1.0,1.0,70.0,4.0,0.057142857,0.6685,0.1625,1.0,True
False,0.0,,1.0,1.0,1.0,0.0,0.0,1.0,1.0,68.0,68.0,1.0,0.6911,0.0002,1.0,True
False,0.0,0.5438,0.5633,0.5633,0.5633,1.0,13133022.0,1.0,1.0,68.0,4.0,0.05882353,0.6685,0.1625,1.0,True
False,0.0,,1.0,1.0,1.0,0.0,0.0,1.0,1.0,141.0,141.0,1.0,0.6911,0.0002,1.0,True
False,0.0,0.5438,0.5565,0.5565,0.5565,1.0,13133022.0,1.0,1.0,141.0,6.0,0.04255319,0.6685,0.1625,1.0,True
False,0.0,,1.0,1.0,1.0,0.0,0.0,1.0,1.0,98.0,98.0,1.0,0.6911,0.0002,1.0,True
False,0.0,0.5438,0.562,0.562,0.562,1.0,13133022.0,1.0,1.0,98.0,6.0,0.06122449,0.6685,0.1625,1.0,True
False,0.0,,1.0,1.0,1.0,0.0,0.0,1.0,1.0,23.0,23.0,1.0,0.6911,0.0002,1.0,True
False,0.0,,1.0,1.0,1.0,0.0,0.0,1.0,1.0,4.0,4.0,1.0,0.6911,0.0002,,True
False,0.0,,1.0,1.0,1.0,0.0,0.0,1.0,1.0,23.0,23.0,1.0,0.6911,0.0002,0.0,True
False,0.0,,1.0,1.0,1.0,0.0,0.0,1.0,1.0,23.0,23.0,1.0,0.6911,0.0002,0.0,True
False,0.0,,1.0,1.0,1.0,0.0,0.0,1.0,1.0,23.0,23.0,1.0,0.6911,0.0002,1.0,True
False,0.0,,1.0,1.0,1.0,0.0,0.0,1.0,1.0,52.0,52.0,1.0,0.6911,0.0002,0.0,True
False,0.0,,1.0,1.0,1.0,0.0,0.0,1.0,1.0,23.0,23.0,1.0,0.6911,0.0002,0.0,True
False,0.0,,1.0,1.0,1.0,0.0,0.0,1.0,1.0,31.0,31.0,1.0,0.6911,0.0002,,True
False,0.0,,1.0,1.0,1.0,0.0,0.0,1.0,1.0,29.0,29.0,1.0,0.6911,0.0002,,True
False,0.0,,1.0,1.0,1.0,0.0,0.0,1.0,1.0,23.0,23.0,1.0,0.6911,0.0002,1.0,True
False,0.0,,1.0,1.0,1.0,0.0,0.0,1.0,1.0,25.0,25.0,1.0,0.6911,0.0002,2.0,True
False,0.0,,1.0,1.0,1.0,0.0,0.0,1.0,1.0,27.0,27.0,1.0,0.6911,0.0002,,True
False,0.0,,1.0,1.0,1.0,0.0,0.0,1.0,1.0,145.0,145.0,1.0,0.6911,0.0002,1.0,True
False,0.0,0.5438,0.5593,0.5593,0.5593,1.0,13133022.0,1.0,1.0,145.0,8.0,0.055172414,0.6685,0.1625,1.0,True
False,0.0,,1.0,1.0,1.0,0.0,0.0,1.0,1.0,51.0,51.0,1.0,0.6911,0.0002,2.0,True
False,0.0,,1.0,1.0,1.0,0.0,0.0,1.0,1.0,21.0,21.0,1.0,0.6911,0.0002,,True
False,0.0,,1.0,1.0,1.0,0.0,0.0,1.0,1.0,106.0,106.0,1.0,0.6911,0.0002,1.0,True
False,0.0,0.5438,0.5612,0.5612,0.5612,1.0,13133022.0,1.0,1.0,104.0,6.0,0.057692308,0.6685,0.1625,1.0,True
False,0.0,,1.0,1.0,1.0,0.0,0.0,1.0,1.0,55.0,55.0,1.0,0.6911,0.0002,2.0,True
False,0.0,,1.0,1.0,1.0,0.0,0.0,1.0,1.0,27.0,27.0,1.0,0.6911,0.0002,,True
False,0.0,,1.0,1.0,1.0,0.0,0.0,1.0,1.0,79.0,79.0,1.0,0.6911,0.0002,1.0,True
False,0.0,0.5438,0.5663,0.5663,0.5663,1.0,13133022.0,1.0,1.0,79.0,6.0,0.07594936,0.6685,0.1625,1.0,True
False,0.0,,1.0,1.0,1.0,0.0,0.0,1.0,1.0,30.0,30.0,1.0,0.6911,0.0002,0.0,True
False,0.0,,1.0,1.0,1.0,0.0,0.0,1.0,1.0,69.0,69.0,1.0,0.6911,0.0002,,True
False,0.0,,1.0,1.0,1.0,0.0,0.0,1.0,1.0,64.0,64.0,1.0,0.6911,0.0002,1.0,True
False,0.0,0.5438,0.5645,0.5645,0.5645,1.0,13133022.0,1.0,1.0,64.0,4.0,0.0625,0.6685,0.1625,1.0,True
False,0.0,,1.0,1.0,1.0,0.0,0.0,1.0,1.0,43.0,43.0,1.0,0.6911,0.0002,1.0,True
False,0.0,,1.0,1.0,1.0,0.0,0.0,1.0,1.0,67.0,67.0,1.0,0.6911,0.0002,,True
False,0.0,,1.0,1.0,1.0,0.0,0.0,1.0,1.0,74.0,74.0,1.0,0.6911,0.0002,1.0,True
False,0.0,0.5438,0.5678,0.5678,0.5678,1.0,13133022.0,1.0,1.0,74.0,6.0,0.08108108,0.6685,0.1625,1.0,True
False,0.0,,1.0,1.0,1.0,0.0,0.0,1.0,1.0,31.0,31.0,1.0,0.6911,0.0002,0.0,True
False,0.0,,1.0,1.0,1.0,0.0,0.0,1.0,1.0,66.0,66.0,1.0,0.6911,0.0002,,True
False,0.0,,1.0,1.0,1.0,0.0,0.0,1.0,1.0,69.0,69.0,1.0,0.6911,0.0002,1.0,True
False,0.0,0.5438,0.5633,0.5633,0.5633,1.0,13133022.0,1.0,1.0,68.0,5.0,0.073529415,0.6685,0.1625,1.0,True
False,0.0,,1.0,1.0,1.0,0.0,0.0,1.0,1.0,174.0,174.0,1.0,0.6911,0.0002,0.0,True
False,0.0,0.5438,0.5438,0.5438,0.5438,1.0,13133022.0,1.0,1.0,171.0,3.0,0.01754386,0.6685,0.1625,0.0,True
False,0.0,,1.0,1.0,1.0,0.0,0.0,1.0,1.0,183.0,183.0,1.0,0.6911,0.0002,5.0,True
False,0.0,0.5438,0.5634,0.5634,0.5634,1.0,13133022.0,1.0,1.0,183.0,11.0,0.06010929,0.6685,0.1625,5.0,True
False,0.0,,1.0,1.0,1.0,0.0,0.0,1.0,1.0,229.0,229.0,1.0,0.6911,0.0002,7.0,True
False,0.0,0.5438,0.5556,0.5556,0.5556,1.0,13133022.0,1.0,1.0,229.0,10.0,0.04366812,0.6685,0.1625,7.0,True
False,0.0,,1.0,1.0,1.0,0.0,0.0,1.0,1.0,527.0,527.0,1.0,0.6911,0.0002,5.0,True
False,0.0,0.5438,0.5533,0.5533,0.5533,1.0,13133022.0,1.0,1.0,527.0,18.0,0.034155596,0.6685,0.1625,5.0,True
False,0.0,,1.0,1.0,1.0,0.0,0.0,1.0,1.0,37.0,37.0,1.0,0.6911,0.0002,0.0,True
False,0.0,,1.0,1.0,1.0,0.0,0.0,1.0,1.0,50.0,50.0,1.0,0.6911,0.0002,2.0,True
False,0.0,,1.0,1.0,1.0,0.0,0.0,1.0,1.0,50.0,50.0,1.0,0.6911,0.0002,,True
False,0.0,,1.0,1.0,1.0,0.0,0.0,1.0,1.0,72.0,72.0,1.0,0.6911,0.0002,2.0,True
False,0.0,,1.0,1.0,1.0,0.0,0.0,1.0,1.0,48.0,48.0,1.0,0.6911,0.0002,,True
False,0.0,,1.0,1.0,1.0,0.0,0.0,1.0,1.0,39.0,39.0,1.0,0.6911,0.0002,1.0,True
False,0.0,,1.0,1.0,1.0,0.0,0.0,1.0,1.0,46.0,46.0,1.0,0.6911,0.0002,,True
False,0.0,,1.0,1.0,1.0,0.0,0.0,1.0,1.0,38.0,38.0,1.0,0.6911,0.0002,1.0,True
False,0.0,,1.0,1.0,1.0,0.0,0.0,1.0,1.0,46.0,46.0,1.0,0.6911,0.0002,,True
False,0.0,,1.0,1.0,1.0,0.0,0.0,1.0,1.0,24.0,24.0,1.0,0.6911,0.0002,,True
False,0.0,,1.0,1.0,1.0,0.0,0.0,1.0,1.0,156.0,156.0,1.0,0.6911,0.0002,5.0,True
False,0.0,0.5438,0.5557,0.5557,0.5557,1.0,13133022.0,1.0,1.0,151.0,9.0,0.059602648,0.6685,0.1625,5.0,True
False,0.0,,1.0,1.0,1.0,0.0,0.0,1.0,1.0,39.0,39.0,1.0,0.6911,0.0002,2.0,True
False,0.0,,1.0,1.0,1.0,0.0,0.0,1.0,1.0,253.0,253.0,1.0,0.6911,0.0002,3.0,True
False,0.0,0.5438,0.5608,0.5608,0.5608,1.0,13133022.0,1.0,1.0,239.0,28.0,0.117154814,0.6685,0.1625,3.0,True
False,0.0,,1.0,1.0,1.0,0.0,0.0,1.0,1.0,37.0,37.0,1.0,0.6911,0.0002,2.0,True
False,0.0,,1.0,1.0,1.0,0.0,0.0,1.0,1.0,68.0,68.0,1.0,0.6911,0.0002,,True
False,0.0,,1.0,1.0,1.0,0.0,0.0,1.0,1.0,167.0,167.0,1.0,0.6911,0.0002,11.0,True
False,0.0,0.5438,0.563,0.563,0.563,1.0,13133022.0,1.0,1.0,164.0,11.0,0.067073174,0.6685,0.1625,11.0,True
False,0.0,,1.0,1.0,1.0,0.0,0.0,1.0,1.0,27.0,27.0,1.0,0.6911,0.0002,1.0,True
False,0.0,,1.0,1.0,1.0,0.0,0.0,1.0,1.0,24.0,24.0,1.0,0.6911,0.0002,,True
False,0.0,,1.0,1.0,1.0,0.0,0.0,1.0,1.0,47.0,47.0,1.0,0.6911,0.0002,2.0,True
False,0.0,0.5438,0.5628,0.5628,0.5628,1.0,13133022.0,1.0,1.0,46.0,3.0,0.06521739,0.6685,0.1625,2.0,True
False,0.0,,1.0,1.0,1.0,0.0,0.0,1.0,1.0,23.0,23.0,1.0,0.6911,0.0002,0.0,True
False,0.0,,1.0,1.0,1.0,0.0,0.0,1.0,1.0,44.0,44.0,1.0,0.6911,0.0002,,True
False,0.0,,1.0,1.0,1.0,0.0,0.0,1.0,1.0,91.0,91.0,1.0,0.6911,0.0002,2.0,True
False,0.0,0.5438,0.5552,0.5552,0.5552,1.0,13133022.0,1.0,1.0,78.0,15.0,0.1923077,0.6685,0.1625,2.0,True
False,0.0,,1.0,1.0,1.0,0.0,0.0,1.0,1.0,23.0,23.0,1.0,0.6911,0.0002,0.0,True
False,0.0,,1.0,1.0,1.0,0.0,0.0,1.0,1.0,3.0,3.0,1.0,0.6911,0.0002,,True
False,0.0,,1.0,1.0,1.0,0.0,0.0,1.0,1.0,102.0,102.0,1.0,0.6911,0.0002,2.0,True
False,0.0,0.5438,0.5438,0.5438,0.5438,1.0,13133022.0,1.0,1.0,92.0,10.0,0.10869565,0.6685,0.1625,2.0,True
False,0.0,,1.0,1.0,1.0,0.0,0.0,1.0,1.0,23.0,23.0,1.0,0.6911,0.0002,1.0,True
False,0.0,,1.0,1.0,1.0,0.0,0.0,1.0,1.0,44.0,44.0,1.0,0.6911,0.0002,,True
False,0.0,,1.0,1.0,1.0,0.0,0.0,1.0,1.0,181.0,181.0,1.0,0.6911,0.0002,2.0,True
False,0.0,0.5438,0.5438,0.5438,0.5438,1.0,13133022.0,1.0,1.0,159.0,22.0,0.13836478,0.6685,0.1625,2.0,True
False,0.0,,1.0,1.0,1.0,0.0,0.0,1.0,1.0,75.0,75.0,1.0,0.6911,0.0002,1.0,True
False,0.0,0.5438,0.5498,0.5498,0.5498,1.0,13133022.0,1.0,1.0,75.0,1.0,0.013333334,0.6685,0.1625,1.0,True
False,0.0,,1.0,1.0,1.0,0.0,0.0,1.0,1.0,70.0,70.0,1.0,0.6911,0.0002,2.0,True
False,0.0,0.5438,0.5691,0.5691,0.5691,1.0,13133022.0,1.0,1.0,70.0,6.0,0.08571429,0.6685,0.1625,2.0,True
False,0.0,,1.0,1.0,1.0,0.0,0.0,1.0,1.0,128.0,128.0,1.0,0.6911,0.0002,3.0,True
False,0.0,0.5438,0.5685,0.5685,0.5685,1.0,13133022.0,1.0,1.0,127.0,13.0,0.10236221,0.6685,0.1625,3.0,True
False,0.0,,1.0,1.0,1.0,0.0,0.0,1.0,1.0,33.0,33.0,1.0,0.6911,0.0002,1.0,True
False,0.0,,1.0,1.0,1.0,0.0,0.0,1.0,1.0,29.0,29.0,1.0,0.6911,0.0002,1.0,True
False,0.0,,1.0,1.0,1.0,0.0,0.0,1.0,1.0,34.0,34.0,1.0,0.6911,0.0002,1.0,True
False,0.0,,1.0,1.0,1.0,0.0,0.0,1.0,1.0,29.0,29.0,1.0,0.6911,0.0002,1.0,True
False,0.0,,1.0,1.0,1.0,0.0,0.0,1.0,1.0,99.0,99.0,1.0,0.6911,0.0002,12.0,True
False,0.0,,1.0,1.0,1.0,0.0,0.0,1.0,1.0,127.0,127.0,1.0,0.6911,0.0002,2.0,True
False,0.0,,1.0,1.0,1.0,0.0,0.0,1.0,1.0,320.0,320.0,1.0,0.6911,0.0002,10.0,True
False,0.0,0.5438,0.5509,0.5509,0.5509,1.0,13133022.0,1.0,1.0,319.0,9.0,0.028213166,0.6685,0.1625,10.0,True
False,0.0,,1.0,1.0,1.0,0.0,0.0,1.0,1.0,126.0,126.0,1.0,0.6911,0.0002,3.0,True
False,0.0,0.5438,0.5438,0.5438,0.5438,1.0,13133022.0,1.0,1.0,124.0,2.0,0.016129032,0.6685,0.1625,3.0,True
False,0.0,,1.0,1.0,1.0,0.0,0.0,1.0,1.0,89.0,89.0,1.0,0.6911,0.0002,3.0,True
False,0.0,0.5438,0.5793,0.5793,0.5793,1.0,13133022.0,1.0,1.0,87.0,11.0,0.12643678,0.6685,0.1625,3.0,True
False,0.0,,1.0,1.0,1.0,0.0,0.0,1.0,1.0,89.0,89.0,1.0,0.6911,0.0002,4.0,True
False,0.0,,1.0,1.0,1.0,0.0,0.0,1.0,1.0,338.0,338.0,1.0,0.6911,0.0002,12.0,True
False,0.0,0.5438,0.5532,0.5532,0.5532,1.0,13133022.0,1.0,1.0,337.0,8.0,0.023738872,0.6685,0.1625,12.0,True
False,0.0,,1.0,1.0,1.0,0.0,0.0,1.0,1.0,230.0,230.0,1.0,0.6911,0.0002,16.0,True
False,0.0,,1.0,1.0,1.0,0.0,0.0,1.0,1.0,73.0,73.0,1.0,0.6911,0.0002,1.0,True
False,0.0,0.5438,0.5808,0.5808,0.5808,1.0,13133022.0,1.0,1.0,72.0,11.0,0.15277778,0.6685,0.1625,1.0,True
False,0.0,,1.0,1.0,1.0,0.0,0.0,1.0,1.0,48.0,48.0,1.0,0.6911,0.0002,1.0,True
False,0.0,,1.0,1.0,1.0,0.0,0.0,1.0,1.0,42.0,42.0,1.0,0.6911,0.0002,1.0,True
False,0.0,0.5438,0.5438,0.5438,0.5438,1.0,13133022.0,1.0,1.0,41.0,1.0,0.024390243,0.6685,0.1625,1.0,True
False,0.0,,1.0,1.0,1.0,0.0,0.0,1.0,1.0,40.0,40.0,1.0,0.6911,0.0002,4.0,True
False,0.0,,1.0,1.0,1.0,0.0,0.0,1.0,1.0,136.0,136.0,1.0,0.6911,0.0002,,True
False,0.0,0.5438,0.6844,0.6844,0.6844,1.0,13133022.0,1.0,1.0,118.0,89.0,0.7542373,0.6685,0.1625,,True
False,0.0,,1.0,1.0,1.0,0.0,0.0,1.0,1.0,73.0,73.0,1.0,0.6911,0.0002,3.0,True
False,0.0,,1.0,1.0,1.0,0.0,0.0,1.0,1.0,216.0,216.0,1.0,0.6911,0.0002,2.0,True
False,0.0,0.5438,0.5481,0.5481,0.5481,1.0,13133022.0,1.0,1.0,209.0,9.0,0.043062203,0.6685,0.1625,2.0,True
False,0.0,,1.0,1.0,1.0,0.0,0.0,1.0,1.0,71.0,71.0,1.0,0.6911,0.0002,1.0,True
False,0.0,0.5438,0.575,0.575,0.575,1.0,13133022.0,1.0,1.0,71.0,8.0,0.112676054,0.6685,0.1625,1.0,True
False,0.0,,1.0,1.0,1.0,0.0,0.0,1.0,1.0,51.0,51.0,1.0,0.6652,0.1569,2.0,False
False,0.0,0.7404,0.7548,0.7548,0.7548,1.0,6502666.0,1.0,1.0,52.0,2.0,0.03846154,0.6685,0.1625,2.0,True
False,0.0,,1.0,1.0,1.0,0.0,0.0,1.0,1.0,93.0,93.0,1.0,0.6911,0.0002,8.0,True
False,0.0,,1.0,1.0,1.0,0.0,0.0,1.0,1.0,36.0,36.0,1.0,0.6911,0.0002,1.0,True
False,0.0,,1.0,1.0,1.0,0.0,0.0,1.0,1.0,72.0,72.0,1.0,0.6911,0.0002,8.0,True
False,0.0,,1.0,1.0,1.0,0.0,0.0,1.0,1.0,89.0,89.0,1.0,0.6911,0.0002,4.0,True
False,0.0,,1.0,1.0,1.0,0.0,0.0,1.0,1.0,162.0,162.0,1.0,0.6911,0.0002,3.0,True
False,0.0,,1.0,1.0,1.0,0.0,0.0,1.0,1.0,84.0,84.0,1.0,0.6911,0.0002,2.0,True
False,0.0,,1.0,1.0,1.0,0.0,0.0,1.0,1.0,190.0,190.0,1.0,0.6911,0.0002,8.0,True
False,0.0,,1.0,1.0,1.0,0.0,0.0,1.0,1.0,79.0,79.0,1.0,0.6911,0.0002,3.0,True
False,0.0,0.5438,0.5827,0.5827,0.5827,1.0,13133022.0,1.0,1.0,79.0,9.0,0.11392405,0.6685,0.1625,3.0,True
False,0.0,,1.0,1.0,1.0,0.0,0.0,1.0,1.0,59.0,59.0,1.0,0.6911,0.0002,1.0,True
False,0.0,0.5438,0.5812,0.5812,0.5812,1.0,13133022.0,1.0,1.0,59.0,8.0,0.13559322,0.6685,0.1625,1.0,True
False,0.0,,1.0,1.0,1.0,0.0,0.0,1.0,1.0,74.0,74.0,1.0,0.6911,0.0002,2.0,True
False,0.0,0.5438,0.5738,0.5738,0.5738,1.0,13133022.0,1.0,1.0,74.0,8.0,0.10810811,0.6685,0.1625,2.0,True
False,0.0,,1.0,1.0,1.0,0.0,0.0,1.0,1.0,74.0,74.0,1.0,0.6911,0.0002,2.0,True
False,0.0,0.5438,0.5738,0.5738,0.5738,1.0,13133022.0,1.0,1.0,74.0,8.0,0.10810811,0.6685,0.1625,2.0,True
False,0.0,,1.0,1.0,1.0,0.0,0.0,1.0,1.0,44.0,44.0,1.0,0.6911,0.0002,1.0,True
False,0.0,0.5438,0.6132,0.6132,0.6132,1.0,13133022.0,1.0,1.0,44.0,12.0,0.27272728,0.6685,0.1625,1.0,True
False,0.0,,1.0,1.0,1.0,0.0,0.0,1.0,1.0,217.0,217.0,1.0,0.6911,0.0002,12.0,True
False,0.0,,1.0,1.0,1.0,0.0,0.0,1.0,1.0,75.0,75.0,1.0,0.6911,0.0002,2.0,True
False,0.0,0.5438,0.5738,0.5738,0.5738,1.0,13133022.0,1.0,1.0,74.0,9.0,0.12162162,0.6685,0.1625,2.0,True
False,0.0,,1.0,1.0,1.0,0.0,0.0,1.0,1.0,87.0,87.0,1.0,0.6911,0.0002,9.0,True
False,0.0,,1.0,1.0,1.0,0.0,0.0,1.0,1.0,66.0,66.0,1.0,0.6911,0.0002,2.0,True
False,0.0,0.5438,0.5574,0.5574,0.5574,1.0,13133022.0,1.0,1.0,65.0,3.0,0.046153847,0.6685,0.1625,2.0,True
False,0.0,,1.0,1.0,1.0,0.0,0.0,1.0,1.0,31.0,31.0,1.0,0.6911,0.0002,1.0,True
False,0.0,,1.0,1.0,1.0,0.0,0.0,1.0,1.0,47.0,47.0,1.0,0.6911,0.0002,1.0,True
False,0.0,0.5438,0.5628,0.5628,0.5628,1.0,13133022.0,1.0,1.0,46.0,3.0,0.06521739,0.6685,0.1625,1.0,True
False,0.0,,1.0,1.0,1.0,0.0,0.0,1.0,1.0,34.0,34.0,1.0,0.6911,0.0002,1.0,True
False,0.0,,1.0,1.0,1.0,0.0,0.0,1.0,1.0,42.0,42.0,1.0,0.6911,0.0002,1.0,True
False,0.0,0.5438,0.565,0.565,0.565,1.0,13133022.0,1.0,1.0,41.0,3.0,0.07317073,0.6685,0.1625,1.0,True
False,0.0,,1.0,1.0,1.0,0.0,0.0,1.0,1.0,53.0,53.0,1.0,0.6911,0.0002,1.0,True
False,0.0,0.5438,0.5607,0.5607,0.5607,1.0,13133022.0,1.0,1.0,52.0,3.0,0.057692308,0.6685,0.1625,1.0,True
False,0.0,,1.0,1.0,1.0,0.0,0.0,1.0,1.0,46.0,46.0,1.0,0.6911,0.0002,6.0,True
False,0.0,,1.0,1.0,1.0,0.0,0.0,1.0,1.0,17.0,17.0,1.0,0.6911,0.0002,2.0,True
False,0.0,,1.0,1.0,1.0,0.0,0.0,1.0,1.0,225.0,225.0,1.0,0.6911,0.0002,23.0,True
False,0.0,,1.0,1.0,1.0,0.0,0.0,1.0,1.0,291.0,291.0,1.0,0.6911,0.0002,17.0,True
False,0.0,,1.0,1.0,1.0,0.0,0.0,1.0,1.0,202.0,202.0,1.0,0.6911,0.0002,21.0,True
False,0.0,,1.0,1.0,1.0,0.0,0.0,1.0,1.0,165.0,165.0,1.0,0.6911,0.0002,13.0,True
False,0.0,,1.0,1.0,1.0,0.0,0.0,1.0,1.0,35.0,35.0,1.0,0.6911,0.0002,1.0,True
False,0.0,,1.0,1.0,1.0,0.0,0.0,1.0,1.0,133.0,133.0,1.0,0.6911,0.0002,11.0,True
False,0.0,,1.0,1.0,1.0,0.0,0.0,1.0,1.0,39.0,39.0,1.0,0.6911,0.0002,2.0,True
False,0.0,,1.0,1.0,1.0,0.0,0.0,1.0,1.0,67.0,67.0,1.0,0.6911,0.0002,5.0,True
False,0.0,,1.0,1.0,1.0,0.0,0.0,1.0,1.0,431.0,431.0,1.0,0.6911,0.0002,36.0,True
False,0.0,,1.0,1.0,1.0,0.0,0.0,1.0,1.0,215.0,215.0,1.0,0.6911,0.0002,23.0,True
False,0.0,,1.0,1.0,1.0,0.0,0.0,1.0,1.0,39.0,39.0,1.0,0.6911,0.0002,3.0,True
False,0.0,,1.0,1.0,1.0,0.0,0.0,1.0,1.0,31.0,31.0,1.0,0.6911,0.0002,2.0,True
False,0.0,,1.0,1.0,1.0,0.0,0.0,1.0,1.0,39.0,39.0,1.0,0.6911,0.0002,4.0,True
False,0.0,,1.0,1.0,1.0,0.0,0.0,1.0,1.0,118.0,118.0,1.0,0.6911,0.0002,5.0,True
False,0.0,,1.0,1.0,1.0,0.0,0.0,1.0,1.0,71.0,71.0,1.0,0.6911,0.0002,3.0,True
False,0.0,,1.0,1.0,1.0,0.0,0.0,1.0,1.0,305.0,305.0,1.0,0.6911,0.0002,29.0,True
False,0.0,,1.0,1.0,1.0,0.0,0.0,1.0,1.0,216.0,216.0,1.0,0.6911,0.0002,23.0,True
False,0.0,,1.0,1.0,1.0,0.0,0.0,1.0,1.0,225.0,225.0,1.0,0.6911,0.0002,23.0,True
False,0.0,,1.0,1.0,1.0,0.0,0.0,1.0,1.0,279.0,279.0,1.0,0.6911,0.0002,29.0,True
False,0.0,,1.0,1.0,1.0,0.0,0.0,1.0,1.0,93.0,93.0,1.0,0.6911,0.0002,10.0,True
False,0.0,,1.0,1.0,1.0,0.0,0.0,1.0,1.0,101.0,101.0,1.0,0.6911,0.0002,8.0,True
False,0.0,,1.0,1.0,1.0,0.0,0.0,1.0,1.0,95.0,95.0,1.0,0.6911,0.0002,5.0,True
False,0.0,0.0955,0.1324,0.1324,0.1324,1.0,50699629.0,1.0,1.0,96.0,3.0,0.03125,0.5935,0.6782,5.0,True
False,0.0,,0.0306,0.1316,0.0658,2.0,50805115.0,2.0,2.0,96.0,3.0,0.03125,0.6189,0.6958,5.0,False
True,1.0,0.0994,0.0994,0.1295,0.0648,3.0,51199743.0,2.0,2.0,96.0,3.0,0.03125,0.6402,0.7117,,False
False,1.0,0.0914,0.1827,0.2099,0.1049,4.0,53018550.0,2.0,2.0,97.0,9.0,0.0927835,0.7555,0.6872,5.0,False
False,0.0,,1.0,1.0,1.0,0.0,0.0,1.0,1.0,658.0,658.0,1.0,0.6911,0.0002,37.0,True
False,0.0,0.0955,0.101,0.101,0.101,1.0,50699629.0,1.0,1.0,659.0,3.0,0.0045523522,0.5935,0.6782,37.0,True
False,0.0,,0.0045,0.1002,0.0501,2.0,50805115.0,2.0,2.0,659.0,3.0,0.0045523522,0.6189,0.6958,37.0,False
True,1.0,0.0941,0.0941,0.0986,0.0493,3.0,51199743.0,2.0,2.0,659.0,3.0,0.0045523522,0.6402,0.7117,,False
False,1.0,0.0865,0.0921,0.0962,0.0481,4.0,53018550.0,2.0,2.0,654.0,9.0,0.013761468,0.7555,0.6872,37.0,False
False,0.0,,1.0,1.0,1.0,0.0,0.0,1.0,1.0,45.0,45.0,1.0,0.7555,0.6872,2.0,False
False,0.0,,1.0,1.0,1.0,0.0,0.0,1.0,1.0,480.0,480.0,1.0,0.6911,0.0002,30.0,True
False,0.0,0.0955,0.103,0.103,0.103,1.0,50699629.0,1.0,1.0,481.0,3.0,0.0062370063,0.5935,0.6782,30.0,True
False,0.0,,0.0062,0.1022,0.0511,2.0,50805115.0,2.0,2.0,481.0,3.0,0.0062370063,0.6189,0.6958,30.0,False
True,1.0,0.0945,0.0945,0.1006,0.0503,3.0,51199743.0,2.0,2.0,481.0,3.0,0.0062370063,0.6402,0.7117,,False
False,1.0,0.0872,0.1208,0.1264,0.0632,4.0,52943549.0,2.0,2.0,484.0,21.0,0.04338843,0.7548,0.6908,31.0,False
False,0.0,,1.0,1.0,1.0,0.0,0.0,1.0,1.0,48.0,48.0,1.0,0.7548,0.6908,,False
False,0.0,,1.0,1.0,1.0,0.0,0.0,1.0,1.0,52.0,52.0,1.0,0.6911,0.0002,,True
False,0.0,0.086,0.1033,0.1033,0.1033,1.0,52943549.0,1.0,1.0,52.0,1.0,0.01923077,0.7548,0.6908,,False
False,0.0,,1.0,1.0,1.0,0.0,0.0,1.0,1.0,76.0,76.0,1.0,0.6911,0.0002,3.0,True
False,0.0,0.0955,0.1413,0.1413,0.1413,1.0,50699629.0,1.0,1.0,77.0,3.0,0.038961038,0.5935,0.6782,3.0,True
False,0.0,,0.038,0.1405,0.0703,2.0,50805115.0,2.0,2.0,77.0,3.0,0.038961038,0.6189,0.6958,3.0,False
True,1.0,0.1009,0.1009,0.1383,0.0691,3.0,51199743.0,2.0,2.0,77.0,3.0,0.038961038,0.6402,0.7117,,False
False,1.0,0.0931,0.204,0.2343,0.1171,4.0,52943549.0,2.0,2.0,85.0,8.0,0.09411765,0.7548,0.6908,4.0,False
False,0.0,,1.0,1.0,1.0,0.0,0.0,1.0,1.0,156.0,156.0,1.0,0.6911,0.0002,4.0,True
False,0.0,0.0955,0.1182,0.1182,0.1182,1.0,50699629.0,1.0,1.0,157.0,3.0,0.01910828,0.5935,0.6782,4.0,True
False,0.0,,0.0189,0.1175,0.0587,2.0,50805115.0,2.0,2.0,157.0,3.0,0.01910828,0.6189,0.6958,4.0,False
True,1.0,0.097,0.097,0.1156,0.0578,3.0,51199743.0,2.0,2.0,157.0,3.0,0.01910828,0.6402,0.7117,,False
False,1.0,0.0896,0.1485,0.1645,0.0823,4.0,52943549.0,2.0,2.0,165.0,8.0,0.048484847,0.7548,0.6908,5.0,False
False,0.0,,1.0,1.0,1.0,0.0,0.0,1.0,1.0,62.0,62.0,1.0,0.6911,0.0002,2.0,True
False,0.0,0.0955,0.1512,0.1512,0.1512,1.0,50699629.0,1.0,1.0,63.0,3.0,0.04761905,0.5935,0.6782,2.0,True
False,0.0,,0.0462,0.1504,0.0752,2.0,50805115.0,2.0,2.0,63.0,3.0,0.04761905,0.6189,0.6958,2.0,False
True,1.0,0.1026,0.1026,0.148,0.074,3.0,51199743.0,2.0,2.0,63.0,3.0,0.04761905,0.6402,0.7117,,False
False,1.0,0.0947,0.2573,0.2922,0.1461,4.0,52943549.0,2.0,2.0,73.0,11.0,0.15068494,0.7548,0.6908,3.0,False
False,0.0,,1.0,1.0,1.0,0.0,0.0,1.0,1.0,83.0,83.0,1.0,0.6911,0.0002,3.0,True
False,0.0,0.0955,0.1376,0.1376,0.1376,1.0,50699629.0,1.0,1.0,84.0,3.0,0.035714287,0.5935,0.6782,3.0,True
False,0.0,,0.0349,0.1368,0.0684,2.0,50805115.0,2.0,2.0,84.0,3.0,0.035714287,0.6189,0.6958,3.0,False
True,1.0,0.1003,0.1003,0.1346,0.0673,3.0,51199743.0,2.0,2.0,84.0,3.0,0.035714287,0.6402,0.7117,,False
False,1.0,0.0926,0.2049,0.233,0.1165,4.0,52943549.0,2.0,2.0,93.0,10.0,0.10752688,0.7548,0.6908,4.0,False
False,0.0,,1.0,1.0,1.0,0.0,0.0,1.0,1.0,170.0,170.0,1.0,0.6911,0.0002,8.0,True
False,0.0,0.0955,0.3285,0.3285,0.3285,1.0,50699629.0,1.0,1.0,189.0,43.0,0.22751322,0.5935,0.6782,7.0,True
False,0.0,0.3066,0.3768,0.3768,0.3768,2.0,52254497.0,1.0,1.0,178.0,49.0,0.2752809,0.7465,0.7207,7.0,True
False,0.0,0.3703,0.501,0.501,0.501,3.0,52606211.0,1.0,1.0,222.0,54.0,0.24324325,0.7537,0.6932,9.0,False
False,0.0,,1.0,1.0,1.0,0.0,0.0,1.0,1.0,457.0,457.0,1.0,0.7465,0.7207,67.0,True
False,0.0,0.9841,0.9843,0.9843,0.9843,1.0,351714.0,1.0,1.0,457.0,5.0,0.010940919,0.7537,0.6932,67.0,False
False,0.0,,1.0,1.0,1.0,0.0,0.0,1.0,1.0,48.0,48.0,1.0,0.7465,0.7207,,True
False,0.0,0.9841,0.9847,0.9847,0.9847,1.0,351714.0,1.0,1.0,48.0,2.0,0.041666668,0.7537,0.6932,,False
False,0.0,,1.0,1.0,1.0,0.0,0.0,1.0,1.0,412.0,412.0,1.0,0.6911,0.0002,,True
False,0.0,0.9762,0.9762,0.9762,0.9762,1.0,578614.0,1.0,1.0,406.0,6.0,0.014778325,0.6619,0.2009,,False
False,0.0,0.9762,0.9765,0.9765,0.9765,2.0,586845.0,1.0,1.0,406.0,4.0,0.009852217,0.662,0.196,,False
False,0.0,0.8555,0.859,0.859,0.859,3.0,3435044.0,1.0,1.0,413.0,8.0,0.01937046,0.6641,0.1654,,True
False,0.0,0.2262,0.228,0.228,0.228,4.0,32196771.0,1.0,1.0,413.0,1.0,0.0024213076,0.7077,0.758,,False
False,0.0,0.136,0.1543,0.1543,0.1543,5.0,43348312.0,1.0,1.0,420.0,7.0,0.016666668,0.5688,0.4464,,False
False,0.0,0.1021,0.1841,0.1841,0.1841,6.0,52254497.0,1.0,1.0,426.0,38.0,0.089201875,0.7465,0.7207,,True
False,0.0,0.1834,0.2096,0.2096,0.2096,7.0,52349097.0,1.0,1.0,437.0,13.0,0.029748283,0.7538,0.7223,,False
False,0.0,0.2072,0.2297,0.2297,0.2297,8.0,52601370.0,1.0,1.0,449.0,12.0,0.026726058,0.7536,0.6981,,False
False,0.0,,1.0,1.0,1.0,0.0,0.0,1.0,1.0,46.0,46.0,1.0,0.6911,0.0002,,True
False,0.0,0.218,0.25,0.25,0.25,1.0,32898668.0,1.0,1.0,47.0,1.0,0.021276595,0.6917,0.7122,,False
False,0.0,0.1014,0.1883,0.1883,0.1883,2.0,52349097.0,1.0,1.0,49.0,4.0,0.08163265,0.7538,0.7223,,False
False,0.0,,1.0,1.0,1.0,0.0,0.0,1.0,1.0,24.0,24.0,1.0,0.6911,0.0002,,True
True,1.0,0.0888,0.0888,0.0888,0.0888,1.0,52254544.0,1.0,1.0,0.0,24.0,inf,0.7538,0.7303,,False
False,0.0,,1.0,1.0,1.0,0.0,0.0,1.0,1.0,24.0,24.0,1.0,0.6911,0.0002,,True
True,1.0,0.0888,0.0888,0.0888,0.0888,1.0,52254544.0,1.0,1.0,0.0,24.0,inf,0.7538,0.7303,,False
False,0.0,,1.0,1.0,1.0,0.0,0.0,1.0,1.0,34.0,34.0,1.0,0.6911,0.0002,,True
True,1.0,0.0888,0.0888,0.0888,0.0888,1.0,52254544.0,1.0,1.0,0.0,34.0,inf,0.7538,0.7303,,False
True,1.0,,1.0,1.0,1.0,0.0,0.0,1.0,1.0,24.0,24.0,1.0,0.7538,0.7303,,False
True,1.0,,1.0,1.0,1.0,0.0,0.0,1.0,1.0,24.0,24.0,1.0,0.7538,0.7303,,False
True,1.0,,1.0,1.0,1.0,0.0,0.0,1.0,1.0,43.0,43.0,1.0,0.7538,0.7303,,False
False,0.0,,1.0,1.0,1.0,0.0,0.0,1.0,1.0,49.0,49.0,1.0,0.6911,0.0002,,True
True,1.0,0.0888,0.2971,0.2971,0.2971,1.0,52254544.0,1.0,1.0,32.0,26.0,0.8125,0.7538,0.7303,,False
False,0.0,,1.0,1.0,1.0,0.0,0.0,1.0,1.0,77.0,77.0,1.0,0.6911,0.0002,,True
True,1.0,0.0888,0.1476,0.1476,0.1476,1.0,52254544.0,1.0,1.0,61.0,20.0,0.32786885,0.7538,0.7303,,False
False,0.0,,1.0,1.0,1.0,0.0,0.0,1.0,1.0,550.0,550.0,1.0,0.6911,0.0002,33.0,True
False,0.0,0.8587,0.86,0.86,0.86,1.0,3351566.0,1.0,1.0,553.0,4.0,0.0072332732,0.6629,0.1566,33.0,False
False,0.0,0.8531,0.856,0.856,0.856,2.0,3534474.0,1.0,1.0,560.0,7.0,0.0125,0.6642,0.1658,34.0,False
True,1.0,0.8291,0.8388,0.8388,0.8388,3.0,4197406.0,1.0,1.0,591.0,31.0,0.05245347,0.6646,0.168,36.0,True
False,1.0,0.553,0.5567,0.5567,0.5567,4.0,13133022.0,1.0,1.0,594.0,4.0,0.0067340066,0.6685,0.1625,36.0,True
False,1.0,0.0977,0.1037,0.1037,0.1037,5.0,50699629.0,1.0,1.0,595.0,3.0,0.005042017,0.5935,0.6782,36.0,True
False,1.0,,0.005,0.1029,0.0515,6.0,50805115.0,2.0,2.0,595.0,3.0,0.005042017,0.6189,0.6958,36.0,False
True,2.0,0.0964,0.0964,0.1013,0.0506,7.0,51199743.0,2.0,2.0,595.0,3.0,0.005042017,0.6402,0.7117,,False
False,2.0,0.0919,0.0964,0.101,0.0505,8.0,52254497.0,2.0,2.0,596.0,2.0,0.0033557047,0.7465,0.7207,36.0,True
False,0.0,,1.0,1.0,1.0,0.0,0.0,1.0,1.0,51.0,51.0,1.0,0.5734,0.4777,,True
True,1.0,0.8316,0.841,0.841,0.841,1.0,4056000.0,1.0,1.0,52.0,2.0,0.03846154,0.5905,0.6444,,True
False,1.0,0.8376,0.9026,0.9026,0.9026,2.0,4143482.0,1.0,1.0,56.0,30.0,0.53571427,0.5935,0.6782,,True
False,1.0,0.8412,0.7706,0.7706,0.7706,3.0,5698350.0,1.0,1.0,0.0,56.0,inf,0.7465,0.7207,,True
False,0.0,,1.0,1.0,1.0,0.0,0.0,1.0,1.0,41.0,41.0,1.0,0.5935,0.6782,,True
False,0.0,0.9341,0.9341,0.9341,0.9341,1.0,1554868.0,1.0,1.0,0.0,41.0,inf,0.7465,0.7207,,True
False,0.0,,1.0,1.0,1.0,0.0,0.0,1.0,1.0,63.0,63.0,1.0,0.5935,0.6782,,True
False,0.0,0.9341,0.9341,0.9341,0.9341,1.0,1554868.0,1.0,1.0,0.0,63.0,inf,0.7465,0.7207,,True
False,0.0,,1.0,1.0,1.0,0.0,0.0,1.0,1.0,88.0,88.0,1.0,0.6636,0.1624,5.0,True
False,0.0,,0.2328,1.0,0.5,1.0,78618.0,2.0,2.0,110.0,22.0,0.2,0.6641,0.1654,6.0,True
False,0.0,0.2318,0.2574,0.9932,0.4966,2.0,178048.0,2.0,2.0,113.0,3.0,0.026548672,0.6642,0.1658,6.0,False
False,0.0,0.2574,0.2448,0.9931,0.4965,3.0,240653.0,2.0,2.0,111.0,3.0,0.027027028,0.6642,0.1648,6.0,False
True,1.0,0.2381,0.2508,0.9659,0.483,4.0,840980.0,2.0,2.0,109.0,3.0,0.027522936,0.6646,0.168,6.0,True
False,1.0,0.0289,0.0623,0.1418,0.0709,5.0,47343203.0,2.0,2.0,110.0,3.0,0.027272727,0.5935,0.6782,6.0,True
False,1.0,,0.0254,0.141,0.047,6.0,47448689.0,3.0,3.0,110.0,3.0,0.027272727,0.6189,0.6958,6.0,False
True,2.0,0.0362,0.0362,0.1388,0.0463,7.0,47843317.0,3.0,3.0,110.0,3.0,0.027272727,0.6402,0.7117,,False
False,2.0,0.0344,0.042,0.1398,0.0466,8.0,48898071.0,3.0,3.0,110.0,1.0,0.009090909,0.7465,0.7207,6.0,True
False,0.0,,1.0,1.0,1.0,0.0,0.0,1.0,1.0,576.0,576.0,1.0,0.6636,0.1624,29.0,True
False,0.0,,0.0415,1.0,0.5,1.0,78618.0,2.0,2.0,573.0,40.0,0.06980803,0.6641,0.1654,28.0,True
True,1.0,0.0402,0.0452,0.965,0.4825,2.0,840980.0,2.0,2.0,575.0,3.0,0.0052173915,0.6646,0.168,28.0,True
False,1.0,0.0435,0.3555,0.9535,0.4767,3.0,1636429.0,2.0,2.0,335.0,382.0,1.1402985,0.665,0.1634,20.0,True
True,2.0,0.1022,0.1216,0.2882,0.1441,4.0,28525278.0,2.0,2.0,335.0,7.0,0.020895522,0.6844,0.7926,20.0,False
False,2.0,0.0508,0.0619,0.1307,0.0654,5.0,47343203.0,2.0,2.0,336.0,3.0,0.008928572,0.5935,0.6782,20.0,True
False,2.0,,0.0086,0.1299,0.0433,6.0,47448689.0,3.0,3.0,336.0,3.0,0.008928572,0.6189,0.6958,20.0,False
True,3.0,0.0523,0.0523,0.1279,0.0426,7.0,47843317.0,3.0,3.0,336.0,3.0,0.008928572,0.6402,0.7117,,False
False,3.0,0.0496,0.0522,0.1242,0.0414,8.0,48898071.0,3.0,3.0,336.0,1.0,0.0029761905,0.7465,0.7207,20.0,True
False,0.0,,1.0,1.0,1.0,0.0,0.0,1.0,1.0,32.0,32.0,1.0,0.7465,0.7207,3.0,True
False,0.0,,1.0,1.0,1.0,0.0,0.0,1.0,1.0,161.0,161.0,1.0,0.7465,0.7207,9.0,True
False,0.0,,1.0,1.0,1.0,0.0,0.0,1.0,1.0,513.0,513.0,1.0,0.7465,0.7207,26.0,True
False,0.0,,1.0,1.0,1.0,0.0,0.0,1.0,1.0,130.0,130.0,1.0,0.6911,0.0002,,True
False,0.0,0.5438,0.5473,0.5473,0.5473,1.0,13133022.0,1.0,1.0,130.0,1.0,0.0076923077,0.6685,0.1625,,True
False,0.0,0.0961,0.103,0.103,0.103,2.0,50699629.0,1.0,1.0,130.0,1.0,0.0076923077,0.5935,0.6782,,True
False,0.0,0.0959,0.152,0.152,0.152,3.0,52254497.0,1.0,1.0,130.0,9.0,0.06923077,0.7465,0.7207,,True
False,0.0,,1.0,1.0,1.0,0.0,0.0,1.0,1.0,602.0,602.0,1.0,0.6911,0.0002,,True
False,0.0,0.9762,0.9767,0.9767,0.9767,1.0,600059.0,1.0,1.0,602.0,12.0,0.019933555,0.6619,0.1925,,False
False,0.0,0.8255,0.8285,0.8285,0.8285,2.0,4206173.0,1.0,1.0,602.0,12.0,0.019933555,0.6647,0.167,,False
False,0.0,0.0892,0.0938,0.0938,0.0938,3.0,52254497.0,1.0,1.0,602.0,3.0,0.004983389,0.7465,0.7207,,True
False,0.0,,1.0,1.0,1.0,0.0,0.0,1.0,1.0,71.0,71.0,1.0,0.6911,0.0002,2.0,True
False,0.0,,0.0139,0.2623,0.1311,1.0,29780186.0,2.0,2.0,71.0,1.0,0.014084507,0.5122,0.0612,2.0,False
False,0.0,,,0.2602,0.1301,2.0,29955483.0,2.0,3.0,71.0,1.0,0.014084507,0.6244,0.7563,,False
False,0.0,0.0912,0.4076,0.4076,0.4076,3.0,51392940.0,1.0,3.0,67.0,29.0,0.43283582,0.698,0.6956,2.0,False
False,0.0,,1.0,1.0,1.0,0.0,0.0,1.0,1.0,164.0,164.0,1.0,0.6911,0.0002,5.0,True
False,0.0,0.5438,0.5575,0.5575,0.5575,1.0,13133022.0,1.0,1.0,164.0,8.0,0.048780486,0.6685,0.1625,5.0,True
False,0.0,,0.006,0.2628,0.1314,2.0,29780186.0,2.0,2.0,164.0,1.0,0.0060975607,0.5122,0.0612,5.0,False
False,0.0,,,0.2607,0.1303,3.0,29955483.0,2.0,3.0,164.0,1.0,0.0060975607,0.6244,0.7563,,False
False,0.0,0.0943,0.2414,0.2414,0.2414,4.0,51392940.0,1.0,3.0,158.0,33.0,0.20886075,0.698,0.6956,5.0,False
False,0.0,,1.0,1.0,1.0,0.0,0.0,1.0,1.0,144.0,144.0,1.0,0.6911,0.0002,2.0,True
False,0.0,0.5438,0.5438,0.5438,0.5438,1.0,13133022.0,1.0,1.0,143.0,1.0,0.006993007,0.6685,0.1625,2.0,True
True,1.0,0.0959,0.1145,0.1145,0.1145,2.0,50612147.0,1.0,1.0,144.0,2.0,0.013888889,0.5905,0.6444,2.0,True
False,1.0,0.114,0.1626,0.1626,0.1626,3.0,50699629.0,1.0,1.0,145.0,7.0,0.048275862,0.5935,0.6782,2.0,True
False,1.0,,0.0203,0.1617,0.0809,4.0,50805115.0,2.0,2.0,145.0,3.0,0.020689655,0.6189,0.6958,2.0,False
True,2.0,0.1392,0.1392,0.1591,0.0796,5.0,51199743.0,2.0,2.0,145.0,3.0,0.020689655,0.6402,0.7117,,False
False,2.0,0.1379,0.1382,0.1581,0.0791,6.0,51392940.0,2.0,2.0,144.0,1.0,0.0069444445,0.698,0.6956,2.0,False
False,0.0,,1.0,1.0,1.0,0.0,0.0,1.0,1.0,444.0,444.0,1.0,0.6911,0.0002,10.0,True
False,0.0,0.1125,0.1461,0.1461,0.1461,1.0,47163297.0,1.0,1.0,448.0,16.0,0.035714287,0.5733,0.5036,10.0,True
False,0.0,0.1241,0.148,0.148,0.148,2.0,50699629.0,1.0,1.0,449.0,11.0,0.024498885,0.5935,0.6782,10.0,True
False,0.0,,0.0066,0.1469,0.0735,3.0,50805115.0,2.0,2.0,449.0,3.0,0.0066815144,0.6189,0.6958,10.0,False
True,1.0,0.138,0.138,0.1446,0.0723,4.0,51199743.0,2.0,2.0,449.0,3.0,0.0066815144,0.6402,0.7117,,False
False,1.0,0.1369,0.139,0.1455,0.0727,5.0,51392940.0,2.0,2.0,448.0,2.0,0.004464286,0.698,0.6956,10.0,False
False,0.0,,1.0,1.0,1.0,0.0,0.0,1.0,1.0,153.0,153.0,1.0,0.6911,0.0002,7.0,True
False,0.0,0.0925,0.1681,0.1681,0.1681,1.0,51392940.0,1.0,1.0,154.0,12.0,0.077922076,0.698,0.6956,7.0,False
False,0.0,,1.0,1.0,1.0,0.0,0.0,1.0,1.0,391.0,391.0,1.0,0.6911,0.0002,15.0,True
False,0.0,,0.0026,0.2538,0.1269,1.0,29780186.0,2.0,2.0,391.0,1.0,0.0025575447,0.5122,0.0612,15.0,False
False,0.0,,,0.2518,0.1259,2.0,29955483.0,2.0,3.0,391.0,1.0,0.0025575447,0.6244,0.7563,,False
False,0.0,0.0952,0.1044,0.1054,0.0527,3.0,50699629.0,2.0,3.0,392.0,3.0,0.0076530613,0.5935,0.6782,15.0,True
False,0.0,,0.0076,0.1046,0.0349,4.0,50805115.0,3.0,4.0,392.0,3.0,0.0076530613,0.6189,0.6958,15.0,False
True,1.0,0.0945,0.0945,0.103,0.0343,5.0,51199743.0,3.0,4.0,392.0,3.0,0.0076530613,0.6402,0.7117,,False
False,1.0,0.0938,0.0925,0.0925,0.0925,6.0,51392940.0,1.0,4.0,0.0,392.0,inf,0.698,0.6956,,False
False,0.0,,1.0,1.0,1.0,0.0,0.0,1.0,1.0,1.0,1.0,1.0,0.6911,0.0002,,True
False,0.0,0.9802,0.9802,0.9802,0.9802,1.0,465556.0,1.0,1.0,0.0,1.0,inf,0.6598,0.1849,,True
False,0.0,,1.0,1.0,1.0,0.0,0.0,1.0,1.0,204.0,204.0,1.0,0.6911,0.0002,4.0,True
False,0.0,0.5438,0.5438,0.5438,0.5438,1.0,13133022.0,1.0,1.0,202.0,2.0,0.00990099,0.6685,0.1625,4.0,True
False,0.0,0.0925,0.1327,0.1327,0.1327,2.0,51392940.0,1.0,1.0,202.0,9.0,0.044554457,0.698,0.6956,4.0,False
False,0.0,,1.0,1.0,1.0,0.0,0.0,1.0,1.0,1107.0,1107.0,1.0,0.6911,0.0002,26.0,True
False,0.0,0.5438,0.5471,0.5471,0.5471,1.0,13133022.0,1.0,1.0,1078.0,41.0,0.038033396,0.6685,0.1625,26.0,True
True,1.0,0.1,0.1008,0.1008,0.1008,2.0,49833434.0,1.0,1.0,1078.0,1.0,0.0009276438,0.5518,0.5998,26.0,True
False,1.0,0.0938,0.1014,0.1014,0.1014,3.0,51392940.0,1.0,1.0,1078.0,9.0,0.008348794,0.698,0.6956,26.0,False
False,0.0,,1.0,1.0,1.0,0.0,0.0,1.0,1.0,1412.0,1412.0,1.0,0.6911,0.0002,57.0,True
False,0.0,,0.0007,0.2524,0.1262,1.0,29780186.0,2.0,2.0,1412.0,1.0,0.0007082153,0.5122,0.0612,57.0,False
False,0.0,,,0.2504,0.1252,2.0,29955483.0,2.0,3.0,1412.0,1.0,0.0007082153,0.6244,0.7563,,False
False,0.0,0.0954,0.098,0.0982,0.0491,3.0,50699629.0,2.0,3.0,1413.0,3.0,0.0021231424,0.5935,0.6782,57.0,True
False,0.0,,0.0021,0.0975,0.0325,4.0,50805115.0,3.0,4.0,1413.0,3.0,0.0021231424,0.6189,0.6958,57.0,False
True,1.0,0.0936,0.0936,0.0959,0.032,5.0,51199743.0,3.0,4.0,1413.0,3.0,0.0021231424,0.6402,0.7117,,False
False,1.0,0.0928,0.1527,0.1548,0.0774,6.0,51392940.0,2.0,4.0,1394.0,111.0,0.07962697,0.698,0.6956,57.0,False
False,0.0,,1.0,1.0,1.0,0.0,0.0,1.0,1.0,114.0,114.0,1.0,0.6911,0.0002,6.0,True
False,0.0,0.8217,0.8363,0.8363,0.8363,1.0,4240120.0,1.0,1.0,118.0,7.0,0.059322033,0.6647,0.1668,6.0,False
False,0.0,0.8363,0.8352,0.8352,0.8352,2.0,4306466.0,1.0,1.0,115.0,3.0,0.026086956,0.6647,0.166,6.0,False
False,0.0,0.5529,0.5607,0.5607,0.5607,3.0,13133022.0,1.0,1.0,114.0,3.0,0.02631579,0.6685,0.1625,6.0,True
False,0.0,,0.0085,0.266,0.133,4.0,29780186.0,2.0,2.0,114.0,1.0,0.00877193,0.5122,0.0612,6.0,False
False,0.0,,,0.2639,0.1319,5.0,29955483.0,2.0,3.0,114.0,1.0,0.00877193,0.6244,0.7563,,False
False,0.0,0.0945,0.4643,0.4643,0.4643,6.0,51392940.0,1.0,3.0,110.0,57.0,0.5181818,0.698,0.6956,6.0,False
False,0.0,,1.0,1.0,1.0,0.0,0.0,1.0,1.0,87.0,87.0,1.0,0.6911,0.0002,1.0,True
False,0.0,0.5438,0.5848,0.5848,0.5848,1.0,13133022.0,1.0,1.0,87.0,14.0,0.16091955,0.6685,0.1625,1.0,True
False,0.0,0.1027,0.1423,0.1423,0.1423,2.0,50699629.0,1.0,1.0,88.0,3.0,0.03409091,0.5935,0.6782,1.0,True
False,0.0,,0.033,0.1415,0.0707,3.0,50805115.0,2.0,2.0,88.0,3.0,0.03409091,0.6189,0.6958,1.0,False
True,1.0,0.1068,0.1068,0.1392,0.0696,4.0,51199743.0,2.0,2.0,88.0,3.0,0.03409091,0.6402,0.7117,,False
False,1.0,0.1059,0.367,0.3972,0.1986,5.0,51392940.0,2.0,2.0,92.0,32.0,0.3478261,0.698,0.6956,1.0,False
False,0.0,,1.0,1.0,1.0,0.0,0.0,1.0,1.0,107.0,107.0,1.0,0.6911,0.0002,1.0,True
False,0.0,0.5438,0.5647,0.5647,0.5647,1.0,13133022.0,1.0,1.0,107.0,8.0,0.07476635,0.6685,0.1625,1.0,True
False,0.0,0.0992,0.1317,0.1317,0.1317,2.0,50699629.0,1.0,1.0,108.0,3.0,0.027777778,0.5935,0.6782,1.0,True
False,0.0,,0.027,0.1309,0.0654,3.0,50805115.0,2.0,2.0,108.0,3.0,0.027777778,0.6189,0.6958,1.0,False
True,1.0,0.1022,0.1022,0.1288,0.0644,4.0,51199743.0,2.0,2.0,108.0,3.0,0.027777778,0.6402,0.7117,,False
False,1.0,0.1014,0.4116,0.4373,0.2186,5.0,51392940.0,2.0,2.0,109.0,57.0,0.5229358,0.698,0.6956,1.0,False
False,0.0,,1.0,1.0,1.0,0.0,0.0,1.0,1.0,89.0,89.0,1.0,0.6911,0.0002,1.0,True
False,0.0,0.5438,0.5839,0.5839,0.5839,1.0,13133022.0,1.0,1.0,89.0,14.0,0.15730338,0.6685,0.1625,1.0,True
False,0.0,0.1025,0.1413,0.1413,0.1413,2.0,50699629.0,1.0,1.0,90.0,3.0,0.033333335,0.5935,0.6782,1.0,True
False,0.0,,0.0323,0.1405,0.0702,3.0,50805115.0,2.0,2.0,90.0,3.0,0.033333335,0.6189,0.6958,1.0,False
True,1.0,0.1065,0.1065,0.1382,0.0691,4.0,51199743.0,2.0,2.0,90.0,3.0,0.033333335,0.6402,0.7117,,False
False,1.0,0.1056,0.3604,0.3909,0.1955,5.0,51392940.0,2.0,2.0,91.0,33.0,0.36263737,0.698,0.6956,1.0,False
False,0.0,,1.0,1.0,1.0,0.0,0.0,1.0,1.0,117.0,117.0,1.0,0.6911,0.0002,2.0,True
False,0.0,0.5438,0.5592,0.5592,0.5592,1.0,13133022.0,1.0,1.0,116.0,5.0,0.04310345,0.6685,0.1625,2.0,True
False,0.0,0.0982,0.1283,0.1283,0.1283,2.0,50699629.0,1.0,1.0,117.0,3.0,0.025641026,0.5935,0.6782,2.0,True
False,0.0,,0.025,0.1275,0.0638,3.0,50805115.0,2.0,2.0,117.0,3.0,0.025641026,0.6189,0.6958,2.0,False
True,1.0,0.1009,0.1009,0.1255,0.0627,4.0,51199743.0,2.0,2.0,117.0,3.0,0.025641026,0.6402,0.7117,,False
False,1.0,0.1001,0.3581,0.3819,0.191,5.0,51392940.0,2.0,2.0,118.0,49.0,0.41525424,0.698,0.6956,2.0,False
False,0.0,,1.0,1.0,1.0,0.0,0.0,1.0,1.0,117.0,117.0,1.0,0.6911,0.0002,2.0,True
False,0.0,0.5438,0.5592,0.5592,0.5592,1.0,13133022.0,1.0,1.0,116.0,5.0,0.04310345,0.6685,0.1625,2.0,True
False,0.0,0.0982,0.1283,0.1283,0.1283,2.0,50699629.0,1.0,1.0,117.0,3.0,0.025641026,0.5935,0.6782,2.0,True
False,0.0,,0.025,0.1275,0.0638,3.0,50805115.0,2.0,2.0,117.0,3.0,0.025641026,0.6189,0.6958,2.0,False
True,1.0,0.1009,0.1009,0.1255,0.0627,4.0,51199743.0,2.0,2.0,117.0,3.0,0.025641026,0.6402,0.7117,,False
False,1.0,0.1001,0.3581,0.3819,0.191,5.0,51392940.0,2.0,2.0,118.0,49.0,0.41525424,0.698,0.6956,2.0,False
False,0.0,,1.0,1.0,1.0,0.0,0.0,1.0,1.0,26.0,26.0,1.0,0.6911,0.0002,1.0,True
False,0.0,,0.037,0.2796,0.1398,1.0,29780186.0,2.0,2.0,26.0,1.0,0.03846154,0.5122,0.0612,1.0,False
False,0.0,,,0.2774,0.1387,2.0,29955483.0,2.0,3.0,26.0,1.0,0.03846154,0.6244,0.7563,,False
False,0.0,0.0891,0.6629,0.6629,0.6629,3.0,51392940.0,1.0,3.0,33.0,27.0,0.8181818,0.698,0.6956,2.0,False
False,0.0,,1.0,1.0,1.0,0.0,0.0,1.0,1.0,84.0,84.0,1.0,0.6911,0.0002,,True
False,0.0,0.9802,0.9802,0.9802,0.9802,1.0,465556.0,1.0,1.0,0.0,84.0,inf,0.6598,0.1849,,True
False,0.0,,1.0,1.0,1.0,0.0,0.0,1.0,1.0,76.0,76.0,1.0,0.6911,0.0002,,True
False,0.0,0.9802,0.9802,0.9802,0.9802,1.0,465556.0,1.0,1.0,0.0,76.0,inf,0.6598,0.1849,,True
False,0.0,,1.0,1.0,1.0,0.0,0.0,1.0,1.0,370.0,370.0,1.0,0.6911,0.0002,,True
False,0.0,0.9802,0.9802,0.9802,0.9802,1.0,465556.0,1.0,1.0,0.0,370.0,inf,0.6598,0.1849,,True
False,0.0,,1.0,1.0,1.0,0.0,0.0,1.0,1.0,81.0,81.0,1.0,0.6911,0.0002,,True
False,0.0,0.9802,0.9802,0.9802,0.9802,1.0,465556.0,1.0,1.0,0.0,81.0,inf,0.6598,0.1849,,True
False,0.0,,1.0,1.0,1.0,0.0,0.0,1.0,1.0,192.0,192.0,1.0,0.6911,0.0002,,True
False,0.0,0.9802,0.9802,0.9802,0.9802,1.0,465556.0,1.0,1.0,0.0,192.0,inf,0.6598,0.1849,,True
False,0.0,,1.0,1.0,1.0,0.0,0.0,1.0,1.0,79.0,79.0,1.0,0.6911,0.0002,,True
False,0.0,0.9802,0.9802,0.9802,0.9802,1.0,465556.0,1.0,1.0,0.0,79.0,inf,0.6598,0.1849,,True
False,0.0,,1.0,1.0,1.0,0.0,0.0,1.0,1.0,160.0,160.0,1.0,0.6911,0.0002,,True
False,0.0,0.9802,0.9802,0.9802,0.9802,1.0,465556.0,1.0,1.0,0.0,160.0,inf,0.6598,0.1849,,True
False,0.0,,1.0,1.0,1.0,0.0,0.0,1.0,1.0,79.0,79.0,1.0,0.6911,0.0002,,True
False,0.0,0.9802,0.9802,0.9802,0.9802,1.0,465556.0,1.0,1.0,0.0,79.0,inf,0.6598,0.1849,,True
False,0.0,,1.0,1.0,1.0,0.0,0.0,1.0,1.0,118.0,118.0,1.0,0.6911,0.0002,1.0,True
False,0.0,0.5438,0.5706,0.5706,0.5706,1.0,13133022.0,1.0,1.0,117.0,13.0,0.11111111,0.6685,0.1625,1.0,True
False,0.0,0.1002,0.152,0.152,0.152,2.0,50699629.0,1.0,1.0,118.0,7.0,0.059322033,0.5935,0.6782,1.0,True
False,0.0,,0.0246,0.1511,0.0756,3.0,50805115.0,2.0,2.0,118.0,3.0,0.025423728,0.6189,0.6958,1.0,False
True,1.0,0.1245,0.1245,0.1487,0.0743,4.0,51199743.0,2.0,2.0,118.0,3.0,0.025423728,0.6402,0.7117,,False
False,1.0,0.124,0.1243,0.149,0.0745,5.0,51302329.0,2.0,2.0,115.0,4.0,0.034782607,0.6909,0.6911,1.0,False
False,0.0,,1.0,1.0,1.0,0.0,0.0,1.0,1.0,97.0,97.0,1.0,0.6911,0.0002,5.0,True
False,0.0,0.5438,0.5576,0.5576,0.5576,1.0,13133022.0,1.0,1.0,97.0,4.0,0.041237112,0.6685,0.1625,5.0,True
False,0.0,0.0979,0.2869,0.2869,0.2869,2.0,50699629.0,1.0,1.0,110.0,18.0,0.16363636,0.5935,0.6782,5.0,True
False,0.0,0.2797,0.3308,0.3308,0.3308,3.0,51302329.0,1.0,1.0,75.0,48.0,0.64,0.6909,0.6911,3.0,False
False,0.0,,1.0,1.0,1.0,0.0,0.0,1.0,1.0,257.0,257.0,1.0,0.6911,0.0002,2.0,True
False,0.0,0.5438,0.56,0.56,0.56,1.0,13133022.0,1.0,1.0,251.0,22.0,0.087649405,0.6685,0.1625,2.0,True
False,0.0,0.0983,0.2584,0.2584,0.2584,2.0,50699629.0,1.0,1.0,277.0,53.0,0.19133574,0.5935,0.6782,7.0,True
False,0.0,,0.0106,0.2571,0.1286,3.0,50805115.0,2.0,2.0,277.0,3.0,0.010830325,0.6189,0.6958,7.0,False
True,1.0,0.2426,0.2426,0.253,0.1265,4.0,51199743.0,2.0,2.0,277.0,3.0,0.010830325,0.6402,0.7117,,False
False,1.0,0.2416,0.2716,0.2822,0.1411,5.0,51302329.0,2.0,2.0,270.0,28.0,0.1037037,0.6909,0.6911,5.0,False
False,0.0,,1.0,1.0,1.0,0.0,0.0,1.0,1.0,137.0,137.0,1.0,0.6911,0.0002,2.0,True
False,0.0,0.5438,0.5603,0.5603,0.5603,1.0,13133022.0,1.0,1.0,136.0,9.0,0.066176474,0.6685,0.1625,2.0,True
False,0.0,0.0984,0.1602,0.1602,0.1602,2.0,50699629.0,1.0,1.0,143.0,10.0,0.06993007,0.5935,0.6782,3.0,True
False,0.0,0.156,0.1897,0.1897,0.1897,3.0,51302329.0,1.0,1.0,140.0,16.0,0.114285715,0.6909,0.6911,2.0,False
False,0.0,,1.0,1.0,1.0,0.0,0.0,1.0,1.0,154.0,154.0,1.0,0.6911,0.0002,5.0,True
False,0.0,0.5438,0.577,0.577,0.577,1.0,13133022.0,1.0,1.0,149.0,25.0,0.16778524,0.6685,0.1625,5.0,True
False,0.0,0.0985,0.1335,0.1335,0.1335,2.0,51302329.0,1.0,1.0,151.0,4.0,0.026490066,0.6909,0.6911,5.0,False
False,0.0,,1.0,1.0,1.0,0.0,0.0,1.0,1.0,365.0,365.0,1.0,0.6911,0.0002,,True
False,0.0,0.9802,0.9802,0.9802,0.9802,1.0,465556.0,1.0,1.0,0.0,365.0,inf,0.6598,0.1849,,True
False,0.0,,1.0,1.0,1.0,0.0,0.0,1.0,1.0,76.0,76.0,1.0,0.6911,0.0002,2.0,True
False,0.0,0.5438,0.5618,0.5618,0.5618,1.0,13133022.0,1.0,1.0,75.0,4.0,0.053333335,0.6685,0.1625,2.0,True
False,0.0,0.0959,0.4956,0.4956,0.4956,2.0,51302329.0,1.0,1.0,96.0,43.0,0.44791666,0.6909,0.6911,3.0,False
False,0.0,,1.0,1.0,1.0,0.0,0.0,1.0,1.0,1.0,1.0,1.0,0.6911,0.0002,,True
False,0.0,0.9802,0.9802,0.9802,0.9802,1.0,465556.0,1.0,1.0,0.0,1.0,inf,0.6598,0.1849,,True
False,0.0,,1.0,1.0,1.0,0.0,0.0,1.0,1.0,121.0,121.0,1.0,0.6911,0.0002,10.0,True
False,0.0,0.5438,0.5586,0.5586,0.5586,1.0,13133022.0,1.0,1.0,121.0,6.0,0.049586777,0.6685,0.1625,10.0,True
False,0.0,0.0954,0.4554,0.4554,0.4554,2.0,51302329.0,1.0,1.0,176.0,71.0,0.4034091,0.6909,0.6911,14.0,False
False,0.0,,1.0,1.0,1.0,0.0,0.0,1.0,1.0,84.0,84.0,1.0,0.6911,0.0002,3.0,True
False,0.0,0.5438,0.5987,0.5987,0.5987,1.0,13133022.0,1.0,1.0,81.0,21.0,0.25925925,0.6685,0.1625,3.0,True
False,0.0,0.1239,0.1967,0.1967,0.1967,2.0,47163297.0,1.0,1.0,82.0,6.0,0.07317073,0.5733,0.5036,3.0,True
False,0.0,0.1626,0.1657,0.1657,0.1657,3.0,51302329.0,1.0,1.0,80.0,7.0,0.0875,0.6909,0.6911,3.0,False
False,0.0,,1.0,1.0,1.0,0.0,0.0,1.0,1.0,106.0,106.0,1.0,0.6911,0.0002,4.0,True
False,0.0,0.5438,0.5916,0.5916,0.5916,1.0,13133022.0,1.0,1.0,103.0,23.0,0.22330096,0.6685,0.1625,4.0,True
False,0.0,0.1224,0.2135,0.2135,0.2135,2.0,47163297.0,1.0,1.0,104.0,10.0,0.09615385,0.5733,0.5036,4.0,True
False,0.0,0.1765,0.1845,0.1845,0.1845,3.0,51302329.0,1.0,1.0,104.0,5.0,0.048076924,0.6909,0.6911,4.0,False
False,0.0,,1.0,1.0,1.0,0.0,0.0,1.0,1.0,74.0,74.0,1.0,0.6911,0.0002,4.0,True
False,0.0,0.5438,0.5931,0.5931,0.5931,1.0,13133022.0,1.0,1.0,72.0,16.0,0.22222222,0.6685,0.1625,4.0,True
False,0.0,0.1042,0.1965,0.1965,0.1965,2.0,50699629.0,1.0,1.0,74.0,7.0,0.0945946,0.5935,0.6782,4.0,True
False,0.0,0.1914,0.1703,0.1703,0.1703,3.0,51302329.0,1.0,1.0,60.0,17.0,0.28333333,0.6909,0.6911,2.0,False
False,0.0,,1.0,1.0,1.0,0.0,0.0,1.0,1.0,107.0,107.0,1.0,0.6911,0.0002,,True
False,0.0,0.9802,0.9802,0.9802,0.9802,1.0,465556.0,1.0,1.0,0.0,107.0,inf,0.6598,0.1849,,True
False,0.0,,1.0,1.0,1.0,0.0,0.0,1.0,1.0,68.0,68.0,1.0,0.6911,0.0002,,True
False,0.0,0.9802,0.9802,0.9802,0.9802,1.0,465556.0,1.0,1.0,0.0,68.0,inf,0.6598,0.1849,,True
False,0.0,,1.0,1.0,1.0,0.0,0.0,1.0,1.0,87.0,87.0,1.0,0.6911,0.0002,,True
False,0.0,0.9802,0.9802,0.9802,0.9802,1.0,465556.0,1.0,1.0,0.0,87.0,inf,0.6598,0.1849,,True
False,0.0,,1.0,1.0,1.0,0.0,0.0,1.0,1.0,9.0,9.0,1.0,0.6911,0.0002,,True
False,0.0,0.9802,0.9802,0.9802,0.9802,1.0,465556.0,1.0,1.0,0.0,9.0,inf,0.6598,0.1849,,True
False,0.0,,1.0,1.0,1.0,0.0,0.0,1.0,1.0,64.0,64.0,1.0,0.6911,0.0002,2.0,True
False,0.0,0.5438,0.6017,0.6017,0.6017,1.0,13133022.0,1.0,1.0,61.0,17.0,0.27868852,0.6685,0.1625,2.0,True
False,0.0,0.1245,0.2319,0.2319,0.2319,2.0,47163297.0,1.0,1.0,62.0,7.0,0.11290322,0.5733,0.5036,2.0,True
False,0.0,0.1918,0.4109,0.4109,0.4109,3.0,51302329.0,1.0,1.0,62.0,24.0,0.38709676,0.6909,0.6911,1.0,False
False,0.0,,1.0,1.0,1.0,0.0,0.0,1.0,1.0,64.0,64.0,1.0,0.6911,0.0002,2.0,True
False,0.0,0.5438,0.5945,0.5945,0.5945,1.0,13133022.0,1.0,1.0,61.0,15.0,0.24590164,0.6685,0.1625,2.0,True
False,0.0,0.123,0.2305,0.2305,0.2305,2.0,47163297.0,1.0,1.0,62.0,7.0,0.11290322,0.5733,0.5036,2.0,True
False,0.0,0.1906,0.4235,0.4235,0.4235,3.0,51302329.0,1.0,1.0,59.0,27.0,0.45762712,0.6909,0.6911,1.0,False
False,0.0,,1.0,1.0,1.0,0.0,0.0,1.0,1.0,79.0,79.0,1.0,0.6911,0.0002,4.0,True
False,0.0,0.5438,0.5842,0.5842,0.5842,1.0,13133022.0,1.0,1.0,77.0,14.0,0.18181819,0.6685,0.1625,4.0,True
False,0.0,0.1026,0.1979,0.1979,0.1979,2.0,50699629.0,1.0,1.0,81.0,8.0,0.09876543,0.5935,0.6782,4.0,True
False,0.0,0.1928,0.1934,0.1934,0.1934,3.0,51302329.0,1.0,1.0,80.0,3.0,0.0375,0.6909,0.6911,4.0,False
False,0.0,,1.0,1.0,1.0,0.0,0.0,1.0,1.0,62.0,62.0,1.0,0.6911,0.0002,2.0,True
False,0.0,0.5438,0.6026,0.6026,0.6026,1.0,13133022.0,1.0,1.0,60.0,16.0,0.26666668,0.6685,0.1625,2.0,True
False,0.0,0.1247,0.1788,0.1788,0.1788,2.0,47163297.0,1.0,1.0,62.0,3.0,0.048387095,0.5733,0.5036,2.0,True
False,0.0,0.1477,0.3919,0.3919,0.3919,3.0,51302329.0,1.0,1.0,76.0,22.0,0.28947368,0.6909,0.6911,2.0,False
False,0.0,,1.0,1.0,1.0,0.0,0.0,1.0,1.0,149.0,149.0,1.0,0.6911,0.0002,4.0,True
False,0.0,0.0929,0.1459,0.1459,0.1459,1.0,51282918.0,1.0,1.0,151.0,8.0,0.052980132,0.6875,0.6913,4.0,False
False,0.0,,1.0,1.0,1.0,0.0,0.0,1.0,1.0,86.0,86.0,1.0,0.6911,0.0002,4.0,True
False,0.0,0.5438,0.5593,0.5593,0.5593,1.0,13133022.0,1.0,1.0,86.0,4.0,0.046511628,0.6685,0.1625,4.0,True
False,0.0,0.0982,0.1283,0.1283,0.1283,2.0,50699629.0,1.0,1.0,87.0,2.0,0.022988506,0.5935,0.6782,4.0,True
False,0.0,,0.0549,0.157,0.0785,3.0,50805115.0,2.0,2.0,87.0,5.0,0.057471264,0.6189,0.6958,4.0,False
True,1.0,0.1004,0.1517,0.1837,0.0919,4.0,51199743.0,2.0,2.0,87.0,5.0,0.057471264,0.6402,0.7117,,False
False,1.0,0.1513,0.2394,0.2605,0.1303,5.0,51282918.0,2.0,2.0,87.0,9.0,0.10344828,0.6875,0.6913,4.0,False
False,0.0,,1.0,1.0,1.0,0.0,0.0,1.0,1.0,9.0,9.0,1.0,0.6911,0.0002,,True
False,0.0,0.9802,0.9802,0.9802,0.9802,1.0,465556.0,1.0,1.0,0.0,9.0,inf,0.6598,0.1849,,True
False,0.0,,1.0,1.0,1.0,0.0,0.0,1.0,1.0,190.0,190.0,1.0,0.6911,0.0002,11.0,True
False,0.0,0.8217,0.8299,0.8299,0.8299,1.0,4306466.0,1.0,1.0,193.0,7.0,0.03626943,0.6647,0.166,11.0,False
False,0.0,0.5493,0.5678,0.5678,0.5678,2.0,13133022.0,1.0,1.0,193.0,14.0,0.07253886,0.6685,0.1625,11.0,True
False,0.0,0.0997,0.1269,0.1269,0.1269,3.0,50699629.0,1.0,1.0,194.0,5.0,0.025773196,0.5935,0.6782,11.0,True
False,0.0,,0.0151,0.1261,0.0631,4.0,50805115.0,2.0,2.0,194.0,3.0,0.0154639175,0.6189,0.6958,11.0,False
True,1.0,0.1093,0.1093,0.1241,0.0621,5.0,51199743.0,2.0,2.0,194.0,3.0,0.0154639175,0.6402,0.7117,,False
False,0.0,,1.0,1.0,1.0,0.0,0.0,1.0,1.0,7.0,7.0,1.0,0.6911,0.0002,,True
False,0.0,0.9802,0.9802,0.9802,0.9802,1.0,465556.0,1.0,1.0,0.0,7.0,inf,0.6598,0.1849,,True
False,0.0,,1.0,1.0,1.0,0.0,0.0,1.0,1.0,134.0,134.0,1.0,0.6911,0.0002,2.0,True
False,0.0,0.5438,0.5945,0.5945,0.5945,1.0,13133022.0,1.0,1.0,133.0,29.0,0.21804512,0.6685,0.1625,2.0,True
False,0.0,,0.5316,0.6307,0.3154,2.0,35674991.0,2.0,2.0,178.0,118.0,0.66292137,0.6384,0.3034,4.0,True
False,0.0,,0.4122,0.7868,0.2623,3.0,36004097.0,3.0,3.0,223.0,118.0,0.529148,0.5815,0.3819,,False
False,0.0,0.0263,0.0787,0.4249,0.1416,4.0,50699629.0,3.0,3.0,224.0,12.0,0.05357143,0.5935,0.6782,4.0,True
False,0.0,,0.0121,0.4226,0.1056,5.0,50805115.0,4.0,4.0,224.0,3.0,0.013392857,0.6189,0.6958,4.0,False
True,1.0,0.0651,0.0651,0.4158,0.104,6.0,51199743.0,4.0,4.0,224.0,3.0,0.013392857,0.6402,0.7117,,False
False,0.0,,1.0,1.0,1.0,0.0,0.0,1.0,1.0,5.0,5.0,1.0,0.6911,0.0002,,True
False,0.0,0.9802,0.9802,0.9802,0.9802,1.0,465556.0,1.0,1.0,0.0,5.0,inf,0.6598,0.1849,,True
False,0.0,,1.0,1.0,1.0,0.0,0.0,1.0,1.0,66.0,66.0,1.0,0.6911,0.0002,2.0,True
False,0.0,0.5438,0.584,0.584,0.584,1.0,13133022.0,1.0,1.0,65.0,7.0,0.10769231,0.6685,0.1625,2.0,True
False,0.0,0.1026,0.1529,0.1529,0.1529,2.0,50699629.0,1.0,1.0,66.0,3.0,0.045454547,0.5935,0.6782,2.0,True
False,0.0,,0.0429,0.1521,0.076,3.0,50805115.0,2.0,2.0,66.0,3.0,0.045454547,0.6189,0.6958,2.0,False
True,1.0,0.1075,0.1075,0.1497,0.0748,4.0,51199743.0,2.0,2.0,66.0,3.0,0.045454547,0.6402,0.7117,,False
False,0.0,,1.0,1.0,1.0,0.0,0.0,1.0,1.0,65.0,65.0,1.0,0.6911,0.0002,2.0,True
False,0.0,0.5438,0.5783,0.5783,0.5783,1.0,13133022.0,1.0,1.0,64.0,7.0,0.109375,0.6685,0.1625,2.0,True
False,0.0,0.1016,0.1534,0.1534,0.1534,2.0,50699629.0,1.0,1.0,65.0,3.0,0.046153847,0.5935,0.6782,2.0,True
False,0.0,,0.0441,0.1526,0.0763,3.0,50805115.0,2.0,2.0,65.0,3.0,0.046153847,0.6189,0.6958,2.0,False
True,1.0,0.1068,0.1068,0.1502,0.0751,4.0,51199743.0,2.0,2.0,65.0,3.0,0.046153847,0.6402,0.7117,,False
False,0.0,,1.0,1.0,1.0,0.0,0.0,1.0,1.0,36.0,36.0,1.0,0.6911,0.0002,,True
False,0.0,0.9802,0.9802,0.9802,0.9802,1.0,465556.0,1.0,1.0,0.0,36.0,inf,0.6598,0.1849,,True
False,0.0,,1.0,1.0,1.0,0.0,0.0,1.0,1.0,151.0,151.0,1.0,0.6911,0.0002,,True
False,0.0,0.9802,0.9802,0.9802,0.9802,1.0,465556.0,1.0,1.0,0.0,151.0,inf,0.6598,0.1849,,True
False,0.0,,1.0,1.0,1.0,0.0,0.0,1.0,1.0,1036.0,1036.0,1.0,0.6911,0.0002,,True
False,0.0,0.9802,0.9802,0.9802,0.9802,1.0,465556.0,1.0,1.0,0.0,1036.0,inf,0.6598,0.1849,,True
False,0.0,,1.0,1.0,1.0,0.0,0.0,1.0,1.0,4.0,4.0,1.0,0.6911,0.0002,,True
False,0.0,0.9802,0.9802,0.9802,0.9802,1.0,465556.0,1.0,1.0,0.0,4.0,inf,0.6598,0.1849,,True
False,0.0,,1.0,1.0,1.0,0.0,0.0,1.0,1.0,14.0,14.0,1.0,0.6911,0.0002,,True
False,0.0,0.9802,0.9802,0.9802,0.9802,1.0,465556.0,1.0,1.0,0.0,14.0,inf,0.6598,0.1849,,True
False,0.0,,1.0,1.0,1.0,0.0,0.0,1.0,1.0,270.0,270.0,1.0,0.6911,0.0002,7.0,True
False,0.0,0.5438,0.5572,0.5572,0.5572,1.0,13133022.0,1.0,1.0,269.0,12.0,0.044609666,0.6685,0.1625,7.0,True
False,0.0,0.1153,0.1596,0.1596,0.1596,2.0,47163297.0,1.0,1.0,267.0,16.0,0.059925094,0.5733,0.5036,7.0,True
False,0.0,0.1356,0.1518,0.1518,0.1518,3.0,50699629.0,1.0,1.0,268.0,4.0,0.014925373,0.5935,0.6782,7.0,True
False,0.0,,0.0358,0.1786,0.0893,4.0,50805115.0,2.0,2.0,272.0,11.0,0.040441178,0.6189,0.6958,7.0,False
True,1.0,0.1405,0.1716,0.2062,0.1031,5.0,51199743.0,2.0,2.0,276.0,11.0,0.039855074,0.6402,0.7117,,False
False,0.0,,1.0,1.0,1.0,0.0,0.0,1.0,1.0,209.0,209.0,1.0,0.6911,0.0002,6.0,True
False,0.0,0.1125,0.1168,0.1168,0.1168,1.0,47163297.0,1.0,1.0,209.0,1.0,0.004784689,0.5733,0.5036,6.0,True
False,0.0,0.0991,0.1247,0.1247,0.1247,2.0,50699629.0,1.0,1.0,210.0,5.0,0.023809524,0.5935,0.6782,6.0,True
False,0.0,,0.0142,0.1238,0.0619,3.0,50805115.0,2.0,2.0,210.0,3.0,0.014285714,0.6189,0.6958,6.0,False
True,1.0,0.1079,0.1079,0.1219,0.0609,4.0,51199743.0,2.0,2.0,210.0,3.0,0.014285714,0.6402,0.7117,,False
False,0.0,,1.0,1.0,1.0,0.0,0.0,1.0,1.0,1434.0,1434.0,1.0,0.6911,0.0002,21.0,True
False,0.0,0.5438,0.5471,0.5471,0.5471,1.0,13133022.0,1.0,1.0,1377.0,72.0,0.052287582,0.6685,0.1625,21.0,True
False,0.0,0.0961,0.0987,0.0987,0.0987,2.0,50699629.0,1.0,1.0,1378.0,3.0,0.0021770683,0.5935,0.6782,21.0,True
False,0.0,,0.0022,0.0979,0.049,3.0,50805115.0,2.0,2.0,1378.0,3.0,0.0021770683,0.6189,0.6958,21.0,False
True,1.0,0.0942,0.0942,0.0964,0.0482,4.0,51199743.0,2.0,2.0,1378.0,3.0,0.0021770683,0.6402,0.7117,,False
False,0.0,,1.0,1.0,1.0,0.0,0.0,1.0,1.0,153.0,153.0,1.0,0.6911,0.0002,2.0,True
False,0.0,0.5438,0.5526,0.5526,0.5526,1.0,13133022.0,1.0,1.0,153.0,4.0,0.026143791,0.6685,0.1625,2.0,True
False,0.0,0.097,0.1201,0.1201,0.1201,2.0,50699629.0,1.0,1.0,154.0,3.0,0.019480519,0.5935,0.6782,2.0,True
False,0.0,,0.0191,0.1193,0.0596,3.0,50805115.0,2.0,2.0,154.0,3.0,0.019480519,0.6189,0.6958,2.0,False
True,1.0,0.0986,0.0986,0.1174,0.0587,4.0,51199743.0,2.0,2.0,154.0,3.0,0.019480519,0.6402,0.7117,,False
False,0.0,,1.0,1.0,1.0,0.0,0.0,1.0,1.0,240.0,240.0,1.0,0.6911,0.0002,7.0,True
False,0.0,0.0955,0.1104,0.1104,0.1104,1.0,50699629.0,1.0,1.0,241.0,3.0,0.012448133,0.5935,0.6782,7.0,True
False,0.0,,0.0123,0.1096,0.0548,2.0,50805115.0,2.0,2.0,241.0,3.0,0.012448133,0.6189,0.6958,7.0,False
True,1.0,0.0957,0.0957,0.1079,0.0539,3.0,51199743.0,2.0,2.0,241.0,3.0,0.012448133,0.6402,0.7117,,False
False,0.0,,1.0,1.0,1.0,0.0,0.0,1.0,1.0,1656.0,1656.0,1.0,0.6911,0.0002,25.0,True
False,0.0,0.9569,0.9569,0.9569,0.9569,1.0,1016668.0,1.0,1.0,1655.0,1.0,0.00060422963,0.6621,0.184,25.0,False
False,0.0,0.0955,0.1042,0.1042,0.1042,2.0,50699629.0,1.0,1.0,1656.0,15.0,0.009057971,0.5935,0.6782,25.0,True
False,0.0,,0.0018,0.1034,0.0517,3.0,50805115.0,2.0,2.0,1656.0,3.0,0.0018115942,0.6189,0.6958,25.0,False
True,1.0,0.1,0.1,0.1018,0.0509,4.0,51199743.0,2.0,2.0,1656.0,3.0,0.0018115942,0.6402,0.7117,,False
False,0.0,,1.0,1.0,1.0,0.0,0.0,1.0,1.0,295.0,295.0,1.0,0.6911,0.0002,8.0,True
False,0.0,0.0955,0.1076,0.1076,0.1076,1.0,50699629.0,1.0,1.0,296.0,3.0,0.010135135,0.5935,0.6782,8.0,True
False,0.0,,0.0101,0.1069,0.0534,2.0,50805115.0,2.0,2.0,296.0,3.0,0.010135135,0.6189,0.6958,8.0,False
True,1.0,0.0953,0.0953,0.1052,0.0526,3.0,51199743.0,2.0,2.0,296.0,3.0,0.010135135,0.6402,0.7117,,False
False,0.0,,1.0,1.0,1.0,0.0,0.0,1.0,1.0,500.0,500.0,1.0,0.6911,0.0002,7.0,True
False,0.0,0.988,0.9882,0.9882,0.9882,1.0,325328.0,1.0,1.0,505.0,5.0,0.00990099,0.6915,0.0052,7.0,False
False,0.0,0.0955,0.1398,0.1398,0.1398,2.0,50699629.0,1.0,1.0,506.0,24.0,0.04743083,0.5935,0.6782,7.0,True
False,0.0,,0.0098,0.1373,0.0686,3.0,50805115.0,2.0,2.0,505.0,6.0,0.0118811885,0.6189,0.6958,7.0,False
True,1.0,0.1254,0.133,0.1389,0.0694,4.0,51199743.0,2.0,2.0,504.0,6.0,0.011904762,0.6402,0.7117,,False
False,0.0,,1.0,1.0,1.0,0.0,0.0,1.0,1.0,217.0,217.0,1.0,0.6911,0.0002,4.0,True
False,0.0,0.988,0.9882,0.9882,0.9882,1.0,325328.0,1.0,1.0,219.0,2.0,0.00913242,0.6915,0.0052,4.0,False
False,0.0,0.8219,0.8227,0.8227,0.8227,2.0,4240120.0,1.0,1.0,219.0,1.0,0.00456621,0.6647,0.1668,4.0,False
False,0.0,0.0956,0.1118,0.1118,0.1118,3.0,50699629.0,1.0,1.0,220.0,3.0,0.013636364,0.5935,0.6782,4.0,True
False,0.0,,0.0135,0.1111,0.0555,4.0,50805115.0,2.0,2.0,220.0,3.0,0.013636364,0.6189,0.6958,4.0,False
True,1.0,0.0961,0.0961,0.1093,0.0546,5.0,51199743.0,2.0,2.0,220.0,3.0,0.013636364,0.6402,0.7117,,False
False,0.0,,1.0,1.0,1.0,0.0,0.0,1.0,1.0,138.0,138.0,1.0,0.6911,0.0002,5.0,True
True,1.0,0.825,0.8287,0.8287,0.8287,1.0,4197406.0,1.0,1.0,139.0,2.0,0.01438849,0.6646,0.168,5.0,True
False,1.0,0.5463,0.5693,0.5693,0.5693,2.0,13133022.0,1.0,1.0,136.0,15.0,0.11029412,0.6685,0.1625,5.0,True
False,1.0,0.1,0.1571,0.1571,0.1571,3.0,50699629.0,1.0,1.0,137.0,8.0,0.05839416,0.5935,0.6782,5.0,True
False,1.0,,0.0213,0.1562,0.0781,4.0,50805115.0,2.0,2.0,137.0,3.0,0.02189781,0.6189,0.6958,5.0,False
True,2.0,0.1327,0.1327,0.1537,0.0768,5.0,51199743.0,2.0,2.0,137.0,3.0,0.02189781,0.6402,0.7117,,False
False,0.0,,1.0,1.0,1.0,0.0,0.0,1.0,1.0,27.0,27.0,1.0,0.6911,0.0002,,True
False,0.0,0.9802,0.9802,0.9802,0.9802,1.0,465556.0,1.0,1.0,0.0,27.0,inf,0.6598,0.1849,,True
False,0.0,,1.0,1.0,1.0,0.0,0.0,1.0,1.0,158.0,158.0,1.0,0.6911,0.0002,,True
False,0.0,0.9802,0.9802,0.9802,0.9802,1.0,465556.0,1.0,1.0,0.0,158.0,inf,0.6598,0.1849,,True
False,0.0,,1.0,1.0,1.0,0.0,0.0,1.0,1.0,4275.0,4275.0,1.0,0.6911,0.0002,,True
False,0.0,0.9802,0.9802,0.9802,0.9802,1.0,465556.0,1.0,1.0,0.0,4275.0,inf,0.6598,0.1849,,True
False,0.0,,1.0,1.0,1.0,0.0,0.0,1.0,1.0,2983.0,2983.0,1.0,0.6911,0.0002,,True
False,0.0,0.9802,0.9802,0.9802,0.9802,1.0,465556.0,1.0,1.0,0.0,2983.0,inf,0.6598,0.1849,,True
False,0.0,,1.0,1.0,1.0,0.0,0.0,1.0,1.0,23.0,23.0,1.0,0.6911,0.0002,,True
False,0.0,0.9802,0.9802,0.9802,0.9802,1.0,465556.0,1.0,1.0,0.0,23.0,inf,0.6598,0.1849,,True
False,0.0,,1.0,1.0,1.0,0.0,0.0,1.0,1.0,79.0,79.0,1.0,0.6911,0.0002,,True
False,0.0,0.9802,0.9802,0.9802,0.9802,1.0,465556.0,1.0,1.0,0.0,79.0,inf,0.6598,0.1849,,True
False,0.0,,1.0,1.0,1.0,0.0,0.0,1.0,1.0,119.0,119.0,1.0,0.6911,0.0002,2.0,True
False,0.0,0.0955,0.2001,0.2001,0.2001,1.0,50699629.0,1.0,1.0,119.0,14.0,0.11764706,0.5935,0.6782,2.0,True
False,0.0,,0.0248,0.1991,0.0996,2.0,50805115.0,2.0,2.0,119.0,3.0,0.025210084,0.6189,0.6958,2.0,False
True,1.0,0.1715,0.1715,0.1959,0.098,3.0,51199743.0,2.0,2.0,119.0,3.0,0.025210084,0.6402,0.7117,,False
False,0.0,,1.0,1.0,1.0,0.0,0.0,1.0,1.0,203.0,203.0,1.0,0.6911,0.0002,2.0,True
False,0.0,0.5438,0.5572,0.5572,0.5572,1.0,13133022.0,1.0,1.0,202.0,7.0,0.034653466,0.6685,0.1625,2.0,True
False,0.0,0.0978,0.137,0.137,0.137,2.0,50699629.0,1.0,1.0,203.0,8.0,0.039408866,0.5935,0.6782,2.0,True
False,0.0,,0.0146,0.1361,0.068,3.0,50805115.0,2.0,2.0,203.0,3.0,0.014778325,0.6189,0.6958,2.0,False
True,1.0,0.1196,0.1196,0.1339,0.067,4.0,51199743.0,2.0,2.0,203.0,3.0,0.014778325,0.6402,0.7117,,False
False,0.0,,1.0,1.0,1.0,0.0,0.0,1.0,1.0,248.0,248.0,1.0,0.6911,0.0002,4.0,True
False,0.0,0.8217,0.8255,0.8255,0.8255,1.0,4240120.0,1.0,1.0,234.0,19.0,0.081196584,0.6647,0.1668,4.0,False
False,0.0,0.5463,0.587,0.587,0.587,2.0,13133022.0,1.0,1.0,221.0,44.0,0.19909503,0.6685,0.1625,4.0,True
False,0.0,0.1031,0.1383,0.1383,0.1383,3.0,50699629.0,1.0,1.0,222.0,8.0,0.036036037,0.5935,0.6782,4.0,True
False,0.0,,0.0132,0.1374,0.0687,4.0,50805115.0,2.0,2.0,222.0,3.0,0.013513514,0.6189,0.6958,4.0,False
True,1.0,0.1222,0.1222,0.1353,0.0676,5.0,51199743.0,2.0,2.0,222.0,3.0,0.013513514,0.6402,0.7117,,False
False,0.0,,1.0,1.0,1.0,0.0,0.0,1.0,1.0,667.0,667.0,1.0,0.6911,0.0002,10.0,True
False,0.0,0.9802,0.9802,0.9802,0.9802,1.0,434111.0,1.0,1.0,668.0,1.0,0.001497006,0.6921,0.0081,10.0,True
False,0.0,0.1126,0.132,0.132,0.132,2.0,47163297.0,1.0,1.0,682.0,14.0,0.02052786,0.5733,0.5036,11.0,True
True,1.0,0.1166,0.1206,0.1206,0.1206,3.0,49833434.0,1.0,1.0,682.0,3.0,0.004398827,0.5518,0.5998,11.0,True
False,1.0,0.1158,0.1329,0.1329,0.1329,4.0,50699629.0,1.0,1.0,683.0,12.0,0.017569546,0.5935,0.6782,11.0,True
False,1.0,,0.0102,0.1309,0.0655,5.0,50805115.0,2.0,2.0,680.0,10.0,0.014705882,0.6189,0.6958,11.0,False
True,2.0,0.1188,0.1258,0.1359,0.0679,6.0,51199743.0,2.0,2.0,677.0,10.0,0.014771049,0.6402,0.7117,,False
False,0.0,,1.0,1.0,1.0,0.0,0.0,1.0,1.0,178.0,178.0,1.0,0.6911,0.0002,7.0,True
False,0.0,0.5438,0.5595,0.5595,0.5595,1.0,13133022.0,1.0,1.0,172.0,15.0,0.0872093,0.6685,0.1625,7.0,True
False,0.0,0.0983,0.1087,0.1087,0.1087,2.0,50699629.0,1.0,1.0,172.0,2.0,0.011627907,0.5935,0.6782,7.0,True
False,0.0,,,0.1078,0.1078,3.0,50805115.0,1.0,2.0,172.0,2.0,0.011627907,0.6189,0.6958,7.0,False
True,1.0,0.1061,0.1061,0.1061,0.1061,4.0,51199743.0,1.0,2.0,172.0,2.0,0.011627907,0.6402,0.7117,,False
False,0.0,,1.0,1.0,1.0,0.0,0.0,1.0,1.0,137.0,137.0,1.0,0.6911,0.0002,6.0,True
False,0.0,0.5438,0.5602,0.5602,0.5602,1.0,13133022.0,1.0,1.0,137.0,8.0,0.05839416,0.6685,0.1625,6.0,True
False,0.0,0.0984,0.1114,0.1114,0.1114,2.0,50699629.0,1.0,1.0,137.0,2.0,0.01459854,0.5935,0.6782,6.0,True
False,0.0,,,0.1106,0.1106,3.0,50805115.0,1.0,2.0,137.0,2.0,0.01459854,0.6189,0.6958,6.0,False
True,1.0,0.1088,0.1088,0.1088,0.1088,4.0,51199743.0,1.0,2.0,137.0,2.0,0.01459854,0.6402,0.7117,,False
False,0.0,,1.0,1.0,1.0,0.0,0.0,1.0,1.0,114.0,114.0,1.0,0.6911,0.0002,8.0,True
False,0.0,0.5438,0.5595,0.5595,0.5595,1.0,13133022.0,1.0,1.0,114.0,6.0,0.05263158,0.6685,0.1625,8.0,True
False,0.0,0.0983,0.1216,0.1216,0.1216,2.0,50699629.0,1.0,1.0,114.0,3.0,0.02631579,0.5935,0.6782,8.0,True
False,0.0,,0.0174,0.1132,0.0566,3.0,50805115.0,2.0,2.0,113.0,3.0,0.026548672,0.6189,0.6958,8.0,False
True,1.0,0.0943,0.1102,0.1275,0.0638,4.0,51199743.0,2.0,2.0,112.0,3.0,0.026785715,0.6402,0.7117,,False
False,0.0,,1.0,1.0,1.0,0.0,0.0,1.0,1.0,381.0,381.0,1.0,0.6911,0.0002,3.0,True
False,0.0,0.9569,0.9569,0.9569,0.9569,1.0,1016668.0,1.0,1.0,380.0,1.0,0.002631579,0.6621,0.184,3.0,False
False,0.0,0.5438,0.5486,0.5486,0.5486,2.0,13133022.0,1.0,1.0,373.0,12.0,0.03217158,0.6685,0.1625,3.0,True
False,0.0,0.0963,0.1368,0.1368,0.1368,3.0,50699629.0,1.0,1.0,376.0,15.0,0.039893616,0.5935,0.6782,3.0,True
False,0.0,,0.0079,0.1359,0.068,4.0,50805115.0,2.0,2.0,376.0,3.0,0.007978723,0.6189,0.6958,3.0,False
True,1.0,0.126,0.126,0.1338,0.0669,5.0,51199743.0,2.0,2.0,376.0,3.0,0.007978723,0.6402,0.7117,,False
False,0.0,,1.0,1.0,1.0,0.0,0.0,1.0,1.0,3922.0,3922.0,1.0,0.6911,0.0002,,True
False,0.0,0.9802,0.9802,0.9802,0.9802,1.0,465556.0,1.0,1.0,0.0,3922.0,inf,0.6598,0.1849,,True
False,0.0,,1.0,1.0,1.0,0.0,0.0,1.0,1.0,156.0,156.0,1.0,0.6911,0.0002,2.0,True
False,0.0,0.8587,0.8614,0.8614,0.8614,1.0,3344246.0,1.0,1.0,157.0,2.0,0.012738854,0.6629,0.1578,2.0,False
False,0.0,0.5455,0.5655,0.5655,0.5655,2.0,13133022.0,1.0,1.0,157.0,12.0,0.07643312,0.6685,0.1625,2.0,True
True,1.0,0.1034,0.1146,0.1146,0.1146,3.0,49833434.0,1.0,1.0,157.0,2.0,0.012738854,0.5518,0.5998,2.0,True
False,1.0,0.1101,0.1936,0.1936,0.1936,4.0,50699629.0,1.0,1.0,158.0,14.0,0.088607594,0.5935,0.6782,2.0,True
False,1.0,,0.0185,0.1925,0.0963,5.0,50805115.0,2.0,2.0,158.0,3.0,0.01898734,0.6189,0.6958,2.0,False
True,2.0,0.1712,0.1712,0.1895,0.0947,6.0,51199743.0,2.0,2.0,158.0,3.0,0.01898734,0.6402,0.7117,,False
False,0.0,,1.0,1.0,1.0,0.0,0.0,1.0,1.0,8.0,8.0,1.0,0.6911,0.0002,,True
False,0.0,0.9802,0.9802,0.9802,0.9802,1.0,465556.0,1.0,1.0,0.0,8.0,inf,0.6598,0.1849,,True
False,0.0,,1.0,1.0,1.0,0.0,0.0,1.0,1.0,189.0,189.0,1.0,0.6911,0.0002,2.0,True
False,0.0,0.8587,0.8602,0.8602,0.8602,1.0,3344246.0,1.0,1.0,190.0,1.0,0.005263158,0.6629,0.1578,2.0,False
False,0.0,0.5447,0.5613,0.5613,0.5613,2.0,13133022.0,1.0,1.0,190.0,12.0,0.06315789,0.6685,0.1625,2.0,True
True,1.0,0.1026,0.1119,0.1119,0.1119,3.0,49833434.0,1.0,1.0,190.0,2.0,0.010526316,0.5518,0.5998,2.0,True
False,1.0,0.1075,0.1815,0.1815,0.1815,4.0,50699629.0,1.0,1.0,191.0,15.0,0.07853403,0.5935,0.6782,2.0,True
False,1.0,,0.0154,0.1805,0.0903,5.0,50805115.0,2.0,2.0,191.0,3.0,0.015706806,0.6189,0.6958,2.0,False
True,2.0,0.1625,0.1625,0.1776,0.0888,6.0,51199743.0,2.0,2.0,191.0,3.0,0.015706806,0.6402,0.7117,,False
False,0.0,,1.0,1.0,1.0,0.0,0.0,1.0,1.0,1413.0,1413.0,1.0,0.6911,0.0002,,True
False,0.0,0.9801,0.9802,0.9802,0.9802,1.0,465556.0,1.0,1.0,0.0,1413.0,inf,0.6598,0.1849,,True
False,0.0,,1.0,1.0,1.0,0.0,0.0,1.0,1.0,273.0,273.0,1.0,0.6911,0.0002,,True
False,0.0,0.9802,0.9802,0.9802,0.9802,1.0,465556.0,1.0,1.0,0.0,273.0,inf,0.6598,0.1849,,True
False,0.0,,1.0,1.0,1.0,0.0,0.0,1.0,1.0,11.0,11.0,1.0,0.6911,0.0002,,True
False,0.0,0.9802,0.9802,0.9802,0.9802,1.0,465556.0,1.0,1.0,0.0,11.0,inf,0.6598,0.1849,,True
False,0.0,,1.0,1.0,1.0,0.0,0.0,1.0,1.0,80.0,80.0,1.0,0.6911,0.0002,1.0,True
False,0.0,0.5438,0.5672,0.5672,0.5672,1.0,13133022.0,1.0,1.0,76.0,10.0,0.13157895,0.6685,0.1625,1.0,True
False,0.0,0.0996,0.1692,0.1692,0.1692,2.0,50699629.0,1.0,1.0,76.0,6.0,0.078947365,0.5935,0.6782,1.0,True
False,0.0,,0.0128,0.1682,0.0841,3.0,50805115.0,2.0,2.0,76.0,1.0,0.013157895,0.6189,0.6958,1.0,False
True,1.0,0.1529,0.1529,0.1655,0.0828,4.0,51199743.0,2.0,2.0,76.0,1.0,0.013157895,0.6402,0.7117,,False
False,0.0,,1.0,1.0,1.0,0.0,0.0,1.0,1.0,115.0,115.0,1.0,0.6911,0.0002,8.0,True
False,0.0,0.0955,0.1189,0.1189,0.1189,1.0,50699629.0,1.0,1.0,115.0,3.0,0.026086956,0.5935,0.6782,8.0,True
False,0.0,,0.0174,0.1105,0.0552,2.0,50805115.0,2.0,2.0,114.0,3.0,0.02631579,0.6189,0.6958,8.0,False
True,1.0,0.0916,0.1075,0.1248,0.0624,3.0,51199743.0,2.0,2.0,113.0,3.0,0.026548672,0.6402,0.7117,,False
False,0.0,,1.0,1.0,1.0,0.0,0.0,1.0,1.0,548.0,548.0,1.0,0.6911,0.0002,8.0,True
False,0.0,0.8587,0.8592,0.8592,0.8592,1.0,3344246.0,1.0,1.0,549.0,1.0,0.0018214936,0.6629,0.1578,8.0,False
True,1.0,0.0995,0.1044,0.1044,0.1044,2.0,49833434.0,1.0,1.0,549.0,3.0,0.0054644807,0.5518,0.5998,8.0,True
False,1.0,0.1003,0.1117,0.1117,0.1117,3.0,50699629.0,1.0,1.0,550.0,6.0,0.010909091,0.5935,0.6782,8.0,True
False,1.0,,0.0054,0.1109,0.0554,4.0,50805115.0,2.0,2.0,550.0,3.0,0.0054545454,0.6189,0.6958,8.0,False
True,2.0,0.1038,0.1038,0.1091,0.0546,5.0,51199743.0,2.0,2.0,550.0,3.0,0.0054545454,0.6402,0.7117,,False
False,0.0,,1.0,1.0,1.0,0.0,0.0,1.0,1.0,301.0,301.0,1.0,0.6911,0.0002,10.0,True
False,0.0,0.5438,0.5576,0.5576,0.5576,1.0,13133022.0,1.0,1.0,296.0,21.0,0.07094595,0.6685,0.1625,10.0,True
False,0.0,0.0979,0.1459,0.1459,0.1459,2.0,50699629.0,1.0,1.0,297.0,15.0,0.05050505,0.5935,0.6782,10.0,True
False,0.0,,0.01,0.145,0.0725,3.0,50805115.0,2.0,2.0,297.0,3.0,0.01010101,0.6189,0.6958,10.0,False
True,1.0,0.1328,0.1328,0.1427,0.0713,4.0,51199743.0,2.0,2.0,297.0,3.0,0.01010101,0.6402,0.7117,,False
False,0.0,,1.0,1.0,1.0,0.0,0.0,1.0,1.0,189.0,189.0,1.0,0.6911,0.0002,9.0,True
False,0.0,0.5438,0.5681,0.5681,0.5681,1.0,13133022.0,1.0,1.0,167.0,31.0,0.18562874,0.6685,0.1625,9.0,True
False,0.0,0.0998,0.1204,0.1204,0.1204,2.0,50699629.0,1.0,1.0,168.0,3.0,0.017857144,0.5935,0.6782,9.0,True
False,0.0,,0.0175,0.1196,0.0598,3.0,50805115.0,2.0,2.0,168.0,3.0,0.017857144,0.6189,0.6958,9.0,False
True,1.0,0.1004,0.1004,0.1177,0.0588,4.0,51199743.0,2.0,2.0,168.0,3.0,0.017857144,0.6402,0.7117,,False
False,0.0,,1.0,1.0,1.0,0.0,0.0,1.0,1.0,155.0,155.0,1.0,0.6911,0.0002,2.0,True
False,0.0,0.0955,0.1241,0.1241,0.1241,1.0,50699629.0,1.0,1.0,156.0,4.0,0.025641026,0.5935,0.6782,2.0,True
False,0.0,,0.019,0.1233,0.0617,2.0,50805115.0,2.0,2.0,156.0,3.0,0.01923077,0.6189,0.6958,2.0,False
True,1.0,0.1027,0.1027,0.1214,0.0607,3.0,51199743.0,2.0,2.0,156.0,3.0,0.01923077,0.6402,0.7117,,False
False,0.0,,1.0,1.0,1.0,0.0,0.0,1.0,1.0,166.0,166.0,1.0,0.6911,0.0002,4.0,True
False,0.0,0.0955,0.1223,0.1223,0.1223,1.0,50699629.0,1.0,1.0,167.0,4.0,0.023952097,0.5935,0.6782,4.0,True
False,0.0,,0.0178,0.1215,0.0607,2.0,50805115.0,2.0,2.0,167.0,3.0,0.017964073,0.6189,0.6958,4.0,False
True,1.0,0.1021,0.1021,0.1195,0.0598,3.0,51199743.0,2.0,2.0,167.0,3.0,0.017964073,0.6402,0.7117,,False
False,0.0,,1.0,1.0,1.0,0.0,0.0,1.0,1.0,455.0,455.0,1.0,0.6911,0.0002,13.0,True
False,0.0,0.5438,0.5498,0.5498,0.5498,1.0,13133022.0,1.0,1.0,454.0,9.0,0.019823788,0.6685,0.1625,13.0,True
False,0.0,0.0965,0.1262,0.1262,0.1262,2.0,50699629.0,1.0,1.0,455.0,14.0,0.03076923,0.5935,0.6782,13.0,True
False,0.0,,0.0238,0.1368,0.0684,3.0,50805115.0,2.0,2.0,457.0,9.0,0.019693654,0.6189,0.6958,13.0,False
True,1.0,0.1112,0.1337,0.1442,0.0721,4.0,51199743.0,2.0,2.0,459.0,9.0,0.019607844,0.6402,0.7117,,False
False,0.0,,1.0,1.0,1.0,0.0,0.0,1.0,1.0,19.0,19.0,1.0,0.6911,0.0002,2.0,True
False,0.0,0.0955,0.2599,0.2599,0.2599,1.0,50699629.0,1.0,1.0,20.0,3.0,0.15,0.5935,0.6782,2.0,True
False,0.0,,0.1364,0.2591,0.1296,2.0,50805115.0,2.0,2.0,20.0,3.0,0.15,0.6189,0.6958,2.0,False
True,1.0,0.1208,0.1208,0.255,0.1275,3.0,51199743.0,2.0,2.0,20.0,3.0,0.15,0.6402,0.7117,,False
False,0.0,,1.0,1.0,1.0,0.0,0.0,1.0,1.0,46.0,46.0,1.0,0.6911,0.0002,,True
False,0.0,0.9802,0.9802,0.9802,0.9802,1.0,465556.0,1.0,1.0,0.0,46.0,inf,0.6598,0.1849,,True
False,0.0,,1.0,1.0,1.0,0.0,0.0,1.0,1.0,17.0,17.0,1.0,0.6911,0.0002,1.0,True
False,0.0,0.5438,0.6158,0.6158,0.6158,1.0,13133022.0,1.0,1.0,17.0,4.0,0.23529412,0.6685,0.1625,1.0,True
False,0.0,0.1081,0.2754,0.2754,0.2754,2.0,50699629.0,1.0,1.0,18.0,3.0,0.16666667,0.5935,0.6782,1.0,True
False,0.0,,0.1429,0.2745,0.1373,3.0,50805115.0,2.0,2.0,18.0,3.0,0.16666667,0.6189,0.6958,1.0,False
True,1.0,0.1296,0.1296,0.2702,0.1351,4.0,51199743.0,2.0,2.0,18.0,3.0,0.16666667,0.6402,0.7117,,False
False,0.0,,1.0,1.0,1.0,0.0,0.0,1.0,1.0,124.0,124.0,1.0,0.6911,0.0002,,True
False,0.0,0.9802,0.9802,0.9802,0.9802,1.0,465556.0,1.0,1.0,0.0,124.0,inf,0.6598,0.1849,,True
False,0.0,,1.0,1.0,1.0,0.0,0.0,1.0,1.0,263.0,263.0,1.0,0.6911,0.0002,,True
False,0.0,0.9802,0.9802,0.9802,0.9802,1.0,465556.0,1.0,1.0,0.0,263.0,inf,0.6598,0.1849,,True
False,0.0,,1.0,1.0,1.0,0.0,0.0,1.0,1.0,262.0,262.0,1.0,0.6911,0.0002,,True
False,0.0,0.9802,0.9802,0.9802,0.9802,1.0,465556.0,1.0,1.0,0.0,262.0,inf,0.6598,0.1849,,True
False,0.0,,1.0,1.0,1.0,0.0,0.0,1.0,1.0,21.0,21.0,1.0,0.6911,0.0002,,True
False,0.0,0.9802,0.9802,0.9802,0.9802,1.0,465556.0,1.0,1.0,0.0,21.0,inf,0.6598,0.1849,,True
False,0.0,,1.0,1.0,1.0,0.0,0.0,1.0,1.0,798.0,798.0,1.0,0.6911,0.0002,,True
False,0.0,0.9802,0.9802,0.9802,0.9802,1.0,465556.0,1.0,1.0,0.0,798.0,inf,0.6598,0.1849,,True
False,0.0,,1.0,1.0,1.0,0.0,0.0,1.0,1.0,136.0,136.0,1.0,0.6911,0.0002,,True
False,0.0,0.9802,0.9802,0.9802,0.9802,1.0,465556.0,1.0,1.0,0.0,136.0,inf,0.6598,0.1849,,True
False,0.0,,1.0,1.0,1.0,0.0,0.0,1.0,1.0,86.0,86.0,1.0,0.6911,0.0002,,True
False,0.0,0.9802,0.9802,0.9802,0.9802,1.0,465556.0,1.0,1.0,0.0,86.0,inf,0.6598,0.1849,,True
False,0.0,,1.0,1.0,1.0,0.0,0.0,1.0,1.0,94.0,94.0,1.0,0.6911,0.0002,,True
False,0.0,0.9802,0.9802,0.9802,0.9802,1.0,465556.0,1.0,1.0,0.0,94.0,inf,0.6598,0.1849,,True
False,0.0,,1.0,1.0,1.0,0.0,0.0,1.0,1.0,80.0,80.0,1.0,0.6911,0.0002,,True
False,0.0,0.9802,0.9802,0.9802,0.9802,1.0,465556.0,1.0,1.0,0.0,80.0,inf,0.6598,0.1849,,True
False,0.0,,1.0,1.0,1.0,0.0,0.0,1.0,1.0,81.0,81.0,1.0,0.6911,0.0002,,True
False,0.0,0.9802,0.9802,0.9802,0.9802,1.0,465556.0,1.0,1.0,0.0,81.0,inf,0.6598,0.1849,,True
False,0.0,,1.0,1.0,1.0,0.0,0.0,1.0,1.0,2.0,2.0,1.0,0.6911,0.0002,,True
False,0.0,0.9802,0.9802,0.9802,0.9802,1.0,465556.0,1.0,1.0,0.0,2.0,inf,0.6598,0.1849,,True
False,0.0,,1.0,1.0,1.0,0.0,0.0,1.0,1.0,21.0,21.0,1.0,0.6911,0.0002,,True
False,0.0,0.9802,0.9802,0.9802,0.9802,1.0,465556.0,1.0,1.0,0.0,21.0,inf,0.6598,0.1849,,True
False,0.0,,1.0,1.0,1.0,0.0,0.0,1.0,1.0,118.0,118.0,1.0,0.6911,0.0002,,True
False,0.0,0.9802,0.9802,0.9802,0.9802,1.0,465556.0,1.0,1.0,0.0,118.0,inf,0.6598,0.1849,,True
False,0.0,,1.0,1.0,1.0,0.0,0.0,1.0,1.0,111.0,111.0,1.0,0.6911,0.0002,,True
False,0.0,0.9802,0.9802,0.9802,0.9802,1.0,465556.0,1.0,1.0,0.0,111.0,inf,0.6598,0.1849,,True
False,0.0,,1.0,1.0,1.0,0.0,0.0,1.0,1.0,52.0,52.0,1.0,0.6911,0.0002,,True
False,0.0,0.9802,0.9802,0.9802,0.9802,1.0,465556.0,1.0,1.0,0.0,52.0,inf,0.6598,0.1849,,True
False,0.0,,1.0,1.0,1.0,0.0,0.0,1.0,1.0,66.0,66.0,1.0,0.6911,0.0002,,True
False,0.0,0.9802,0.9802,0.9802,0.9802,1.0,465556.0,1.0,1.0,0.0,66.0,inf,0.6598,0.1849,,True
False,0.0,,1.0,1.0,1.0,0.0,0.0,1.0,1.0,67.0,67.0,1.0,0.6911,0.0002,,True
False,0.0,0.9802,0.9802,0.9802,0.9802,1.0,465556.0,1.0,1.0,0.0,67.0,inf,0.6598,0.1849,,True
False,0.0,,1.0,1.0,1.0,0.0,0.0,1.0,1.0,3.0,3.0,1.0,0.6911,0.0002,,True
False,0.0,0.9802,0.9802,0.9802,0.9802,1.0,465556.0,1.0,1.0,0.0,3.0,inf,0.6598,0.1849,,True
False,0.0,,1.0,1.0,1.0,0.0,0.0,1.0,1.0,129.0,129.0,1.0,0.6911,0.0002,,True
False,0.0,0.9802,0.9802,0.9802,0.9802,1.0,465556.0,1.0,1.0,0.0,129.0,inf,0.6598,0.1849,,True
False,0.0,,1.0,1.0,1.0,0.0,0.0,1.0,1.0,408.0,408.0,1.0,0.6911,0.0002,,True
False,0.0,0.9802,0.9802,0.9802,0.9802,1.0,465556.0,1.0,1.0,0.0,408.0,inf,0.6598,0.1849,,True
False,0.0,,1.0,1.0,1.0,0.0,0.0,1.0,1.0,190.0,190.0,1.0,0.6911,0.0002,,True
False,0.0,0.9802,0.9802,0.9802,0.9802,1.0,465556.0,1.0,1.0,0.0,190.0,inf,0.6598,0.1849,,True
False,0.0,,1.0,1.0,1.0,0.0,0.0,1.0,1.0,15.0,15.0,1.0,0.6911,0.0002,,True
False,0.0,0.9802,0.9802,0.9802,0.9802,1.0,465556.0,1.0,1.0,0.0,15.0,inf,0.6598,0.1849,,True
False,0.0,,1.0,1.0,1.0,0.0,0.0,1.0,1.0,4.0,4.0,1.0,0.6911,0.0002,,True
False,0.0,0.9802,0.9802,0.9802,0.9802,1.0,465556.0,1.0,1.0,0.0,4.0,inf,0.6598,0.1849,,True
False,0.0,,1.0,1.0,1.0,0.0,0.0,1.0,1.0,8.0,8.0,1.0,0.6911,0.0002,,True
False,0.0,0.9802,0.9802,0.9802,0.9802,1.0,465556.0,1.0,1.0,0.0,8.0,inf,0.6598,0.1849,,True
False,0.0,,1.0,1.0,1.0,0.0,0.0,1.0,1.0,22.0,22.0,1.0,0.6911,0.0002,,True
False,0.0,0.9802,0.9802,0.9802,0.9802,1.0,465556.0,1.0,1.0,0.0,22.0,inf,0.6598,0.1849,,True
False,0.0,,1.0,1.0,1.0,0.0,0.0,1.0,1.0,604.0,604.0,1.0,0.6911,0.0002,,True
False,0.0,0.9802,0.9802,0.9802,0.9802,1.0,465556.0,1.0,1.0,0.0,604.0,inf,0.6598,0.1849,,True
False,0.0,,1.0,1.0,1.0,0.0,0.0,1.0,1.0,641.0,641.0,1.0,0.6911,0.0002,,True
False,0.0,0.9802,0.9802,0.9802,0.9802,1.0,465556.0,1.0,1.0,0.0,641.0,inf,0.6598,0.1849,,True
False,0.0,,1.0,1.0,1.0,0.0,0.0,1.0,1.0,27.0,27.0,1.0,0.6911,0.0002,,True
False,0.0,0.988,0.988,0.988,0.988,1.0,325803.0,1.0,1.0,0.0,27.0,inf,0.6921,0.0083,,False
False,0.0,,1.0,1.0,1.0,0.0,0.0,1.0,1.0,18.0,18.0,1.0,0.6911,0.0002,,True
False,0.0,0.988,0.988,0.988,0.988,1.0,325803.0,1.0,1.0,0.0,18.0,inf,0.6921,0.0083,,False
False,0.0,,1.0,1.0,1.0,0.0,0.0,1.0,1.0,17.0,17.0,1.0,0.6911,0.0002,,True
False,0.0,0.988,0.988,0.988,0.988,1.0,325803.0,1.0,1.0,0.0,17.0,inf,0.6921,0.0083,,False
False,0.0,,1.0,1.0,1.0,0.0,0.0,1.0,1.0,17.0,17.0,1.0,0.6911,0.0002,,True
False,0.0,0.988,0.988,0.988,0.988,1.0,325803.0,1.0,1.0,0.0,17.0,inf,0.6921,0.0083,,False
False,0.0,,1.0,1.0,1.0,0.0,0.0,1.0,1.0,17.0,17.0,1.0,0.6911,0.0002,,True
False,0.0,0.988,0.988,0.988,0.988,1.0,325803.0,1.0,1.0,0.0,17.0,inf,0.6921,0.0083,,False
False,0.0,,1.0,1.0,1.0,0.0,0.0,1.0,1.0,16.0,16.0,1.0,0.6911,0.0002,,True
False,0.0,0.988,0.988,0.988,0.988,1.0,325803.0,1.0,1.0,0.0,16.0,inf,0.6921,0.0083,,False
False,0.0,,1.0,1.0,1.0,0.0,0.0,1.0,1.0,16.0,16.0,1.0,0.6911,0.0002,,True
False,0.0,0.988,0.988,0.988,0.988,1.0,325803.0,1.0,1.0,0.0,16.0,inf,0.6921,0.0083,,False
False,0.0,,1.0,1.0,1.0,0.0,0.0,1.0,1.0,18.0,18.0,1.0,0.6911,0.0002,,True
False,0.0,0.988,0.988,0.988,0.988,1.0,325803.0,1.0,1.0,0.0,18.0,inf,0.6921,0.0083,,False
False,0.0,,1.0,1.0,1.0,0.0,0.0,1.0,1.0,646.0,646.0,1.0,0.6911,0.0002,,True
False,0.0,0.9802,0.9802,0.9802,0.9802,1.0,465556.0,1.0,1.0,0.0,646.0,inf,0.6598,0.1849,,True
False,0.0,,1.0,1.0,1.0,0.0,0.0,1.0,1.0,924.0,924.0,1.0,0.6911,0.0002,,True
False,0.0,0.9802,0.9802,0.9802,0.9802,1.0,465556.0,1.0,1.0,0.0,924.0,inf,0.6598,0.1849,,True
False,0.0,,1.0,1.0,1.0,0.0,0.0,1.0,1.0,17.0,17.0,1.0,0.6911,0.0002,,True
False,0.0,0.988,0.988,0.988,0.988,1.0,325803.0,1.0,1.0,0.0,17.0,inf,0.6921,0.0083,,False
False,0.0,,1.0,1.0,1.0,0.0,0.0,1.0,1.0,15.0,15.0,1.0,0.6911,0.0002,,True
False,0.0,0.988,0.988,0.988,0.988,1.0,325803.0,1.0,1.0,0.0,15.0,inf,0.6921,0.0083,,False
False,0.0,,1.0,1.0,1.0,0.0,0.0,1.0,1.0,16.0,16.0,1.0,0.6911,0.0002,,True
False,0.0,0.988,0.988,0.988,0.988,1.0,325803.0,1.0,1.0,0.0,16.0,inf,0.6921,0.0083,,False
False,0.0,,1.0,1.0,1.0,0.0,0.0,1.0,1.0,19.0,19.0,1.0,0.6911,0.0002,,True
False,0.0,0.988,0.988,0.988,0.988,1.0,325803.0,1.0,1.0,0.0,19.0,inf,0.6921,0.0083,,False
False,0.0,,1.0,1.0,1.0,0.0,0.0,1.0,1.0,15.0,15.0,1.0,0.6911,0.0002,,True
False,0.0,0.988,0.988,0.988,0.988,1.0,325803.0,1.0,1.0,0.0,15.0,inf,0.6921,0.0083,,False
False,0.0,,1.0,1.0,1.0,0.0,0.0,1.0,1.0,12.0,12.0,1.0,0.6911,0.0002,,True
False,0.0,0.988,0.988,0.988,0.988,1.0,325803.0,1.0,1.0,0.0,12.0,inf,0.6921,0.0083,,False
False,0.0,,1.0,1.0,1.0,0.0,0.0,1.0,1.0,17.0,17.0,1.0,0.6911,0.0002,,True
False,0.0,0.988,0.988,0.988,0.988,1.0,325803.0,1.0,1.0,0.0,17.0,inf,0.6921,0.0083,,False
False,0.0,,1.0,1.0,1.0,0.0,0.0,1.0,1.0,15.0,15.0,1.0,0.6911,0.0002,,True
False,0.0,0.988,0.988,0.988,0.988,1.0,325803.0,1.0,1.0,0.0,15.0,inf,0.6921,0.0083,,False
False,0.0,,1.0,1.0,1.0,0.0,0.0,1.0,1.0,17.0,17.0,1.0,0.6911,0.0002,,True
False,0.0,0.988,0.988,0.988,0.988,1.0,325803.0,1.0,1.0,0.0,17.0,inf,0.6921,0.0083,,False
