isRefactor,totalRefactors,dok0.004AuthorPreCommit,dok0.004AuthorPostCommit,dok0.004Sum,dok0.004Avg,revision,age,authors,totalAuthors,totalLoc,modified,relativeModified,180fileHcpf,180commitHcpf,nrOfFunctions,isSZZBugIntroducer
False,0.0,,1.0,1.0,1.0,0.0,0.0,1.0,1.0,12.0,12.0,1.0,0.8304,0.5913,1.0,True
False,0.0,,1.0,1.0,1.0,0.0,0.0,1.0,1.0,142.0,142.0,1.0,0.803,0.5205,,True
False,0.0,,0.0435,0.6541,0.327,1.0,9734216.0,2.0,2.0,136.0,16.0,0.11764706,0.8197,0.6533,,True
False,0.0,0.3101,0.3778,0.3977,0.1989,2.0,24339652.0,2.0,2.0,149.0,13.0,0.087248325,0.6732,0.6778,,True
False,0.0,,0.0261,0.3685,0.1228,3.0,27117578.0,3.0,3.0,149.0,4.0,0.026845638,0.6266,0.7268,,True
False,0.0,0.1111,0.1242,0.1346,0.0449,4.0,50256329.0,3.0,3.0,149.0,2.0,0.013422819,0.3046,0.7689,,True
False,0.0,0.1044,0.1062,0.1119,0.0373,5.0,53979017.0,3.0,3.0,144.0,5.0,0.034722224,0.4575,0.75,,False
False,0.0,0.1016,0.113,0.1184,0.0395,6.0,54945105.0,3.0,3.0,144.0,2.0,0.013888889,0.4703,0.7433,,True
False,0.0,,0.039,0.1032,0.0258,7.0,67273948.0,4.0,4.0,149.0,5.0,0.033557046,0.6972,0.7422,,True
False,0.0,0.0337,0.0814,0.1342,0.0336,8.0,70403285.0,4.0,4.0,156.0,7.0,0.044871796,0.7133,0.735,,False
False,0.0,,0.037,0.1597,0.0319,9.0,71246675.0,5.0,5.0,156.0,6.0,0.03846154,0.6949,0.7377,,True
False,0.0,0.0159,0.0889,0.1337,0.0267,10.0,92080713.0,5.0,5.0,156.0,12.0,0.07692308,0.5301,0.774,,True
False,0.0,0.0821,0.084,0.1253,0.0251,11.0,93810478.0,5.0,5.0,156.0,4.0,0.025641026,0.5496,0.7722,,False
False,0.0,0.049,0.083,0.1062,0.0212,12.0,105471338.0,5.0,5.0,161.0,5.0,0.031055901,0.3551,0.767,,False
False,0.0,,0.0119,0.08,0.0133,13.0,115056731.0,6.0,6.0,161.0,2.0,0.0124223605,0.4467,0.7327,,False
False,0.0,,1.0,1.0,1.0,0.0,0.0,1.0,1.0,14.0,14.0,1.0,0.8304,0.5913,0.0,True
False,0.0,,1.0,1.0,1.0,0.0,0.0,1.0,1.0,2.0,2.0,1.0,0.8304,0.5913,,True
False,0.0,,1.0,1.0,1.0,0.0,0.0,1.0,1.0,171.0,171.0,1.0,0.3987,0.7829,,False
False,0.0,1.0,1.0,1.0,1.0,1.0,75910.0,1.0,1.0,182.0,24.0,0.13186814,0.4009,0.7843,,False
False,0.0,0.5248,0.5299,0.5299,0.5299,2.0,13968966.0,1.0,1.0,183.0,1.0,0.0054644807,0.4373,0.7357,,False
False,0.0,,1.0,1.0,1.0,0.0,0.0,1.0,1.0,49.0,49.0,1.0,0.7874,0.5354,,True
False,0.0,,0.02,0.0354,0.0177,1.0,89510577.0,2.0,2.0,49.0,1.0,0.020408163,0.8287,0.5849,,True
False,0.0,,1.0,1.0,1.0,0.0,0.0,1.0,1.0,259.0,259.0,1.0,0.8117,0.5427,,True
False,0.0,,0.0189,0.7511,0.3756,1.0,6384813.0,2.0,2.0,262.0,3.0,0.011450382,0.8244,0.6178,,True
False,0.0,,0.0603,0.7066,0.2355,2.0,8222512.0,3.0,3.0,277.0,15.0,0.054151624,0.8211,0.6352,,True
False,0.0,0.6126,0.6283,0.7002,0.2334,3.0,8823786.0,3.0,3.0,286.0,10.0,0.034965035,0.818,0.6462,,True
False,0.0,,0.0136,0.6831,0.1708,4.0,9499248.0,4.0,4.0,287.0,3.0,0.010452962,0.8197,0.6533,,True
False,0.0,0.0481,0.0708,0.6863,0.1716,5.0,9508780.0,4.0,4.0,291.0,7.0,0.024054984,0.8196,0.6532,,True
False,0.0,,0.2054,0.5561,0.1112,6.0,19036031.0,5.0,5.0,288.0,64.0,0.22222222,0.71,0.6733,,True
True,1.0,0.2926,0.401,0.5524,0.1105,7.0,19793328.0,5.0,5.0,287.0,41.0,0.14285715,0.6544,0.6815,,False
False,1.0,,0.0131,0.3614,0.0602,8.0,29463117.0,6.0,6.0,289.0,2.0,0.0069204154,0.6221,0.7335,,False
False,1.0,0.2446,0.2462,0.3456,0.0576,9.0,30165674.0,6.0,6.0,287.0,2.0,0.006968641,0.6079,0.7337,,False
False,1.0,0.0025,0.0058,0.3373,0.0562,10.0,30778678.0,6.0,6.0,287.0,1.0,0.0034843206,0.6241,0.7384,,False
False,1.0,0.0042,0.0107,0.2486,0.0414,11.0,37835965.0,6.0,6.0,288.0,1.0,0.0034722222,0.5728,0.7618,,False
False,1.0,0.0029,0.0158,0.2451,0.0409,12.0,38986020.0,6.0,6.0,290.0,2.0,0.0068965517,0.4918,0.7655,,False
False,1.0,0.1197,0.131,0.1932,0.0322,13.0,45356244.0,6.0,6.0,292.0,2.0,0.006849315,0.3682,0.7805,,False
False,1.0,0.0102,0.0533,0.2053,0.0342,14.0,48310134.0,6.0,6.0,299.0,12.0,0.040133778,0.2714,0.7726,,False
False,1.0,0.0531,0.0678,0.217,0.0362,15.0,48400694.0,6.0,6.0,301.0,3.0,0.009966778,0.2733,0.7712,,False
False,1.0,0.0633,0.069,0.2071,0.0345,16.0,49944640.0,6.0,6.0,302.0,1.0,0.0033112583,0.2502,0.7625,,False
False,1.0,0.0213,0.0215,0.1901,0.0317,17.0,51918968.0,6.0,6.0,299.0,3.0,0.0100334445,0.3195,0.7473,,False
False,1.0,0.0215,0.0399,0.2064,0.0344,18.0,51921425.0,6.0,6.0,299.0,6.0,0.020066889,0.321,0.7475,,False
False,1.0,0.0044,0.0226,0.1894,0.0316,19.0,55637786.0,6.0,6.0,302.0,5.0,0.01655629,0.5039,0.7444,,False
False,1.0,,0.0295,0.2097,0.03,20.0,56072838.0,7.0,7.0,310.0,8.0,0.025806451,0.5216,0.7386,,False
False,1.0,0.0491,0.0576,0.2119,0.0303,21.0,56598452.0,7.0,7.0,311.0,2.0,0.006430868,0.5299,0.7366,,False
False,1.0,0.0407,0.0572,0.1642,0.0235,22.0,64112930.0,7.0,7.0,316.0,5.0,0.015822785,0.7076,0.7415,,False
False,1.0,,0.0441,0.1716,0.0214,23.0,68605476.0,8.0,8.0,330.0,14.0,0.042424243,0.7086,0.7348,,True
False,1.0,0.0441,0.0467,0.1736,0.0217,24.0,68623855.0,8.0,8.0,330.0,2.0,0.006060606,0.7086,0.734,,False
False,1.0,0.0283,0.0284,0.1098,0.0137,25.0,78269371.0,8.0,8.0,329.0,1.0,0.0030395137,0.5405,0.7891,,False
False,1.0,0.0281,0.0334,0.1134,0.0142,26.0,78466779.0,8.0,8.0,330.0,1.0,0.003030303,0.542,0.7896,,False
False,1.0,0.0027,0.0216,0.0473,0.0059,27.0,107673394.0,8.0,8.0,333.0,5.0,0.015015015,0.3452,0.7431,,False
False,1.0,,0.0909,0.1229,0.0137,28.0,114124534.0,9.0,9.0,366.0,33.0,0.09016393,0.4338,0.7359,,False
False,0.0,,1.0,1.0,1.0,0.0,0.0,1.0,1.0,223.0,223.0,1.0,0.5662,0.6162,2.0,True
False,0.0,0.9723,0.9745,0.9745,0.9745,1.0,626398.0,1.0,1.0,237.0,18.0,0.07594936,0.5732,0.6191,2.0,False
False,0.0,0.959,0.9602,0.9602,0.9602,2.0,1032991.0,1.0,1.0,240.0,4.0,0.016666668,0.5537,0.6329,2.0,False
False,0.0,0.9565,0.9573,0.9573,0.9573,3.0,1118575.0,1.0,1.0,243.0,3.0,0.012345679,0.5465,0.6387,2.0,False
False,0.0,,0.0158,0.9249,0.4625,4.0,1825431.0,2.0,2.0,243.0,6.0,0.024691358,0.6133,0.6552,2.0,False
False,0.0,,0.0079,0.9038,0.3013,5.0,2334397.0,3.0,3.0,243.0,2.0,0.008230452,0.5948,0.6668,2.0,True
False,0.0,0.8804,0.8941,0.9157,0.3052,6.0,2347154.0,3.0,3.0,261.0,44.0,0.16858238,0.6201,0.6877,2.0,True
False,0.0,0.7113,0.7121,0.7293,0.2431,7.0,7336399.0,3.0,3.0,260.0,2.0,0.0076923077,0.6659,0.6466,2.0,True
False,0.0,,0.0037,0.6537,0.1634,8.0,9685510.0,4.0,4.0,260.0,1.0,0.0038461538,0.7296,0.6435,2.0,False
False,0.0,,0.0073,0.5992,0.1198,9.0,11668944.0,5.0,5.0,260.0,2.0,0.0076923077,0.7544,0.6715,2.0,False
False,0.0,0.0071,0.075,0.4922,0.0984,10.0,17621567.0,5.0,5.0,262.0,27.0,0.103053436,0.8179,0.5178,1.0,True
False,0.0,,0.0245,0.3785,0.0631,11.0,24191890.0,6.0,6.0,266.0,4.0,0.015037594,0.7975,0.526,1.0,True
False,0.0,0.0232,0.0594,0.382,0.0637,12.0,25333535.0,6.0,6.0,273.0,7.0,0.025641026,0.7809,0.5457,1.0,True
False,0.0,,0.0541,0.4129,0.059,13.0,25490177.0,7.0,7.0,284.0,11.0,0.038732395,0.785,0.5576,,False
False,0.0,0.0541,0.1027,0.4431,0.0633,14.0,25495618.0,7.0,7.0,295.0,11.0,0.037288137,0.788,0.5671,,False
False,0.0,,0.0293,0.3972,0.0496,15.0,28866805.0,8.0,8.0,303.0,8.0,0.026402641,0.7541,0.5971,1.0,True
False,0.0,0.075,0.091,0.3606,0.0451,16.0,31635560.0,8.0,8.0,306.0,3.0,0.009803922,0.7478,0.604,1.0,False
False,0.0,,0.2245,0.5027,0.0628,17.0,32047349.0,8.0,9.0,368.0,78.0,0.21195652,0.7831,0.5917,2.0,True
False,0.0,0.0717,0.0699,0.5018,0.0627,18.0,32067702.0,8.0,9.0,365.0,3.0,0.008219178,0.7842,0.5936,2.0,False
False,0.0,,0.0046,0.4655,0.0517,19.0,33819905.0,9.0,10.0,366.0,1.0,0.0027322404,0.7934,0.579,2.0,True
False,0.0,,0.0507,0.4926,0.0493,20.0,33831767.0,10.0,11.0,386.0,20.0,0.051813472,0.7951,0.5828,4.0,True
False,0.0,,0.0237,0.5033,0.0458,21.0,33868823.0,11.0,12.0,394.0,8.0,0.020304568,0.7974,0.5875,4.0,True
False,0.0,0.0256,0.0715,0.5266,0.0479,22.0,33874628.0,11.0,12.0,409.0,15.0,0.036674816,0.8,0.5938,4.0,True
False,0.0,0.0157,0.0831,0.5283,0.048,23.0,34662737.0,11.0,12.0,417.0,34.0,0.08153477,0.8019,0.6001,4.0,True
False,0.0,0.0127,0.0282,0.3812,0.0347,24.0,42268471.0,11.0,12.0,422.0,5.0,0.011848342,0.7816,0.5311,4.0,True
False,0.0,0.0009,0.0182,0.3604,0.0328,25.0,44167194.0,11.0,12.0,429.0,7.0,0.016317016,0.7852,0.5721,4.0,True
False,0.0,0.0507,0.058,0.3573,0.0325,26.0,44671776.0,11.0,12.0,431.0,2.0,0.004640371,0.7806,0.5662,4.0,False
False,0.0,0.0001,0.1322,0.2991,0.0272,27.0,58074501.0,11.0,12.0,470.0,43.0,0.09148936,0.6911,0.672,4.0,True
False,0.0,0.1163,0.1298,0.2739,0.0249,28.0,60917390.0,11.0,12.0,474.0,6.0,0.012658228,0.7134,0.7149,4.0,False
False,0.0,0.0044,0.0253,0.1863,0.0169,29.0,71352659.0,11.0,12.0,484.0,10.0,0.020661157,0.642,0.69,4.0,True
False,0.0,0.0329,0.033,0.0785,0.0071,30.0,89958294.0,11.0,12.0,483.0,1.0,0.0020703934,0.6307,0.6182,4.0,False
False,0.0,,0.4376,0.4653,0.0388,31.0,96765547.0,12.0,13.0,662.0,382.0,0.5770393,0.7719,0.4873,9.0,True
False,0.0,0.0007,0.0341,0.4806,0.0401,32.0,96943039.0,12.0,13.0,683.0,23.0,0.033674963,0.7787,0.5157,9.0,True
False,0.0,0.0309,0.0462,0.4437,0.037,33.0,99118762.0,12.0,13.0,694.0,11.0,0.015850144,0.7901,0.502,9.0,True
False,0.0,,0.0112,0.3075,0.0237,34.0,107581103.0,13.0,14.0,701.0,7.0,0.009985735,0.8211,0.6352,9.0,True
False,0.0,0.2421,0.2466,0.3002,0.0231,35.0,108334631.0,13.0,14.0,701.0,4.0,0.0057061343,0.8178,0.6438,9.0,False
False,0.0,0.0031,0.012,0.2032,0.0156,36.0,117495588.0,13.0,14.0,705.0,5.0,0.0070921984,0.7441,0.6618,9.0,False
False,0.0,0.012,0.0131,0.2043,0.0157,37.0,117501366.0,13.0,14.0,705.0,1.0,0.0014184397,0.732,0.6613,9.0,False
False,0.0,0.009,0.0093,0.1401,0.0108,38.0,125635825.0,13.0,14.0,705.0,1.0,0.0014184397,0.6734,0.6873,9.0,False
False,0.0,,0.0055,0.1257,0.009,39.0,128821708.0,14.0,15.0,708.0,3.0,0.004237288,0.6221,0.7335,9.0,False
False,0.0,0.0905,0.0952,0.1259,0.009,40.0,129524265.0,14.0,15.0,705.0,9.0,0.012765957,0.6079,0.7337,9.0,False
False,0.0,0.0052,0.0203,0.0976,0.007,41.0,138344611.0,14.0,15.0,715.0,10.0,0.013986014,0.4918,0.7655,9.0,False
False,0.0,0.0465,0.0517,0.0778,0.0056,42.0,144714835.0,14.0,15.0,718.0,3.0,0.004178273,0.3682,0.7805,9.0,False
False,0.0,0.0132,0.0238,0.0777,0.0056,43.0,147668725.0,14.0,15.0,725.0,7.0,0.009655172,0.2714,0.7726,9.0,False
False,0.0,,,0.0657,0.0047,44.0,151277559.0,14.0,16.0,721.0,4.0,0.0055478504,0.3195,0.7473,9.0,False
False,0.0,0.0194,0.0195,0.0635,0.0045,45.0,151910442.0,14.0,16.0,714.0,7.0,0.009803922,0.4525,0.754,9.0,False
False,0.0,,,0.0534,0.0038,46.0,155431429.0,14.0,17.0,712.0,2.0,0.0028089888,0.5216,0.7386,9.0,False
False,0.0,0.0154,0.0163,0.0503,0.0036,47.0,157073670.0,14.0,17.0,712.0,1.0,0.0014044944,0.5448,0.7387,9.0,False
False,0.0,,0.0022,0.0483,0.0032,48.0,158906899.0,15.0,18.0,713.0,1.0,0.0014025245,0.6098,0.7544,9.0,False
False,0.0,,0.015,0.0462,0.0029,49.0,167964067.0,16.0,19.0,724.0,11.0,0.01519337,0.7086,0.7348,9.0,True
False,0.0,0.0159,0.0232,0.0516,0.0032,50.0,168767022.0,16.0,19.0,728.0,4.0,0.0054945056,0.7129,0.7357,9.0,False
False,0.0,0.006,0.0103,0.0355,0.0022,51.0,177825370.0,16.0,19.0,728.0,4.0,0.0054945056,0.542,0.7896,9.0,False
False,0.0,0.0103,0.0186,0.0436,0.0027,52.0,177892808.0,16.0,19.0,734.0,6.0,0.008174387,0.5359,0.7921,9.0,False
False,0.0,0.0133,0.0185,0.0363,0.0023,53.0,185072303.0,16.0,19.0,736.0,3.0,0.004076087,0.5457,0.7614,9.0,False
False,0.0,0.0084,0.0298,0.0378,0.0024,54.0,201994881.0,16.0,19.0,753.0,18.0,0.023904383,0.3812,0.7774,9.0,False
False,0.0,,0.0071,0.0368,0.0022,55.0,207031985.0,17.0,19.0,757.0,4.0,0.005284016,0.3452,0.7431,9.0,False
False,0.0,0.0002,0.0103,0.0431,0.0025,56.0,209180022.0,17.0,19.0,763.0,6.0,0.007863696,0.374,0.7309,9.0,False
False,0.0,,0.0178,0.0526,0.0029,57.0,213483125.0,18.0,20.0,778.0,15.0,0.019280206,0.4338,0.7359,9.0,False
False,0.0,,1.0,1.0,1.0,0.0,0.0,1.0,1.0,6.0,6.0,1.0,0.8287,0.5849,,True
False,0.0,,1.0,1.0,1.0,0.0,0.0,1.0,1.0,27.0,27.0,1.0,0.7835,0.5071,1.0,True
False,0.0,,,0.8761,0.8761,1.0,2915346.0,1.0,2.0,26.0,1.0,0.03846154,0.8206,0.5629,1.0,False
False,0.0,,1.0,1.0,1.0,0.0,0.0,1.0,1.0,122.0,122.0,1.0,0.7171,0.7372,0.0,True
False,0.0,1.0,1.0,1.0,1.0,1.0,8198.0,1.0,1.0,122.0,2.0,0.016393442,0.7072,0.7326,0.0,False
False,0.0,1.0,1.0,1.0,1.0,2.0,75839.0,1.0,1.0,122.0,2.0,0.016393442,0.7072,0.7326,0.0,False
False,0.0,,0.0465,0.9811,0.4905,3.0,507273.0,2.0,2.0,126.0,4.0,0.031746034,0.7086,0.7348,0.0,True
False,0.0,0.9197,0.9194,0.9655,0.4827,4.0,857799.0,2.0,2.0,125.0,1.0,0.008,0.7153,0.7352,0.0,False
False,0.0,0.7895,0.806,0.8382,0.4191,5.0,4123066.0,2.0,2.0,126.0,7.0,0.055555556,0.6963,0.7382,0.0,True
False,0.0,0.5665,0.5883,0.6097,0.3048,6.0,11749392.0,2.0,2.0,130.0,4.0,0.03076923,0.6024,0.7451,0.0,False
False,0.0,,0.028,0.1905,0.0635,7.0,39575191.0,3.0,3.0,132.0,2.0,0.015151516,0.3452,0.7431,0.0,False
False,0.0,,0.0272,0.1649,0.0412,8.0,46026331.0,4.0,4.0,134.0,2.0,0.014925373,0.4338,0.7359,0.0,False
False,0.0,,1.0,1.0,1.0,0.0,0.0,1.0,1.0,5.0,5.0,1.0,0.8037,0.5266,,False
False,0.0,,,0.9723,0.9723,1.0,651865.0,1.0,2.0,0.0,5.0,inf,0.8144,0.5455,,False
False,0.0,,1.0,1.0,1.0,0.0,0.0,1.0,1.0,205.0,205.0,1.0,0.8287,0.5849,,True
False,0.0,,,0.8184,0.8184,1.0,4396498.0,1.0,2.0,204.0,1.0,0.004901961,0.8246,0.6197,,False
False,0.0,,0.0376,0.8065,0.4033,2.0,4915520.0,2.0,3.0,210.0,6.0,0.028571429,0.8216,0.6272,,True
False,0.0,,,0.7874,0.3937,3.0,5440998.0,2.0,4.0,209.0,1.0,0.004784689,0.8198,0.637,,False
False,0.0,,,0.7446,0.3723,4.0,6630707.0,2.0,5.0,207.0,2.0,0.009661836,0.8197,0.6533,,True
False,0.0,0.0221,0.0796,0.4968,0.2484,5.0,16735623.0,2.0,5.0,205.0,17.0,0.08292683,0.6424,0.6767,,True
False,0.0,,0.0144,0.3644,0.1215,6.0,24014069.0,3.0,5.0,205.0,3.0,0.014634146,0.6266,0.7268,,True
False,0.0,0.0194,0.0465,0.1468,0.0489,7.0,47152820.0,3.0,5.0,206.0,5.0,0.024271844,0.3046,0.7689,,True
False,0.0,,0.019,0.1485,0.0371,8.0,49423753.0,4.0,6.0,205.0,5.0,0.024390243,0.3347,0.7533,,False
False,0.0,0.0116,0.0337,0.0622,0.0155,9.0,76282587.0,4.0,6.0,205.0,5.0,0.024390243,0.6121,0.7463,,False
False,0.0,0.0305,0.04,0.0654,0.0163,10.0,78517040.0,4.0,6.0,204.0,3.0,0.014705882,0.6092,0.7386,,False
False,0.0,0.0344,0.048,0.0695,0.0174,11.0,81738381.0,4.0,6.0,206.0,2.0,0.009708738,0.5338,0.7557,,False
False,0.0,,0.0093,0.0768,0.0154,12.0,82181017.0,5.0,6.0,207.0,1.0,0.004830918,0.5417,0.7599,,False
False,0.0,0.0461,0.0521,0.0819,0.0164,13.0,82424088.0,5.0,6.0,207.0,3.0,0.014492754,0.5452,0.7595,,False
False,0.0,0.0493,0.054,0.0821,0.0164,14.0,83624610.0,5.0,6.0,207.0,1.0,0.004830918,0.5496,0.7519,,False
False,0.0,0.0002,0.0095,0.0731,0.0146,15.0,88991043.0,5.0,6.0,207.0,2.0,0.009661836,0.5325,0.7752,,True
False,0.0,0.0131,0.0312,0.09,0.018,16.0,89087535.0,5.0,6.0,209.0,3.0,0.014354067,0.5457,0.7759,,True
False,0.0,0.0383,0.0475,0.0843,0.0169,17.0,90706969.0,5.0,6.0,209.0,2.0,0.009569378,0.5496,0.7722,,False
False,0.0,0.006,0.0061,0.0776,0.0155,18.0,91338528.0,5.0,6.0,208.0,1.0,0.0048076925,0.43,0.8245,,False
False,0.0,0.017,0.0216,0.0361,0.0072,19.0,110836725.0,5.0,6.0,208.0,1.0,0.0048076925,0.4108,0.731,,False
False,0.0,,1.0,1.0,1.0,0.0,0.0,1.0,1.0,50.0,50.0,1.0,0.8037,0.5266,4.0,False
False,0.0,,,0.9723,0.9723,1.0,651865.0,1.0,2.0,0.0,50.0,inf,0.8144,0.5455,,False
False,0.0,,1.0,1.0,1.0,0.0,0.0,1.0,1.0,10.0,10.0,1.0,0.7835,0.5071,,True
False,0.0,,,0.9417,0.9417,1.0,1366770.0,1.0,2.0,0.0,10.0,inf,0.8117,0.5427,,True
False,0.0,,1.0,1.0,1.0,0.0,0.0,1.0,1.0,5.0,5.0,1.0,0.8287,0.5849,,True
False,0.0,,0.1667,0.8487,0.4243,1.0,4396498.0,2.0,2.0,5.0,1.0,0.2,0.8246,0.6197,,False
False,0.0,,,0.816,0.408,2.0,5247444.0,2.0,3.0,5.0,1.0,0.2,0.8206,0.633,,False
False,0.0,,0.1667,0.5589,0.2795,3.0,16324335.0,2.0,4.0,5.0,1.0,0.2,0.6951,0.6859,,True
False,0.0,,,0.5574,0.2787,4.0,16393115.0,2.0,4.0,5.0,1.0,0.2,0.6915,0.6887,,True
False,0.0,,,0.5574,0.2787,5.0,16393408.0,2.0,4.0,5.0,1.0,0.2,0.6814,0.69,,True
False,0.0,,0.1667,0.5173,0.2586,6.0,18738473.0,2.0,4.0,5.0,1.0,0.2,0.6498,0.6763,,True
False,0.0,,,0.5173,0.2586,7.0,18742680.0,2.0,4.0,5.0,1.0,0.2,0.65,0.6756,,True
False,0.0,,0.1667,0.2508,0.1254,8.0,49423753.0,2.0,5.0,5.0,1.0,0.2,0.3347,0.7533,,False
False,0.0,,0.1667,0.2079,0.104,9.0,64865931.0,2.0,5.0,5.0,1.0,0.2,0.7198,0.7421,,False
False,0.0,,0.4444,0.4606,0.2303,10.0,76282587.0,2.0,5.0,7.0,3.0,0.42857143,0.6121,0.7463,,False
False,0.0,0.3344,0.3619,0.3741,0.187,11.0,82424088.0,2.0,5.0,7.0,1.0,0.14285715,0.5452,0.7595,,False
False,0.0,0.3435,0.3435,0.355,0.1775,12.0,83624610.0,2.0,5.0,7.0,1.0,0.14285715,0.5496,0.7519,,False
False,0.0,0.0972,0.1785,0.1817,0.0909,13.0,110836725.0,2.0,5.0,7.0,1.0,0.14285715,0.4108,0.731,,False
False,0.0,,1.0,1.0,1.0,0.0,0.0,1.0,1.0,120.0,120.0,1.0,0.7331,0.6394,,True
False,0.0,,0.062,0.9631,0.4816,1.0,866110.0,2.0,2.0,127.0,7.0,0.05511811,0.7432,0.6527,,False
False,0.0,0.8692,0.9267,0.9267,0.9267,2.0,1722114.0,1.0,2.0,114.0,13.0,0.114035085,0.755,0.6655,,True
False,0.0,,0.0086,0.6915,0.3458,3.0,8111049.0,2.0,3.0,114.0,1.0,0.00877193,0.8101,0.5358,,True
False,0.0,,,0.6617,0.3309,4.0,9052262.0,2.0,4.0,114.0,1.0,0.00877193,0.8108,0.5055,,True
False,0.0,,0.0086,0.4342,0.2171,5.0,18305984.0,2.0,4.0,114.0,1.0,0.00877193,0.78,0.5697,,False
False,0.0,0.0056,0.0086,0.2869,0.1434,6.0,27467659.0,2.0,4.0,114.0,1.0,0.00877193,0.8012,0.592,,True
False,0.0,,0.0645,0.2673,0.0891,7.0,33438773.0,3.0,5.0,121.0,7.0,0.05785124,0.7768,0.5503,,True
False,0.0,,0.0081,0.1823,0.0608,8.0,42244240.0,3.0,6.0,121.0,1.0,0.008264462,0.7226,0.6187,,True
False,0.0,,,0.1342,0.0447,9.0,48300011.0,3.0,7.0,120.0,1.0,0.008333334,0.6596,0.6588,,False
False,0.0,,0.1277,0.2443,0.0611,10.0,48455842.0,4.0,7.0,137.0,17.0,0.124087594,0.6694,0.665,,True
False,0.0,0.0835,0.0906,0.163,0.0543,11.0,57632594.0,3.0,7.0,137.0,1.0,0.00729927,0.6927,0.6911,,True
False,0.0,0.0733,0.0746,0.1334,0.0445,12.0,62195278.0,3.0,7.0,137.0,1.0,0.00729927,0.6532,0.6971,,False
False,0.0,0.0434,0.0464,0.0805,0.0268,13.0,73881239.0,3.0,7.0,137.0,1.0,0.00729927,0.6318,0.5913,,True
False,0.0,0.0344,0.0362,0.0614,0.0205,14.0,80356857.0,3.0,7.0,137.0,1.0,0.00729927,0.6307,0.6182,,False
False,0.0,0.0247,0.027,0.0443,0.0148,15.0,88558512.0,3.0,7.0,137.0,1.0,0.00729927,0.7858,0.5151,,False
False,0.0,0.0258,,0.0157,0.0157,16.0,89522186.0,1.0,7.0,0.0,137.0,inf,0.803,0.5205,,True
False,0.0,,1.0,1.0,1.0,0.0,0.0,1.0,1.0,188.0,188.0,1.0,0.8287,0.5849,,True
False,0.0,,0.0851,0.8339,0.4169,1.0,4396498.0,2.0,2.0,185.0,19.0,0.1027027,0.8246,0.6197,,False
False,0.0,,0.6777,0.832,0.2773,2.0,16324335.0,3.0,3.0,234.0,221.0,0.9444444,0.6951,0.6859,,True
False,0.0,0.0143,0.5563,0.824,0.2747,3.0,16393115.0,3.0,3.0,185.0,195.0,1.054054,0.6915,0.6887,,True
False,0.0,0.5563,0.7387,0.887,0.2957,4.0,16393408.0,3.0,3.0,234.0,221.0,0.9444444,0.6814,0.69,,True
False,0.0,,0.0198,0.2073,0.0518,5.0,49423753.0,4.0,4.0,234.0,5.0,0.021367522,0.3347,0.7533,,False
False,0.0,,0.027,0.1255,0.0251,6.0,64865931.0,5.0,5.0,240.0,6.0,0.025,0.7198,0.7421,,False
False,0.0,0.0031,0.0835,0.1492,0.0298,7.0,76282587.0,5.0,5.0,249.0,19.0,0.07630522,0.6121,0.7463,,False
False,0.0,0.0628,0.0802,0.1289,0.0258,8.0,82424088.0,5.0,5.0,249.0,7.0,0.02811245,0.5452,0.7595,,False
False,0.0,0.0215,0.0403,0.0533,0.0107,9.0,110836725.0,5.0,5.0,249.0,7.0,0.02811245,0.4108,0.731,,False
False,0.0,,1.0,1.0,1.0,0.0,0.0,1.0,1.0,79.0,79.0,1.0,0.8304,0.5913,,True
False,0.0,,0.037,1.0,0.5,1.0,42189.0,2.0,2.0,79.0,4.0,0.050632913,0.8306,0.5944,,False
False,0.0,0.963,0.9647,1.0,0.5,2.0,55196.0,2.0,2.0,81.0,4.0,0.049382716,0.831,0.5944,,True
False,0.0,0.9496,0.9738,0.9921,0.4961,3.0,346787.0,2.0,2.0,150.0,72.0,0.48,0.8305,0.6076,,True
False,0.0,0.0182,0.0864,0.9927,0.4963,4.0,400058.0,2.0,2.0,159.0,10.0,0.062893085,0.8292,0.6161,,True
False,0.0,0.0864,0.1416,0.992,0.496,5.0,412838.0,2.0,2.0,141.0,26.0,0.18439716,0.8292,0.6175,,True
False,0.0,0.1416,0.438,0.991,0.4955,6.0,469293.0,2.0,2.0,103.0,117.0,1.1359223,0.8283,0.6217,,True
False,0.0,0.438,0.4646,0.9914,0.4957,7.0,475682.0,2.0,2.0,108.0,8.0,0.074074075,0.8286,0.6225,,False
False,0.0,0.3787,0.3812,0.811,0.4055,8.0,4887933.0,2.0,2.0,106.0,4.0,0.03773585,0.8179,0.6444,,True
False,0.0,,0.008,0.772,0.2573,9.0,5998982.0,3.0,3.0,106.0,1.0,0.009433962,0.8197,0.6533,,True
False,0.0,,0.0465,0.3404,0.0851,10.0,25809714.0,4.0,4.0,107.0,5.0,0.046728972,0.6183,0.7324,,False
False,0.0,0.134,0.1625,0.342,0.0855,11.0,26749765.0,4.0,4.0,107.0,4.0,0.037383176,0.6086,0.7331,,False
False,0.0,,0.0382,0.1701,0.0425,12.0,46521095.0,4.0,5.0,107.0,5.0,0.046728972,0.3046,0.7689,,True
False,0.0,,0.0515,0.1975,0.0395,13.0,48792028.0,5.0,6.0,111.0,7.0,0.06306306,0.3347,0.7533,,False
False,0.0,0.0246,0.0271,0.1494,0.0299,14.0,55179318.0,5.0,6.0,111.0,1.0,0.009009009,0.5895,0.7505,,False
False,0.0,0.0189,0.0156,0.1015,0.0203,15.0,62952971.0,5.0,6.0,110.0,1.0,0.009090909,0.6993,0.7365,,False
False,0.0,,0.0074,0.107,0.0178,16.0,63281622.0,6.0,6.0,110.0,1.0,0.009090909,0.6946,0.7385,,False
False,0.0,0.008,0.0154,0.0612,0.0102,17.0,77310023.0,6.0,6.0,110.0,1.0,0.009090909,0.6037,0.7367,,False
False,0.0,0.0125,0.0139,0.0511,0.0085,18.0,81792363.0,6.0,6.0,110.0,1.0,0.009090909,0.5452,0.7595,,False
False,0.0,0.0132,0.0132,0.0484,0.0081,19.0,82992885.0,6.0,6.0,110.0,1.0,0.009090909,0.5496,0.7519,,False
False,0.0,0.0037,0.0091,0.0191,0.0032,20.0,110205000.0,6.0,6.0,110.0,1.0,0.009090909,0.4108,0.731,,False
False,0.0,,1.0,1.0,1.0,0.0,0.0,1.0,1.0,255.0,255.0,1.0,0.7346,0.5694,,True
False,0.0,,0.0039,1.0,0.5,1.0,16052.0,2.0,2.0,255.0,1.0,0.003921569,0.7347,0.5688,,False
False,0.0,,1.0,1.0,1.0,0.0,0.0,1.0,1.0,79.0,79.0,1.0,0.274,0.766,,True
False,0.0,1.0,1.0,1.0,1.0,1.0,17082.0,1.0,1.0,80.0,3.0,0.0375,0.3075,0.7688,,True
False,0.0,0.9802,0.9906,0.9906,0.9906,2.0,451010.0,1.0,1.0,133.0,71.0,0.5338346,0.3311,0.7718,,True
False,0.0,,0.0137,0.8996,0.4498,3.0,2595623.0,2.0,2.0,133.0,2.0,0.015037594,0.4527,0.7534,,False
False,0.0,0.8424,0.8432,0.8564,0.4282,4.0,3660014.0,2.0,2.0,132.0,2.0,0.015151516,0.4562,0.7501,,False
False,0.0,0.0115,0.0184,0.7507,0.3754,5.0,6571814.0,2.0,2.0,132.0,1.0,0.007575758,0.5296,0.7372,,False
False,0.0,0.5532,0.5622,0.5759,0.2879,6.0,12624809.0,2.0,2.0,133.0,2.0,0.015037594,0.7024,0.7386,,False
False,0.0,0.5489,0.5519,0.5653,0.2826,7.0,13141130.0,2.0,2.0,133.0,1.0,0.007518797,0.7073,0.7386,,False
False,0.0,0.5497,0.5619,0.5754,0.2877,8.0,13219634.0,2.0,2.0,132.0,5.0,0.03787879,0.7056,0.7386,,False
False,0.0,0.5452,0.6239,0.6349,0.3174,9.0,13847424.0,2.0,2.0,156.0,27.0,0.17307693,0.71,0.7385,,True
False,0.0,0.6239,0.6251,0.6361,0.3181,10.0,13847551.0,2.0,2.0,154.0,2.0,0.012987013,0.7101,0.7383,,False
False,0.0,0.6251,0.6475,0.6581,0.3291,11.0,13850279.0,2.0,2.0,160.0,12.0,0.075,0.7102,0.7385,,True
False,0.0,0.6475,0.6493,0.6609,0.3305,12.0,13855780.0,2.0,2.0,145.0,15.0,0.10344828,0.7104,0.739,,False
False,0.0,0.4632,0.4669,0.4752,0.2376,13.0,21171077.0,2.0,2.0,145.0,1.0,0.0068965517,0.6921,0.7391,,False
False,0.0,0.3761,0.3836,0.3902,0.1951,14.0,25834710.0,2.0,2.0,146.0,1.0,0.006849315,0.6778,0.7182,,False
False,0.0,0.373,0.4388,0.4433,0.2216,15.0,26440558.0,2.0,2.0,144.0,22.0,0.15277778,0.6706,0.7213,,True
False,0.0,0.4363,0.4405,0.4449,0.2225,16.0,26611168.0,2.0,2.0,144.0,2.0,0.013888889,0.6575,0.7187,,False
False,0.0,0.4392,0.4392,0.4436,0.2218,17.0,26630652.0,2.0,2.0,144.0,1.0,0.0069444445,0.5958,0.7749,,False
False,0.0,0.4388,0.4521,0.4564,0.2282,18.0,26640025.0,2.0,2.0,147.0,4.0,0.027210884,0.5959,0.7754,,False
False,0.0,0.4449,0.4452,0.4494,0.2247,19.0,27041424.0,2.0,2.0,147.0,2.0,0.013605442,0.5407,0.7923,,True
False,0.0,0.4277,0.4344,0.4384,0.2192,20.0,27906255.0,2.0,2.0,148.0,1.0,0.006756757,0.5479,0.7875,,False
False,0.0,0.4022,0.4608,0.4642,0.2321,21.0,29549543.0,2.0,2.0,157.0,18.0,0.11464968,0.6041,0.7473,,False
False,0.0,0.4594,0.4681,0.4715,0.2357,22.0,29635229.0,2.0,2.0,159.0,2.0,0.012578616,0.6094,0.7437,,False
False,0.0,0.0018,0.0178,0.2577,0.1289,23.0,43642590.0,2.0,2.0,159.0,3.0,0.018867925,0.5504,0.7713,,False
False,0.0,0.0778,0.0962,0.102,0.051,24.0,67921596.0,2.0,2.0,159.0,4.0,0.025157232,0.7402,0.5329,,False
False,0.0,0.0884,0.1038,0.1091,0.0545,25.0,69755061.0,2.0,2.0,159.0,3.0,0.018867925,0.7399,0.5439,,False
False,0.0,0.1038,0.145,0.1501,0.075,26.0,69755652.0,2.0,2.0,164.0,7.0,0.042682927,0.7405,0.5444,,True
False,0.0,0.145,0.1493,0.1544,0.0772,27.0,69765661.0,2.0,2.0,164.0,3.0,0.018292682,0.7408,0.5444,,False
False,0.0,0.1485,0.1697,0.1747,0.0873,28.0,69910148.0,2.0,2.0,167.0,4.0,0.023952097,0.7382,0.5388,,False
False,0.0,0.1493,0.2211,0.2251,0.1125,29.0,72686569.0,2.0,2.0,180.0,15.0,0.083333336,0.7268,0.5609,,False
False,0.0,0.2119,0.2227,0.2265,0.1132,30.0,73632845.0,2.0,2.0,182.0,2.0,0.010989011,0.7335,0.5501,,False
False,0.0,0.0037,0.0083,0.2281,0.1141,31.0,73891937.0,2.0,2.0,182.0,1.0,0.0054945056,0.7347,0.5691,,False
False,0.0,,1.0,1.0,1.0,0.0,0.0,1.0,1.0,1.0,1.0,1.0,0.6557,,,True
False,0.0,,0.7143,0.9034,0.4517,1.0,8917269.0,2.0,2.0,4.0,3.0,0.75,0.4895,0.6156,,False
False,0.0,0.1637,0.4678,0.8628,0.4314,2.0,12017218.0,2.0,2.0,7.0,3.0,0.42857143,0.6176,0.6499,,True
False,0.0,0.4131,0.5034,0.7975,0.3987,3.0,14714772.0,2.0,2.0,8.0,1.0,0.125,0.6445,0.6498,,True
False,0.0,0.3853,0.4673,0.6629,0.3314,4.0,20494194.0,2.0,2.0,9.0,1.0,0.11111111,0.7331,0.6394,,True
False,0.0,0.1857,0.3403,0.6767,0.3383,5.0,21604729.0,2.0,2.0,10.0,2.0,0.2,0.7451,0.6504,,False
False,0.0,,0.3704,0.7581,0.2527,6.0,23609312.0,3.0,3.0,18.0,8.0,0.44444445,0.7874,0.5354,,True
False,0.0,0.1691,0.2264,0.6815,0.2272,7.0,26708494.0,3.0,3.0,19.0,1.0,0.05263158,0.8072,0.5349,,False
False,0.0,,0.0968,0.6553,0.1638,8.0,28605243.0,4.0,4.0,20.0,2.0,0.1,0.8101,0.5358,,True
False,0.0,0.0225,0.2743,0.368,0.092,9.0,60057410.0,4.0,4.0,25.0,8.0,0.32,0.7494,0.6528,,False
False,0.0,,0.0488,0.1401,0.028,10.0,89080858.0,5.0,5.0,26.0,1.0,0.03846154,0.6287,0.6016,,False
False,0.0,,0.2292,0.27,0.045,11.0,108884578.0,6.0,6.0,32.0,10.0,0.3125,0.7835,0.5071,,True
False,0.0,0.0156,0.055,0.284,0.0473,12.0,110251348.0,6.0,6.0,33.0,1.0,0.030303031,0.8117,0.5427,,True
False,0.0,,0.0385,0.3082,0.044,13.0,110511698.0,7.0,7.0,34.0,1.0,0.029411765,0.8118,0.5418,,False
False,0.0,,0.0877,0.3364,0.042,14.0,113119889.0,8.0,8.0,37.0,3.0,0.08108108,0.8287,0.5849,,True
False,0.0,0.0853,0.1477,0.3641,0.0455,15.0,113751614.0,8.0,8.0,38.0,3.0,0.078947365,0.8304,0.5913,,True
False,0.0,,0.0323,0.3667,0.0407,16.0,114914306.0,9.0,9.0,39.0,1.0,0.025641026,0.8293,0.6211,,False
False,0.0,0.0176,0.0771,0.2299,0.0255,17.0,130219045.0,9.0,9.0,41.0,2.0,0.048780486,0.6546,0.685,,True
False,0.0,0.0606,0.0883,0.2049,0.0228,18.0,135405035.0,9.0,9.0,42.0,1.0,0.023809524,0.6774,0.6922,,False
False,0.0,0.0382,0.1162,0.2485,0.0276,19.0,137934310.0,9.0,9.0,46.0,4.0,0.08695652,0.625,0.7366,,True
False,0.0,0.0041,0.0671,0.1885,0.0209,20.0,151316067.0,9.0,9.0,49.0,3.0,0.06122449,0.3941,0.7711,,False
False,0.0,,,0.1057,0.0117,21.0,162567276.0,9.0,10.0,48.0,1.0,0.020833334,0.3651,0.7557,,False
False,0.0,0.0325,0.0567,0.1272,0.0141,22.0,162780199.0,9.0,10.0,49.0,1.0,0.020408163,0.4204,0.7507,,True
False,0.0,0.0466,0.0698,0.1262,0.014,23.0,167038137.0,9.0,10.0,50.0,1.0,0.02,0.5534,0.737,,False
False,0.0,,0.0465,0.1517,0.0152,24.0,169963019.0,10.0,11.0,52.0,2.0,0.03846154,0.6182,0.7561,,False
False,0.0,,0.0667,0.194,0.0176,25.0,171343810.0,11.0,12.0,55.0,5.0,0.09090909,0.6774,0.7356,,True
False,0.0,,0.0217,0.1659,0.0138,26.0,177290328.0,12.0,12.0,56.0,1.0,0.017857144,0.6972,0.7422,,True
False,0.0,,,0.1498,0.0125,27.0,178962599.0,12.0,13.0,52.0,4.0,0.07692308,0.7154,0.7356,,False
False,0.0,,0.0435,0.0767,0.0059,28.0,210503777.0,13.0,14.0,54.0,2.0,0.037037037,0.3987,0.7829,,False
False,0.0,0.0001,0.0214,0.0464,0.0036,29.0,234153470.0,13.0,14.0,55.0,1.0,0.018181818,0.7346,0.5694,,True
False,0.0,,1.0,1.0,1.0,0.0,0.0,1.0,1.0,6.0,6.0,1.0,0.8101,0.5358,,True
False,0.0,1.0,1.0,1.0,1.0,1.0,13674.0,1.0,1.0,6.0,1.0,0.16666667,0.8103,0.5353,,False
False,0.0,,,0.9607,0.9607,2.0,941213.0,1.0,2.0,6.0,1.0,0.16666667,0.8108,0.5055,,True
False,0.0,,0.1429,0.6791,0.3396,3.0,10194935.0,2.0,2.0,6.0,1.0,0.16666667,0.78,0.5697,,False
False,0.0,0.0934,0.1429,0.4921,0.2461,4.0,19356610.0,2.0,2.0,6.0,1.0,0.16666667,0.8012,0.592,,True
False,0.0,,0.1429,0.3188,0.1594,5.0,34133191.0,2.0,3.0,6.0,1.0,0.16666667,0.7226,0.6187,,True
False,0.0,,0.1429,0.2291,0.1145,6.0,49521545.0,2.0,4.0,6.0,1.0,0.16666667,0.6927,0.6911,,True
False,0.0,0.116,0.1429,0.2129,0.1064,7.0,54084229.0,2.0,4.0,6.0,1.0,0.16666667,0.6532,0.6971,,False
False,0.0,0.0832,0.1429,0.1834,0.0917,8.0,65770190.0,2.0,4.0,6.0,1.0,0.16666667,0.6318,0.5913,,True
True,1.0,,0.7273,0.7372,0.3686,9.0,71374106.0,2.0,5.0,20.0,15.0,0.75,0.6166,0.5997,,True
False,1.0,0.5299,0.5546,0.5618,0.2809,10.0,78271312.0,2.0,5.0,20.0,2.0,0.1,0.7101,0.4855,,False
False,1.0,,0.12,0.5465,0.1822,11.0,81411137.0,3.0,5.0,22.0,2.0,0.09090909,0.803,0.5205,,True
False,1.0,,0.0741,0.5125,0.1281,12.0,84514646.0,4.0,6.0,23.0,1.0,0.04347826,0.8287,0.5849,,True
False,1.0,0.2361,0.259,0.3813,0.0953,13.0,92274941.0,4.0,6.0,23.0,1.0,0.04347826,0.8197,0.6519,,False
False,1.0,0.0549,0.1201,0.3583,0.0896,14.0,96683171.0,4.0,6.0,24.0,1.0,0.041666668,0.7898,0.682,,True
False,1.0,0.1564,0.2108,0.3312,0.0828,15.0,101613802.0,4.0,6.0,25.0,1.0,0.04,0.6546,0.685,,True
False,1.0,0.1654,0.2391,0.3254,0.0813,16.0,106799792.0,4.0,6.0,27.0,2.0,0.074074075,0.6774,0.6922,,False
False,1.0,,0.0556,0.329,0.0658,17.0,109329067.0,5.0,7.0,28.0,1.0,0.035714287,0.625,0.7366,,True
False,1.0,0.0289,0.126,0.2592,0.0518,18.0,122710824.0,5.0,7.0,31.0,3.0,0.09677419,0.3941,0.7711,,False
False,1.0,,,0.1552,0.031,19.0,133962033.0,5.0,8.0,30.0,1.0,0.033333335,0.3651,0.7557,,False
False,1.0,0.0761,0.1421,0.2144,0.0429,20.0,134174956.0,5.0,8.0,32.0,2.0,0.0625,0.4204,0.7507,,True
False,1.0,0.1168,0.1569,0.2134,0.0427,21.0,138432202.0,5.0,8.0,33.0,1.0,0.030303031,0.5531,0.7378,,True
False,1.0,0.0392,0.0624,0.2014,0.0403,22.0,140308605.0,5.0,8.0,32.0,2.0,0.0625,0.5891,0.7529,,True
False,1.0,,0.0652,0.2445,0.0407,23.0,141357776.0,6.0,9.0,34.0,2.0,0.05882353,0.6182,0.7561,,False
False,1.0,,0.0435,0.2631,0.0376,24.0,142738567.0,7.0,10.0,34.0,2.0,0.05882353,0.6774,0.7356,,True
False,1.0,,0.0417,0.2332,0.0292,25.0,148685085.0,8.0,10.0,35.0,1.0,0.028571429,0.6972,0.7422,,True
False,1.0,,0.0769,0.2816,0.0313,26.0,149744308.0,9.0,11.0,38.0,3.0,0.078947365,0.7171,0.7372,,True
False,1.0,,,0.2783,0.0309,27.0,150357356.0,9.0,12.0,37.0,1.0,0.027027028,0.7154,0.7356,,False
False,1.0,0.0377,0.0409,0.1667,0.0185,28.0,160182400.0,9.0,12.0,33.0,4.0,0.121212125,0.6072,0.7427,,False
False,1.0,,0.0408,0.0991,0.0099,29.0,181898534.0,10.0,13.0,34.0,1.0,0.029411765,0.3987,0.7829,,False
False,1.0,,0.0392,0.0711,0.0065,30.0,205548227.0,11.0,14.0,35.0,1.0,0.028571429,0.7346,0.5694,,True
False,0.0,,1.0,1.0,1.0,0.0,0.0,1.0,1.0,52.0,52.0,1.0,0.7874,0.5354,,True
False,0.0,1.0,1.0,1.0,1.0,1.0,19595.0,1.0,1.0,52.0,1.0,0.01923077,0.7991,0.5471,,False
False,0.0,,0.1017,0.8165,0.4083,2.0,4995931.0,2.0,2.0,56.0,4.0,0.071428575,0.8101,0.5358,,True
False,0.0,,0.169,0.6839,0.228,3.0,10953969.0,3.0,3.0,64.0,8.0,0.125,0.7997,0.5181,,True
False,0.0,0.1554,0.2775,0.6821,0.2274,4.0,12773622.0,3.0,3.0,72.0,8.0,0.11111111,0.785,0.5576,,False
False,0.0,0.2775,0.3688,0.7223,0.2408,5.0,12779063.0,3.0,3.0,80.0,8.0,0.1,0.788,0.5671,,False
False,0.0,,0.1038,0.5447,0.1362,6.0,21069435.0,4.0,4.0,89.0,9.0,0.101123594,0.7951,0.5742,,False
False,0.0,0.1038,0.1518,0.5688,0.1422,7.0,21081387.0,4.0,4.0,93.0,4.0,0.043010753,0.7948,0.577,,False
False,0.0,,0.0508,0.2597,0.0519,8.0,41553718.0,5.0,5.0,97.0,4.0,0.041237112,0.7137,0.6188,,True
False,0.0,,0.0484,0.2802,0.0467,9.0,42938691.0,6.0,6.0,101.0,4.0,0.03960396,0.6949,0.6454,,True
False,0.0,0.0411,0.0992,0.2984,0.0497,10.0,45171154.0,6.0,6.0,107.0,6.0,0.056074765,0.6592,0.6595,,True
False,0.0,0.035,0.0373,0.2615,0.0436,11.0,48563256.0,6.0,6.0,99.0,8.0,0.08080808,0.7159,0.7082,,False
False,0.0,0.0064,0.0523,0.0893,0.0149,12.0,86407068.0,6.0,6.0,103.0,4.0,0.03883495,0.803,0.5205,,True
False,0.0,,0.0441,0.1181,0.0169,13.0,89510577.0,7.0,7.0,107.0,4.0,0.037383176,0.8287,0.5849,,True
False,0.0,0.0247,0.0724,0.1129,0.0161,14.0,101679102.0,7.0,7.0,112.0,5.0,0.04464286,0.7898,0.682,,True
False,0.0,0.0687,0.0703,0.1083,0.0155,15.0,102815946.0,7.0,7.0,108.0,4.0,0.037037037,0.7538,0.6767,,False
False,0.0,,0.0479,0.1344,0.0168,16.0,106609733.0,8.0,8.0,113.0,5.0,0.044247787,0.6546,0.685,,True
False,0.0,0.0377,0.0757,0.141,0.0176,17.0,111795723.0,8.0,8.0,117.0,4.0,0.034188036,0.6774,0.6922,,False
False,0.0,,0.038,0.1586,0.0176,18.0,114324998.0,9.0,9.0,121.0,4.0,0.03305785,0.625,0.7366,,True
False,0.0,,,0.1361,0.0151,19.0,117226868.0,9.0,10.0,107.0,14.0,0.13084112,0.6359,0.7363,,False
False,0.0,0.0353,0.0709,0.1231,0.0137,20.0,126310466.0,9.0,10.0,111.0,5.0,0.045045044,0.4836,0.7664,,False
False,0.0,0.0165,0.1194,0.1925,0.0214,21.0,127706755.0,9.0,10.0,123.0,18.0,0.14634146,0.3941,0.7711,,False
False,0.0,,,0.1123,0.0125,22.0,138957964.0,9.0,11.0,121.0,2.0,0.016528925,0.3651,0.7557,,False
False,0.0,0.0715,0.074,0.1142,0.0127,23.0,139107229.0,9.0,11.0,121.0,1.0,0.008264462,0.3767,0.7581,,False
False,0.0,0.0738,0.0968,0.1362,0.0151,24.0,139170887.0,9.0,11.0,123.0,3.0,0.024390243,0.4204,0.7507,,True
False,0.0,0.0795,0.1223,0.1531,0.017,25.0,143428133.0,9.0,11.0,129.0,6.0,0.046511628,0.5531,0.7378,,True
False,0.0,,0.0947,0.2159,0.0216,26.0,146353707.0,10.0,12.0,144.0,15.0,0.104166664,0.6182,0.7561,,False
False,0.0,,0.0306,0.1798,0.0163,27.0,153681016.0,11.0,12.0,148.0,4.0,0.027027028,0.6972,0.7422,,True
False,0.0,,,0.1684,0.0153,28.0,155353287.0,11.0,13.0,144.0,4.0,0.027777778,0.7154,0.7356,,False
False,0.0,0.0397,0.0396,0.0778,0.0071,29.0,165178331.0,11.0,13.0,122.0,22.0,0.18032786,0.6072,0.7427,,False
False,0.0,,0.0116,0.0684,0.0057,30.0,171691594.0,12.0,14.0,123.0,1.0,0.008130081,0.5417,0.7599,,False
False,0.0,0.0212,0.0595,0.0873,0.0073,31.0,178401024.0,12.0,14.0,128.0,5.0,0.0390625,0.5348,0.7707,,False
False,0.0,0.0593,0.0648,0.0925,0.0077,32.0,178487781.0,12.0,14.0,128.0,1.0,0.0078125,0.5301,0.774,,True
False,0.0,0.0032,0.0143,0.1035,0.0086,33.0,178501620.0,12.0,14.0,128.0,2.0,0.015625,0.5325,0.7752,,True
False,0.0,0.0004,0.034,0.1194,0.0099,34.0,178598112.0,12.0,14.0,128.0,6.0,0.046875,0.5457,0.7759,,True
False,0.0,0.058,0.0692,0.1233,0.0103,35.0,178926763.0,12.0,14.0,128.0,2.0,0.015625,0.5446,0.775,,False
False,0.0,0.008,0.0081,0.1185,0.0099,36.0,178940629.0,12.0,14.0,127.0,1.0,0.007874016,0.5384,0.7769,,False
False,0.0,,0.0056,0.1184,0.0091,37.0,178945031.0,13.0,15.0,127.0,1.0,0.007874016,0.5393,0.777,,False
False,0.0,0.0056,0.0057,0.0722,0.0056,38.0,186792638.0,13.0,15.0,124.0,3.0,0.024193548,0.3514,0.7985,,False
False,0.0,,0.0437,0.1123,0.008,39.0,186894465.0,14.0,16.0,129.0,5.0,0.03875969,0.3987,0.7829,,False
True,1.0,0.0314,0.0521,0.1291,0.0092,40.0,187327029.0,14.0,16.0,131.0,2.0,0.015267176,0.3834,0.7833,,False
False,1.0,0.0423,0.0474,0.1099,0.0078,41.0,191878406.0,14.0,16.0,131.0,1.0,0.007633588,0.3551,0.767,,False
False,1.0,0.0287,0.0685,0.1048,0.0075,42.0,202695361.0,14.0,16.0,137.0,6.0,0.04379562,0.7149,0.5141,,True
False,1.0,,0.0299,0.1006,0.0067,43.0,210544158.0,15.0,17.0,141.0,4.0,0.028368793,0.7346,0.5694,,True
False,0.0,,1.0,1.0,1.0,0.0,0.0,1.0,1.0,98.0,98.0,1.0,0.6557,,,True
False,0.0,,,0.9379,0.9379,1.0,1384852.0,1.0,2.0,94.0,4.0,0.04255319,0.6557,0.1376,,False
False,0.0,,0.181,0.9491,0.4746,2.0,1396418.0,2.0,2.0,112.0,18.0,0.16071428,0.6527,0.3814,,True
False,0.0,0.6893,0.7094,0.8613,0.4307,3.0,3801586.0,2.0,2.0,119.0,7.0,0.05882353,0.5233,0.5824,,True
False,0.0,,0.0161,0.7613,0.2538,4.0,6500733.0,3.0,3.0,119.0,2.0,0.016806724,0.4113,0.5659,,False
False,0.0,,0.3296,0.8267,0.2067,5.0,7092918.0,4.0,4.0,173.0,62.0,0.3583815,0.4671,0.6021,,True
False,0.0,,0.0389,0.812,0.1624,6.0,7777836.0,5.0,5.0,173.0,10.0,0.057803467,0.4738,0.5973,,True
False,0.0,0.0389,0.0391,0.8127,0.1625,7.0,7777877.0,5.0,5.0,172.0,1.0,0.0058139535,0.4745,0.5909,,False
False,0.0,,0.0867,0.8362,0.1394,8.0,7793377.0,6.0,6.0,164.0,26.0,0.15853658,0.4726,0.632,,True
False,0.0,,0.0284,0.839,0.1199,9.0,7795366.0,7.0,7.0,166.0,4.0,0.024096385,0.4746,0.6265,,False
False,0.0,0.073,0.0986,0.8336,0.1191,10.0,8059493.0,7.0,7.0,170.0,4.0,0.023529412,0.4766,0.6216,,True
False,0.0,0.0093,0.036,0.7615,0.1088,11.0,10204350.0,7.0,7.0,174.0,4.0,0.022988506,0.4861,0.6155,,True
False,0.0,,0.0058,0.7468,0.0934,12.0,10903531.0,8.0,8.0,161.0,14.0,0.08695652,0.5696,0.6206,,False
False,0.0,0.0875,0.1131,0.7297,0.0912,13.0,11664433.0,8.0,8.0,165.0,4.0,0.024242423,0.553,0.639,,True
False,0.0,0.0278,0.0334,0.72,0.09,14.0,11939895.0,8.0,8.0,165.0,1.0,0.006060606,0.5529,0.6334,,False
False,0.0,0.0334,0.0556,0.7224,0.0903,15.0,11944152.0,8.0,8.0,165.0,8.0,0.048484847,0.5423,0.6423,,True
False,0.0,0.2091,0.4204,0.6403,0.0915,16.0,12017218.0,7.0,8.0,73.0,94.0,1.2876712,0.6176,0.6499,,True
False,0.0,0.3974,0.441,0.6289,0.1048,17.0,13239911.0,6.0,8.0,77.0,6.0,0.077922076,0.6201,0.6877,,True
False,0.0,0.441,0.8936,0.9104,0.4552,18.0,13241339.0,2.0,8.0,76.0,135.0,1.7763158,0.6609,0.6369,,True
False,0.0,0.8019,0.8584,0.8693,0.4347,19.0,15578113.0,2.0,8.0,111.0,36.0,0.3243243,0.6387,0.6451,,False
False,0.0,0.6967,0.6988,0.7077,0.3538,20.0,20134508.0,2.0,8.0,111.0,1.0,0.009009009,0.7327,0.6305,,False
False,0.0,0.6347,0.6297,0.6393,0.3196,21.0,22216308.0,2.0,8.0,91.0,20.0,0.21978022,0.755,0.6655,,True
False,0.0,,0.1083,0.5336,0.1779,22.0,28514324.0,3.0,9.0,101.0,11.0,0.10891089,0.8179,0.5178,,True
False,0.0,0.1079,0.1162,0.5357,0.1786,23.0,28605243.0,3.0,9.0,101.0,1.0,0.00990099,0.8101,0.5358,,True
False,0.0,,,0.5132,0.1711,24.0,29546456.0,3.0,10.0,101.0,1.0,0.00990099,0.8108,0.5055,,True
False,0.0,,0.0083,0.428,0.107,25.0,33700031.0,4.0,10.0,101.0,1.0,0.00990099,0.8164,0.5087,,True
False,0.0,,0.0476,0.4299,0.086,26.0,35084647.0,5.0,11.0,106.0,5.0,0.047169812,0.7975,0.526,,True
False,0.0,0.0452,0.0886,0.4345,0.0869,27.0,36226292.0,5.0,11.0,111.0,5.0,0.045045044,0.7809,0.5457,,True
False,0.0,,0.0839,0.4762,0.0952,28.0,36382934.0,5.0,11.0,121.0,11.0,0.09090909,0.785,0.5576,,False
False,0.0,0.0839,0.0839,0.4762,0.0952,29.0,36388375.0,5.0,11.0,131.0,11.0,0.08396947,0.788,0.5671,,False
False,0.0,,,0.4464,0.0893,30.0,36910912.0,5.0,12.0,126.0,5.0,0.03968254,0.7878,0.5688,,False
False,0.0,,,0.4448,0.089,31.0,36986167.0,5.0,13.0,121.0,5.0,0.041322313,0.7845,0.5674,,False
False,0.0,0.0493,0.0493,0.4446,0.0889,32.0,36998023.0,5.0,13.0,116.0,5.0,0.04310345,0.7846,0.5685,,False
False,0.0,,,0.434,0.0868,33.0,37507100.0,5.0,13.0,111.0,5.0,0.045045044,0.7837,0.5701,,False
False,0.0,0.0455,0.0528,0.4116,0.0823,34.0,38800178.0,5.0,13.0,111.0,1.0,0.009009009,0.78,0.5697,,False
False,0.0,,0.0417,0.4235,0.0706,35.0,39504969.0,6.0,14.0,116.0,5.0,0.04310345,0.7531,0.5952,,True
False,0.0,0.0416,0.0431,0.3431,0.0572,36.0,42960459.0,6.0,14.0,111.0,5.0,0.045045044,0.7842,0.5936,,False
False,0.0,,0.0414,0.3443,0.0492,37.0,44724524.0,7.0,14.0,116.0,5.0,0.04310345,0.7951,0.5828,,True
False,0.0,,0.0705,0.3902,0.0488,38.0,44761580.0,8.0,15.0,126.0,10.0,0.07936508,0.7974,0.5875,,True
False,0.0,0.0505,0.1388,0.4468,0.0558,39.0,44767385.0,8.0,15.0,141.0,15.0,0.10638298,0.8,0.5938,,True
False,0.0,0.0339,0.0384,0.3564,0.0446,40.0,45806957.0,8.0,15.0,121.0,20.0,0.16528925,0.8011,0.5976,,False
False,0.0,0.0312,0.0335,0.3247,0.0406,41.0,47961853.0,8.0,15.0,121.0,1.0,0.008264462,0.8012,0.592,,True
False,0.0,0.015,0.0343,0.2989,0.0374,42.0,50670151.0,8.0,15.0,122.0,2.0,0.016393442,0.8029,0.5685,,False
False,0.0,,0.2667,0.4549,0.0505,43.0,53952467.0,9.0,16.0,177.0,55.0,0.31073445,0.7855,0.5625,,False
False,0.0,0.2667,0.3391,0.5087,0.0565,44.0,53961753.0,9.0,16.0,199.0,22.0,0.110552765,0.7871,0.5737,,False
False,0.0,0.0147,0.019,0.3891,0.0432,45.0,59987965.0,9.0,16.0,199.0,1.0,0.0050251256,0.7527,0.6514,,False
False,0.0,0.0124,0.1382,0.4523,0.0503,46.0,60949206.0,9.0,16.0,232.0,33.0,0.14224137,0.7365,0.6153,,False
False,0.0,,0.0037,0.4183,0.0418,47.0,62738434.0,10.0,17.0,232.0,1.0,0.004310345,0.7226,0.6187,,True
False,0.0,,,0.3414,0.0341,48.0,67660384.0,10.0,18.0,220.0,12.0,0.054545455,0.6963,0.6458,,False
False,0.0,0.0003,0.0042,0.2122,0.0236,49.0,78126788.0,9.0,18.0,220.0,1.0,0.0045454544,0.6927,0.6911,,True
False,0.0,0.0042,0.0081,0.2126,0.0236,50.0,78466240.0,9.0,18.0,220.0,1.0,0.0045454544,0.6878,0.6896,,True
False,0.0,0.0078,0.1188,0.2931,0.0326,51.0,79323717.0,9.0,18.0,250.0,31.0,0.124,0.6986,0.6965,,False
False,0.0,0.102,0.1027,0.2517,0.028,52.0,82689472.0,9.0,18.0,250.0,1.0,0.004,0.6532,0.6971,,False
False,0.0,0.0595,0.061,0.1477,0.0164,53.0,94375433.0,9.0,18.0,250.0,1.0,0.004,0.6318,0.5913,,True
False,0.0,0.0452,0.0461,0.1103,0.0123,54.0,100851051.0,9.0,18.0,250.0,1.0,0.004,0.6307,0.6182,,False
False,0.0,,0.0205,0.1079,0.0108,55.0,105419473.0,10.0,19.0,255.0,5.0,0.019607844,0.5522,0.7571,,False
False,0.0,,0.0426,0.1353,0.0123,56.0,107753847.0,11.0,20.0,267.0,12.0,0.04494382,0.7801,0.5043,,False
False,0.0,0.0295,0.0306,0.1285,0.0117,57.0,109052706.0,11.0,20.0,267.0,1.0,0.0037453184,0.7858,0.5151,,False
False,0.0,,0.0033,0.0989,0.0082,58.0,114914306.0,12.0,21.0,267.0,1.0,0.0037453184,0.8293,0.6211,,False
False,0.0,,0.0033,0.0712,0.0059,59.0,122267901.0,12.0,22.0,267.0,1.0,0.0037453184,0.8236,0.6569,,False
False,0.0,0.009,0.0123,0.0445,0.004,60.0,132988675.0,11.0,22.0,267.0,1.0,0.0037453184,0.6549,0.6947,,True
False,0.0,,0.0193,0.0514,0.0043,61.0,139650977.0,12.0,23.0,272.0,5.0,0.018382354,0.6209,0.7333,,True
False,0.0,0.0008,0.001,0.0578,0.0048,62.0,140836180.0,12.0,23.0,197.0,75.0,0.38071066,0.6359,0.7363,,False
False,0.0,,0.261,0.3036,0.0234,63.0,140935105.0,13.0,24.0,276.0,80.0,0.28985506,0.6259,0.7383,,False
False,0.0,0.007,0.0081,0.2961,0.0228,64.0,141609001.0,13.0,24.0,276.0,1.0,0.0036231885,0.6136,0.7447,,False
False,0.0,,0.0185,0.2722,0.0194,65.0,144495023.0,14.0,24.0,281.0,5.0,0.017793594,0.6074,0.7463,,True
False,0.0,0.0061,0.0068,0.2421,0.0173,66.0,147072004.0,14.0,24.0,281.0,1.0,0.0035587188,0.5696,0.7563,,False
False,0.0,,,0.2158,0.0154,67.0,148625844.0,14.0,25.0,276.0,5.0,0.018115941,0.5623,0.7527,,False
False,0.0,0.0057,0.0671,0.2406,0.0172,68.0,151316067.0,14.0,25.0,296.0,20.0,0.067567565,0.3941,0.7711,,False
False,0.0,0.0554,0.0562,0.2014,0.0144,69.0,155520501.0,14.0,25.0,291.0,5.0,0.01718213,0.3582,0.7743,,True
False,0.0,0.0502,0.0514,0.1807,0.0129,70.0,157962905.0,14.0,25.0,291.0,1.0,0.0034364262,0.2662,0.7729,,True
False,0.0,0.0461,0.0464,0.1629,0.0116,71.0,160272709.0,14.0,25.0,291.0,1.0,0.0034364262,0.3046,0.7689,,True
False,0.0,0.0279,0.0291,0.0988,0.0071,72.0,171266622.0,14.0,25.0,291.0,1.0,0.0034364262,0.6426,0.7596,,False
False,0.0,,0.0077,0.097,0.0075,73.0,171343810.0,13.0,26.0,215.0,78.0,0.3627907,0.6774,0.7356,,True
False,0.0,,0.0226,0.116,0.0083,74.0,171612482.0,14.0,26.0,220.0,5.0,0.022727273,0.6905,0.7359,,True
False,0.0,0.0001,0.0039,0.107,0.0076,75.0,173425577.0,14.0,26.0,220.0,1.0,0.0045454544,0.705,0.7391,,False
False,0.0,0.0043,0.0057,0.0774,0.0055,76.0,180836918.0,14.0,26.0,220.0,1.0,0.0045454544,0.7107,0.7379,,False
False,0.0,0.0035,0.005,0.0495,0.0035,77.0,191061637.0,14.0,26.0,220.0,1.0,0.0045454544,0.6037,0.7367,,False
False,0.0,0.0036,0.0046,0.0372,0.0027,78.0,197787545.0,14.0,26.0,220.0,1.0,0.0045454544,0.5618,0.77,,True
False,0.0,0.0026,0.0043,0.0225,0.0016,79.0,210391237.0,14.0,26.0,220.0,1.0,0.0045454544,0.3619,0.8004,,False
False,0.0,0.0033,0.093,0.1059,0.0076,80.0,215924501.0,14.0,26.0,243.0,25.0,0.10288066,0.3615,0.7644,,False
False,0.0,0.0021,0.0123,0.1074,0.0077,81.0,217637442.0,14.0,26.0,245.0,2.0,0.008163265,0.3677,0.744,,False
False,0.0,0.0121,0.0417,0.1324,0.0095,82.0,217936108.0,14.0,26.0,253.0,8.0,0.031620555,0.3518,0.7454,,False
False,0.0,0.0384,0.0143,0.1,0.0071,83.0,219740918.0,14.0,26.0,245.0,8.0,0.03265306,0.3376,0.7416,,False
False,0.0,0.0634,0.065,0.084,0.006,84.0,223956614.0,14.0,26.0,245.0,1.0,0.0040816325,0.4108,0.731,,False
False,0.0,,0.0135,0.0919,0.0061,85.0,225095503.0,15.0,27.0,248.0,3.0,0.012096774,0.7051,0.5277,,False
False,0.0,0.0502,0.051,0.0769,0.0051,86.0,229153089.0,15.0,27.0,248.0,1.0,0.004032258,0.7494,0.5359,,False
False,0.0,0.0407,0.2173,0.2341,0.0156,87.0,234058842.0,15.0,27.0,314.0,66.0,0.21019109,0.7321,0.5586,,False
False,0.0,0.2164,0.2056,0.2226,0.0148,88.0,234149126.0,15.0,27.0,309.0,5.0,0.01618123,0.7321,0.558,,False
False,0.0,,0.0164,0.2353,0.0147,89.0,234152269.0,16.0,27.0,314.0,5.0,0.015923567,0.7322,0.5582,,False
False,0.0,0.0164,,0.0674,0.0045,90.0,234152282.0,15.0,27.0,248.0,66.0,0.26612905,0.7333,0.5623,,False
False,0.0,,,0.0002,0.0001,91.0,234153470.0,3.0,27.0,5.0,243.0,48.6,0.7346,0.5694,,True
False,0.0,,1.0,1.0,1.0,0.0,0.0,1.0,1.0,24.0,24.0,1.0,0.7321,0.5592,,False
False,0.0,,1.0,1.0,1.0,0.0,0.0,1.0,1.0,124.0,124.0,1.0,0.6208,0.5747,6.0,True
False,0.0,,0.25,0.8863,0.4432,1.0,3562267.0,2.0,2.0,161.0,39.0,0.24223602,0.7382,0.5424,8.0,False
False,0.0,,0.024,0.7943,0.2648,2.0,6134124.0,3.0,3.0,162.0,3.0,0.018518519,0.7346,0.5464,8.0,False
False,0.0,0.0227,0.0172,0.7507,0.2502,3.0,7266882.0,3.0,3.0,161.0,1.0,0.0062111802,0.7351,0.5521,8.0,False
False,0.0,0.4982,0.5497,0.7421,0.2474,4.0,8386539.0,3.0,3.0,179.0,18.0,0.10055866,0.7321,0.5592,9.0,False
False,0.0,,1.0,1.0,1.0,0.0,0.0,1.0,1.0,184.0,184.0,1.0,0.4204,0.7507,,True
False,0.0,0.7523,0.7537,0.7537,0.7537,1.0,6150733.0,1.0,1.0,184.0,1.0,0.0054347827,0.5895,0.7505,,False
False,0.0,0.6095,0.6258,0.6258,0.6258,2.0,10720232.0,1.0,1.0,189.0,9.0,0.04761905,0.7071,0.7386,,False
False,0.0,,0.0637,0.6359,0.318,3.0,11236996.0,2.0,2.0,201.0,12.0,0.05970149,0.7108,0.7376,,False
False,0.0,0.5674,0.5818,0.6429,0.3215,4.0,11488345.0,2.0,2.0,207.0,6.0,0.028985508,0.7101,0.7397,,False
False,0.0,,0.0047,0.6234,0.2078,5.0,12096383.0,3.0,3.0,207.0,1.0,0.004830918,0.703,0.7465,,False
False,0.0,0.5593,0.5587,0.6261,0.2087,6.0,12099223.0,3.0,3.0,197.0,10.0,0.05076142,0.7032,0.7468,,False
False,0.0,0.2737,0.2947,0.3266,0.1089,7.0,27555773.0,3.0,3.0,202.0,5.0,0.024752475,0.6005,0.7386,,False
False,0.0,0.1571,0.1572,0.1743,0.0581,8.0,41062467.0,3.0,3.0,201.0,1.0,0.0049751243,0.5494,0.7716,,False
False,0.0,0.1566,0.2243,0.24,0.08,9.0,41145983.0,3.0,3.0,217.0,16.0,0.07373272,0.5537,0.7725,,False
False,0.0,0.099,0.1228,0.1296,0.0432,10.0,58795818.0,3.0,3.0,221.0,5.0,0.022624435,0.3991,0.7381,,False
False,0.0,0.1075,0.159,0.1645,0.0548,11.0,61688344.0,3.0,3.0,233.0,12.0,0.051502146,0.437,0.7358,,False
False,0.0,,,0.1352,0.0451,12.0,62389552.0,3.0,4.0,226.0,7.0,0.030973451,0.7071,0.5304,,False
False,0.0,0.1167,0.1456,0.1505,0.0502,13.0,64650380.0,3.0,4.0,233.0,7.0,0.030042918,0.738,0.5266,,False
False,0.0,0.1238,0.1448,0.1488,0.0496,14.0,68178469.0,3.0,4.0,238.0,5.0,0.021008404,0.7379,0.5397,,False
False,0.0,0.1398,0.1664,0.1702,0.0567,15.0,68954175.0,3.0,4.0,245.0,7.0,0.028571429,0.7347,0.5524,,False
False,0.0,0.1636,0.1826,0.1862,0.0621,16.0,69315777.0,3.0,4.0,250.0,5.0,0.02,0.7348,0.5518,,False
False,0.0,,1.0,1.0,1.0,0.0,0.0,1.0,1.0,235.0,235.0,1.0,0.8287,0.5849,,True
False,0.0,,0.0328,0.8055,0.4028,1.0,4915520.0,2.0,2.0,241.0,6.0,0.024896266,0.8216,0.6272,,True
False,0.0,0.0328,0.0294,0.8049,0.4024,2.0,4916304.0,2.0,2.0,201.0,40.0,0.19900498,0.8214,0.6294,,False
False,0.0,0.0294,0.0481,0.8086,0.4043,3.0,4916646.0,2.0,2.0,204.0,3.0,0.014705882,0.8213,0.6289,,False
False,0.0,,0.0096,0.3399,0.1133,4.0,24014069.0,3.0,3.0,204.0,2.0,0.009803922,0.6266,0.7268,,True
False,0.0,0.0068,0.0164,0.1225,0.0612,5.0,47152820.0,2.0,3.0,204.0,2.0,0.009803922,0.3046,0.7689,,True
False,0.0,,0.028,0.0821,0.0274,6.0,64170439.0,3.0,4.0,209.0,5.0,0.023923445,0.6972,0.7422,,True
False,0.0,0.0243,0.0594,0.1045,0.0348,7.0,67299776.0,3.0,4.0,216.0,7.0,0.032407407,0.7133,0.735,,False
False,0.0,,0.0676,0.1047,0.0262,8.0,88991043.0,4.0,4.0,216.0,15.0,0.06944445,0.5325,0.7752,,True
False,0.0,0.0131,0.3391,0.4004,0.1001,9.0,89087535.0,4.0,4.0,321.0,106.0,0.33021808,0.5457,0.7759,,True
False,0.0,0.3363,0.3559,0.4149,0.1037,10.0,89328996.0,4.0,4.0,329.0,9.0,0.027355623,0.549,0.7716,,False
False,0.0,0.0013,0.019,0.3986,0.0996,11.0,90706969.0,4.0,4.0,329.0,6.0,0.018237082,0.5496,0.7722,,False
False,0.0,,,0.3833,0.0958,12.0,91338528.0,4.0,5.0,324.0,5.0,0.015432099,0.43,0.8245,,False
False,0.0,,0.0318,0.2696,0.0539,13.0,100983159.0,5.0,6.0,333.0,9.0,0.027027028,0.3463,0.7677,,False
False,0.0,,0.017,0.1389,0.0231,14.0,117743568.0,6.0,7.0,337.0,4.0,0.011869436,0.7376,0.5395,,False
False,0.0,0.0081,0.0083,0.1258,0.021,15.0,118099183.0,6.0,7.0,328.0,9.0,0.027439024,0.7346,0.5464,,False
False,0.0,,1.0,1.0,1.0,0.0,0.0,1.0,1.0,6.0,6.0,1.0,0.7835,0.5071,,True
False,0.0,,1.0,1.0,1.0,0.0,0.0,1.0,1.0,27.0,27.0,1.0,0.7835,0.5071,,True
False,0.0,,1.0,1.0,1.0,0.0,0.0,1.0,1.0,5.0,5.0,1.0,0.8304,0.5913,,True
False,0.0,,0.1667,0.8325,0.4162,1.0,4887933.0,2.0,2.0,5.0,1.0,0.2,0.8179,0.6444,,True
False,0.0,,,0.7908,0.3954,2.0,5998982.0,2.0,3.0,5.0,1.0,0.2,0.8197,0.6533,,True
False,0.0,,0.1667,0.5701,0.285,3.0,15692610.0,2.0,4.0,5.0,1.0,0.2,0.6951,0.6859,,True
False,0.0,,,0.5685,0.2842,4.0,15761390.0,2.0,5.0,5.0,1.0,0.2,0.6915,0.6887,,True
False,0.0,,,0.5685,0.2842,5.0,15761683.0,2.0,5.0,5.0,1.0,0.2,0.6814,0.69,,True
False,0.0,,0.1667,0.5273,0.2636,6.0,18106748.0,2.0,5.0,5.0,1.0,0.2,0.6498,0.6763,,True
False,0.0,,0.1667,0.2536,0.1268,7.0,48792028.0,2.0,6.0,5.0,1.0,0.2,0.3347,0.7533,,False
False,0.0,,0.1667,0.2091,0.1045,8.0,64234206.0,2.0,6.0,5.0,1.0,0.2,0.7198,0.7421,,False
False,0.0,,0.4444,0.4599,0.2299,9.0,77310023.0,2.0,6.0,7.0,3.0,0.42857143,0.6037,0.7367,,False
False,0.0,0.3623,0.3828,0.3954,0.1977,10.0,81792363.0,2.0,6.0,7.0,1.0,0.14285715,0.5452,0.7595,,False
False,0.0,0.3624,0.3624,0.3742,0.1871,11.0,82992885.0,2.0,6.0,7.0,1.0,0.14285715,0.5496,0.7519,,False
False,0.0,0.1025,0.1838,0.1871,0.0936,12.0,110205000.0,2.0,6.0,7.0,1.0,0.14285715,0.4108,0.731,,False
False,0.0,,1.0,1.0,1.0,0.0,0.0,1.0,1.0,33.0,33.0,1.0,0.6609,0.6369,,True
False,0.0,0.717,0.7709,0.7709,0.7709,1.0,7252855.0,1.0,1.0,39.0,6.0,0.15384616,0.7331,0.6394,,True
False,0.0,,0.4474,0.8604,0.4302,2.0,7931352.0,2.0,2.0,72.0,33.0,0.45833334,0.737,0.6452,,True
False,0.0,,0.2619,0.8684,0.2895,3.0,8118965.0,3.0,3.0,79.0,35.0,0.443038,0.7432,0.6527,,False
False,0.0,0.3561,0.5337,0.881,0.2937,4.0,8974969.0,3.0,3.0,110.0,31.0,0.28181818,0.755,0.6655,,True
False,0.0,,0.0508,0.881,0.2203,5.0,9067969.0,4.0,4.0,111.0,5.0,0.045045044,0.7551,0.6679,,False
False,0.0,,0.0085,0.796,0.1592,6.0,11384825.0,5.0,5.0,111.0,1.0,0.009009009,0.8004,0.5438,,False
False,0.0,0.1066,0.1144,0.725,0.145,7.0,13193886.0,5.0,5.0,103.0,8.0,0.0776699,0.8131,0.5481,,False
False,0.0,0.1039,0.1428,0.6733,0.1347,8.0,15272985.0,5.0,5.0,107.0,4.0,0.037383176,0.8179,0.5178,,True
False,0.0,0.1419,0.1651,0.6802,0.136,9.0,15363904.0,5.0,5.0,108.0,2.0,0.018518519,0.8101,0.5358,,True
False,0.0,0.1629,0.177,0.6754,0.1351,10.0,15706999.0,5.0,5.0,109.0,1.0,0.0091743115,0.8036,0.5139,,True
False,0.0,,0.0084,0.6573,0.1095,11.0,16305117.0,6.0,6.0,109.0,1.0,0.0091743115,0.8108,0.5055,,True
False,0.0,0.0082,0.0851,0.6648,0.1108,12.0,16946589.0,6.0,6.0,115.0,6.0,0.052173913,0.8152,0.5114,,False
False,0.0,0.0766,0.0907,0.5963,0.1193,13.0,19266880.0,5.0,6.0,95.0,20.0,0.21052632,0.8161,0.4994,,False
False,0.0,0.0757,0.0878,0.5054,0.1011,14.0,23141595.0,5.0,6.0,75.0,20.0,0.26666668,0.785,0.5576,,False
False,0.0,,0.0962,0.5524,0.0921,15.0,23146531.0,6.0,7.0,81.0,6.0,0.074074075,0.7896,0.5629,,False
False,0.0,0.0793,0.1301,0.5794,0.1159,16.0,23147036.0,5.0,7.0,67.0,26.0,0.3880597,0.788,0.5671,,False
False,0.0,0.0811,0.1695,0.5943,0.1189,17.0,24265761.0,5.0,7.0,73.0,6.0,0.08219178,0.7837,0.5701,,False
False,0.0,0.1055,0.1088,0.5634,0.1127,18.0,25558839.0,5.0,7.0,73.0,1.0,0.01369863,0.78,0.5697,,False
False,0.0,,0.2786,0.6139,0.1023,19.0,29698767.0,6.0,8.0,104.0,34.0,0.32692307,0.7831,0.5917,,True
False,0.0,0.0529,0.06,0.492,0.082,20.0,34720514.0,6.0,8.0,104.0,1.0,0.009615385,0.8012,0.592,,True
False,0.0,0.0553,0.2109,0.4753,0.0792,21.0,40691628.0,6.0,8.0,122.0,27.0,0.22131148,0.7768,0.5503,,True
False,0.0,,0.0125,0.3811,0.0544,22.0,46050325.0,7.0,9.0,122.0,2.0,0.016393442,0.7421,0.6515,,False
False,0.0,0.1593,0.1656,0.3745,0.0535,23.0,46746626.0,7.0,9.0,122.0,1.0,0.008196721,0.7527,0.6514,,False
False,0.0,,0.0063,0.3332,0.0417,24.0,49497095.0,8.0,10.0,122.0,1.0,0.008196721,0.7226,0.6187,,True
False,0.0,,0.1381,0.3948,0.0439,25.0,52167779.0,9.0,11.0,140.0,22.0,0.15714286,0.7204,0.638,,False
False,0.0,0.0048,0.0108,0.3786,0.0421,26.0,52682716.0,9.0,11.0,131.0,10.0,0.07633588,0.6791,0.6335,,False
False,0.0,0.1385,0.2118,0.4226,0.047,27.0,53210228.0,9.0,11.0,143.0,12.0,0.08391608,0.6773,0.6372,,False
False,0.0,0.1352,0.162,0.2923,0.0325,28.0,62890719.0,9.0,11.0,148.0,5.0,0.033783782,0.732,0.7238,,False
False,0.0,0.1477,0.1529,0.269,0.0299,29.0,64885449.0,9.0,11.0,148.0,1.0,0.006756757,0.6927,0.6911,,True
False,0.0,0.1505,0.1631,0.2769,0.0308,30.0,65224901.0,9.0,11.0,148.0,3.0,0.02027027,0.6878,0.6896,,True
False,0.0,0.1343,0.1353,0.2289,0.0254,31.0,69448133.0,9.0,11.0,148.0,1.0,0.006756757,0.6532,0.6971,,False
False,0.0,0.1313,0.1047,0.2031,0.0226,32.0,70129901.0,9.0,11.0,128.0,20.0,0.15625,0.6598,0.6975,,False
False,0.0,,0.0057,0.1612,0.0161,33.0,75847994.0,10.0,12.0,128.0,1.0,0.0078125,0.6289,0.6004,,False
False,0.0,0.0056,0.0241,0.1704,0.017,34.0,76347681.0,10.0,12.0,118.0,13.0,0.11016949,0.6418,0.6056,,False
False,0.0,0.024,0.0953,0.2299,0.023,35.0,76459890.0,10.0,12.0,130.0,14.0,0.10769231,0.6401,0.6143,,False
False,0.0,0.0589,0.0612,0.1874,0.0187,36.0,81134094.0,10.0,12.0,130.0,1.0,0.0076923077,0.6318,0.5913,,True
False,0.0,0.0454,0.0468,0.1402,0.014,37.0,87609712.0,10.0,12.0,130.0,1.0,0.0076923077,0.6307,0.6182,,False
False,0.0,0.011,0.0487,0.1432,0.0143,38.0,93041525.0,10.0,12.0,135.0,7.0,0.05185185,0.7088,0.4749,,True
False,0.0,0.0455,0.1218,0.2031,0.0203,39.0,94512508.0,10.0,12.0,150.0,15.0,0.1,0.7801,0.5043,,False
False,0.0,,0.0882,0.2348,0.0213,40.0,95643239.0,11.0,13.0,153.0,20.0,0.13071896,0.7835,0.5071,,True
False,0.0,0.0279,0.0295,0.2349,0.0214,41.0,95811367.0,11.0,13.0,153.0,1.0,0.006535948,0.7858,0.5151,,False
False,0.0,0.0161,0.0621,0.2477,0.0225,42.0,98146058.0,11.0,13.0,162.0,9.0,0.055555556,0.819,0.5556,,False
False,0.0,,0.0093,0.2354,0.0196,43.0,99878550.0,12.0,14.0,163.0,1.0,0.006134969,0.8287,0.5849,,True
False,0.0,,0.0046,0.2184,0.0168,44.0,101672967.0,13.0,15.0,163.0,1.0,0.006134969,0.8293,0.6211,,False
False,0.0,0.0455,0.0881,0.2231,0.0172,45.0,104653110.0,13.0,15.0,171.0,10.0,0.058479533,0.8239,0.6244,,True
False,0.0,0.0855,0.0857,0.2166,0.0167,46.0,105319548.0,13.0,15.0,171.0,1.0,0.0058479533,0.8198,0.637,,False
False,0.0,0.0855,0.0855,0.2162,0.0166,47.0,105383659.0,13.0,15.0,171.0,1.0,0.0058479533,0.8171,0.6409,,False
False,0.0,,0.0132,0.2205,0.0158,48.0,106001191.0,14.0,16.0,173.0,2.0,0.011560693,0.8222,0.6502,,True
False,0.0,0.0133,0.0472,0.2348,0.0168,49.0,106605547.0,14.0,16.0,178.0,9.0,0.050561797,0.8198,0.6533,,False
False,0.0,0.0444,0.0487,0.2225,0.0159,50.0,107913186.0,14.0,16.0,178.0,1.0,0.0056179776,0.8214,0.6482,,False
False,0.0,0.0695,0.0737,0.2129,0.0164,51.0,109026562.0,13.0,16.0,178.0,1.0,0.0056179776,0.8236,0.6569,,False
False,0.0,0.0331,0.0374,0.1543,0.0119,52.0,116202885.0,13.0,16.0,178.0,1.0,0.0056179776,0.6951,0.6859,,True
False,0.0,,,0.1539,0.0118,53.0,116271665.0,13.0,16.0,178.0,1.0,0.0056179776,0.6915,0.6887,,True
False,0.0,,,0.1539,0.0118,54.0,116272220.0,13.0,16.0,178.0,1.0,0.0056179776,0.6814,0.6893,,False
False,0.0,0.0486,0.0566,0.156,0.012,55.0,116977706.0,13.0,16.0,179.0,1.0,0.005586592,0.6546,0.685,,True
False,0.0,0.0315,0.0357,0.1388,0.0107,56.0,119747336.0,13.0,16.0,179.0,1.0,0.005586592,0.6549,0.6947,,True
False,0.0,,0.0126,0.1375,0.0098,57.0,121741535.0,14.0,17.0,181.0,2.0,0.011049724,0.6664,0.6791,,True
False,0.0,0.0126,0.0207,0.1446,0.0103,58.0,121744899.0,14.0,17.0,182.0,1.0,0.0054945056,0.672,0.6837,,True
False,0.0,0.0311,0.0706,0.1656,0.0118,59.0,122327227.0,14.0,17.0,188.0,12.0,0.06382979,0.6811,0.6908,,False
False,0.0,0.0371,0.0452,0.1615,0.0115,60.0,123892619.0,14.0,17.0,188.0,2.0,0.010638298,0.6266,0.7268,,True
True,1.0,0.0643,0.0718,0.1661,0.0119,61.0,124176320.0,14.0,17.0,189.0,1.0,0.005291005,0.6132,0.734,,False
False,1.0,0.0177,0.0255,0.1688,0.0121,62.0,124692971.0,14.0,17.0,190.0,1.0,0.005263158,0.625,0.7366,,True
False,1.0,0.0672,0.0745,0.1698,0.0121,63.0,125440035.0,14.0,17.0,191.0,1.0,0.005235602,0.6166,0.744,,False
False,1.0,,0.0039,0.1568,0.0105,64.0,127693766.0,15.0,18.0,191.0,1.0,0.005235602,0.6259,0.7383,,False
False,1.0,0.0652,0.0665,0.1534,0.0102,65.0,128367662.0,15.0,18.0,191.0,1.0,0.005235602,0.6136,0.7447,,False
False,1.0,0.0343,0.0382,0.1477,0.0098,66.0,129315940.0,15.0,18.0,191.0,1.0,0.005235602,0.6252,0.7348,,False
False,1.0,0.06,0.064,0.1501,0.01,67.0,129490404.0,15.0,18.0,191.0,1.0,0.005235602,0.6256,0.7354,,False
False,1.0,0.0522,0.057,0.1241,0.0083,68.0,133830665.0,15.0,18.0,191.0,2.0,0.010471204,0.5696,0.7563,,False
False,1.0,0.0344,0.0359,0.0764,0.0051,69.0,144721566.0,15.0,18.0,191.0,1.0,0.005235602,0.2662,0.7729,,True
False,1.0,0.0017,0.0056,0.0725,0.0048,70.0,146421980.0,15.0,18.0,191.0,1.0,0.005235602,0.2617,0.7696,,False
False,1.0,0.0302,0.0752,0.1114,0.0074,71.0,147031370.0,15.0,18.0,199.0,12.0,0.06030151,0.3046,0.7689,,True
False,1.0,0.0751,0.0789,0.1113,0.0074,72.0,147052472.0,15.0,18.0,199.0,1.0,0.0050251256,0.3116,0.7699,,False
False,1.0,0.0767,0.0789,0.1103,0.0074,73.0,147720927.0,15.0,18.0,199.0,1.0,0.0050251256,0.3201,0.7743,,False
False,1.0,,,0.1029,0.0069,74.0,149325937.0,15.0,19.0,193.0,6.0,0.031088082,0.3651,0.7557,,False
False,1.0,0.0002,0.0155,0.1163,0.0078,75.0,149387621.0,15.0,19.0,196.0,3.0,0.015306123,0.3738,0.7575,,True
False,1.0,0.0155,0.023,0.123,0.0082,76.0,149394045.0,15.0,19.0,197.0,1.0,0.005076142,0.3756,0.7583,,False
False,1.0,,,0.1106,0.0074,77.0,149536838.0,15.0,20.0,193.0,4.0,0.020725388,0.3775,0.7581,,False
False,1.0,0.0596,0.0668,0.1171,0.0078,78.0,149560094.0,15.0,20.0,194.0,1.0,0.005154639,0.4464,0.7507,,False
False,1.0,0.0647,0.0762,0.1138,0.0076,79.0,150252282.0,15.0,20.0,194.0,3.0,0.0154639175,0.449,0.7541,,False
False,1.0,0.0722,0.0707,0.1069,0.0071,80.0,151439749.0,15.0,20.0,190.0,7.0,0.036842104,0.4687,0.7438,,False
False,1.0,0.0097,0.0174,0.1027,0.0068,81.0,153791881.0,15.0,20.0,191.0,1.0,0.005235602,0.5327,0.7361,,True
False,1.0,0.0569,0.0591,0.0952,0.0063,82.0,155948034.0,15.0,20.0,191.0,3.0,0.015706806,0.6019,0.7494,,False
False,1.0,0.0068,0.0329,0.1185,0.0079,83.0,156046847.0,15.0,20.0,197.0,6.0,0.030456852,0.6125,0.7502,,True
False,1.0,,0.0075,0.1217,0.0076,84.0,156721680.0,16.0,21.0,198.0,1.0,0.005050505,0.6182,0.7561,,False
True,2.0,0.0145,0.029,0.1335,0.0083,85.0,156909521.0,16.0,21.0,200.0,2.0,0.01,0.6346,0.7608,,False
False,2.0,0.0511,0.0526,0.1283,0.008,86.0,158025283.0,16.0,21.0,200.0,1.0,0.005,0.6426,0.7596,,False
False,2.0,0.0525,0.054,0.1295,0.0081,87.0,158089376.0,16.0,21.0,200.0,1.0,0.005,0.6426,0.759,,False
False,2.0,,0.0145,0.142,0.0084,88.0,158102471.0,17.0,21.0,202.0,2.0,0.00990099,0.6774,0.7356,,True
False,2.0,0.0285,0.0423,0.1519,0.0089,89.0,158458775.0,17.0,21.0,204.0,2.0,0.009803922,0.7017,0.7384,,True
False,2.0,0.0475,0.0494,0.1422,0.0084,90.0,160182682.0,17.0,21.0,204.0,3.0,0.014705882,0.705,0.7396,,False
False,2.0,0.023,0.0401,0.1497,0.0088,91.0,161388274.0,17.0,21.0,208.0,4.0,0.01923077,0.707,0.7452,,True
False,2.0,0.0455,0.0457,0.1485,0.0087,92.0,161572813.0,17.0,21.0,208.0,1.0,0.0048076925,0.7067,0.7438,,False
False,2.0,0.0359,0.0394,0.1485,0.0087,93.0,161635243.0,17.0,21.0,208.0,1.0,0.0048076925,0.703,0.7465,,False
False,2.0,0.0424,0.0358,0.1427,0.0084,94.0,161638083.0,17.0,21.0,206.0,2.0,0.009708738,0.7032,0.7468,,False
False,2.0,0.0357,0.0392,0.1421,0.0084,95.0,161721385.0,17.0,21.0,206.0,1.0,0.004854369,0.7035,0.7457,,False
False,2.0,,0.007,0.1338,0.0074,96.0,164048989.0,18.0,21.0,207.0,1.0,0.004830918,0.6972,0.7422,,True
False,2.0,0.0349,0.0352,0.1338,0.0074,97.0,164075284.0,18.0,21.0,207.0,1.0,0.004830918,0.6975,0.7421,,False
False,2.0,0.0049,0.0118,0.137,0.0076,98.0,164564023.0,18.0,21.0,208.0,1.0,0.0048076925,0.7182,0.7451,,False
False,2.0,0.0335,0.0402,0.1395,0.0077,99.0,165108212.0,18.0,21.0,209.0,1.0,0.004784689,0.7171,0.7372,,True
False,2.0,,,0.1327,0.0074,100.0,165721260.0,18.0,22.0,208.0,1.0,0.0048076925,0.7154,0.7356,,False
False,2.0,0.0277,0.0312,0.1258,0.007,101.0,166938594.0,18.0,22.0,208.0,1.0,0.0048076925,0.7123,0.7351,,False
False,2.0,0.0267,0.0279,0.1234,0.0069,102.0,167595579.0,18.0,22.0,208.0,1.0,0.0048076925,0.7107,0.7379,,False
False,2.0,0.027,0.0283,0.1207,0.0067,103.0,168305542.0,18.0,22.0,208.0,1.0,0.0048076925,0.6948,0.7363,,False
False,2.0,0.0271,0.1421,0.2031,0.0119,104.0,170013287.0,17.0,22.0,223.0,55.0,0.24663678,0.6956,0.7436,,False
False,2.0,0.0247,0.028,0.2027,0.0119,105.0,170109247.0,17.0,22.0,223.0,1.0,0.004484305,0.6956,0.7428,,False
False,2.0,0.0256,0.0259,0.1859,0.0109,106.0,172002780.0,17.0,22.0,223.0,1.0,0.004484305,0.7028,0.728,,False
False,2.0,0.022,0.0203,0.1367,0.0085,107.0,175546304.0,16.0,22.0,201.0,22.0,0.10945274,0.6072,0.7427,,False
False,2.0,0.0202,0.0208,0.1367,0.0085,108.0,175650564.0,16.0,22.0,201.0,1.0,0.0049751243,0.611,0.7442,,False
False,2.0,0.02,0.0226,0.134,0.0084,109.0,176502877.0,16.0,22.0,201.0,1.0,0.0049751243,0.6023,0.746,,False
False,2.0,0.0217,0.0219,0.1289,0.0081,110.0,177377262.0,16.0,22.0,201.0,1.0,0.0049751243,0.6061,0.7297,,False
False,2.0,0.0215,0.0228,0.1276,0.008,111.0,177820298.0,16.0,22.0,201.0,1.0,0.0049751243,0.6037,0.7367,,False
False,2.0,0.0227,0.0229,0.127,0.0079,112.0,177963258.0,16.0,22.0,201.0,1.0,0.0049751243,0.6037,0.736,,False
False,2.0,0.021,0.0214,0.1167,0.0073,113.0,179866977.0,16.0,22.0,201.0,1.0,0.0049751243,0.5996,0.7405,,False
False,2.0,0.0705,0.1027,0.1388,0.0087,114.0,180900982.0,16.0,22.0,209.0,9.0,0.043062203,0.5539,0.7542,,False
False,2.0,0.0151,0.019,0.105,0.0066,115.0,182834362.0,16.0,22.0,201.0,9.0,0.04477612,0.544,0.7585,,False
False,2.0,0.0176,0.0185,0.0979,0.0061,116.0,184546206.0,16.0,22.0,201.0,1.0,0.0049751243,0.5618,0.77,,True
False,2.0,0.0179,0.0183,0.0949,0.0059,117.0,185307299.0,16.0,22.0,201.0,1.0,0.0049751243,0.5348,0.7633,,False
False,2.0,0.0161,0.0165,0.0842,0.0053,118.0,187993999.0,16.0,22.0,201.0,1.0,0.0049751243,0.525,0.768,,False
False,2.0,0.0146,0.0147,0.0749,0.0047,119.0,190601327.0,16.0,22.0,200.0,1.0,0.005,0.5494,0.7716,,False
False,2.0,0.0146,0.0318,0.0907,0.0057,120.0,190684843.0,16.0,22.0,203.0,3.0,0.014778325,0.5537,0.7725,,False
False,2.0,0.0318,0.0322,0.0909,0.0057,121.0,190758645.0,16.0,22.0,203.0,1.0,0.0049261083,0.5428,0.7733,,False
False,2.0,0.0288,0.0291,0.0816,0.0051,122.0,193187993.0,16.0,22.0,203.0,1.0,0.0049261083,0.4257,0.8161,,False
False,2.0,0.0261,0.0264,0.0733,0.0046,123.0,195594501.0,16.0,22.0,203.0,1.0,0.0049261083,0.3934,0.8088,,False
False,2.0,0.0246,0.0261,0.0697,0.0044,124.0,197149898.0,16.0,22.0,203.0,1.0,0.0049261083,0.3619,0.8004,,False
False,2.0,,0.0069,0.0758,0.0045,125.0,197262438.0,17.0,23.0,204.0,1.0,0.004901961,0.3987,0.7829,,False
False,2.0,0.0243,0.0248,0.0719,0.0042,126.0,198547181.0,17.0,23.0,204.0,1.0,0.004901961,0.3845,0.7825,,False
False,2.0,0.0235,0.0235,0.0683,0.004,127.0,199666874.0,17.0,23.0,204.0,1.0,0.004901961,0.3808,0.7775,,False
False,2.0,0.0218,0.0222,0.0637,0.0037,128.0,201291549.0,17.0,23.0,204.0,1.0,0.004901961,0.3552,0.7685,,False
False,2.0,0.0177,0.0184,0.0515,0.003,129.0,206212730.0,17.0,23.0,204.0,1.0,0.004901961,0.3317,0.7389,,False
False,2.0,0.0182,0.0182,0.0508,0.003,130.0,206476592.0,17.0,23.0,204.0,1.0,0.004901961,0.339,0.7368,,False
False,2.0,0.0162,0.0166,0.0458,0.0027,131.0,208903242.0,17.0,23.0,204.0,1.0,0.004901961,0.4099,0.7353,,False
False,2.0,0.0153,0.0746,0.0998,0.0059,132.0,210715275.0,17.0,23.0,220.0,17.0,0.07727273,0.4108,0.731,,False
False,2.0,0.0,0.0223,0.1149,0.0068,133.0,211846901.0,17.0,23.0,226.0,6.0,0.026548672,0.6208,0.5747,,True
False,2.0,0.0223,0.0436,0.1342,0.0079,134.0,211848735.0,17.0,23.0,232.0,6.0,0.02586207,0.7053,0.5249,,True
False,2.0,0.0676,0.068,0.1345,0.0079,135.0,211917373.0,17.0,23.0,232.0,1.0,0.004310345,0.7055,0.528,,False
False,2.0,0.0654,0.0328,0.1,0.0059,136.0,212781004.0,17.0,23.0,216.0,16.0,0.074074075,0.7149,0.5221,,False
False,2.0,,0.0065,0.1023,0.0057,137.0,213563452.0,18.0,24.0,217.0,1.0,0.004608295,0.7352,0.5172,,False
False,2.0,0.0302,0.0305,0.0989,0.0055,138.0,214350181.0,18.0,24.0,217.0,1.0,0.004608295,0.7331,0.5308,,False
False,2.0,,0.0065,0.1031,0.0054,139.0,214699297.0,19.0,25.0,218.0,1.0,0.0045871558,0.7406,0.5317,,False
False,2.0,0.0282,0.0289,0.0981,0.0052,140.0,215911750.0,19.0,25.0,218.0,1.0,0.0045871558,0.7494,0.5359,,False
False,2.0,0.0279,0.0282,0.0949,0.005,141.0,216697888.0,19.0,25.0,218.0,1.0,0.0045871558,0.7395,0.5439,,False
False,2.0,0.0245,0.0249,0.0828,0.0044,142.0,219781351.0,19.0,25.0,218.0,1.0,0.0045871558,0.7268,0.5607,,False
False,2.0,0.0229,0.0261,0.0792,0.0042,143.0,221603280.0,19.0,25.0,218.0,1.0,0.0045871558,0.7409,0.5718,,False
False,2.0,0.0254,0.0258,0.0774,0.0041,144.0,222204676.0,19.0,25.0,218.0,1.0,0.0045871558,0.7399,0.5689,,False
False,0.0,,1.0,1.0,1.0,0.0,0.0,1.0,1.0,5.0,5.0,1.0,0.7835,0.5071,,True
False,0.0,,1.0,1.0,1.0,0.0,0.0,1.0,1.0,8.0,8.0,1.0,0.6828,0.6919,,False
False,0.0,,0.4444,1.0,0.5,1.0,1477.0,2.0,2.0,8.0,4.0,0.5,0.6834,0.6917,,False
False,0.0,0.3726,0.1397,0.8383,0.4192,2.0,3869920.0,2.0,2.0,5.0,3.0,0.6,0.6568,0.6933,,False
False,0.0,,0.1667,0.2046,0.0682,3.0,66693741.0,3.0,3.0,5.0,1.0,0.2,0.5433,0.7579,,False
False,0.0,0.0021,0.3333,0.3859,0.1286,4.0,94347613.0,3.0,3.0,5.0,2.0,0.4,0.41,0.7338,,False
False,0.0,,1.0,1.0,1.0,0.0,0.0,1.0,1.0,143.0,143.0,1.0,0.7991,0.5471,,False
False,0.0,,0.0486,1.0,0.5,1.0,50225.0,2.0,2.0,143.0,7.0,0.04895105,0.7994,0.5475,,False
False,0.0,,0.0069,1.0,0.3333,2.0,57174.0,3.0,3.0,143.0,1.0,0.006993007,0.7994,0.547,,False
False,0.0,,0.0069,0.9963,0.2491,3.0,87811.0,4.0,4.0,143.0,1.0,0.006993007,0.7995,0.5465,,False
False,0.0,0.0478,0.0481,0.9843,0.2461,4.0,411902.0,4.0,4.0,143.0,2.0,0.013986014,0.8,0.5459,,False
False,0.0,0.0479,0.055,0.9807,0.2452,5.0,510956.0,4.0,4.0,143.0,3.0,0.02097902,0.8001,0.5457,,False
False,0.0,0.0546,0.0546,0.973,0.2432,6.0,681144.0,4.0,4.0,143.0,1.0,0.006993007,0.8002,0.5453,,False
False,0.0,,0.0069,0.9693,0.1939,7.0,765162.0,5.0,5.0,143.0,1.0,0.006993007,0.8002,0.5448,,False
False,0.0,,0.027,0.9516,0.1586,8.0,1171618.0,6.0,6.0,146.0,3.0,0.020547945,0.8006,0.5449,,False
False,0.0,,0.1284,0.9416,0.1345,9.0,1598999.0,7.0,7.0,146.0,19.0,0.13013698,0.8013,0.5467,,False
False,0.0,0.0065,0.0335,0.9435,0.1348,10.0,1600985.0,7.0,7.0,146.0,4.0,0.02739726,0.8014,0.5467,,False
False,0.0,,0.0068,0.9438,0.118,11.0,1603662.0,8.0,8.0,146.0,1.0,0.006849315,0.8015,0.5463,,False
False,0.0,0.0068,0.0138,0.9434,0.1179,12.0,1623084.0,8.0,8.0,143.0,4.0,0.027972028,0.8016,0.5464,,False
False,0.0,0.0132,0.0135,0.903,0.1129,13.0,2580577.0,8.0,8.0,143.0,1.0,0.006993007,0.8031,0.5442,,False
False,0.0,,0.0207,0.8941,0.0993,14.0,2806318.0,9.0,9.0,143.0,3.0,0.02097902,0.8131,0.5481,,False
False,0.0,,0.0069,0.8867,0.0887,15.0,3004690.0,10.0,10.0,143.0,1.0,0.006993007,0.8067,0.5341,,False
False,0.0,0.0195,0.1513,0.8566,0.0952,16.0,4104267.0,9.0,10.0,143.0,21.0,0.14685315,0.8123,0.5127,,True
False,0.0,0.1513,0.1582,0.8577,0.0953,17.0,4116686.0,9.0,10.0,143.0,1.0,0.006993007,0.8123,0.5122,,False
False,0.0,,0.0207,0.8346,0.0835,18.0,4713342.0,10.0,11.0,143.0,3.0,0.02097902,0.8146,0.5097,,False
False,0.0,0.0063,0.0069,0.8352,0.0835,19.0,4715837.0,10.0,11.0,143.0,1.0,0.006993007,0.8146,0.5093,,False
False,0.0,0.1327,0.2106,0.8443,0.0938,20.0,4885417.0,9.0,11.0,155.0,14.0,0.090322584,0.8179,0.5178,,True
False,0.0,0.2106,0.2106,0.8418,0.0935,21.0,4965249.0,9.0,11.0,155.0,4.0,0.025806451,0.8116,0.5214,,False
False,0.0,0.2099,0.2112,0.8399,0.105,22.0,4976336.0,8.0,11.0,154.0,1.0,0.0064935065,0.8101,0.5358,,True
False,0.0,0.2086,0.2088,0.83,0.1038,23.0,5249415.0,8.0,11.0,154.0,2.0,0.012987013,0.8006,0.5035,,False
False,0.0,0.2083,0.2416,0.8341,0.1043,24.0,5315314.0,8.0,11.0,154.0,9.0,0.058441557,0.8007,0.5043,,False
False,0.0,0.5287,0.5474,0.8415,0.1052,25.0,5316472.0,8.0,11.0,159.0,6.0,0.03773585,0.8017,0.5078,,True
False,0.0,,0.0061,0.8225,0.0914,26.0,5860447.0,9.0,11.0,159.0,1.0,0.006289308,0.81,0.5039,,False
False,0.0,,0.3018,0.8276,0.1035,27.0,7735568.0,8.0,12.0,163.0,49.0,0.3006135,0.8164,0.4999,,True
False,0.0,0.0165,0.0283,0.8175,0.1022,28.0,8012047.0,8.0,12.0,163.0,2.0,0.012269938,0.8149,0.497,,False
False,0.0,0.0272,0.0511,0.7869,0.0984,29.0,8865293.0,8.0,12.0,163.0,5.0,0.030674847,0.8153,0.4977,,False
False,0.0,0.0052,0.0111,0.7888,0.0986,30.0,8876962.0,8.0,12.0,163.0,1.0,0.006134969,0.8153,0.4971,,False
False,0.0,,0.0231,0.7907,0.0879,31.0,8957282.0,9.0,12.0,166.0,3.0,0.018072288,0.8161,0.5009,,False
False,0.0,0.022,0.2359,0.7994,0.0999,32.0,10071124.0,8.0,12.0,166.0,37.0,0.22289157,0.8164,0.5087,,True
False,0.0,,0.0598,0.8114,0.0902,33.0,10071651.0,9.0,13.0,175.0,9.0,0.05142857,0.8163,0.5094,,False
False,0.0,0.0598,0.1683,0.8331,0.0926,34.0,10074015.0,9.0,13.0,193.0,18.0,0.09326425,0.8162,0.5113,,True
False,0.0,0.1683,0.2951,0.8576,0.0953,35.0,10080803.0,9.0,13.0,227.0,35.0,0.15418503,0.8158,0.5166,,False
False,0.0,0.0073,0.0237,0.86,0.0956,36.0,10084001.0,9.0,13.0,227.0,4.0,0.017621145,0.8158,0.5164,,False
False,0.0,0.0237,0.0319,0.8608,0.0956,37.0,10085318.0,9.0,13.0,227.0,2.0,0.008810572,0.8158,0.5159,,False
False,0.0,0.0318,0.0359,0.8578,0.0953,38.0,10171657.0,9.0,13.0,227.0,1.0,0.004405286,0.8021,0.5004,,False
False,0.0,0.0839,0.1003,0.8428,0.0936,39.0,10669224.0,9.0,13.0,227.0,4.0,0.017621145,0.8024,0.5005,,True
False,0.0,0.0823,0.1078,0.8465,0.0941,40.0,10675426.0,9.0,13.0,233.0,6.0,0.025751073,0.8024,0.5024,,False
False,0.0,0.0337,0.3662,0.8919,0.1115,41.0,10934374.0,8.0,13.0,303.0,79.0,0.26072606,0.7997,0.5181,,True
False,0.0,,0.0108,0.8882,0.0987,42.0,11022144.0,9.0,14.0,303.0,4.0,0.013201321,0.7951,0.5192,,False
False,0.0,0.0861,0.1024,0.8736,0.0971,43.0,11384100.0,9.0,14.0,303.0,6.0,0.01980198,0.7958,0.5228,,False
False,0.0,0.3377,0.3377,0.8737,0.0971,44.0,11386771.0,9.0,14.0,303.0,1.0,0.0033003301,0.7958,0.5222,,False
False,0.0,,0.0212,0.8737,0.0874,45.0,11455740.0,10.0,14.0,310.0,7.0,0.022580646,0.7975,0.526,,True
False,0.0,,0.0053,0.8544,0.0777,46.0,11971737.0,11.0,15.0,310.0,2.0,0.006451613,0.7926,0.5223,,False
False,0.0,0.0583,0.0609,0.8446,0.0768,47.0,12230427.0,11.0,15.0,310.0,1.0,0.0032258064,0.7939,0.523,,False
False,0.0,0.0204,0.0363,0.8454,0.0845,48.0,12241631.0,10.0,15.0,310.0,6.0,0.019354839,0.7938,0.5242,,True
False,0.0,,,0.8454,0.0845,49.0,12242897.0,10.0,16.0,310.0,6.0,0.019354839,0.7937,0.5254,,False
False,0.0,0.1627,0.1866,0.8465,0.0846,50.0,12249901.0,10.0,16.0,310.0,9.0,0.029032258,0.7935,0.5264,,True
False,0.0,0.0881,0.1309,0.8425,0.0843,51.0,12488407.0,10.0,16.0,310.0,20.0,0.06451613,0.7882,0.5181,,False
False,0.0,,0.0026,0.8411,0.0765,52.0,12490867.0,11.0,16.0,310.0,1.0,0.0032258064,0.7881,0.5174,,False
False,0.0,0.0359,0.0392,0.8414,0.0765,53.0,12508114.0,11.0,16.0,309.0,9.0,0.029126214,0.7849,0.53,,True
False,0.0,,0.0027,0.8415,0.0701,54.0,12512843.0,12.0,17.0,309.0,1.0,0.003236246,0.7849,0.5305,,False
False,0.0,0.2544,0.2622,0.8405,0.07,55.0,12580696.0,12.0,17.0,312.0,3.0,0.009615385,0.7811,0.5406,,False
False,0.0,0.0386,0.0584,0.8432,0.0703,56.0,12597385.0,12.0,17.0,319.0,7.0,0.021943573,0.7809,0.5457,,True
False,0.0,,0.0026,0.8402,0.07,57.0,12679644.0,12.0,18.0,319.0,1.0,0.0031347962,0.786,0.5543,,False
False,0.0,0.2548,0.5664,0.9019,0.0902,58.0,12754027.0,10.0,18.0,479.0,212.0,0.44258872,0.785,0.5576,,False
False,0.0,0.5664,0.6817,0.9271,0.0927,59.0,12759468.0,10.0,18.0,639.0,212.0,0.3317684,0.788,0.5671,,False
False,0.0,0.0412,0.0413,0.9154,0.0915,60.0,13094366.0,10.0,18.0,638.0,1.0,0.0015673981,0.7882,0.5682,,True
False,0.0,0.064,0.0961,0.9128,0.0913,61.0,13106699.0,10.0,18.0,638.0,25.0,0.039184954,0.7863,0.5671,,True
False,0.0,,0.0013,0.9128,0.083,62.0,13107654.0,11.0,19.0,638.0,1.0,0.0015673981,0.7863,0.5663,,False
False,0.0,0.0258,0.0374,0.913,0.083,63.0,13108601.0,11.0,19.0,638.0,9.0,0.014106583,0.7861,0.5665,,False
False,0.0,,0.0026,0.913,0.0761,64.0,13112134.0,12.0,19.0,638.0,2.0,0.0031347962,0.786,0.5659,,False
False,0.0,,0.0064,0.913,0.0702,65.0,13116933.0,13.0,20.0,638.0,5.0,0.007836991,0.7878,0.5669,,True
False,0.0,0.0026,0.0051,0.913,0.0702,66.0,13122118.0,13.0,20.0,638.0,2.0,0.0031347962,0.7877,0.5664,,True
False,0.0,0.029,0.0316,0.913,0.0702,67.0,13124408.0,13.0,20.0,638.0,2.0,0.0031347962,0.7877,0.5658,,False
False,0.0,0.0015,0.004,0.913,0.0702,68.0,13125650.0,13.0,20.0,638.0,2.0,0.0031347962,0.7876,0.5653,,False
False,0.0,0.0051,0.0578,0.9097,0.0827,69.0,13199302.0,11.0,20.0,637.0,46.0,0.0722135,0.7868,0.569,,False
False,0.0,0.027,0.0296,0.9096,0.0827,70.0,13202426.0,11.0,20.0,637.0,2.0,0.0031397175,0.7873,0.5686,,False
False,0.0,,0.009,0.9065,0.0755,71.0,13282005.0,12.0,21.0,637.0,12.0,0.018838305,0.7878,0.5688,,False
False,0.0,0.0524,0.0587,0.9055,0.0755,72.0,13357260.0,12.0,21.0,637.0,12.0,0.018838305,0.7845,0.5674,,False
False,0.0,0.5944,0.5989,0.9042,0.0754,73.0,13369116.0,12.0,21.0,637.0,12.0,0.018838305,0.7846,0.5685,,False
False,0.0,,0.0013,0.89,0.0685,74.0,13712602.0,13.0,22.0,637.0,1.0,0.0015698588,0.7844,0.5697,,False
False,0.0,0.5894,0.5894,0.8896,0.0684,75.0,13720671.0,13.0,22.0,637.0,1.0,0.0015698588,0.7803,0.565,,False
False,0.0,0.0287,0.03,0.8861,0.0682,76.0,13817557.0,13.0,22.0,637.0,1.0,0.0015698588,0.7805,0.563,,False
False,0.0,0.5855,0.5855,0.8852,0.0681,77.0,13873519.0,13.0,22.0,637.0,1.0,0.0015698588,0.7805,0.5624,,False
False,0.0,0.0535,0.0776,0.8862,0.0739,78.0,13878193.0,12.0,22.0,636.0,56.0,0.08805031,0.7837,0.5701,,False
False,0.0,0.0261,0.0274,0.885,0.0737,79.0,13891416.0,12.0,22.0,636.0,1.0,0.001572327,0.7837,0.5695,,True
False,0.0,0.0274,0.0286,0.885,0.0737,80.0,13892472.0,12.0,22.0,636.0,1.0,0.001572327,0.7837,0.5689,,False
False,0.0,0.0286,0.0312,0.8849,0.0737,81.0,13894975.0,12.0,22.0,636.0,2.0,0.003144654,0.7836,0.5684,,False
False,0.0,0.0312,0.0325,0.8849,0.0737,82.0,13895151.0,12.0,22.0,636.0,1.0,0.001572327,0.7836,0.5678,,False
False,0.0,0.0712,0.0776,0.8849,0.0737,83.0,13896677.0,12.0,22.0,636.0,5.0,0.007861636,0.7835,0.5676,,False
False,0.0,0.0261,0.0261,0.8849,0.0737,84.0,13897926.0,12.0,22.0,636.0,5.0,0.007861636,0.7833,0.5674,,False
False,0.0,0.0773,0.0773,0.8814,0.0734,85.0,13986837.0,12.0,22.0,636.0,5.0,0.007861636,0.7833,0.5655,,False
False,0.0,,0.0051,0.8563,0.0659,86.0,14650927.0,13.0,22.0,636.0,4.0,0.006289308,0.7796,0.5643,,False
False,0.0,,0.0013,0.8563,0.0612,87.0,14653179.0,14.0,22.0,636.0,1.0,0.001572327,0.7796,0.5637,,False
False,0.0,0.0259,0.0284,0.836,0.0597,88.0,15168894.0,14.0,22.0,636.0,2.0,0.003144654,0.7793,0.5693,,False
False,0.0,,0.0013,0.8206,0.0586,89.0,15527076.0,14.0,23.0,636.0,1.0,0.001572327,0.7799,0.5691,,False
False,0.0,0.0013,0.0025,0.8086,0.0578,90.0,15867510.0,14.0,23.0,636.0,1.0,0.001572327,0.7533,0.593,,False
False,0.0,,0.0013,0.8078,0.0539,91.0,15873445.0,15.0,24.0,636.0,1.0,0.001572327,0.7533,0.5923,,False
False,0.0,,0.0266,0.8115,0.0507,92.0,15876062.0,16.0,25.0,643.0,20.0,0.0311042,0.7531,0.5952,,True
False,0.0,0.0025,0.0025,0.8115,0.0507,93.0,15878216.0,16.0,25.0,643.0,1.0,0.00155521,0.7531,0.5945,,False
False,0.0,0.0025,0.0113,0.8033,0.0502,94.0,16130655.0,16.0,25.0,644.0,6.0,0.00931677,0.7541,0.5971,,True
False,0.0,,0.0063,0.8037,0.0473,95.0,16144551.0,17.0,26.0,642.0,9.0,0.014018691,0.7538,0.5978,,False
False,0.0,0.022,0.0232,0.8003,0.0471,96.0,16290745.0,17.0,26.0,642.0,1.0,0.0015576323,0.7538,0.5983,,False
False,0.0,0.0256,0.0358,0.7853,0.0462,97.0,16724283.0,17.0,26.0,642.0,10.0,0.015576324,0.7536,0.5998,,True
False,0.0,,0.0013,0.7834,0.0435,98.0,16735857.0,18.0,26.0,642.0,1.0,0.0015576323,0.7535,0.5992,,False
False,0.0,,0.0013,0.7833,0.0412,99.0,16738850.0,19.0,27.0,642.0,1.0,0.0015576323,0.7535,0.5985,,False
False,0.0,0.4738,0.4762,0.7839,0.0413,100.0,16744673.0,19.0,27.0,642.0,6.0,0.009345794,0.7492,0.6067,,False
False,0.0,0.0013,0.0025,0.7809,0.0411,101.0,16831744.0,19.0,27.0,642.0,1.0,0.0015576323,0.7491,0.606,,False
False,0.0,0.0327,0.0339,0.7719,0.0406,102.0,17086370.0,19.0,27.0,642.0,1.0,0.0015576323,0.7491,0.6053,,False
False,0.0,,0.0013,0.7181,0.0378,103.0,18647135.0,19.0,28.0,642.0,1.0,0.0015576323,0.7459,0.6033,,False
False,0.0,0.0219,0.0244,0.7105,0.0374,104.0,18896580.0,19.0,28.0,642.0,2.0,0.0031152647,0.7467,0.6033,,False
False,0.0,0.0023,0.0087,0.7112,0.0374,105.0,18903034.0,19.0,28.0,640.0,8.0,0.0125,0.7475,0.6042,,False
False,0.0,0.4262,0.4325,0.7119,0.0375,106.0,18904455.0,19.0,28.0,640.0,5.0,0.0078125,0.7474,0.6041,,False
False,0.0,0.4239,0.4245,0.6978,0.0367,107.0,19331552.0,19.0,28.0,639.0,1.0,0.0015649452,0.7842,0.5936,,False
False,0.0,0.0012,0.0013,0.6839,0.036,108.0,19764106.0,19.0,28.0,639.0,1.0,0.0015649452,0.7848,0.5914,,False
False,0.0,0.0013,0.0025,0.6841,0.036,109.0,19767586.0,19.0,28.0,639.0,1.0,0.0015649452,0.7848,0.5907,,False
False,0.0,0.0239,0.0269,0.6659,0.035,110.0,20379195.0,19.0,28.0,639.0,4.0,0.006259781,0.7845,0.5936,,False
False,0.0,0.007,0.0121,0.6668,0.0351,111.0,20384229.0,19.0,28.0,639.0,4.0,0.006259781,0.7844,0.5933,,True
False,0.0,0.0239,0.0252,0.6478,0.0341,112.0,21045406.0,19.0,28.0,639.0,2.0,0.0031298904,0.7992,0.5708,,False
False,0.0,0.001,0.0023,0.646,0.034,113.0,21073307.0,19.0,28.0,639.0,1.0,0.0015649452,0.7948,0.5764,,False
False,0.0,,0.0379,0.6565,0.0346,114.0,21083755.0,19.0,29.0,640.0,29.0,0.0453125,0.7934,0.579,,True
False,0.0,0.0333,0.0418,0.6595,0.0347,115.0,21095617.0,19.0,29.0,646.0,6.0,0.009287925,0.7951,0.5828,,True
False,0.0,0.0104,0.0239,0.6635,0.0349,116.0,21132673.0,19.0,29.0,654.0,9.0,0.013761468,0.7974,0.5875,,True
False,0.0,0.0208,0.0481,0.672,0.0354,117.0,21138478.0,19.0,29.0,672.0,20.0,0.029761905,0.8,0.5938,,True
False,0.0,0.0009,0.0021,0.6577,0.0346,118.0,21646725.0,19.0,29.0,672.0,1.0,0.0014880953,0.7998,0.5951,,False
False,0.0,0.0012,0.0024,0.656,0.0345,119.0,21665480.0,19.0,29.0,672.0,1.0,0.0014880953,0.7998,0.5947,,False
False,0.0,0.0222,0.0331,0.6424,0.0338,120.0,22183673.0,19.0,29.0,672.0,9.0,0.013392857,0.8008,0.598,,False
False,0.0,0.0168,0.018,0.6423,0.0338,121.0,22249696.0,19.0,29.0,672.0,1.0,0.0014880953,0.8003,0.5987,,False
False,0.0,0.018,0.0277,0.6415,0.0338,122.0,22275706.0,19.0,29.0,672.0,8.0,0.011904762,0.7999,0.599,,True
False,0.0,0.0297,0.0406,0.6432,0.0339,123.0,22351736.0,19.0,29.0,672.0,10.0,0.014880952,0.7995,0.5995,,True
False,0.0,0.002,0.0032,0.6319,0.0333,124.0,22772737.0,19.0,29.0,672.0,1.0,0.0014880953,0.7994,0.599,,True
False,0.0,0.0259,0.0271,0.6319,0.0333,125.0,22776317.0,19.0,29.0,672.0,1.0,0.0014880953,0.7994,0.5984,,False
False,0.0,0.0397,0.0397,0.6295,0.0331,126.0,22860923.0,19.0,29.0,672.0,2.0,0.0029761905,0.7993,0.598,,False
False,0.0,0.0202,0.0263,0.6296,0.0331,127.0,22870132.0,19.0,29.0,672.0,5.0,0.007440476,0.7991,0.598,,False
False,0.0,0.0022,0.0047,0.6297,0.0331,128.0,22942661.0,19.0,29.0,672.0,2.0,0.0029761905,0.7989,0.5972,,False
False,0.0,0.0282,0.0307,0.623,0.0328,129.0,23143526.0,19.0,29.0,672.0,4.0,0.005952381,0.7988,0.597,,True
False,0.0,,0.0012,0.6156,0.0308,130.0,23407090.0,20.0,29.0,672.0,1.0,0.0014880953,0.8006,0.5923,,False
False,0.0,0.0012,0.0036,0.6075,0.0304,131.0,23725251.0,20.0,29.0,672.0,2.0,0.0029761905,0.8006,0.5918,,False
False,0.0,0.0296,0.0323,0.6016,0.0301,132.0,23980356.0,20.0,29.0,672.0,5.0,0.007440476,0.8004,0.5918,,True
False,0.0,0.0256,0.0257,0.6014,0.0301,133.0,23983424.0,20.0,29.0,672.0,1.0,0.0014880953,0.8003,0.5913,,False
False,0.0,0.0323,0.0324,0.6001,0.03,134.0,23997050.0,20.0,29.0,672.0,1.0,0.0014880953,0.8003,0.5907,,True
False,0.0,0.0264,0.0276,0.5927,0.0296,135.0,24267903.0,20.0,29.0,672.0,1.0,0.0014880953,0.8,0.5908,,True
False,0.0,0.0034,0.0035,0.5812,0.0291,136.0,24691423.0,20.0,29.0,672.0,1.0,0.0014880953,0.8006,0.5905,,False
False,0.0,0.0217,0.0258,0.5704,0.0285,137.0,25188557.0,20.0,29.0,672.0,4.0,0.005952381,0.8004,0.5904,,True
False,0.0,,0.0012,0.5688,0.0271,138.0,25205581.0,21.0,29.0,672.0,1.0,0.0014880953,0.8004,0.5898,,True
False,0.0,0.0015,0.0027,0.5609,0.0267,139.0,25544446.0,21.0,29.0,672.0,1.0,0.0014880953,0.8002,0.59,,False
False,0.0,0.0308,0.032,0.5601,0.0267,140.0,25563446.0,21.0,29.0,672.0,1.0,0.0014880953,0.8002,0.5895,,False
False,0.0,0.025,0.0275,0.5541,0.0264,141.0,25810434.0,21.0,29.0,672.0,3.0,0.004464286,0.8055,0.5848,,True
False,0.0,0.0015,0.0027,0.5546,0.0264,142.0,25814165.0,21.0,29.0,672.0,1.0,0.0014880953,0.8054,0.5843,,False
False,0.0,0.0027,0.0039,0.5533,0.0263,143.0,25888100.0,21.0,29.0,672.0,1.0,0.0014880953,0.8054,0.5837,,False
False,0.0,,0.0012,0.5409,0.0246,144.0,26403379.0,22.0,29.0,672.0,1.0,0.0014880953,0.8056,0.5826,,False
False,0.0,0.0267,0.033,0.5421,0.0246,145.0,26411172.0,22.0,29.0,672.0,8.0,0.011904762,0.8053,0.5829,,True
False,0.0,0.0232,0.0256,0.5347,0.0243,146.0,26756206.0,22.0,29.0,672.0,2.0,0.0029761905,0.8034,0.5711,,False
False,0.0,0.0321,0.0382,0.5288,0.0252,147.0,27034171.0,21.0,29.0,672.0,7.0,0.010416667,0.8028,0.5688,,True
False,0.0,0.0025,0.0038,0.5287,0.0252,148.0,27086822.0,21.0,29.0,672.0,2.0,0.0029761905,0.8028,0.5681,,False
False,0.0,0.0244,0.0245,0.5096,0.0243,149.0,27872718.0,21.0,29.0,672.0,2.0,0.0029761905,0.8021,0.5657,,False
False,0.0,,0.0036,0.4951,0.0225,150.0,28490741.0,22.0,29.0,672.0,3.0,0.004464286,0.7962,0.5678,,False
False,0.0,0.0023,0.0035,0.495,0.0225,151.0,28499288.0,22.0,29.0,672.0,1.0,0.0014880953,0.7972,0.5682,,False
False,0.0,0.0036,0.0036,0.4948,0.0225,152.0,28553341.0,22.0,29.0,672.0,1.0,0.0014880953,0.7972,0.5677,,False
False,0.0,0.0035,0.0047,0.4944,0.0225,153.0,28562869.0,22.0,29.0,672.0,1.0,0.0014880953,0.7971,0.5673,,True
False,0.0,,0.0012,0.4885,0.0212,154.0,28820478.0,23.0,30.0,672.0,1.0,0.0014880953,0.7992,0.5449,,False
False,0.0,0.0013,0.0025,0.4882,0.0222,155.0,28826477.0,22.0,30.0,672.0,1.0,0.0014880953,0.7991,0.5444,,True
False,0.0,0.0012,0.0024,0.4878,0.0222,156.0,28842150.0,22.0,30.0,672.0,1.0,0.0014880953,0.7992,0.5401,,False
False,0.0,0.0024,0.0037,0.4881,0.0222,157.0,28846756.0,22.0,30.0,672.0,1.0,0.0014880953,0.7991,0.5397,,True
False,0.0,0.0035,0.0047,0.4873,0.0222,158.0,28912988.0,22.0,30.0,672.0,1.0,0.0014880953,0.7991,0.5354,,True
False,0.0,0.0203,0.0215,0.4851,0.0221,159.0,29008985.0,22.0,30.0,672.0,1.0,0.0014880953,0.799,0.531,,False
False,0.0,0.0143,0.0192,0.4774,0.0227,160.0,29420800.0,21.0,30.0,672.0,4.0,0.005952381,0.7979,0.5321,,False
False,0.0,0.0173,0.0185,0.4746,0.0226,161.0,29523074.0,21.0,30.0,672.0,1.0,0.0014880953,0.7845,0.5178,,False
False,0.0,0.0185,0.0797,0.4991,0.025,162.0,29532321.0,20.0,30.0,678.0,51.0,0.07522124,0.7816,0.5311,,True
False,0.0,0.0796,0.079,0.498,0.0249,163.0,29599505.0,20.0,30.0,675.0,3.0,0.0044444446,0.7816,0.5562,,True
False,0.0,0.0771,0.0783,0.4867,0.0243,164.0,30119294.0,20.0,30.0,675.0,1.0,0.0014814815,0.7673,0.5402,,False
False,0.0,0.0023,0.0035,0.4839,0.0242,165.0,30219424.0,20.0,30.0,675.0,1.0,0.0014814815,0.7681,0.5412,,False
False,0.0,0.0774,0.0851,0.4848,0.0242,166.0,30325744.0,20.0,30.0,675.0,46.0,0.06814815,0.7844,0.568,,False
False,0.0,0.084,0.084,0.4774,0.0239,167.0,30658542.0,20.0,30.0,675.0,1.0,0.0014814815,0.7871,0.573,,False
False,0.0,,0.0012,0.4646,0.0221,168.0,31262374.0,21.0,31.0,675.0,1.0,0.0014814815,0.7856,0.5716,,False
False,0.0,0.0811,0.0811,0.461,0.022,169.0,31433618.0,21.0,31.0,675.0,1.0,0.0014814815,0.7852,0.5714,,False
False,0.0,,0.0012,0.4509,0.0205,170.0,31939943.0,22.0,32.0,675.0,1.0,0.0014814815,0.7806,0.5654,,False
False,0.0,,0.0024,0.4502,0.0196,171.0,32012261.0,23.0,32.0,675.0,2.0,0.002962963,0.7805,0.5643,,False
False,0.0,0.0136,0.028,0.4521,0.0206,172.0,32015232.0,22.0,32.0,675.0,12.0,0.017777778,0.7802,0.5658,,False
False,0.0,0.028,0.0448,0.4525,0.0206,173.0,32067298.0,22.0,32.0,675.0,15.0,0.022222223,0.7799,0.5677,,False
False,0.0,0.016,0.0172,0.4532,0.0206,174.0,32067477.0,22.0,32.0,675.0,1.0,0.0014814815,0.7799,0.5666,,False
False,0.0,0.0515,0.0515,0.4442,0.0202,175.0,32527753.0,22.0,32.0,675.0,1.0,0.0014814815,0.7743,0.5539,,False
False,0.0,,0.0012,0.4425,0.0192,176.0,32611478.0,23.0,32.0,675.0,1.0,0.0014814815,0.775,0.5562,,False
False,0.0,0.0012,0.0024,0.4426,0.0192,177.0,32617254.0,23.0,32.0,675.0,1.0,0.0014814815,0.775,0.5556,,False
False,0.0,0.0012,0.0024,0.4426,0.0192,178.0,32619284.0,23.0,32.0,675.0,1.0,0.0014814815,0.775,0.555,,False
False,0.0,0.0024,0.0588,0.4483,0.0195,179.0,32654054.0,23.0,32.0,675.0,47.0,0.06962963,0.777,0.5642,,True
False,0.0,0.003,0.0042,0.4406,0.0192,180.0,33055346.0,23.0,32.0,675.0,1.0,0.0014814815,0.7769,0.5635,,False
False,0.0,0.0256,0.0304,0.4399,0.0191,181.0,33064244.0,23.0,32.0,675.0,4.0,0.005925926,0.7768,0.5636,,False
False,0.0,0.0219,0.0231,0.4394,0.0191,182.0,33135305.0,23.0,32.0,675.0,1.0,0.0014814815,0.7768,0.563,,False
False,0.0,0.0015,0.0039,0.4377,0.019,183.0,33238385.0,23.0,32.0,675.0,2.0,0.002962963,0.7768,0.5628,,False
False,0.0,0.0504,0.0504,0.4377,0.019,184.0,33243415.0,23.0,32.0,675.0,1.0,0.0014814815,0.7768,0.5622,,False
False,0.0,0.0039,0.0051,0.4376,0.019,185.0,33248328.0,23.0,32.0,675.0,1.0,0.0014814815,0.7768,0.5616,,False
False,0.0,0.0293,0.0294,0.4355,0.0189,186.0,33395554.0,23.0,32.0,675.0,1.0,0.0014814815,0.7767,0.561,,False
False,0.0,0.005,0.005,0.4291,0.0187,187.0,33675496.0,23.0,32.0,675.0,1.0,0.0014814815,0.7767,0.5605,,False
False,0.0,0.0289,0.0471,0.4315,0.0188,188.0,33734975.0,23.0,32.0,675.0,18.0,0.026666667,0.776,0.5629,,False
False,0.0,0.005,0.0062,0.4315,0.0188,189.0,33736739.0,23.0,32.0,675.0,1.0,0.0014814815,0.776,0.5624,,False
False,0.0,0.022,0.0244,0.4221,0.0184,190.0,34255843.0,23.0,32.0,675.0,2.0,0.002962963,0.776,0.5621,,False
False,0.0,0.0147,0.0171,0.4203,0.0183,191.0,34349051.0,23.0,32.0,675.0,2.0,0.002962963,0.7759,0.5618,,False
False,0.0,0.0242,0.0266,0.4196,0.0182,192.0,34361960.0,23.0,32.0,675.0,2.0,0.002962963,0.7758,0.5615,,False
False,0.0,,0.0012,0.4197,0.0175,193.0,34363527.0,24.0,32.0,675.0,1.0,0.0014814815,0.7758,0.561,,False
False,0.0,0.0012,0.0048,0.4147,0.0173,194.0,34631206.0,24.0,32.0,675.0,3.0,0.0044444446,0.7761,0.557,,False
False,0.0,0.0146,0.0158,0.4099,0.0171,195.0,34887108.0,24.0,32.0,675.0,1.0,0.0014814815,0.7525,0.6564,,False
False,0.0,0.0047,0.0047,0.4067,0.0169,196.0,35058688.0,24.0,32.0,675.0,1.0,0.0014814815,0.7522,0.6564,,False
False,0.0,0.0399,0.04,0.4068,0.0169,197.0,35060670.0,24.0,32.0,675.0,2.0,0.002962963,0.752,0.6562,,False
False,0.0,0.0251,0.0263,0.3956,0.0165,198.0,35660496.0,24.0,32.0,675.0,1.0,0.0014814815,0.7416,0.6517,,False
False,0.0,0.025,0.0369,0.3967,0.0165,199.0,35738316.0,24.0,32.0,675.0,12.0,0.017777778,0.741,0.6535,,False
False,0.0,0.022,0.0232,0.3958,0.0165,200.0,35817413.0,24.0,32.0,675.0,1.0,0.0014814815,0.7409,0.6529,,False
False,0.0,0.0033,0.0045,0.3853,0.0161,201.0,36365434.0,24.0,32.0,675.0,1.0,0.0014814815,0.7523,0.6515,,False
False,0.0,0.0034,0.0046,0.384,0.016,202.0,36438837.0,24.0,32.0,675.0,1.0,0.0014814815,0.7493,0.6522,,False
False,0.0,0.0045,0.0045,0.3749,0.0156,203.0,36953570.0,24.0,32.0,675.0,1.0,0.0014814815,0.7323,0.6071,,False
False,0.0,0.001,0.001,0.3641,0.0152,204.0,37625372.0,24.0,32.0,675.0,1.0,0.0014814815,0.7197,0.6139,,False
False,0.0,0.0034,0.0046,0.3591,0.015,205.0,37974380.0,24.0,32.0,675.0,1.0,0.0014814815,0.716,0.5974,,False
False,0.0,0.0009,0.0105,0.3566,0.0149,206.0,38231064.0,24.0,32.0,675.0,8.0,0.011851852,0.7077,0.6103,,False
False,0.0,0.0008,0.002,0.3415,0.0142,207.0,39139399.0,24.0,32.0,675.0,1.0,0.0014814815,0.7176,0.6187,,False
False,0.0,,,0.3413,0.0142,208.0,39185858.0,24.0,33.0,675.0,1.0,0.0014814815,0.7176,0.6181,,False
False,0.0,0.002,0.0032,0.3413,0.0142,209.0,39188206.0,24.0,33.0,675.0,1.0,0.0014814815,0.7175,0.6176,,False
False,0.0,0.0116,0.0152,0.3377,0.0141,210.0,39450154.0,24.0,33.0,675.0,3.0,0.0044444446,0.7176,0.6222,,False
False,0.0,0.0151,0.0175,0.3343,0.0139,211.0,39700613.0,24.0,33.0,675.0,2.0,0.002962963,0.7154,0.6202,,False
False,0.0,0.0031,0.0031,0.3301,0.0138,212.0,39966595.0,24.0,33.0,675.0,1.0,0.0014814815,0.7109,0.6165,,False
False,0.0,0.0041,0.0057,0.3255,0.0136,213.0,40305759.0,24.0,33.0,675.0,2.0,0.002962963,0.7108,0.6169,,False
False,0.0,0.0028,0.004,0.3253,0.0136,214.0,40312968.0,24.0,33.0,675.0,1.0,0.0014814815,0.7108,0.6164,,False
False,0.0,0.1254,0.1266,0.3221,0.0134,215.0,40499697.0,24.0,33.0,675.0,1.0,0.0014814815,0.7107,0.6158,,False
False,0.0,0.0165,0.0214,0.3178,0.0132,216.0,40906154.0,24.0,33.0,675.0,5.0,0.0074074073,0.7109,0.6185,,False
False,0.0,0.1231,0.1231,0.3143,0.0131,217.0,41106924.0,24.0,33.0,675.0,1.0,0.0014814815,0.7095,0.6169,,False
False,0.0,,0.006,0.3118,0.0125,218.0,41602180.0,25.0,34.0,679.0,4.0,0.005891016,0.7152,0.6219,,True
False,0.0,0.0102,0.0114,0.3085,0.0123,219.0,41857041.0,25.0,34.0,679.0,1.0,0.001472754,0.7196,0.639,,False
False,0.0,,0.0012,0.3043,0.0117,220.0,42131513.0,26.0,35.0,679.0,1.0,0.001472754,0.72,0.6376,,False
False,0.0,,0.0012,0.304,0.0113,221.0,42141623.0,27.0,36.0,679.0,1.0,0.001472754,0.72,0.6371,,False
False,0.0,0.0219,0.0454,0.3106,0.0115,222.0,42311077.0,27.0,36.0,679.0,20.0,0.02945508,0.6787,0.6369,,False
False,0.0,0.0012,0.0012,0.3105,0.0115,223.0,42318474.0,27.0,36.0,679.0,1.0,0.001472754,0.6787,0.6363,,False
False,0.0,0.0164,0.0203,0.3057,0.0113,224.0,42736673.0,27.0,36.0,679.0,5.0,0.00736377,0.6752,0.6349,,False
False,0.0,0.1091,0.1103,0.2965,0.011,225.0,43421556.0,27.0,36.0,679.0,1.0,0.001472754,0.6949,0.6447,,False
False,0.0,,0.0012,0.2882,0.0107,226.0,44031477.0,27.0,37.0,679.0,1.0,0.001472754,0.6963,0.6458,,False
False,0.0,0.0089,0.0265,0.2971,0.011,227.0,44211961.0,27.0,37.0,684.0,10.0,0.014619883,0.6903,0.6485,,True
False,0.0,0.0011,0.0024,0.289,0.0107,228.0,44898851.0,27.0,37.0,684.0,2.0,0.0029239766,0.6924,0.6576,,False
False,0.0,,0.0024,0.2858,0.0102,229.0,45256274.0,28.0,38.0,684.0,2.0,0.0029239766,0.6595,0.6585,,False
False,0.0,,0.014,0.2936,0.0101,230.0,45489404.0,29.0,38.0,688.0,8.0,0.011627907,0.6869,0.6764,,False
False,0.0,,0.007,0.298,0.0099,231.0,45504757.0,30.0,39.0,693.0,5.0,0.007215007,0.689,0.6778,,False
False,0.0,0.0006,0.0447,0.3182,0.011,232.0,45843382.0,29.0,39.0,691.0,42.0,0.060781475,0.69,0.6852,,False
False,0.0,0.0022,0.0023,0.3109,0.0107,233.0,46359294.0,29.0,39.0,691.0,1.0,0.001447178,0.7171,0.7193,,False
False,0.0,0.033,0.0341,0.3106,0.0107,234.0,46441187.0,29.0,39.0,691.0,1.0,0.001447178,0.717,0.7186,,False
False,0.0,0.0164,0.0737,0.3455,0.0119,235.0,46448015.0,29.0,39.0,713.0,48.0,0.06732118,0.7124,0.7237,,True
False,0.0,,0.0011,0.3449,0.0115,236.0,46459814.0,30.0,39.0,713.0,1.0,0.0014025245,0.7123,0.723,,False
False,0.0,0.0031,0.0042,0.3425,0.0114,237.0,46706246.0,30.0,39.0,713.0,1.0,0.0014025245,0.712,0.7226,,True
False,0.0,0.001,0.0022,0.3353,0.0116,238.0,47156831.0,29.0,39.0,713.0,1.0,0.0014025245,0.7071,0.7194,,False
False,0.0,0.0011,0.0022,0.3351,0.0116,239.0,47219314.0,29.0,39.0,713.0,1.0,0.0014025245,0.707,0.7187,,False
False,0.0,0.0022,0.0023,0.3351,0.0116,240.0,47221079.0,29.0,39.0,713.0,1.0,0.0014025245,0.7072,0.7184,,False
False,0.0,0.0023,0.0023,0.3342,0.0115,241.0,47234059.0,29.0,39.0,713.0,1.0,0.0014025245,0.7071,0.7178,,False
False,0.0,0.0022,0.0022,0.32,0.011,242.0,48182341.0,29.0,39.0,713.0,1.0,0.0014025245,0.7133,0.7142,,False
False,0.0,0.068,0.0693,0.3209,0.0111,243.0,48184244.0,29.0,39.0,713.0,3.0,0.004207574,0.713,0.7142,,False
False,0.0,0.069,0.069,0.3195,0.011,244.0,48278422.0,29.0,39.0,713.0,1.0,0.0014025245,0.712,0.7073,,False
False,0.0,0.0377,0.041,0.321,0.0111,245.0,48280665.0,29.0,39.0,714.0,2.0,0.0028011205,0.7119,0.707,,True
False,0.0,0.0024,0.0036,0.3174,0.0109,246.0,48533155.0,29.0,39.0,714.0,1.0,0.0014005603,0.7118,0.7063,,False
False,0.0,0.0036,0.0047,0.3173,0.0109,247.0,48539570.0,29.0,39.0,714.0,1.0,0.0014005603,0.7121,0.7061,,False
False,0.0,0.001,0.0021,0.314,0.0108,248.0,48784676.0,29.0,39.0,714.0,1.0,0.0014005603,0.7158,0.7079,,False
False,0.0,,0.0011,0.3014,0.01,249.0,49658638.0,30.0,40.0,714.0,1.0,0.0014005603,0.718,0.7067,,False
False,0.0,0.002,0.0043,0.3017,0.0101,250.0,49661411.0,30.0,40.0,714.0,2.0,0.0028011205,0.7178,0.7064,,False
False,0.0,0.0019,0.003,0.2924,0.0101,251.0,50352427.0,29.0,40.0,714.0,1.0,0.0014005603,0.7186,0.7069,,False
False,0.0,0.0044,0.046,0.299,0.0107,252.0,51463064.0,28.0,40.0,714.0,37.0,0.05182073,0.7241,0.7196,,False
False,0.0,0.0019,0.0041,0.2991,0.0107,253.0,51543679.0,28.0,40.0,714.0,2.0,0.0028011205,0.724,0.7191,,False
False,0.0,0.0041,0.0086,0.2982,0.0106,254.0,51843800.0,28.0,40.0,714.0,4.0,0.005602241,0.7237,0.7194,,False
False,0.0,,0.0011,0.2962,0.0102,255.0,51983822.0,29.0,41.0,714.0,1.0,0.0014005603,0.7192,0.7159,,False
False,0.0,0.0033,0.0145,0.2981,0.0103,256.0,51986504.0,29.0,41.0,714.0,10.0,0.014005602,0.7184,0.7178,,False
False,0.0,0.0011,0.0022,0.297,0.0102,257.0,52076552.0,29.0,41.0,714.0,1.0,0.0014005603,0.7184,0.7178,,False
False,0.0,0.0496,0.0519,0.2927,0.0101,258.0,52415259.0,29.0,41.0,714.0,2.0,0.0028011205,0.7312,0.7233,,False
False,0.0,0.0363,0.0477,0.2948,0.0102,259.0,52506239.0,29.0,41.0,714.0,37.0,0.05182073,0.7288,0.7297,,False
False,0.0,0.0229,0.023,0.2947,0.0102,260.0,52508581.0,29.0,41.0,711.0,3.0,0.004219409,0.7286,0.7295,,False
False,0.0,0.0011,0.0023,0.2946,0.0102,261.0,52582349.0,29.0,41.0,711.0,2.0,0.0028129395,0.7286,0.7292,,False
False,0.0,0.0022,0.0056,0.286,0.0099,262.0,53356527.0,29.0,41.0,711.0,3.0,0.004219409,0.7173,0.7219,,False
False,0.0,0.044,0.0451,0.2808,0.0097,263.0,53787323.0,29.0,41.0,711.0,2.0,0.0028129395,0.7297,0.7146,,False
False,0.0,0.0028,0.003,0.2798,0.0096,264.0,53875673.0,29.0,41.0,711.0,1.0,0.0014064697,0.7296,0.7138,,False
False,0.0,0.0054,0.0055,0.279,0.0096,265.0,53893241.0,29.0,41.0,711.0,1.0,0.0014064697,0.7295,0.7129,,False
False,0.0,,0.2577,0.4297,0.0148,266.0,53985461.0,29.0,42.0,711.0,358.0,0.5035162,0.6749,0.6882,,True
False,0.0,0.2546,0.2546,0.4245,0.0146,267.0,54249193.0,29.0,42.0,711.0,1.0,0.0014064697,0.6919,0.6822,,False
False,0.0,0.2546,0.2546,0.4241,0.0146,268.0,54315044.0,29.0,42.0,711.0,1.0,0.0014064697,0.6901,0.6812,,False
False,0.0,0.0217,0.0632,0.4365,0.0156,269.0,54406498.0,28.0,42.0,711.0,38.0,0.05344585,0.685,0.6863,,False
False,0.0,0.0006,0.0017,0.4363,0.0156,270.0,54414723.0,28.0,42.0,711.0,1.0,0.0014064697,0.6849,0.6855,,False
False,0.0,0.0031,0.0075,0.4374,0.0156,271.0,54416419.0,28.0,42.0,711.0,4.0,0.005625879,0.6844,0.6856,,False
False,0.0,0.0075,0.0086,0.4357,0.0156,272.0,54499283.0,28.0,42.0,711.0,1.0,0.0014064697,0.6925,0.6903,,False
False,0.0,0.0113,0.0121,0.4234,0.0151,273.0,55167915.0,28.0,42.0,711.0,1.0,0.0014064697,0.6838,0.6855,,False
False,0.0,0.0009,0.0031,0.4178,0.0149,274.0,55452533.0,28.0,42.0,711.0,2.0,0.0028129395,0.683,0.686,,False
False,0.0,0.2183,0.2205,0.4146,0.0148,275.0,55621709.0,28.0,42.0,711.0,2.0,0.0028129395,0.6916,0.6932,,False
False,0.0,0.0124,0.0135,0.4145,0.0148,276.0,55626936.0,28.0,42.0,711.0,1.0,0.0014064697,0.6915,0.6923,,False
False,0.0,0.0141,0.0163,0.4117,0.0147,277.0,55787545.0,28.0,42.0,711.0,2.0,0.0028129395,0.6983,0.696,,False
False,0.0,0.0526,0.0541,0.3853,0.0138,278.0,57249629.0,28.0,42.0,711.0,4.0,0.005625879,0.6791,0.6898,,False
False,0.0,0.0149,0.0209,0.3761,0.0134,279.0,57839427.0,28.0,42.0,711.0,6.0,0.008438818,0.6655,0.6786,,False
False,0.0,0.0118,0.012,0.3644,0.013,280.0,58532533.0,28.0,42.0,711.0,1.0,0.0014064697,0.6399,0.6802,,False
False,0.0,0.012,0.0131,0.3645,0.013,281.0,58535887.0,28.0,42.0,711.0,1.0,0.0014064697,0.6397,0.6793,,False
False,0.0,0.0471,0.106,0.3852,0.0138,282.0,58616509.0,28.0,42.0,717.0,75.0,0.10460251,0.642,0.69,,True
False,0.0,0.0099,0.0132,0.3848,0.0137,283.0,58632812.0,28.0,42.0,717.0,3.0,0.0041841003,0.6414,0.6899,,False
False,0.0,0.1611,0.1622,0.3833,0.0137,284.0,58719295.0,28.0,42.0,717.0,1.0,0.0013947001,0.6413,0.689,,False
False,0.0,0.1596,0.1596,0.3773,0.0135,285.0,59064373.0,28.0,42.0,717.0,1.0,0.0013947001,0.653,0.6962,,False
False,0.0,0.1583,0.1583,0.3745,0.0134,286.0,59224711.0,28.0,42.0,717.0,1.0,0.0013947001,0.6528,0.6953,,False
False,0.0,0.0029,0.0039,0.3715,0.0133,287.0,59400441.0,28.0,42.0,717.0,1.0,0.0013947001,0.6526,0.6945,,False
False,0.0,0.0049,0.006,0.3629,0.013,288.0,59925577.0,28.0,42.0,717.0,1.0,0.0013947001,0.6602,0.6928,,False
False,0.0,0.0119,0.013,0.3479,0.0124,289.0,60862458.0,28.0,42.0,717.0,1.0,0.0013947001,0.6274,0.6859,,False
False,0.0,0.144,0.1441,0.3449,0.0123,290.0,61047373.0,28.0,42.0,717.0,1.0,0.0013947001,0.5815,0.6609,,False
False,0.0,0.0005,0.0016,0.315,0.0112,291.0,62973222.0,28.0,42.0,717.0,1.0,0.0013947001,0.6143,0.649,,False
False,0.0,0.0118,0.0139,0.3159,0.0113,292.0,63043041.0,28.0,42.0,718.0,1.0,0.0013927576,0.6165,0.6505,,False
False,0.0,0.1296,0.1307,0.3152,0.0113,293.0,63060858.0,28.0,42.0,718.0,1.0,0.0013927576,0.6163,0.6496,,False
False,0.0,0.1296,0.1307,0.3126,0.0112,294.0,63292689.0,28.0,42.0,718.0,1.0,0.0013927576,0.6161,0.6486,,False
False,0.0,0.0013,0.0798,0.3254,0.0116,295.0,63583681.0,28.0,42.0,718.0,72.0,0.10027855,0.6607,0.6609,,False
False,0.0,0.0798,0.082,0.3255,0.0116,296.0,63652015.0,28.0,42.0,718.0,4.0,0.0055710305,0.6599,0.6612,,False
False,0.0,0.1222,0.1223,0.3132,0.0112,297.0,64492779.0,28.0,42.0,718.0,1.0,0.0013927576,0.6539,0.6653,,False
False,0.0,0.0022,0.0197,0.3115,0.0111,298.0,64668142.0,28.0,42.0,718.0,16.0,0.022284122,0.6505,0.669,,False
False,0.0,0.0004,0.0015,0.3115,0.0111,299.0,64689024.0,28.0,42.0,718.0,1.0,0.0013927576,0.6503,0.6678,,False
False,0.0,0.0197,0.0229,0.3124,0.0112,300.0,64692524.0,28.0,42.0,718.0,3.0,0.004178273,0.6497,0.6676,,False
False,0.0,0.0223,0.0224,0.3042,0.0109,301.0,65279525.0,28.0,42.0,718.0,2.0,0.0027855153,0.6485,0.6719,,False
False,0.0,0.0099,0.011,0.2972,0.0106,302.0,65809111.0,28.0,42.0,718.0,1.0,0.0013927576,0.6288,0.5993,,False
False,0.0,0.1128,0.1129,0.2964,0.0106,303.0,65876542.0,28.0,42.0,718.0,1.0,0.0013927576,0.6283,0.5986,,False
False,0.0,0.112,0.1556,0.2978,0.0106,304.0,66066110.0,28.0,42.0,718.0,41.0,0.057103064,0.638,0.6121,,False
False,0.0,0.0107,0.0118,0.293,0.0105,305.0,66422092.0,28.0,42.0,718.0,1.0,0.0013927576,0.64,0.6131,,False
False,0.0,0.1485,0.1486,0.2844,0.0102,306.0,67092231.0,28.0,42.0,718.0,3.0,0.004178273,0.644,0.607,,False
False,0.0,0.1486,0.1488,0.2846,0.0102,307.0,67093860.0,28.0,42.0,718.0,1.0,0.0013927576,0.644,0.606,,False
False,0.0,0.0113,0.0113,0.2813,0.01,308.0,67309538.0,28.0,42.0,718.0,1.0,0.0013927576,0.644,0.6056,,False
False,0.0,0.1418,0.1419,0.2714,0.0097,309.0,68119847.0,28.0,42.0,718.0,1.0,0.0013927576,0.6349,0.5903,,False
False,0.0,0.1419,0.1419,0.2714,0.0097,310.0,68122351.0,28.0,42.0,718.0,1.0,0.0013927576,0.6349,0.5892,,False
False,0.0,0.0185,0.0937,0.2791,0.01,311.0,68293383.0,28.0,42.0,718.0,69.0,0.09610028,0.6276,0.6012,,False
False,0.0,0.095,0.095,0.2621,0.0094,312.0,69674604.0,28.0,42.0,718.0,1.0,0.0013927576,0.6552,0.5934,,False
False,0.0,0.0935,0.0935,0.2576,0.0092,313.0,70030062.0,28.0,42.0,718.0,1.0,0.0013927576,0.6376,0.5731,,False
False,0.0,0.0018,0.005,0.2577,0.0092,314.0,70041609.0,28.0,42.0,718.0,3.0,0.004178273,0.6374,0.5728,,False
False,0.0,0.009,0.009,0.2571,0.0092,315.0,70107739.0,28.0,42.0,718.0,3.0,0.004178273,0.6269,0.5635,,False
False,0.0,0.0931,0.0932,0.2566,0.0092,316.0,70133319.0,28.0,42.0,718.0,1.0,0.0013927576,0.6268,0.5623,,False
False,0.0,0.0078,0.083,0.262,0.0094,317.0,70193068.0,28.0,42.0,718.0,69.0,0.09610028,0.6222,0.5755,,False
False,0.0,0.0928,0.0929,0.2621,0.0094,318.0,70194214.0,28.0,42.0,718.0,1.0,0.0013927576,0.6222,0.5742,,False
False,0.0,,0.0022,0.2632,0.0091,319.0,70198796.0,29.0,43.0,718.0,2.0,0.0027855153,0.622,0.5735,,False
False,0.0,0.0914,0.0914,0.2588,0.0089,320.0,70560317.0,29.0,43.0,718.0,1.0,0.0013927576,0.6195,0.5701,,False
False,0.0,0.0057,0.0439,0.2575,0.0089,321.0,70746526.0,29.0,43.0,718.0,35.0,0.04874652,0.6318,0.5913,,True
False,0.0,,0.0371,0.2572,0.0086,322.0,70797850.0,30.0,43.0,718.0,34.0,0.04735376,0.6291,0.5983,,True
False,0.0,0.0365,0.0376,0.2523,0.0084,323.0,71196326.0,30.0,43.0,718.0,1.0,0.0013927576,0.6204,0.5877,,True
False,0.0,0.0827,0.0871,0.2386,0.008,324.0,72440543.0,30.0,43.0,718.0,4.0,0.0055710305,0.6101,0.5815,,False
False,0.0,0.0814,0.0824,0.223,0.0074,325.0,73921109.0,30.0,43.0,718.0,1.0,0.0013927576,0.6231,0.5816,,False
False,0.0,0.0815,0.0827,0.221,0.0074,326.0,74118208.0,30.0,43.0,718.0,2.0,0.0027855153,0.6206,0.5799,,False
False,0.0,0.0823,0.0912,0.2219,0.0074,327.0,74215328.0,30.0,43.0,718.0,10.0,0.013927577,0.621,0.566,,False
False,0.0,0.0049,0.0431,0.2274,0.0078,328.0,74218617.0,29.0,43.0,718.0,35.0,0.04874652,0.6184,0.5744,,True
False,0.0,0.0431,0.0503,0.2331,0.008,329.0,74259117.0,29.0,43.0,724.0,6.0,0.008287293,0.625,0.5805,,True
False,0.0,0.0859,0.0892,0.2212,0.0076,330.0,75410066.0,29.0,43.0,724.0,3.0,0.0041436465,0.6045,0.5745,,False
False,0.0,0.0881,0.0882,0.2187,0.0075,331.0,75657624.0,29.0,43.0,724.0,1.0,0.0013812155,0.6138,0.5844,,False
False,0.0,0.0878,0.0879,0.218,0.0075,332.0,75728255.0,29.0,43.0,724.0,1.0,0.0013812155,0.6137,0.583,,False
False,0.0,0.0865,0.0865,0.2145,0.0074,333.0,76083960.0,29.0,43.0,724.0,1.0,0.0013812155,0.6136,0.5816,,False
False,0.0,0.0433,0.0776,0.2402,0.0086,334.0,76097794.0,28.0,43.0,724.0,35.0,0.04834254,0.6109,0.5895,,True
True,1.0,,,0.2375,0.0085,335.0,76350442.0,28.0,43.0,724.0,35.0,0.04834254,0.6166,0.5997,,True
False,1.0,0.0799,0.081,0.2348,0.0084,336.0,76608378.0,28.0,43.0,724.0,2.0,0.002762431,0.6267,0.6155,,False
False,1.0,0.0743,0.0745,0.2331,0.0083,337.0,76776878.0,28.0,43.0,724.0,1.0,0.0013812155,0.6266,0.6128,,False
False,1.0,0.0728,0.0739,0.2283,0.0082,338.0,77222144.0,28.0,43.0,724.0,1.0,0.0013812155,0.6307,0.6182,,False
False,1.0,0.0729,0.074,0.2252,0.008,339.0,77556762.0,28.0,43.0,724.0,1.0,0.0013812155,0.6306,0.6169,,False
False,1.0,0.0745,0.0746,0.2218,0.0079,340.0,77890833.0,28.0,43.0,724.0,1.0,0.0013812155,0.6305,0.6156,,False
False,1.0,0.0725,0.0765,0.2242,0.008,341.0,77985099.0,28.0,43.0,727.0,3.0,0.0041265474,0.6296,0.6177,,False
False,1.0,0.0765,0.0787,0.2256,0.0081,342.0,77988290.0,28.0,43.0,727.0,2.0,0.0027510317,0.6294,0.6169,,False
False,1.0,0.073,0.0741,0.225,0.008,343.0,78061582.0,28.0,43.0,727.0,1.0,0.0013755158,0.6294,0.6157,,False
False,1.0,0.0738,0.0791,0.2266,0.0081,344.0,78166600.0,28.0,43.0,727.0,7.0,0.009628611,0.6288,0.6166,,False
False,1.0,0.0001,0.0012,0.2219,0.0079,345.0,78608251.0,28.0,43.0,727.0,1.0,0.0013755158,0.6139,0.6032,,False
False,1.0,0.0772,0.079,0.2224,0.0079,346.0,78668655.0,28.0,43.0,727.0,2.0,0.0027510317,0.6139,0.6037,,False
False,1.0,0.0787,0.0798,0.2225,0.0079,347.0,78752230.0,28.0,43.0,727.0,1.0,0.0013755158,0.6138,0.6026,,False
False,1.0,0.0789,0.0799,0.2207,0.0079,348.0,79013380.0,28.0,43.0,727.0,1.0,0.0013755158,0.608,0.601,,False
False,1.0,,0.0065,0.2244,0.0077,349.0,79098856.0,29.0,43.0,727.0,6.0,0.008253095,0.6075,0.6017,,False
False,1.0,0.0065,0.0065,0.2244,0.0077,350.0,79104090.0,29.0,43.0,727.0,1.0,0.0013755158,0.6075,0.6006,,False
False,1.0,0.0767,0.0779,0.2192,0.0076,351.0,79615970.0,29.0,43.0,727.0,2.0,0.0027510317,0.5606,0.5682,,False
False,1.0,0.0779,0.0779,0.2192,0.0076,352.0,79620016.0,29.0,43.0,727.0,1.0,0.0013755158,0.5606,0.5673,,False
False,1.0,0.0779,0.079,0.2201,0.0076,353.0,79626601.0,29.0,43.0,727.0,2.0,0.0027510317,0.5605,0.5669,,False
False,1.0,0.0741,0.0743,0.2066,0.0071,354.0,80998855.0,29.0,43.0,727.0,2.0,0.0027510317,0.5396,0.5474,,False
False,1.0,0.0013,0.0024,0.2067,0.0071,355.0,80999431.0,29.0,43.0,727.0,1.0,0.0013755158,0.5396,0.5465,,False
False,1.0,0.0715,0.0716,0.2018,0.007,356.0,81524883.0,29.0,43.0,727.0,1.0,0.0013755158,0.5505,0.7525,,False
False,1.0,0.0624,0.0882,0.2194,0.0076,357.0,81528808.0,29.0,43.0,727.0,24.0,0.03301238,0.5418,0.7587,,False
False,1.0,,0.0043,0.221,0.0074,358.0,81705785.0,30.0,44.0,730.0,3.0,0.004109589,0.5476,0.7505,,False
False,1.0,0.0029,0.0039,0.2206,0.0074,359.0,81724364.0,30.0,44.0,730.0,1.0,0.001369863,0.5463,0.7558,,False
False,1.0,0.0648,0.0687,0.2216,0.0074,360.0,81802148.0,30.0,44.0,730.0,7.0,0.009589041,0.5499,0.7593,,True
False,1.0,0.0007,0.0017,0.2215,0.0074,361.0,81807761.0,30.0,44.0,730.0,1.0,0.001369863,0.5495,0.7582,,False
False,1.0,0.0855,0.0879,0.2228,0.0077,362.0,81811175.0,29.0,44.0,730.0,6.0,0.008219178,0.5475,0.76,,False
False,1.0,,0.0021,0.2184,0.0073,363.0,82303984.0,30.0,44.0,730.0,2.0,0.002739726,0.5484,0.7596,,False
False,1.0,0.065,0.0661,0.2152,0.0072,364.0,82732714.0,30.0,44.0,730.0,1.0,0.001369863,0.7096,0.4864,,False
False,1.0,,0.0011,0.2142,0.0069,365.0,82824680.0,31.0,44.0,730.0,1.0,0.001369863,0.7095,0.4857,,False
False,1.0,,0.0011,0.2121,0.0066,366.0,83027143.0,32.0,44.0,730.0,1.0,0.001369863,0.7095,0.4857,,False
False,1.0,0.0627,0.0628,0.2075,0.0065,367.0,83517415.0,32.0,44.0,730.0,1.0,0.001369863,0.7259,0.5083,,False
False,1.0,0.0016,0.0027,0.2074,0.0065,368.0,83612539.0,32.0,44.0,730.0,1.0,0.001369863,0.7258,0.5076,,False
False,1.0,0.0611,0.0696,0.2037,0.0064,369.0,84112820.0,32.0,44.0,730.0,8.0,0.010958904,0.7715,0.4899,,False
False,1.0,0.0696,0.0696,0.2035,0.0064,370.0,84131110.0,32.0,44.0,730.0,1.0,0.001369863,0.7801,0.5034,,False
False,1.0,0.0696,0.0707,0.2034,0.0064,371.0,84137286.0,32.0,44.0,730.0,1.0,0.001369863,0.78,0.5025,,False
False,1.0,0.0704,0.083,0.2062,0.0064,372.0,84215880.0,32.0,44.0,730.0,12.0,0.016438356,0.7781,0.5177,,False
False,1.0,,0.0021,0.2078,0.0063,373.0,84218072.0,33.0,45.0,730.0,2.0,0.002739726,0.778,0.5172,,False
False,1.0,0.0011,0.0022,0.2061,0.0062,374.0,84456708.0,33.0,45.0,730.0,1.0,0.001369863,0.7778,0.5153,,False
False,1.0,0.0021,0.0032,0.2062,0.0064,375.0,84458843.0,32.0,45.0,730.0,1.0,0.001369863,0.7778,0.5145,,False
False,1.0,0.0619,0.0629,0.206,0.0066,376.0,84476880.0,31.0,45.0,730.0,1.0,0.001369863,0.7777,0.5137,,False
False,1.0,0.0812,0.0813,0.2054,0.0066,377.0,84552351.0,31.0,45.0,730.0,1.0,0.001369863,0.7777,0.5129,,False
False,1.0,0.0809,0.081,0.2046,0.0066,378.0,84638916.0,31.0,45.0,730.0,1.0,0.001369863,0.7776,0.5121,,False
False,1.0,0.0805,0.0805,0.2034,0.0066,379.0,84742098.0,31.0,45.0,730.0,1.0,0.001369863,0.7775,0.5114,,False
False,1.0,0.0794,0.0805,0.2009,0.0065,380.0,85016309.0,31.0,45.0,730.0,1.0,0.001369863,0.7775,0.5106,,False
False,1.0,0.0795,0.0795,0.1983,0.0064,381.0,85324866.0,31.0,45.0,730.0,1.0,0.001369863,0.7835,0.5063,,False
False,1.0,0.0601,0.0601,0.1971,0.0064,382.0,85432593.0,31.0,45.0,730.0,1.0,0.001369863,0.7858,0.5143,,False
False,1.0,0.0779,0.0779,0.1942,0.0063,383.0,85772845.0,31.0,45.0,730.0,1.0,0.001369863,0.7918,0.5133,,False
False,1.0,0.0591,0.0634,0.194,0.0065,384.0,85840676.0,30.0,45.0,730.0,4.0,0.005479452,0.7917,0.5131,,False
False,1.0,0.0619,0.0629,0.1894,0.0063,385.0,86355112.0,30.0,45.0,730.0,1.0,0.001369863,0.7907,0.4951,,False
False,1.0,0.0009,0.0011,0.1895,0.0063,386.0,86359694.0,30.0,45.0,730.0,1.0,0.001369863,0.7907,0.4943,,False
False,1.0,,0.0074,0.1952,0.0063,387.0,86382612.0,31.0,45.0,736.0,6.0,0.008152174,0.7901,0.502,,True
False,1.0,0.0618,0.0618,0.1935,0.0062,388.0,86563414.0,31.0,45.0,736.0,1.0,0.0013586957,0.8037,0.5258,,False
False,1.0,0.0073,0.0084,0.1932,0.0062,389.0,86669989.0,31.0,45.0,736.0,1.0,0.0013586957,0.8117,0.5418,,False
False,1.0,0.0722,0.0723,0.1909,0.0062,390.0,86960934.0,31.0,45.0,736.0,1.0,0.0013586957,0.8118,0.541,,False
False,1.0,0.0005,0.0016,0.1908,0.0062,391.0,86964308.0,31.0,45.0,736.0,1.0,0.0013586957,0.8118,0.5401,,False
False,1.0,0.0717,0.0759,0.1932,0.0062,392.0,87131643.0,31.0,45.0,736.0,7.0,0.009510869,0.8142,0.5457,,False
False,1.0,0.0588,0.0592,0.1926,0.0062,393.0,87231507.0,31.0,45.0,736.0,3.0,0.004076087,0.8143,0.5447,,False
False,1.0,0.0022,0.0489,0.2124,0.0069,394.0,87478244.0,31.0,45.0,736.0,44.0,0.05978261,0.8134,0.5489,,False
False,1.0,0.001,0.002,0.2045,0.0066,395.0,88345668.0,31.0,45.0,736.0,1.0,0.0013586957,0.8205,0.5629,,False
False,1.0,0.053,0.0531,0.2045,0.0066,396.0,88360485.0,31.0,45.0,736.0,1.0,0.0013586957,0.8204,0.5621,,False
False,1.0,0.0469,0.0488,0.2058,0.0066,397.0,88427862.0,31.0,45.0,736.0,44.0,0.05978261,0.8193,0.566,,False
False,1.0,0.0518,0.0518,0.2018,0.0065,398.0,88860430.0,31.0,45.0,736.0,44.0,0.05978261,0.8173,0.5732,,False
False,1.0,0.0516,0.0517,0.2013,0.0065,399.0,88895497.0,31.0,45.0,736.0,1.0,0.0013586957,0.8176,0.5723,,False
False,1.0,0.0065,0.0066,0.197,0.0064,400.0,89386361.0,31.0,45.0,736.0,1.0,0.0013586957,0.8212,0.5767,,False
False,1.0,0.0504,0.0504,0.196,0.0063,401.0,89489967.0,31.0,45.0,736.0,1.0,0.0013586957,0.8212,0.5767,,False
False,1.0,,0.0074,0.202,0.0063,402.0,89490982.0,32.0,46.0,742.0,6.0,0.008086253,0.8287,0.5849,,True
False,1.0,0.0007,0.0017,0.2018,0.0063,403.0,89570689.0,32.0,46.0,742.0,1.0,0.0013477089,0.8287,0.5841,,False
False,1.0,0.0065,0.0075,0.2016,0.0063,404.0,89646845.0,32.0,46.0,742.0,1.0,0.0013477089,0.8287,0.5833,,False
False,1.0,0.0491,0.0935,0.2179,0.0068,405.0,89893682.0,32.0,46.0,742.0,44.0,0.05929919,0.8277,0.5828,,False
False,1.0,0.0935,0.0997,0.22,0.0069,406.0,89904511.0,32.0,46.0,742.0,9.0,0.01212938,0.8275,0.5831,,False
False,1.0,0.0484,0.0494,0.221,0.0069,407.0,89908399.0,32.0,46.0,742.0,1.0,0.0013477089,0.8275,0.5823,,False
False,1.0,0.0063,0.0074,0.214,0.0067,408.0,90602106.0,32.0,46.0,742.0,1.0,0.0013477089,0.8286,0.6217,,False
False,1.0,0.0074,0.0074,0.2136,0.0067,409.0,90671127.0,32.0,46.0,742.0,1.0,0.0013477089,0.8285,0.621,,False
False,1.0,0.0948,0.0949,0.2123,0.0066,410.0,90774358.0,32.0,46.0,742.0,1.0,0.0013477089,0.8285,0.6203,,False
False,1.0,0.0949,0.0949,0.2124,0.0066,411.0,90776776.0,32.0,46.0,742.0,1.0,0.0013477089,0.8285,0.6196,,False
False,1.0,0.0948,0.116,0.2284,0.0074,412.0,90795177.0,31.0,46.0,742.0,43.0,0.057951484,0.8276,0.6219,,False
False,1.0,0.0214,0.0225,0.2282,0.0074,413.0,90852290.0,31.0,46.0,742.0,1.0,0.0013477089,0.8275,0.6212,,False
False,1.0,0.113,0.113,0.2245,0.0072,414.0,91204453.0,31.0,46.0,742.0,2.0,0.0026954177,0.8281,0.6191,,False
False,1.0,0.1117,0.114,0.2233,0.0072,415.0,91451138.0,31.0,46.0,742.0,44.0,0.05929919,0.8288,0.6234,,False
False,1.0,0.1126,0.1126,0.2203,0.0071,416.0,91729013.0,31.0,46.0,742.0,44.0,0.05929919,0.8285,0.6253,,False
False,1.0,0.0434,0.0444,0.2189,0.0071,417.0,91883396.0,31.0,46.0,742.0,1.0,0.0013477089,0.8285,0.6246,,False
False,1.0,0.1098,0.1098,0.217,0.007,418.0,92065480.0,31.0,46.0,742.0,1.0,0.0013477089,0.8279,0.6206,,False
False,1.0,0.108,0.108,0.2133,0.0069,419.0,92428687.0,31.0,46.0,742.0,1.0,0.0013477089,0.827,0.6168,,False
False,1.0,0.0015,0.0025,0.2089,0.0067,420.0,92918308.0,31.0,46.0,742.0,1.0,0.0013477089,0.8258,0.6146,,False
False,1.0,0.0422,0.0959,0.226,0.0075,421.0,93007254.0,30.0,46.0,751.0,53.0,0.07057257,0.8244,0.6178,,True
False,1.0,0.0959,0.097,0.2259,0.0075,422.0,93014906.0,30.0,46.0,751.0,1.0,0.0013315579,0.8244,0.6171,,False
False,1.0,0.07,0.071,0.2249,0.0075,423.0,93114363.0,30.0,46.0,751.0,1.0,0.0013315579,0.8244,0.6171,,False
False,1.0,0.0707,0.0718,0.2241,0.0075,424.0,93193438.0,30.0,46.0,751.0,1.0,0.0013315579,0.8244,0.6164,,False
False,1.0,0.0004,0.0014,0.2188,0.0073,425.0,93718094.0,30.0,46.0,751.0,1.0,0.0013315579,0.8241,0.6186,,False
False,1.0,0.0918,0.0939,0.2203,0.0073,426.0,93782516.0,30.0,46.0,751.0,2.0,0.0026631157,0.8243,0.618,,False
False,1.0,,0.001,0.219,0.0071,427.0,93875311.0,31.0,47.0,751.0,1.0,0.0013315579,0.8242,0.6173,,False
False,1.0,0.0673,0.1152,0.2183,0.007,428.0,94215093.0,31.0,47.0,751.0,46.0,0.061251663,0.8235,0.6236,,False
False,1.0,0.1145,0.1145,0.2169,0.007,429.0,94337544.0,31.0,47.0,751.0,46.0,0.061251663,0.8227,0.6275,,False
False,1.0,0.1142,0.1152,0.2164,0.007,430.0,94398655.0,31.0,47.0,751.0,1.0,0.0013315579,0.8226,0.6268,,False
False,1.0,0.1152,0.1153,0.2164,0.007,431.0,94409683.0,31.0,47.0,751.0,1.0,0.0013315579,0.8213,0.6282,,False
False,1.0,0.001,0.001,0.2156,0.007,432.0,94442521.0,31.0,47.0,748.0,3.0,0.004010695,0.8213,0.628,,True
False,1.0,0.0441,0.0447,0.2131,0.0069,433.0,94757322.0,31.0,47.0,748.0,3.0,0.004010695,0.8204,0.6322,,False
False,1.0,0.0062,0.0093,0.2147,0.0069,434.0,94844953.0,31.0,47.0,750.0,2.0,0.0026666666,0.8211,0.6352,,True
False,1.0,0.1119,0.1215,0.2188,0.0071,435.0,94921598.0,31.0,47.0,750.0,46.0,0.061333332,0.8198,0.6375,,False
False,1.0,0.0425,0.0425,0.2187,0.0071,436.0,94934515.0,31.0,47.0,750.0,46.0,0.061333332,0.8185,0.6393,,False
False,1.0,0.1213,0.1213,0.2184,0.007,437.0,94992341.0,31.0,47.0,750.0,46.0,0.061333332,0.8171,0.6415,,False
False,1.0,0.1204,0.1215,0.2176,0.0073,438.0,95115289.0,30.0,47.0,750.0,1.0,0.0013333333,0.8179,0.6438,,False
False,1.0,0.1203,0.1204,0.2156,0.0072,439.0,95345390.0,30.0,47.0,750.0,1.0,0.0013333333,0.818,0.6449,,False
False,1.0,0.1194,0.1194,0.2138,0.0071,440.0,95523928.0,30.0,47.0,750.0,1.0,0.0013333333,0.8179,0.6455,,False
False,1.0,,0.001,0.2137,0.0069,441.0,95542544.0,31.0,48.0,750.0,1.0,0.0013333333,0.8179,0.6441,,False
False,1.0,0.001,0.001,0.2133,0.0069,442.0,95599962.0,31.0,48.0,750.0,1.0,0.0013333333,0.8178,0.6431,,False
False,1.0,0.1189,0.1203,0.2146,0.0069,443.0,95604539.0,31.0,48.0,750.0,46.0,0.061333332,0.8164,0.6453,,False
False,1.0,0.001,0.002,0.2146,0.0072,444.0,95605109.0,30.0,48.0,750.0,1.0,0.0013333333,0.8164,0.6447,,False
False,1.0,0.1202,0.1203,0.2146,0.0072,445.0,95611396.0,30.0,48.0,750.0,1.0,0.0013333333,0.8163,0.6441,,False
False,1.0,0.1176,0.1186,0.2107,0.007,446.0,96121689.0,30.0,48.0,750.0,47.0,0.06266667,0.8197,0.6533,,True
False,1.0,0.1176,0.118,0.2094,0.007,447.0,96297724.0,30.0,48.0,750.0,46.0,0.061333332,0.8184,0.6554,,False
False,1.0,0.1179,0.1179,0.2091,0.007,448.0,96335613.0,30.0,48.0,750.0,1.0,0.0013333333,0.8183,0.6548,,False
False,1.0,0.1177,0.1178,0.2089,0.007,449.0,96380783.0,30.0,48.0,750.0,1.0,0.0013333333,0.8183,0.6542,,False
False,1.0,0.0395,0.0405,0.207,0.0069,450.0,96559760.0,30.0,48.0,750.0,1.0,0.0013333333,0.8184,0.6546,,False
False,1.0,0.1167,0.1167,0.207,0.0069,451.0,96568283.0,30.0,48.0,750.0,1.0,0.0013333333,0.8183,0.6541,,False
False,1.0,0.1166,0.1166,0.2068,0.0069,452.0,96586417.0,30.0,48.0,750.0,1.0,0.0013333333,0.8183,0.6535,,False
False,1.0,0.1132,0.1133,0.2008,0.0067,453.0,97242354.0,30.0,48.0,750.0,1.0,0.0013333333,0.8196,0.6524,,False
False,1.0,0.1069,0.1069,0.1895,0.0063,454.0,98481272.0,30.0,48.0,750.0,1.0,0.0013333333,0.8223,0.6556,,False
False,1.0,0.1015,0.1083,0.1868,0.0062,455.0,99590207.0,30.0,48.0,750.0,46.0,0.061333332,0.8128,0.6568,,False
False,1.0,0.0348,0.0348,0.1848,0.0062,456.0,99837932.0,30.0,48.0,750.0,46.0,0.061333332,0.8081,0.6532,,False
False,1.0,0.1066,0.1066,0.1838,0.0061,457.0,99944015.0,30.0,48.0,750.0,1.0,0.0013333333,0.808,0.6526,,False
False,1.0,,0.0052,0.1798,0.0058,458.0,100960491.0,31.0,48.0,754.0,4.0,0.0053050397,0.7903,0.6795,,False
False,1.0,0.0326,0.0336,0.1785,0.0058,459.0,101135411.0,31.0,48.0,754.0,1.0,0.0013262599,0.7872,0.6784,,False
False,1.0,0.0986,0.1039,0.1781,0.0057,460.0,101355740.0,31.0,48.0,754.0,9.0,0.01193634,0.7844,0.6774,,True
False,1.0,0.0005,0.0036,0.1768,0.0057,461.0,101584183.0,31.0,48.0,754.0,3.0,0.00397878,0.7844,0.6772,,False
False,1.0,0.1016,0.1026,0.1764,0.0057,462.0,101653135.0,31.0,48.0,754.0,1.0,0.0013262599,0.7844,0.6766,,False
False,1.0,0.1024,0.1034,0.1761,0.0057,463.0,101672310.0,31.0,48.0,754.0,1.0,0.0013262599,0.7897,0.6814,,False
False,1.0,0.103,0.1224,0.1884,0.0061,464.0,101752596.0,31.0,48.0,754.0,46.0,0.061007958,0.7875,0.6839,,False
False,1.0,0.0007,0.0017,0.1839,0.0059,465.0,102347934.0,31.0,48.0,754.0,1.0,0.0013262599,0.7612,0.6704,,False
False,1.0,0.1163,0.1492,0.2076,0.0067,466.0,102769997.0,31.0,48.0,758.0,50.0,0.06596306,0.7571,0.6726,,True
False,1.0,0.0091,0.0603,0.2482,0.008,467.0,102789680.0,31.0,48.0,810.0,52.0,0.06419753,0.7543,0.6761,,False
False,1.0,0.1406,0.1935,0.2527,0.0082,468.0,102941044.0,31.0,48.0,810.0,105.0,0.12962963,0.7494,0.6834,,True
False,1.0,0.1899,0.2225,0.2754,0.0089,469.0,103345860.0,31.0,48.0,810.0,60.0,0.074074075,0.7449,0.6801,,True
False,1.0,0.0135,0.0183,0.2784,0.009,470.0,103387159.0,31.0,48.0,814.0,4.0,0.004914005,0.7446,0.6798,,True
False,1.0,0.0015,0.0025,0.2769,0.0089,471.0,103547601.0,31.0,48.0,814.0,1.0,0.0012285012,0.7447,0.6787,,False
False,1.0,0.2193,0.2193,0.2768,0.0089,472.0,103561205.0,31.0,48.0,814.0,1.0,0.0012285012,0.7447,0.678,,False
False,1.0,0.0008,0.0047,0.2688,0.0087,473.0,104417049.0,31.0,48.0,817.0,3.0,0.0036719707,0.7477,0.6655,,False
False,1.0,0.0024,0.0033,0.2679,0.0086,474.0,104519910.0,31.0,48.0,817.0,1.0,0.0012239902,0.7436,0.6617,,False
False,1.0,0.015,0.0159,0.265,0.0085,475.0,104759438.0,31.0,48.0,817.0,1.0,0.0012239902,0.7441,0.6618,,False
False,1.0,0.205,0.2069,0.2659,0.0086,476.0,104761057.0,31.0,48.0,817.0,2.0,0.0024479805,0.744,0.6612,,True
False,1.0,0.2067,0.2067,0.2655,0.0086,477.0,104803867.0,31.0,48.0,817.0,1.0,0.0012239902,0.7319,0.6607,,False
False,1.0,0.2026,0.2026,0.2603,0.0084,478.0,105219388.0,31.0,48.0,817.0,1.0,0.0012239902,0.7137,0.6722,,False
False,1.0,0.0032,0.0033,0.2598,0.0084,479.0,105274092.0,31.0,48.0,817.0,1.0,0.0012239902,0.7136,0.6715,,True
False,1.0,0.0146,0.0156,0.2595,0.0084,480.0,105288704.0,31.0,48.0,817.0,1.0,0.0012239902,0.7136,0.6709,,False
False,1.0,0.2012,0.2012,0.2586,0.0083,481.0,105362482.0,31.0,48.0,817.0,1.0,0.0012239902,0.7137,0.6696,,False
False,1.0,0.002,0.0031,0.2594,0.0084,482.0,105383531.0,31.0,48.0,817.0,2.0,0.0024479805,0.7135,0.6691,,False
False,1.0,0.0164,0.2079,0.3811,0.0127,483.0,105658472.0,30.0,48.0,958.0,234.0,0.24425887,0.71,0.6733,,True
False,1.0,0.1429,0.2203,0.4045,0.0135,484.0,105714513.0,30.0,48.0,965.0,107.0,0.11088083,0.6901,0.6908,,True
False,1.0,0.2203,0.2203,0.4045,0.0135,485.0,105724968.0,30.0,48.0,965.0,98.0,0.1015544,0.6818,0.6925,,False
False,1.0,0.0098,0.0099,0.4097,0.0137,486.0,105734518.0,30.0,48.0,945.0,20.0,0.02116402,0.6818,0.6932,,False
False,1.0,0.2197,0.2207,0.4058,0.0135,487.0,105991626.0,30.0,48.0,945.0,98.0,0.1037037,0.6759,0.6936,,False
False,1.0,0.0098,0.014,0.4072,0.0136,488.0,106009731.0,30.0,48.0,948.0,4.0,0.004219409,0.676,0.6938,,False
False,1.0,0.0018,0.0027,0.4072,0.0136,489.0,106012256.0,30.0,48.0,948.0,1.0,0.0010548523,0.6759,0.6931,,False
False,1.0,0.2144,0.2256,0.4036,0.0135,490.0,106509108.0,30.0,48.0,948.0,28.0,0.029535865,0.6527,0.6834,,True
False,1.0,0.0025,0.0042,0.3927,0.0131,491.0,107097394.0,30.0,48.0,948.0,2.0,0.0021097045,0.652,0.6794,,False
False,1.0,0.217,0.217,0.3911,0.013,492.0,107189409.0,30.0,48.0,948.0,1.0,0.0010548523,0.6519,0.6787,,False
False,1.0,0.217,0.217,0.3911,0.013,493.0,107197388.0,30.0,48.0,948.0,1.0,0.0010548523,0.6518,0.6779,,False
False,1.0,0.2145,0.2744,0.4113,0.0147,494.0,107437288.0,28.0,48.0,948.0,98.0,0.103375524,0.6486,0.6806,,False
False,1.0,0.0041,0.005,0.4113,0.0147,495.0,107447414.0,28.0,48.0,948.0,1.0,0.0010548523,0.6485,0.6799,,False
False,1.0,0.274,0.274,0.4104,0.0147,496.0,107482811.0,28.0,48.0,948.0,1.0,0.0010548523,0.6485,0.6792,,False
False,1.0,0.0114,0.0124,0.4098,0.0146,497.0,107533941.0,28.0,48.0,948.0,2.0,0.0021097045,0.6484,0.6786,,False
False,1.0,0.0006,0.0014,0.409,0.0146,498.0,107619220.0,28.0,48.0,948.0,1.0,0.0010548523,0.6494,0.6775,,False
False,1.0,0.2628,0.2655,0.3994,0.0143,499.0,108301704.0,28.0,48.0,943.0,103.0,0.10922588,0.6437,0.6805,,False
False,1.0,0.2655,0.2655,0.3993,0.0143,500.0,108312316.0,28.0,48.0,943.0,1.0,0.0010604454,0.6437,0.6798,,False
False,1.0,0.2648,0.2648,0.3982,0.0142,501.0,108387911.0,28.0,48.0,943.0,1.0,0.0010604454,0.6436,0.6791,,False
False,1.0,0.2645,0.2645,0.3978,0.0142,502.0,108392570.0,28.0,48.0,943.0,1.0,0.0010604454,0.6436,0.6785,,False
False,1.0,0.2645,0.2645,0.3978,0.0142,503.0,108399179.0,28.0,48.0,943.0,1.0,0.0010604454,0.6435,0.6772,,False
False,1.0,0.0119,0.0128,0.3974,0.0142,504.0,108414171.0,28.0,48.0,943.0,1.0,0.0010604454,0.6434,0.6765,,False
False,1.0,0.2542,0.2542,0.3823,0.0137,505.0,109252221.0,28.0,48.0,943.0,1.0,0.0010604454,0.6562,0.6813,,False
False,1.0,0.2541,0.2577,0.3858,0.0138,506.0,109260480.0,28.0,48.0,943.0,98.0,0.10392365,0.6505,0.6858,,False
False,1.0,0.2567,0.2567,0.3843,0.0137,507.0,109346951.0,28.0,48.0,943.0,1.0,0.0010604454,0.6569,0.6906,,False
False,1.0,0.0122,0.0124,0.3844,0.0137,508.0,109352875.0,28.0,48.0,943.0,2.0,0.002120891,0.6568,0.69,,False
False,1.0,0.0124,0.0959,0.3846,0.0137,509.0,109359768.0,28.0,48.0,943.0,100.0,0.10604454,0.6549,0.6947,,True
False,1.0,0.1731,0.174,0.3844,0.0137,510.0,109367164.0,28.0,48.0,943.0,1.0,0.0010604454,0.6549,0.6934,,False
False,1.0,0.0955,0.0963,0.3821,0.0136,511.0,109523578.0,28.0,48.0,943.0,1.0,0.0010604454,0.6542,0.6911,,False
False,1.0,,0.0008,0.3643,0.0126,512.0,110555156.0,29.0,49.0,943.0,1.0,0.0010604454,0.6743,0.6805,,False
False,1.0,0.1573,0.24,0.3569,0.0123,513.0,111441430.0,29.0,49.0,943.0,98.0,0.10392365,0.6692,0.6922,,False
False,1.0,0.0125,0.0126,0.3503,0.0121,514.0,111866893.0,29.0,49.0,943.0,1.0,0.0010604454,0.6798,0.6888,,False
False,1.0,0.229,0.2299,0.3407,0.0117,515.0,112474604.0,29.0,49.0,943.0,1.0,0.0010604454,0.6798,0.6919,,False
False,1.0,0.2299,0.2307,0.3408,0.0118,516.0,112477315.0,29.0,49.0,943.0,1.0,0.0010604454,0.6798,0.6911,,False
False,1.0,0.0107,0.0149,0.3426,0.0118,517.0,112544747.0,29.0,49.0,947.0,4.0,0.004223865,0.6796,0.6906,,False
False,1.0,0.0149,0.0157,0.3428,0.0118,518.0,112547512.0,29.0,49.0,947.0,1.0,0.0010559662,0.6795,0.6898,,False
False,1.0,0.0157,0.0164,0.3434,0.0118,519.0,112556395.0,29.0,49.0,947.0,1.0,0.0010559662,0.6796,0.6884,,False
False,1.0,0.2184,0.2715,0.3618,0.0134,520.0,113510904.0,27.0,49.0,947.0,99.0,0.10454065,0.6202,0.731,,False
False,1.0,0.271,0.271,0.361,0.0134,521.0,113587338.0,27.0,49.0,947.0,99.0,0.10454065,0.6139,0.7351,,False
False,1.0,0.2699,0.2746,0.3617,0.0134,522.0,113665192.0,27.0,49.0,947.0,12.0,0.0126715945,0.6131,0.7356,,False
False,1.0,0.013,0.0139,0.3588,0.0133,523.0,113848028.0,27.0,49.0,947.0,1.0,0.0010559662,0.6183,0.7355,,False
False,1.0,,0.0008,0.358,0.0128,524.0,113888290.0,28.0,49.0,947.0,1.0,0.0010559662,0.6183,0.7347,,False
False,1.0,,0.0017,0.3527,0.0122,525.0,114266118.0,29.0,49.0,947.0,2.0,0.0021119325,0.614,0.7341,,False
False,1.0,0.2649,0.2649,0.3523,0.0121,526.0,114287595.0,29.0,49.0,947.0,1.0,0.0010559662,0.614,0.7333,,False
False,1.0,0.2646,0.2646,0.352,0.0121,527.0,114290157.0,29.0,49.0,947.0,1.0,0.0010559662,0.6139,0.7325,,False
False,1.0,0.2641,0.3104,0.3821,0.0132,528.0,114367127.0,29.0,49.0,947.0,100.0,0.105596624,0.6187,0.7404,,False
False,1.0,0.0113,0.0121,0.3819,0.0132,529.0,114372532.0,29.0,49.0,947.0,1.0,0.0010559662,0.6187,0.7396,,False
False,1.0,0.012,0.0136,0.3771,0.013,530.0,114696027.0,29.0,49.0,947.0,2.0,0.0021119325,0.6173,0.7409,,False
False,1.0,0.0135,0.0152,0.3755,0.0129,531.0,114811463.0,29.0,49.0,947.0,2.0,0.0021119325,0.6179,0.7391,,True
False,1.0,,0.0008,0.3759,0.0125,532.0,114818996.0,30.0,49.0,947.0,1.0,0.0010559662,0.618,0.7389,,False
False,1.0,0.3017,0.3049,0.3766,0.0126,533.0,114868718.0,30.0,49.0,947.0,7.0,0.0073917634,0.6176,0.7389,,True
False,1.0,0.0135,0.0144,0.3761,0.0125,534.0,114886695.0,30.0,49.0,947.0,1.0,0.0010559662,0.6175,0.7381,,False
False,1.0,0.3028,0.3084,0.3791,0.0131,535.0,114961116.0,29.0,49.0,947.0,100.0,0.105596624,0.6114,0.7417,,False
False,1.0,0.0439,0.0447,0.3791,0.0131,536.0,114969939.0,29.0,49.0,947.0,1.0,0.0010559662,0.6114,0.741,,False
False,1.0,0.0134,0.0142,0.3775,0.013,537.0,115059203.0,29.0,49.0,947.0,1.0,0.0010559662,0.6166,0.7433,,False
False,1.0,0.0004,0.0012,0.372,0.0128,538.0,115408592.0,29.0,49.0,947.0,1.0,0.0010559662,0.6196,0.7376,,False
False,1.0,0.3007,0.3007,0.3716,0.0128,539.0,115414747.0,29.0,49.0,947.0,1.0,0.0010559662,0.6195,0.7368,,False
False,1.0,0.3005,0.3005,0.3714,0.0128,540.0,115416186.0,29.0,49.0,947.0,1.0,0.0010559662,0.6194,0.736,,False
False,1.0,0.3005,0.3014,0.3715,0.0133,541.0,115416753.0,28.0,49.0,947.0,1.0,0.0010559662,0.6194,0.7353,,False
False,1.0,0.0016,0.0017,0.3716,0.0133,542.0,115418392.0,28.0,49.0,947.0,2.0,0.0021119325,0.6193,0.7347,,False
False,1.0,0.0017,0.0025,0.3716,0.0133,543.0,115418563.0,28.0,49.0,947.0,1.0,0.0010559662,0.6192,0.7339,,False
False,1.0,,0.0008,0.371,0.0128,544.0,115482247.0,29.0,49.0,947.0,1.0,0.0010559662,0.6191,0.7332,,False
False,1.0,0.0008,0.0017,0.371,0.0128,545.0,115486824.0,29.0,49.0,947.0,1.0,0.0010559662,0.6191,0.7325,,False
False,1.0,0.0012,0.002,0.3646,0.0126,546.0,115907468.0,29.0,49.0,947.0,1.0,0.0010559662,0.6191,0.7325,,False
False,1.0,0.002,0.0021,0.3637,0.0125,547.0,115932421.0,29.0,49.0,947.0,1.0,0.0010559662,0.6183,0.7324,,False
False,1.0,0.012,0.0121,0.3625,0.0125,548.0,116007464.0,29.0,49.0,944.0,3.0,0.003177966,0.619,0.732,,False
False,1.0,,0.0067,0.3661,0.0122,549.0,116022070.0,30.0,50.0,951.0,7.0,0.007360673,0.6209,0.7333,,True
False,1.0,0.0067,0.0067,0.3661,0.0122,550.0,116022225.0,30.0,50.0,951.0,1.0,0.0010515247,0.6208,0.7326,,False
False,1.0,0.0119,0.0194,0.3685,0.0123,551.0,116039751.0,30.0,50.0,955.0,11.0,0.011518325,0.6201,0.733,,True
False,1.0,0.002,0.0029,0.3675,0.0123,552.0,116104963.0,30.0,50.0,955.0,1.0,0.0010471204,0.6208,0.7323,,False
False,1.0,0.2882,0.2882,0.3671,0.0122,553.0,116124252.0,30.0,50.0,955.0,1.0,0.0010471204,0.6208,0.7316,,False
False,1.0,0.0185,0.0193,0.3671,0.0122,554.0,116126399.0,30.0,50.0,955.0,1.0,0.0010471204,0.6207,0.731,,False
False,1.0,0.0006,0.0015,0.3666,0.0122,555.0,116173463.0,30.0,50.0,955.0,1.0,0.0010471204,0.6206,0.7303,,False
False,1.0,0.2858,0.2973,0.3729,0.0124,556.0,116266620.0,30.0,50.0,955.0,102.0,0.106806286,0.6144,0.7338,,False
False,1.0,0.2971,0.2971,0.3727,0.0124,557.0,116275026.0,30.0,50.0,955.0,1.0,0.0010471204,0.6144,0.7332,,False
False,1.0,0.0184,0.02,0.3725,0.0124,558.0,116278847.0,30.0,50.0,955.0,2.0,0.0020942409,0.6143,0.7327,,False
False,1.0,0.2898,0.2899,0.3657,0.0122,559.0,116699794.0,30.0,50.0,955.0,2.0,0.0020942409,0.6099,0.7297,,False
False,1.0,0.2891,0.2915,0.3662,0.0122,560.0,116779136.0,30.0,50.0,955.0,102.0,0.106806286,0.6048,0.7333,,False
False,1.0,0.0188,0.0196,0.3662,0.0122,561.0,116787381.0,30.0,50.0,955.0,1.0,0.0010471204,0.6063,0.7332,,False
False,1.0,0.038,0.0382,0.3602,0.012,562.0,117213091.0,30.0,50.0,950.0,5.0,0.005263158,0.6208,0.733,,False
False,1.0,0.0382,0.0383,0.3595,0.012,563.0,117217798.0,30.0,50.0,945.0,5.0,0.005291005,0.6205,0.7329,,False
False,1.0,0.2837,0.2868,0.3603,0.012,564.0,117300954.0,30.0,50.0,945.0,105.0,0.11111111,0.6156,0.737,,True
False,1.0,,0.0058,0.364,0.0117,565.0,117306198.0,31.0,51.0,951.0,6.0,0.0063091484,0.6259,0.7383,,False
False,1.0,0.0184,0.0192,0.3636,0.0117,566.0,117314374.0,31.0,51.0,951.0,1.0,0.0010515247,0.6258,0.7377,,False
False,1.0,0.2828,0.2889,0.3633,0.0117,567.0,117401119.0,31.0,51.0,951.0,14.0,0.014721346,0.6241,0.7384,,False
False,1.0,0.2886,0.3552,0.4047,0.0131,568.0,117403242.0,31.0,51.0,951.0,106.0,0.11146162,0.6179,0.7417,,False
False,1.0,0.0153,0.0161,0.4045,0.013,569.0,117464091.0,31.0,51.0,951.0,1.0,0.0010515247,0.6179,0.741,,False
False,1.0,0.0161,0.0178,0.4048,0.0131,570.0,117473349.0,31.0,51.0,951.0,2.0,0.0021030493,0.6178,0.7406,,False
False,1.0,0.3492,0.3502,0.401,0.0129,571.0,117732596.0,31.0,51.0,951.0,101.0,0.106203996,0.6116,0.7441,,False
False,1.0,0.0016,0.0025,0.4007,0.0129,572.0,117734912.0,31.0,51.0,951.0,1.0,0.0010515247,0.6115,0.7435,,False
False,1.0,0.3478,0.3479,0.3985,0.0129,573.0,117836122.0,31.0,51.0,951.0,2.0,0.0021030493,0.6115,0.7431,,False
False,1.0,0.0166,0.02,0.3985,0.0129,574.0,117840681.0,31.0,51.0,951.0,6.0,0.0063091484,0.6112,0.7431,,False
False,1.0,0.0199,0.0216,0.3968,0.0128,575.0,117980094.0,31.0,51.0,951.0,3.0,0.0031545742,0.6136,0.7447,,False
False,1.0,0.336,0.3389,0.3924,0.0127,576.0,118331686.0,31.0,51.0,951.0,102.0,0.10725552,0.6131,0.747,,False
False,1.0,0.0209,0.021,0.3851,0.0128,577.0,118689901.0,30.0,51.0,946.0,5.0,0.005285412,0.6216,0.7379,,False
False,1.0,0.3235,0.3272,0.3778,0.0126,578.0,119300876.0,30.0,51.0,946.0,101.0,0.10676533,0.6197,0.7391,,False
False,1.0,0.0015,0.0023,0.3716,0.0124,579.0,119650599.0,30.0,51.0,946.0,1.0,0.0010570824,0.6192,0.7389,,False
False,1.0,0.02,0.0193,0.3704,0.0123,580.0,119712458.0,30.0,51.0,943.0,3.0,0.0031813362,0.6192,0.7388,,False
False,1.0,0.3176,0.3196,0.3691,0.0123,581.0,119900401.0,30.0,51.0,943.0,101.0,0.10710499,0.6132,0.7422,,False
False,1.0,0.0023,0.0023,0.3655,0.0122,582.0,120134538.0,30.0,51.0,943.0,1.0,0.0010604454,0.6127,0.742,,False
False,1.0,0.3065,0.3107,0.3573,0.0119,583.0,120827680.0,30.0,51.0,943.0,102.0,0.10816543,0.6061,0.7458,,False
False,1.0,0.3107,0.3124,0.358,0.0119,584.0,120833180.0,30.0,51.0,943.0,2.0,0.002120891,0.606,0.7453,,False
False,1.0,0.0175,0.0177,0.3578,0.0119,585.0,120849328.0,30.0,51.0,943.0,2.0,0.002120891,0.6061,0.7451,,False
False,1.0,0.0013,0.0063,0.3605,0.012,586.0,120866116.0,30.0,51.0,948.0,5.0,0.005274262,0.6074,0.7463,,True
False,1.0,0.0175,0.0183,0.3585,0.0119,587.0,121023258.0,30.0,51.0,948.0,1.0,0.0010548523,0.602,0.7459,,False
False,1.0,0.3013,0.3148,0.3612,0.0125,588.0,121456988.0,29.0,51.0,948.0,101.0,0.106540084,0.5916,0.7622,,False
False,1.0,0.3143,0.3143,0.3606,0.0124,589.0,121517414.0,29.0,51.0,948.0,1.0,0.0010548523,0.5915,0.7616,,True
False,1.0,0.0166,0.0174,0.3597,0.0124,590.0,121549784.0,29.0,51.0,948.0,1.0,0.0010548523,0.5993,0.7573,,False
False,1.0,0.017,0.0179,0.3521,0.0121,591.0,122053237.0,29.0,51.0,948.0,1.0,0.0010548523,0.5843,0.7518,,False
False,1.0,0.3038,0.3065,0.3523,0.0121,592.0,122214404.0,29.0,51.0,948.0,101.0,0.106540084,0.5745,0.7512,,False
False,1.0,0.3064,0.3107,0.3533,0.0122,593.0,122217335.0,29.0,51.0,948.0,11.0,0.011603376,0.5736,0.7517,,True
False,1.0,0.0013,0.0022,0.3533,0.0122,594.0,122218791.0,29.0,51.0,948.0,1.0,0.0010548523,0.5735,0.7511,,False
False,1.0,0.3091,0.3091,0.3525,0.0122,595.0,122249334.0,29.0,51.0,948.0,1.0,0.0010548523,0.5735,0.7505,,False
False,1.0,0.0022,0.003,0.3526,0.0122,596.0,122300041.0,29.0,51.0,948.0,1.0,0.0010548523,0.5734,0.7493,,False
False,1.0,0.3022,0.3173,0.3558,0.0127,597.0,122751354.0,28.0,51.0,948.0,101.0,0.106540084,0.5656,0.7547,,False
False,1.0,0.3173,0.3182,0.3558,0.0127,598.0,122751788.0,28.0,51.0,948.0,1.0,0.0010548523,0.5655,0.7541,,False
False,1.0,0.3175,0.3176,0.3551,0.0127,599.0,122822523.0,28.0,51.0,948.0,1.0,0.0010548523,0.5654,0.7535,,False
False,1.0,,0.0033,0.3569,0.0123,600.0,122835005.0,29.0,51.0,951.0,3.0,0.0031545742,0.5664,0.7542,,False
False,1.0,0.0141,0.0149,0.3555,0.0123,601.0,122922125.0,29.0,51.0,951.0,1.0,0.0010515247,0.5663,0.7536,,False
False,1.0,0.3092,0.312,0.3512,0.0121,602.0,123332384.0,29.0,51.0,951.0,101.0,0.106203996,0.5664,0.7568,,False
False,1.0,0.3118,0.3121,0.3514,0.0121,603.0,123339226.0,29.0,51.0,951.0,2.0,0.0021030493,0.5663,0.7563,,False
False,1.0,,0.0008,0.3516,0.0117,604.0,123342040.0,30.0,52.0,951.0,1.0,0.0010515247,0.5665,0.756,,True
False,1.0,0.0116,0.0157,0.354,0.0118,605.0,123353069.0,30.0,52.0,955.0,4.0,0.0041884817,0.5662,0.7558,,False
False,1.0,0.3099,0.3099,0.3539,0.0118,606.0,123358483.0,30.0,52.0,955.0,1.0,0.0010471204,0.5661,0.7552,,False
False,1.0,0.014,0.0149,0.3536,0.0118,607.0,123418184.0,30.0,52.0,955.0,2.0,0.0020942409,0.5659,0.7548,,False
False,1.0,0.0148,0.0156,0.3517,0.0117,608.0,123507527.0,30.0,52.0,955.0,1.0,0.0010471204,0.5695,0.7557,,False
False,1.0,0.2939,0.3327,0.3711,0.0128,609.0,124458406.0,29.0,52.0,955.0,103.0,0.107853405,0.5728,0.7618,,False
False,1.0,0.3241,0.3262,0.3635,0.0125,610.0,125059473.0,29.0,52.0,955.0,102.0,0.106806286,0.5534,0.756,,False
False,1.0,0.013,0.0139,0.3628,0.0125,611.0,125080243.0,29.0,52.0,955.0,1.0,0.0010471204,0.5523,0.7558,,False
False,1.0,0.3231,0.3234,0.3614,0.0125,612.0,125184712.0,29.0,52.0,955.0,102.0,0.106806286,0.5267,0.754,,False
False,1.0,0.3176,0.3185,0.3548,0.0122,613.0,125601044.0,29.0,52.0,955.0,1.0,0.0010471204,0.4893,0.7647,,False
False,1.0,0.3175,0.3178,0.3541,0.0122,614.0,125667953.0,29.0,52.0,955.0,1.0,0.0010471204,0.4917,0.7648,,False
False,1.0,0.3162,0.3182,0.3543,0.0122,615.0,125769162.0,29.0,52.0,955.0,102.0,0.106806286,0.4827,0.7678,,False
False,1.0,0.0022,0.003,0.3535,0.0122,616.0,125855204.0,29.0,52.0,955.0,1.0,0.0010471204,0.4826,0.7671,,False
False,1.0,0.3123,0.3123,0.3486,0.012,617.0,126135224.0,29.0,52.0,955.0,1.0,0.0010471204,0.4826,0.7671,,False
False,1.0,0.3101,0.3109,0.3462,0.0119,618.0,126293954.0,29.0,52.0,955.0,1.0,0.0010471204,0.4835,0.7658,,False
False,1.0,0.3104,0.3124,0.3475,0.012,619.0,126357853.0,29.0,52.0,955.0,103.0,0.107853405,0.4778,0.7701,,False
False,1.0,0.0021,0.0038,0.3453,0.0119,620.0,126546802.0,29.0,52.0,955.0,2.0,0.0020942409,0.4783,0.7698,,False
False,1.0,0.012,0.0122,0.3391,0.0117,621.0,126962937.0,29.0,52.0,955.0,2.0,0.0020942409,0.4363,0.7719,,False
False,1.0,,0.0008,0.339,0.0113,622.0,126972254.0,30.0,52.0,955.0,1.0,0.0010471204,0.437,0.7719,,False
False,1.0,0.3013,0.3037,0.3404,0.0113,623.0,127048645.0,30.0,52.0,955.0,103.0,0.107853405,0.4205,0.769,,False
False,1.0,,,0.3404,0.0113,624.0,127051471.0,30.0,52.0,955.0,103.0,0.107853405,0.4122,0.7716,,False
False,1.0,0.0007,0.0015,0.3391,0.0117,625.0,127135608.0,29.0,52.0,955.0,1.0,0.0010471204,0.4121,0.771,,False
False,1.0,,,0.3349,0.0115,626.0,127398650.0,29.0,52.0,955.0,1.0,0.0010471204,0.3917,0.7677,,False
False,1.0,0.012,0.0964,0.3363,0.0116,627.0,127400815.0,29.0,52.0,955.0,102.0,0.106806286,0.3837,0.7703,,False
False,1.0,0.0964,0.0964,0.336,0.0116,628.0,127410310.0,29.0,52.0,955.0,1.0,0.0010471204,0.3837,0.7697,,False
False,1.0,0.2155,0.2155,0.336,0.0116,629.0,127413393.0,29.0,52.0,955.0,1.0,0.0010471204,0.3836,0.7691,,False
False,1.0,0.0015,0.0015,0.3347,0.0115,630.0,127505027.0,29.0,52.0,955.0,1.0,0.0010471204,0.3807,0.7683,,False
False,1.0,0.0001,0.001,0.3228,0.0111,631.0,128276260.0,29.0,52.0,954.0,2.0,0.002096436,0.3942,0.7725,,False
False,1.0,0.2062,0.2908,0.3266,0.0113,632.0,128344647.0,29.0,52.0,954.0,105.0,0.11006289,0.3886,0.7756,,False
False,1.0,0.0124,0.0124,0.3265,0.0113,633.0,128354422.0,29.0,52.0,954.0,1.0,0.001048218,0.3886,0.775,,False
False,1.0,0.0124,0.0132,0.3247,0.0112,634.0,128463746.0,29.0,52.0,954.0,1.0,0.001048218,0.3961,0.773,,False
False,1.0,0.0001,0.0001,0.3227,0.0111,635.0,128608173.0,29.0,52.0,954.0,1.0,0.001048218,0.396,0.7724,,False
False,1.0,0.0011,0.0019,0.3172,0.0109,636.0,128973689.0,29.0,52.0,954.0,1.0,0.001048218,0.397,0.7729,,False
False,1.0,0.0019,0.0019,0.3087,0.0106,637.0,129561907.0,29.0,52.0,954.0,1.0,0.001048218,0.4037,0.7639,,False
False,1.0,0.0007,0.0024,0.305,0.0105,638.0,129839472.0,29.0,52.0,954.0,2.0,0.002096436,0.4039,0.7632,,True
False,1.0,0.2704,0.2775,0.3104,0.0107,639.0,129848866.0,29.0,52.0,954.0,102.0,0.10691824,0.3959,0.7673,,False
False,1.0,0.0004,0.0012,0.3098,0.0107,640.0,129922657.0,29.0,52.0,954.0,1.0,0.001048218,0.3746,0.7633,,False
False,1.0,0.2749,0.2756,0.3083,0.0106,641.0,130081063.0,29.0,52.0,954.0,102.0,0.10691824,0.3666,0.7667,,False
False,1.0,0.0011,0.0019,0.3083,0.0106,642.0,130082490.0,29.0,52.0,954.0,1.0,0.001048218,0.3666,0.766,,False
False,1.0,0.2754,0.2755,0.3082,0.0106,643.0,130091937.0,29.0,52.0,954.0,1.0,0.001048218,0.3665,0.7654,,False
False,1.0,0.2753,0.2753,0.3079,0.0106,644.0,130115905.0,29.0,52.0,954.0,1.0,0.001048218,0.3664,0.7648,,False
False,1.0,0.0019,0.0019,0.3072,0.0106,645.0,130171694.0,29.0,52.0,954.0,1.0,0.001048218,0.3663,0.7642,,False
False,1.0,0.2553,0.2616,0.2919,0.0101,646.0,131734712.0,29.0,52.0,954.0,103.0,0.10796646,0.3494,0.7743,,False
False,1.0,0.0017,0.0025,0.2903,0.01,647.0,131889374.0,29.0,52.0,954.0,1.0,0.001048218,0.3575,0.7717,,False
False,1.0,0.0085,0.0173,0.294,0.0101,648.0,131891594.0,29.0,52.0,954.0,22.0,0.023060797,0.3582,0.7743,,True
False,1.0,0.2549,0.3086,0.339,0.0117,649.0,131972507.0,29.0,52.0,954.0,102.0,0.10691824,0.3666,0.7816,,False
False,1.0,0.3086,0.31,0.3387,0.0117,650.0,131976844.0,29.0,52.0,953.0,3.0,0.003147954,0.3668,0.7806,,True
False,1.0,0.3095,0.3095,0.3382,0.0117,651.0,131994210.0,29.0,52.0,953.0,1.0,0.0010493179,0.3685,0.7792,,False
False,1.0,0.3068,0.3073,0.3357,0.0116,652.0,132231055.0,29.0,52.0,953.0,1.0,0.0010493179,0.3678,0.7788,,False
False,1.0,0.0025,0.0033,0.3355,0.0116,653.0,132236514.0,29.0,52.0,953.0,1.0,0.0010493179,0.3738,0.7798,,False
False,1.0,0.0132,0.0148,0.3362,0.0116,654.0,132247902.0,29.0,52.0,953.0,2.0,0.0020986358,0.3737,0.7793,,False
False,1.0,0.3025,0.3041,0.3347,0.0115,655.0,132427231.0,29.0,52.0,953.0,102.0,0.10703043,0.3633,0.7799,,False
False,1.0,0.3041,0.3041,0.3347,0.0115,656.0,132429192.0,29.0,52.0,953.0,1.0,0.0010493179,0.3632,0.7791,,False
False,1.0,0.3038,0.3038,0.3344,0.0115,657.0,132491458.0,29.0,52.0,953.0,1.0,0.0010493179,0.3632,0.7783,,False
False,1.0,0.0146,0.0146,0.3343,0.0115,658.0,132498463.0,29.0,52.0,953.0,1.0,0.0010493179,0.3631,0.7776,,False
False,1.0,0.0144,0.0185,0.3317,0.0114,659.0,132842949.0,29.0,52.0,957.0,4.0,0.004179728,0.3092,0.7822,,True
False,1.0,0.2944,0.3295,0.36,0.0124,660.0,133094743.0,29.0,52.0,957.0,104.0,0.10867294,0.2731,0.7801,,False
False,1.0,0.3282,0.3282,0.3586,0.0124,661.0,133181205.0,29.0,52.0,957.0,1.0,0.001044932,0.273,0.7793,,False
False,1.0,,0.0066,0.3624,0.0121,662.0,133200358.0,30.0,52.0,963.0,6.0,0.0062305294,0.2758,0.7805,,True
False,1.0,0.0066,0.0066,0.3624,0.0121,663.0,133200618.0,30.0,52.0,963.0,3.0,0.0031152647,0.2763,0.7806,,True
False,1.0,0.0031,0.0039,0.356,0.0119,664.0,133612858.0,30.0,52.0,963.0,1.0,0.0010384216,0.2628,0.7733,,False
False,1.0,0.3187,0.3192,0.356,0.0119,665.0,133616089.0,30.0,52.0,963.0,1.0,0.0010384216,0.2628,0.7725,,False
False,1.0,0.3187,0.3611,0.3907,0.0135,666.0,133636795.0,29.0,52.0,963.0,105.0,0.10903427,0.2555,0.7752,,False
False,1.0,0.0001,0.0009,0.3906,0.0135,667.0,133641846.0,29.0,52.0,963.0,1.0,0.0010384216,0.2554,0.7744,,False
False,1.0,0.0117,0.0126,0.3907,0.0135,668.0,133643602.0,29.0,52.0,963.0,2.0,0.0020768433,0.2553,0.7739,,False
False,1.0,0.0039,0.0039,0.3888,0.0134,669.0,133786611.0,29.0,52.0,963.0,1.0,0.0010384216,0.2552,0.7731,,False
False,1.0,0.3575,0.3578,0.389,0.0134,670.0,133791917.0,29.0,52.0,963.0,104.0,0.107995845,0.2484,0.7759,,False
False,1.0,0.3578,0.3578,0.3889,0.0134,671.0,133793834.0,29.0,52.0,963.0,1.0,0.0010384216,0.2483,0.7751,,False
False,1.0,0.354,0.354,0.3848,0.0133,672.0,134045945.0,29.0,52.0,963.0,1.0,0.0010384216,0.2547,0.7723,,False
False,1.0,0.0009,0.0009,0.3843,0.0133,673.0,134053303.0,29.0,52.0,963.0,1.0,0.0010384216,0.2546,0.7716,,False
False,1.0,0.0124,0.0124,0.3843,0.0133,674.0,134056070.0,29.0,52.0,963.0,2.0,0.0020768433,0.2545,0.7711,,True
False,1.0,0.0009,0.0009,0.3794,0.0131,675.0,134327043.0,29.0,52.0,963.0,1.0,0.0010384216,0.2544,0.771,,False
False,1.0,0.0009,0.0009,0.3781,0.013,676.0,134409577.0,29.0,52.0,963.0,1.0,0.0010384216,0.2661,0.7722,,False
False,1.0,0.0009,0.0009,0.3722,0.0128,677.0,134744155.0,29.0,52.0,963.0,1.0,0.0010384216,0.2655,0.7722,,False
False,1.0,0.0037,0.0037,0.3716,0.0128,678.0,134766229.0,29.0,52.0,963.0,1.0,0.0010384216,0.2654,0.7715,,False
False,1.0,0.012,0.1086,0.4009,0.0138,679.0,134831958.0,29.0,52.0,975.0,118.0,0.121025644,0.2575,0.7737,,True
False,1.0,0.0005,0.0013,0.3988,0.0138,680.0,134934180.0,29.0,52.0,975.0,1.0,0.001025641,0.2713,0.7719,,False
False,1.0,0.0013,0.0021,0.3929,0.0135,681.0,135282762.0,29.0,52.0,975.0,1.0,0.001025641,0.2696,0.7703,,False
False,1.0,0.261,0.3467,0.3861,0.0133,682.0,135885672.0,29.0,52.0,975.0,106.0,0.10871795,0.266,0.7727,,False
False,1.0,0.3467,0.3475,0.3861,0.0133,683.0,135887374.0,29.0,52.0,975.0,1.0,0.001025641,0.266,0.772,,False
False,1.0,0.347,0.3478,0.3855,0.0133,684.0,135963345.0,29.0,52.0,975.0,1.0,0.001025641,0.2612,0.7703,,False
False,1.0,0.3381,0.3382,0.3748,0.0129,685.0,136569215.0,29.0,52.0,975.0,1.0,0.001025641,0.2501,0.7617,,False
False,1.0,0.0196,0.0204,0.3735,0.0129,686.0,136643802.0,29.0,52.0,975.0,1.0,0.001025641,0.3046,0.7689,,True
False,1.0,0.3279,0.3326,0.369,0.0127,687.0,137178509.0,29.0,52.0,975.0,107.0,0.10974359,0.3199,0.7759,,True
False,1.0,0.0198,0.0198,0.3685,0.0127,688.0,137242953.0,29.0,52.0,975.0,1.0,0.001025641,0.3198,0.7751,,False
False,1.0,0.0032,0.004,0.3612,0.0125,689.0,137675111.0,29.0,52.0,975.0,1.0,0.001025641,0.3199,0.7751,,False
False,1.0,0.3221,0.3229,0.3583,0.0124,690.0,137848868.0,29.0,52.0,975.0,1.0,0.001025641,0.3287,0.7729,,False
False,1.0,0.3215,0.3215,0.3567,0.0123,691.0,137941938.0,29.0,52.0,975.0,1.0,0.001025641,0.3291,0.7721,,False
False,1.0,0.0018,0.0019,0.3567,0.0123,692.0,137943770.0,29.0,52.0,975.0,1.0,0.001025641,0.329,0.7713,,False
False,1.0,0.0179,0.1389,0.318,0.0118,693.0,138463406.0,27.0,52.0,721.0,419.0,0.5811373,0.3221,0.7426,,False
False,1.0,0.0024,0.0644,0.329,0.0122,694.0,138541409.0,27.0,52.0,721.0,63.0,0.08737864,0.3195,0.7473,,False
False,1.0,0.0644,0.069,0.3322,0.0123,695.0,138545840.0,27.0,52.0,725.0,4.0,0.0055172415,0.3208,0.7473,,False
False,1.0,,0.001,0.3313,0.0118,696.0,138625200.0,28.0,53.0,725.0,1.0,0.0013793104,0.3216,0.7471,,False
False,1.0,0.1021,0.1031,0.3307,0.0118,697.0,138642465.0,28.0,53.0,725.0,1.0,0.0013793104,0.3282,0.7494,,True
False,1.0,0.1462,0.1746,0.3441,0.0127,698.0,138647017.0,27.0,53.0,725.0,99.0,0.13655172,0.3213,0.7531,,False
False,1.0,0.0932,0.0937,0.3444,0.0128,699.0,138652199.0,27.0,53.0,725.0,1.0,0.0013793104,0.3212,0.7524,,False
False,1.0,0.0022,0.0022,0.3346,0.0124,700.0,138938369.0,27.0,53.0,713.0,12.0,0.016830295,0.3651,0.7557,,False
False,1.0,0.1697,0.1698,0.3316,0.0123,701.0,139149270.0,27.0,53.0,713.0,1.0,0.0014025245,0.3775,0.7581,,False
False,1.0,0.0022,0.0032,0.3313,0.0123,702.0,139156943.0,27.0,53.0,713.0,1.0,0.0014025245,0.4203,0.7499,,False
False,1.0,0.0851,0.0851,0.3307,0.0122,703.0,139172526.0,27.0,53.0,713.0,1.0,0.0014025245,0.4464,0.7507,,False
False,1.0,0.0851,0.0874,0.3254,0.0121,704.0,139174292.0,27.0,53.0,687.0,26.0,0.037845705,0.4525,0.754,,False
False,1.0,0.1564,0.2079,0.3265,0.0121,705.0,139665962.0,27.0,53.0,687.0,63.0,0.09170306,0.4481,0.7565,,False
False,1.0,0.2078,0.2088,0.3265,0.0121,706.0,139669186.0,27.0,53.0,687.0,1.0,0.0014556041,0.4481,0.7558,,False
False,1.0,,0.001,0.3249,0.0116,707.0,139761766.0,28.0,53.0,687.0,1.0,0.0014556041,0.4485,0.7545,,False
False,1.0,0.2047,0.2047,0.3201,0.0114,708.0,140103291.0,28.0,53.0,687.0,1.0,0.0014556041,0.4562,0.7499,,False
False,1.0,0.0009,0.0019,0.3158,0.0113,709.0,140377016.0,28.0,53.0,687.0,1.0,0.0014556041,0.4574,0.7493,,False
False,1.0,0.2008,0.2031,0.3176,0.0113,710.0,140446165.0,28.0,53.0,687.0,64.0,0.09315866,0.4528,0.7524,,False
False,1.0,0.0021,0.0062,0.3196,0.0114,711.0,140469694.0,28.0,53.0,690.0,3.0,0.004347826,0.4525,0.752,,False
False,1.0,0.0018,0.0029,0.3166,0.0113,712.0,140710776.0,28.0,53.0,690.0,1.0,0.0014492754,0.4592,0.7486,,False
False,1.0,0.1988,0.1988,0.3162,0.0113,713.0,140720919.0,28.0,53.0,690.0,1.0,0.0014492754,0.4591,0.7479,,False
False,1.0,0.0728,0.0728,0.3118,0.0111,714.0,141052181.0,28.0,53.0,690.0,1.0,0.0014492754,0.4687,0.7438,,False
False,1.0,0.196,0.196,0.3115,0.0111,715.0,141061110.0,28.0,53.0,690.0,1.0,0.0014492754,0.4687,0.7432,,False
False,1.0,0.1956,0.2136,0.3168,0.0113,716.0,141068112.0,28.0,53.0,686.0,67.0,0.09766764,0.4636,0.7464,,False
False,1.0,0.2026,0.2059,0.3037,0.0108,717.0,142260227.0,28.0,53.0,686.0,63.0,0.091836736,0.5039,0.7444,,False
False,1.0,0.0056,0.0066,0.2976,0.0106,718.0,142695279.0,28.0,53.0,686.0,1.0,0.001457726,0.5216,0.7386,,False
False,1.0,0.0009,0.0059,0.293,0.0105,719.0,143230725.0,28.0,53.0,689.0,4.0,0.005805515,0.5302,0.7364,,False
False,1.0,0.0546,0.0556,0.2906,0.0104,720.0,143408538.0,28.0,53.0,689.0,1.0,0.0014513788,0.5531,0.7378,,True
False,1.0,0.1932,0.1932,0.2905,0.0104,721.0,143467983.0,28.0,53.0,689.0,1.0,0.0014513788,0.5533,0.7363,,False
False,1.0,0.0059,0.0079,0.2905,0.0104,722.0,143476717.0,28.0,53.0,689.0,2.0,0.0029027576,0.5531,0.7357,,False
False,1.0,0.1887,0.2129,0.2989,0.0107,723.0,143814462.0,28.0,53.0,689.0,62.0,0.08998549,0.5465,0.7405,,False
False,1.0,0.2127,0.2128,0.2988,0.0107,724.0,143817650.0,28.0,53.0,689.0,1.0,0.0014513788,0.5464,0.7397,,False
False,1.0,0.045,0.046,0.2976,0.0106,725.0,143912347.0,28.0,53.0,689.0,1.0,0.0014513788,0.5541,0.7356,,False
False,1.0,0.2058,0.2076,0.292,0.0104,726.0,144440122.0,28.0,53.0,689.0,63.0,0.09143686,0.5395,0.7422,,False
False,1.0,0.0446,0.0446,0.29,0.0104,727.0,144609656.0,28.0,53.0,689.0,1.0,0.0014513788,0.5386,0.741,,False
False,1.0,0.2059,0.2064,0.2902,0.0104,728.0,144613918.0,28.0,53.0,689.0,63.0,0.09143686,0.5335,0.7444,,False
False,1.0,0.2039,0.2049,0.2866,0.0102,729.0,144938507.0,28.0,53.0,689.0,1.0,0.0014513788,0.5334,0.7436,,False
False,1.0,0.2039,0.2039,0.2852,0.0102,730.0,145026502.0,28.0,53.0,689.0,1.0,0.0014513788,0.5333,0.7428,,False
False,1.0,0.2039,0.2049,0.2861,0.0102,731.0,145034964.0,28.0,53.0,689.0,63.0,0.09143686,0.5282,0.7461,,False
False,1.0,0.0003,0.0013,0.2797,0.01,732.0,145554566.0,28.0,53.0,689.0,1.0,0.0014513788,0.6015,0.7504,,False
False,1.0,0.1986,0.1987,0.2786,0.0099,733.0,145642158.0,28.0,53.0,689.0,1.0,0.0014513788,0.6085,0.7462,,False
False,1.0,0.0027,0.0037,0.2784,0.0099,734.0,145648665.0,28.0,53.0,689.0,1.0,0.0014513788,0.6085,0.7462,,False
False,1.0,0.1984,0.2001,0.2801,0.01,735.0,145654797.0,28.0,53.0,689.0,62.0,0.08998549,0.6044,0.7488,,False
False,1.0,0.2001,0.2002,0.2802,0.01,736.0,145656289.0,28.0,53.0,689.0,1.0,0.0014513788,0.6044,0.7482,,False
False,1.0,0.0416,0.0426,0.2802,0.01,737.0,145658334.0,28.0,53.0,689.0,1.0,0.0014513788,0.6043,0.7475,,True
False,1.0,0.0423,0.0433,0.2788,0.01,738.0,145812214.0,28.0,53.0,689.0,1.0,0.0014513788,0.6128,0.7531,,True
False,1.0,0.1983,0.1983,0.2779,0.0099,739.0,145893065.0,28.0,53.0,689.0,1.0,0.0014513788,0.6132,0.7525,,False
False,1.0,0.0426,0.0436,0.2744,0.0098,740.0,146153166.0,28.0,53.0,689.0,1.0,0.0014513788,0.6131,0.7519,,False
False,1.0,0.1957,0.1969,0.2754,0.0098,741.0,146170749.0,28.0,53.0,689.0,63.0,0.09143686,0.6098,0.7544,,False
False,1.0,0.0061,0.0063,0.2756,0.0098,742.0,146172409.0,28.0,53.0,689.0,2.0,0.0029027576,0.6097,0.7539,,False
False,1.0,,0.007,0.279,0.0096,743.0,146334112.0,29.0,54.0,695.0,6.0,0.008633094,0.6182,0.7561,,False
False,1.0,0.0062,0.0072,0.2783,0.0096,744.0,146416218.0,29.0,54.0,695.0,1.0,0.0014388489,0.6209,0.7569,,False
False,1.0,0.1923,0.1996,0.2784,0.0096,745.0,146500079.0,29.0,54.0,695.0,13.0,0.018705036,0.6202,0.7573,,False
False,1.0,0.1962,0.2495,0.2957,0.0102,746.0,146859484.0,29.0,54.0,695.0,64.0,0.09208633,0.6351,0.7645,,False
False,1.0,0.2492,0.2492,0.2953,0.0102,747.0,146924886.0,29.0,54.0,695.0,1.0,0.0014388489,0.635,0.7639,,False
False,1.0,0.0017,0.0027,0.2941,0.0101,748.0,147023385.0,29.0,54.0,695.0,1.0,0.0014388489,0.635,0.7633,,False
False,1.0,0.0159,0.0362,0.3076,0.0106,749.0,147105075.0,29.0,54.0,715.0,20.0,0.027972028,0.6388,0.7652,,True
False,1.0,0.0361,0.0361,0.3071,0.0106,750.0,147119863.0,29.0,54.0,715.0,1.0,0.0013986015,0.6387,0.7646,,True
False,1.0,0.2405,0.2406,0.3068,0.0106,751.0,147121407.0,29.0,54.0,715.0,1.0,0.0013986015,0.6387,0.7641,,False
False,1.0,0.0026,0.0066,0.3046,0.0105,752.0,147373051.0,29.0,54.0,715.0,4.0,0.005594406,0.6414,0.7596,,False
False,1.0,0.237,0.2406,0.3074,0.0106,753.0,147442303.0,29.0,54.0,715.0,62.0,0.086713284,0.6382,0.7622,,False
False,1.0,0.2405,0.2406,0.3074,0.0106,754.0,147444474.0,29.0,54.0,715.0,2.0,0.002797203,0.6375,0.7603,,False
False,1.0,0.0356,0.0352,0.306,0.0106,755.0,147452949.0,29.0,54.0,712.0,8.0,0.011235955,0.6371,0.7604,,True
False,1.0,0.0349,0.0359,0.3033,0.0105,756.0,147637715.0,29.0,54.0,712.0,1.0,0.0014044944,0.6426,0.7596,,False
False,1.0,0.2314,0.2334,0.2987,0.0103,757.0,148133643.0,29.0,54.0,712.0,63.0,0.08848315,0.6989,0.7405,,False
False,1.0,0.0063,0.0073,0.2958,0.0102,758.0,148330916.0,29.0,54.0,712.0,1.0,0.0014044944,0.6975,0.7397,,False
False,1.0,0.2265,0.228,0.2925,0.0101,759.0,148737380.0,29.0,54.0,712.0,63.0,0.08848315,0.6995,0.7398,,False
False,1.0,0.228,0.229,0.2925,0.0101,760.0,148739235.0,29.0,54.0,712.0,1.0,0.0014044944,0.6995,0.7393,,False
False,1.0,0.2288,0.2288,0.2923,0.0101,761.0,148755276.0,29.0,54.0,712.0,64.0,0.08988764,0.6968,0.7411,,False
False,1.0,0.0331,0.0341,0.292,0.0101,762.0,148829720.0,29.0,54.0,712.0,1.0,0.0014044944,0.6974,0.7408,,False
False,1.0,0.034,0.035,0.2919,0.0101,763.0,148834393.0,29.0,54.0,712.0,1.0,0.0014044944,0.6973,0.7402,,False
False,1.0,0.0335,0.0965,0.2818,0.0097,764.0,149793770.0,29.0,54.0,712.0,64.0,0.08988764,0.7048,0.74,,False
False,1.0,0.0965,0.0965,0.2815,0.0097,765.0,149862468.0,29.0,54.0,712.0,1.0,0.0014044944,0.7056,0.7381,,False
False,1.0,0.0058,0.0058,0.2782,0.0096,766.0,150120449.0,29.0,54.0,712.0,1.0,0.0014044944,0.7051,0.7386,,False
False,1.0,0.1514,0.2144,0.2736,0.0094,767.0,150645181.0,29.0,54.0,712.0,64.0,0.08988764,0.7073,0.7417,,False
False,1.0,0.2113,0.2113,0.2695,0.0093,768.0,150989193.0,29.0,54.0,712.0,64.0,0.08988764,0.7048,0.7441,,False
False,1.0,0.0017,0.0027,0.2692,0.0093,769.0,150995397.0,29.0,54.0,712.0,1.0,0.0014044944,0.7048,0.7437,,False
False,1.0,0.0308,0.0318,0.2696,0.0093,770.0,150997536.0,29.0,54.0,712.0,1.0,0.0014044944,0.7048,0.7431,,False
False,1.0,0.2091,0.2101,0.2674,0.0092,771.0,151180345.0,29.0,54.0,712.0,1.0,0.0014044944,0.7067,0.7449,,False
False,1.0,0.0307,0.0317,0.2678,0.0092,772.0,151181945.0,29.0,54.0,712.0,1.0,0.0014044944,0.7067,0.7443,,False
False,1.0,0.2094,0.2109,0.2691,0.0093,773.0,151186901.0,29.0,54.0,712.0,64.0,0.08988764,0.7039,0.7458,,False
False,1.0,0.0317,0.0374,0.2707,0.0093,774.0,151188702.0,29.0,54.0,712.0,10.0,0.014044944,0.7035,0.7459,,False
False,1.0,0.0374,0.0374,0.2704,0.0093,775.0,151246655.0,29.0,54.0,712.0,1.0,0.0014044944,0.7027,0.7466,,False
False,1.0,0.0027,0.0027,0.2695,0.0093,776.0,151329400.0,29.0,54.0,712.0,1.0,0.0014044944,0.7035,0.7462,,False
False,1.0,0.2086,0.2088,0.2691,0.0093,777.0,151357048.0,29.0,54.0,712.0,64.0,0.08988764,0.7007,0.7476,,False
False,1.0,0.2049,0.2049,0.264,0.0091,778.0,151787247.0,29.0,54.0,712.0,64.0,0.08988764,0.7033,0.7464,,False
False,1.0,0.0363,0.0364,0.2637,0.0091,779.0,151846434.0,29.0,54.0,712.0,1.0,0.0014044944,0.7032,0.7455,,False
False,1.0,0.0,0.0049,0.2673,0.0092,780.0,151848229.0,29.0,54.0,716.0,4.0,0.005586592,0.703,0.7453,,False
False,1.0,0.0362,0.0372,0.2676,0.0092,781.0,151854026.0,29.0,54.0,716.0,1.0,0.001396648,0.7031,0.7449,,True
False,1.0,0.1998,0.1998,0.2633,0.0091,782.0,152206543.0,29.0,54.0,716.0,1.0,0.001396648,0.6966,0.7403,,True
False,1.0,0.0365,0.0375,0.2633,0.0091,783.0,152212938.0,29.0,54.0,716.0,1.0,0.001396648,0.6964,0.7402,,False
False,1.0,0.036,0.036,0.2523,0.0087,784.0,153150516.0,29.0,54.0,716.0,1.0,0.001396648,0.6978,0.7361,,False
False,1.0,0.1903,0.2377,0.2895,0.0103,785.0,153168052.0,28.0,54.0,716.0,65.0,0.09078212,0.6949,0.7382,,False
False,1.0,0.0328,0.0338,0.2875,0.0103,786.0,153398678.0,28.0,54.0,716.0,1.0,0.001396648,0.6949,0.7382,,False
False,1.0,0.2352,0.2362,0.2875,0.0103,787.0,153400109.0,28.0,54.0,716.0,1.0,0.001396648,0.6948,0.7377,,False
False,1.0,0.2347,0.2347,0.2857,0.0102,788.0,153513948.0,28.0,54.0,716.0,2.0,0.002793296,0.6945,0.7395,,False
False,1.0,,0.002,0.2769,0.0095,789.0,154277355.0,29.0,55.0,716.0,2.0,0.002793296,0.7211,0.7419,,False
False,1.0,0.0022,0.0032,0.2715,0.0094,790.0,154703653.0,29.0,55.0,716.0,1.0,0.001396648,0.7061,0.7355,,False
False,1.0,0.2214,0.2215,0.2705,0.0093,791.0,154789750.0,29.0,55.0,716.0,1.0,0.001396648,0.7071,0.7325,,False
False,1.0,0.0023,0.0023,0.2703,0.0093,792.0,154805383.0,29.0,55.0,716.0,1.0,0.001396648,0.7071,0.7321,,False
False,1.0,0.2172,0.2227,0.2707,0.0093,793.0,155163350.0,29.0,55.0,716.0,63.0,0.08798882,0.7042,0.7343,,False
False,1.0,,0.0058,0.2747,0.0092,794.0,155227917.0,30.0,55.0,721.0,5.0,0.0069348128,0.7086,0.7348,,True
False,1.0,0.0058,0.0068,0.2748,0.0092,795.0,155227962.0,30.0,55.0,721.0,1.0,0.0013869626,0.7085,0.7344,,False
False,1.0,0.2196,0.2196,0.274,0.0091,796.0,155301864.0,30.0,55.0,721.0,1.0,0.0013869626,0.7088,0.7332,,False
False,1.0,0.0002,0.0012,0.2739,0.0091,797.0,155330896.0,30.0,55.0,721.0,1.0,0.0013869626,0.7088,0.7332,,False
False,1.0,0.0012,0.0031,0.2743,0.0091,798.0,155332836.0,30.0,55.0,721.0,2.0,0.0027739252,0.7087,0.7328,,False
False,1.0,,0.001,0.2741,0.0088,799.0,155336539.0,31.0,56.0,721.0,1.0,0.0013869626,0.7154,0.7351,,False
False,1.0,0.2183,0.2183,0.2735,0.0088,800.0,155417039.0,31.0,56.0,721.0,1.0,0.0013869626,0.7152,0.7349,,False
False,1.0,0.0018,0.0019,0.2727,0.0088,801.0,155495793.0,31.0,56.0,721.0,2.0,0.0027739252,0.7151,0.7346,,False
False,1.0,0.2144,0.2144,0.2687,0.0087,802.0,155821150.0,31.0,56.0,721.0,1.0,0.0013869626,0.7153,0.7352,,False
False,1.0,0.2143,0.2255,0.2784,0.009,803.0,155826837.0,31.0,56.0,721.0,64.0,0.08876561,0.7123,0.7373,,False
False,1.0,0.0021,0.0031,0.2783,0.009,804.0,155839779.0,31.0,56.0,721.0,1.0,0.0013869626,0.7123,0.7369,,False
False,1.0,0.0031,0.004,0.2783,0.009,805.0,155852957.0,31.0,56.0,721.0,1.0,0.0013869626,0.7122,0.7364,,False
False,1.0,0.225,0.226,0.2783,0.009,806.0,155854545.0,31.0,56.0,721.0,1.0,0.0013869626,0.7121,0.7363,,False
False,1.0,0.2246,0.2246,0.2767,0.0089,807.0,156002964.0,31.0,56.0,721.0,1.0,0.0013869626,0.7146,0.7343,,False
False,1.0,0.2246,0.2251,0.2772,0.0089,808.0,156007512.0,31.0,56.0,721.0,64.0,0.08876561,0.7116,0.7364,,False
False,1.0,0.0031,0.0031,0.2771,0.0089,809.0,156013614.0,31.0,56.0,721.0,1.0,0.0013869626,0.7116,0.736,,False
False,1.0,0.0031,0.0041,0.2771,0.0089,810.0,156016339.0,31.0,56.0,721.0,1.0,0.0013869626,0.7115,0.7355,,False
False,1.0,0.0041,0.0041,0.2767,0.0089,811.0,156024192.0,31.0,56.0,721.0,1.0,0.0013869626,0.7116,0.7353,,False
False,1.0,0.0041,0.0051,0.2766,0.0092,812.0,156048590.0,30.0,56.0,721.0,2.0,0.0027739252,0.7126,0.7348,,False
False,1.0,,0.001,0.2767,0.0089,813.0,156093966.0,31.0,56.0,721.0,1.0,0.0013869626,0.7123,0.7346,,False
False,1.0,0.2183,0.2183,0.2711,0.0087,814.0,156538448.0,31.0,56.0,721.0,1.0,0.0013869626,0.7123,0.7356,,False
False,1.0,0.0046,0.0679,0.272,0.0088,815.0,156604547.0,31.0,56.0,721.0,65.0,0.09015257,0.709,0.7371,,False
False,1.0,0.004,0.004,0.272,0.0088,816.0,156608697.0,31.0,56.0,721.0,1.0,0.0013869626,0.7089,0.7366,,False
False,1.0,0.004,0.004,0.2713,0.0088,817.0,156650521.0,31.0,56.0,721.0,1.0,0.0013869626,0.712,0.7345,,False
False,1.0,0.1533,0.1533,0.2659,0.0086,818.0,157119030.0,31.0,56.0,721.0,1.0,0.0013869626,0.7119,0.7349,,False
False,1.0,0.1528,0.2171,0.2665,0.0086,819.0,157147828.0,31.0,56.0,721.0,66.0,0.09153953,0.7088,0.737,,False
False,1.0,0.003,0.0031,0.2665,0.0086,820.0,157153742.0,31.0,56.0,721.0,2.0,0.0027739252,0.7087,0.7367,,False
False,1.0,0.0241,0.025,0.2664,0.0086,821.0,157208011.0,31.0,56.0,721.0,1.0,0.0013869626,0.7107,0.7379,,False
False,1.0,0.0018,0.0019,0.2662,0.0086,822.0,157230183.0,31.0,56.0,721.0,2.0,0.0027739252,0.6975,0.7355,,False
False,1.0,0.2143,0.2148,0.265,0.0085,823.0,157376435.0,31.0,56.0,721.0,66.0,0.09153953,0.6944,0.7376,,False
False,1.0,0.2108,0.2108,0.26,0.0084,824.0,157805738.0,31.0,56.0,721.0,66.0,0.09153953,0.6921,0.7395,,False
False,1.0,0.0027,0.0037,0.2534,0.0082,825.0,158411593.0,31.0,56.0,721.0,1.0,0.0013869626,0.6941,0.7355,,False
False,1.0,0.0019,0.0019,0.2529,0.0082,826.0,158436779.0,31.0,56.0,721.0,2.0,0.0027739252,0.6942,0.7353,,False
False,1.0,0.1999,0.2043,0.2517,0.0081,827.0,158932027.0,31.0,56.0,721.0,66.0,0.09153953,0.6984,0.742,,False
False,1.0,0.023,0.0297,0.2548,0.0082,828.0,159035398.0,31.0,56.0,723.0,7.0,0.009681881,0.6907,0.7394,,False
False,1.0,,0.0019,0.2539,0.0082,829.0,159114023.0,31.0,56.0,723.0,2.0,0.0027662518,0.6936,0.741,,False
False,1.0,0.0296,0.0931,0.2576,0.0083,830.0,159129796.0,31.0,56.0,723.0,66.0,0.09128631,0.6904,0.743,,False
False,1.0,0.1389,0.1398,0.2532,0.0082,831.0,159533606.0,31.0,56.0,723.0,1.0,0.0013831259,0.6934,0.7414,,False
False,1.0,0.0008,0.0018,0.2519,0.0081,832.0,159721268.0,31.0,56.0,723.0,1.0,0.0013831259,0.6956,0.7432,,False
False,1.0,0.1383,0.2024,0.2531,0.0082,833.0,159735573.0,31.0,56.0,723.0,66.0,0.09128631,0.6925,0.7447,,False
False,1.0,0.1996,0.1997,0.2496,0.0081,834.0,160072383.0,31.0,56.0,723.0,1.0,0.0013831259,0.7051,0.7416,,False
False,1.0,0.1965,0.1965,0.2457,0.0079,835.0,160412683.0,31.0,56.0,723.0,1.0,0.0013831259,0.7082,0.7396,,False
False,1.0,0.1942,0.1968,0.2455,0.0079,836.0,160659368.0,31.0,56.0,723.0,66.0,0.09128631,0.7075,0.7392,,False
False,1.0,0.0251,0.0252,0.2349,0.0076,837.0,161615212.0,31.0,56.0,723.0,1.0,0.0013831259,0.7028,0.728,,False
False,1.0,0.0016,0.0036,0.235,0.0078,838.0,161622811.0,30.0,56.0,723.0,2.0,0.0027662518,0.7027,0.7277,,False
False,1.0,0.1882,0.1909,0.2378,0.0079,839.0,161624779.0,30.0,56.0,723.0,66.0,0.09128631,0.6982,0.7303,,False
False,1.0,0.0252,0.0253,0.2378,0.0079,840.0,161634256.0,30.0,56.0,723.0,1.0,0.0013831259,0.6999,0.7322,,False
False,1.0,0.025,0.0251,0.2355,0.0078,841.0,161879809.0,30.0,56.0,723.0,2.0,0.0027662518,0.7021,0.7292,,False
False,1.0,0.1856,0.1874,0.2331,0.0078,842.0,162234541.0,30.0,56.0,723.0,66.0,0.09128631,0.669,0.7238,,False
False,1.0,0.184,0.1841,0.2289,0.0076,843.0,162662039.0,30.0,56.0,723.0,1.0,0.0013831259,0.6745,0.7155,,False
False,1.0,0.1835,0.1848,0.2296,0.0077,844.0,162678450.0,30.0,56.0,723.0,66.0,0.09128631,0.6692,0.7196,,False
False,1.0,0.1839,0.1841,0.2287,0.0076,845.0,162826220.0,30.0,56.0,723.0,65.0,0.08990318,0.6639,0.7227,,False
False,1.0,0.1819,0.1819,0.226,0.0075,846.0,163085925.0,30.0,56.0,723.0,1.0,0.0013831259,0.6702,0.7206,,False
False,1.0,0.1819,0.1827,0.2267,0.0076,847.0,163088456.0,30.0,56.0,723.0,66.0,0.09128631,0.6645,0.7231,,False
False,1.0,0.0029,0.0039,0.2242,0.0075,848.0,163430365.0,30.0,56.0,723.0,1.0,0.0013831259,0.5958,0.7748,,False
False,1.0,0.0231,0.0231,0.2212,0.0074,849.0,163699748.0,30.0,56.0,723.0,1.0,0.0013831259,0.546,0.7901,,False
False,1.0,0.1757,0.178,0.2212,0.0074,850.0,163950436.0,30.0,56.0,723.0,67.0,0.092669435,0.5356,0.7916,,False
False,1.0,,0.0019,0.2182,0.007,851.0,164295584.0,31.0,56.0,723.0,2.0,0.0027662518,0.5423,0.7895,,False
False,1.0,0.1726,0.1726,0.2147,0.0069,852.0,164639735.0,31.0,56.0,723.0,1.0,0.0013831259,0.5477,0.7869,,False
False,1.0,0.1724,0.1744,0.2164,0.007,853.0,164645835.0,31.0,56.0,723.0,66.0,0.09128631,0.5405,0.7893,,False
False,1.0,0.0216,0.0226,0.2121,0.0068,854.0,165089220.0,31.0,56.0,723.0,1.0,0.0013831259,0.542,0.7896,,False
False,1.0,0.1696,0.1709,0.213,0.0069,855.0,165150872.0,31.0,56.0,723.0,66.0,0.09128631,0.5349,0.7918,,False
False,1.0,0.1681,0.1681,0.2094,0.0068,856.0,165515932.0,31.0,56.0,723.0,66.0,0.09128631,0.6075,0.7444,,False
False,1.0,0.168,0.169,0.2094,0.0068,857.0,165522158.0,31.0,56.0,723.0,1.0,0.0013831259,0.6074,0.7439,,False
False,1.0,0.0008,0.0047,0.2109,0.0068,858.0,165684535.0,31.0,56.0,726.0,3.0,0.004132231,0.6082,0.7447,,False
False,1.0,0.0047,0.0056,0.2115,0.0068,859.0,165695547.0,31.0,56.0,726.0,1.0,0.0013774105,0.6081,0.7442,,False
False,1.0,0.0209,0.0219,0.2109,0.0068,860.0,165758645.0,31.0,56.0,726.0,1.0,0.0013774105,0.6085,0.7444,,False
False,1.0,0.0219,0.0238,0.2108,0.0068,861.0,165775320.0,31.0,56.0,726.0,2.0,0.002754821,0.6152,0.748,,False
False,1.0,0.1626,0.1966,0.2389,0.0077,862.0,166113663.0,31.0,56.0,726.0,66.0,0.09090909,0.6022,0.7466,,False
False,1.0,0.195,0.195,0.2369,0.0076,863.0,166300729.0,31.0,56.0,726.0,66.0,0.09090909,0.6024,0.7467,,False
False,1.0,0.0219,0.0219,0.2364,0.0076,864.0,166368511.0,31.0,56.0,726.0,1.0,0.0013774105,0.6024,0.7462,,False
False,1.0,0.1942,0.1952,0.236,0.0076,865.0,166383375.0,31.0,56.0,726.0,1.0,0.0013774105,0.6023,0.7456,,False
False,1.0,0.0209,0.0209,0.2355,0.0076,866.0,166455583.0,31.0,56.0,726.0,1.0,0.0013774105,0.6022,0.745,,False
False,1.0,0.0032,0.0042,0.2287,0.0074,867.0,167069937.0,31.0,56.0,726.0,1.0,0.0013774105,0.606,0.7291,,False
False,1.0,0.0194,0.0832,0.2314,0.0075,868.0,167072685.0,31.0,56.0,726.0,66.0,0.09090909,0.5994,0.7326,,False
False,1.0,0.1265,0.1265,0.229,0.0074,869.0,167324320.0,31.0,56.0,726.0,1.0,0.0013774105,0.5989,0.7343,,False
False,1.0,0.0818,0.0847,0.2294,0.0074,870.0,167432730.0,31.0,56.0,726.0,70.0,0.09641873,0.6037,0.7367,,False
False,1.0,0.0846,0.0874,0.2312,0.0075,871.0,167502415.0,31.0,56.0,726.0,5.0,0.006887052,0.6037,0.7367,,False
False,1.0,0.0041,0.0041,0.23,0.0074,872.0,167602918.0,31.0,56.0,726.0,1.0,0.0013774105,0.6036,0.7354,,False
False,1.0,0.0007,0.0016,0.2267,0.0073,873.0,167924551.0,31.0,56.0,726.0,1.0,0.0013774105,0.6085,0.7388,,False
False,1.0,0.004,0.004,0.2207,0.0071,874.0,168520181.0,31.0,56.0,726.0,1.0,0.0013774105,0.6091,0.738,,False
False,1.0,0.1187,0.1825,0.2235,0.0072,875.0,168534874.0,31.0,56.0,726.0,66.0,0.09090909,0.6026,0.7413,,False
False,1.0,0.004,0.005,0.2235,0.0072,876.0,168536510.0,31.0,56.0,726.0,1.0,0.0013774105,0.6027,0.7409,,False
False,1.0,0.0012,0.0031,0.2245,0.0072,877.0,168606112.0,31.0,56.0,726.0,2.0,0.002754821,0.6025,0.7405,,False
False,1.0,0.0211,0.0212,0.223,0.0072,878.0,168716682.0,31.0,56.0,726.0,1.0,0.0013774105,0.6049,0.7404,,False
False,1.0,0.1806,0.1816,0.2225,0.0072,879.0,168788445.0,31.0,56.0,726.0,1.0,0.0013774105,0.6111,0.7365,,False
False,1.0,0.0039,0.0039,0.2221,0.0072,880.0,168805538.0,31.0,56.0,726.0,1.0,0.0013774105,0.611,0.7359,,False
False,1.0,0.1784,0.1811,0.2205,0.0071,881.0,169146209.0,31.0,56.0,726.0,67.0,0.092286505,0.6054,0.7403,,False
False,1.0,,0.0039,0.223,0.007,882.0,169219176.0,32.0,57.0,729.0,3.0,0.004115226,0.5927,0.7384,,False
False,1.0,0.0196,0.0206,0.2212,0.0069,883.0,169392028.0,32.0,57.0,729.0,1.0,0.0013717421,0.5997,0.7416,,False
False,1.0,0.0205,0.0215,0.2208,0.0069,884.0,169407954.0,32.0,57.0,729.0,1.0,0.0013717421,0.5996,0.741,,False
False,1.0,0.1743,0.1753,0.2159,0.0067,885.0,169920179.0,32.0,57.0,729.0,1.0,0.0013717421,0.593,0.7348,,False
False,1.0,0.0028,0.0038,0.2157,0.0067,886.0,169925139.0,32.0,57.0,729.0,1.0,0.0013717421,0.5929,0.7343,,False
False,1.0,0.175,0.1886,0.2248,0.007,887.0,169926757.0,32.0,57.0,729.0,73.0,0.100137174,0.5855,0.7377,,False
False,1.0,0.0148,0.0157,0.2243,0.007,888.0,169999659.0,32.0,57.0,729.0,1.0,0.0013717421,0.5854,0.7372,,False
False,1.0,0.1873,0.1873,0.2243,0.007,889.0,170008499.0,32.0,57.0,729.0,66.0,0.09053498,0.579,0.7404,,False
False,1.0,0.1842,0.1842,0.2206,0.0069,890.0,170362118.0,32.0,57.0,729.0,66.0,0.09053498,0.5498,0.7501,,True
False,1.0,0.0154,0.0163,0.2193,0.0069,891.0,170511055.0,32.0,57.0,729.0,1.0,0.0013717421,0.5529,0.7534,,False
False,1.0,0.1831,0.1831,0.2193,0.0069,892.0,170514999.0,32.0,57.0,729.0,1.0,0.0013717421,0.5538,0.7535,,True
False,1.0,0.0163,0.0183,0.2193,0.0069,893.0,170524482.0,32.0,57.0,729.0,2.0,0.0027434842,0.5536,0.7531,,False
False,1.0,0.0027,0.0036,0.2157,0.0067,894.0,170956681.0,32.0,57.0,729.0,1.0,0.0013717421,0.5343,0.7489,,False
False,1.0,0.1771,0.1808,0.2181,0.0068,895.0,170965045.0,32.0,57.0,729.0,67.0,0.09190672,0.5278,0.7523,,True
False,1.0,0.0008,0.0047,0.2198,0.0069,896.0,171123544.0,32.0,57.0,732.0,3.0,0.0040983604,0.53,0.7546,,True
False,1.0,0.0014,0.0024,0.2198,0.0069,897.0,171126089.0,32.0,57.0,732.0,1.0,0.0013661202,0.5268,0.755,,True
False,1.0,0.0167,0.0177,0.219,0.0068,898.0,171203234.0,32.0,57.0,732.0,1.0,0.0013661202,0.534,0.7558,,False
False,1.0,0.1765,0.1802,0.2198,0.0069,899.0,171206050.0,32.0,57.0,732.0,7.0,0.009562842,0.5334,0.7561,,True
False,1.0,0.0035,0.0045,0.2159,0.0067,900.0,171570543.0,32.0,57.0,732.0,1.0,0.0013661202,0.5463,0.7539,,False
False,1.0,0.0027,0.0036,0.2159,0.0067,901.0,171572303.0,32.0,57.0,732.0,1.0,0.0013661202,0.5462,0.7532,,False
False,1.0,0.1742,0.1822,0.2223,0.0069,902.0,171662085.0,32.0,57.0,732.0,66.0,0.09016393,0.5348,0.7578,,False
False,1.0,0.1813,0.1822,0.2211,0.0069,903.0,171817195.0,32.0,57.0,732.0,1.0,0.0013661202,0.5425,0.7592,,False
False,1.0,0.0036,0.0036,0.2201,0.0069,904.0,171913391.0,32.0,57.0,732.0,1.0,0.0013661202,0.5424,0.7585,,False
False,1.0,0.1793,0.1793,0.2176,0.0068,905.0,172159885.0,32.0,57.0,732.0,1.0,0.0013661202,0.5516,0.7569,,False
False,1.0,0.1793,0.1806,0.2188,0.0068,906.0,172169711.0,32.0,57.0,732.0,66.0,0.09016393,0.5451,0.7609,,False
False,1.0,0.0164,0.0174,0.2174,0.0068,907.0,172336153.0,32.0,57.0,732.0,1.0,0.0013661202,0.5457,0.7614,,False
False,1.0,0.1781,0.1781,0.2169,0.0068,908.0,172348156.0,32.0,57.0,732.0,1.0,0.0013661202,0.5447,0.76,,False
False,1.0,0.0035,0.0035,0.2165,0.0068,909.0,172421202.0,32.0,57.0,732.0,1.0,0.0013661202,0.5446,0.7593,,False
False,1.0,0.0034,0.0043,0.2164,0.0068,910.0,172508764.0,32.0,57.0,732.0,1.0,0.0013661202,0.5439,0.7578,,False
False,1.0,0.0172,0.0172,0.2158,0.0067,911.0,172531455.0,32.0,57.0,732.0,1.0,0.0013661202,0.5438,0.7571,,False
False,1.0,0.1745,0.1762,0.2153,0.0067,912.0,172774668.0,32.0,57.0,732.0,66.0,0.09016393,0.5396,0.7555,,False
False,1.0,0.1761,0.177,0.2151,0.0067,913.0,172783070.0,32.0,57.0,732.0,1.0,0.0013661202,0.5402,0.7557,,False
False,1.0,0.0035,0.0035,0.2151,0.0067,914.0,172785940.0,32.0,57.0,732.0,1.0,0.0013661202,0.5401,0.755,,False
False,1.0,0.1726,0.1741,0.2112,0.0066,915.0,173364831.0,32.0,57.0,732.0,66.0,0.09016393,0.5562,0.7527,,False
False,1.0,0.0024,0.0033,0.2116,0.0066,916.0,173366422.0,32.0,57.0,732.0,1.0,0.0013661202,0.5561,0.752,,False
False,1.0,0.174,0.174,0.2115,0.0066,917.0,173376381.0,32.0,57.0,732.0,66.0,0.09016393,0.551,0.7561,,False
False,1.0,0.0042,0.0042,0.2111,0.0066,918.0,173448538.0,32.0,57.0,732.0,1.0,0.0013661202,0.5513,0.756,,False
False,1.0,0.1733,0.1733,0.2107,0.0066,919.0,173467654.0,32.0,57.0,732.0,1.0,0.0013661202,0.554,0.7587,,False
False,1.0,0.015,0.0154,0.2111,0.0066,920.0,173468595.0,32.0,57.0,732.0,1.0,0.0013661202,0.5539,0.7581,,False
False,1.0,0.0154,0.0168,0.2116,0.0066,921.0,173471291.0,32.0,57.0,732.0,2.0,0.0027322404,0.5536,0.7583,,False
False,1.0,0.1707,0.1708,0.2096,0.0065,922.0,173711766.0,32.0,57.0,732.0,1.0,0.0013661202,0.5544,0.7578,,False
False,1.0,0.0033,0.0034,0.2096,0.0065,923.0,173713342.0,32.0,57.0,732.0,1.0,0.0013661202,0.5543,0.7572,,False
False,1.0,0.0041,0.0061,0.2095,0.0065,924.0,173734039.0,32.0,57.0,732.0,2.0,0.0027322404,0.5591,0.7594,,False
False,1.0,0.1687,0.1702,0.2091,0.0065,925.0,173967725.0,32.0,57.0,732.0,66.0,0.09016393,0.552,0.7628,,False
False,1.0,0.0032,0.0042,0.2092,0.0065,926.0,173975080.0,32.0,57.0,732.0,1.0,0.0013661202,0.5519,0.7621,,False
False,1.0,0.17,0.17,0.2089,0.0065,927.0,173994209.0,32.0,57.0,732.0,66.0,0.09016393,0.5463,0.7652,,False
False,1.0,0.006,0.006,0.2087,0.0065,928.0,174053224.0,32.0,57.0,732.0,1.0,0.0013661202,0.5462,0.7646,,False
False,1.0,0.0156,0.0176,0.2088,0.0065,929.0,174055999.0,32.0,57.0,732.0,2.0,0.0027322404,0.5469,0.765,,False
False,1.0,0.1689,0.169,0.2087,0.0065,930.0,174069159.0,32.0,57.0,732.0,1.0,0.0013661202,0.5502,0.7661,,False
False,1.0,0.0175,0.0195,0.2087,0.0065,931.0,174072504.0,32.0,57.0,732.0,4.0,0.0054644807,0.5498,0.766,,False
False,1.0,0.0024,0.0033,0.2087,0.0065,932.0,174076909.0,32.0,57.0,732.0,1.0,0.0013661202,0.5497,0.7654,,False
False,1.0,0.0185,0.0194,0.2079,0.0065,933.0,174158638.0,32.0,57.0,732.0,1.0,0.0013661202,0.5618,0.77,,True
False,1.0,0.164,0.1655,0.2055,0.0064,934.0,174574017.0,32.0,57.0,732.0,66.0,0.09016393,0.5347,0.7666,,False
False,1.0,0.0033,0.0033,0.2054,0.0064,935.0,174576789.0,32.0,57.0,732.0,1.0,0.0013661202,0.5346,0.766,,False
False,1.0,0.0191,0.02,0.2058,0.0064,936.0,174578063.0,32.0,57.0,732.0,1.0,0.0013661202,0.5345,0.7654,,False
False,1.0,0.0199,0.0832,0.2047,0.0064,937.0,174748174.0,32.0,57.0,732.0,66.0,0.09016393,0.5275,0.7621,,False
False,1.0,0.0009,0.0018,0.2039,0.0064,938.0,174837573.0,32.0,57.0,732.0,1.0,0.0013661202,0.5274,0.7615,,False
False,1.0,0.0032,0.0033,0.2038,0.0064,939.0,174842596.0,32.0,57.0,732.0,1.0,0.0013661202,0.5273,0.7609,,False
False,1.0,0.0032,0.0032,0.203,0.0063,940.0,174926888.0,32.0,57.0,732.0,1.0,0.0013661202,0.5347,0.7627,,False
False,1.0,0.0999,0.1008,0.2028,0.0063,941.0,174942812.0,32.0,57.0,732.0,1.0,0.0013661202,0.5353,0.7628,,False
False,1.0,0.0939,0.1572,0.1938,0.0061,942.0,176477636.0,32.0,57.0,732.0,66.0,0.09016393,0.5395,0.7618,,False
False,1.0,0.1569,0.1578,0.1941,0.0061,943.0,176558067.0,32.0,57.0,732.0,67.0,0.091530055,0.5331,0.7646,,False
False,1.0,0.0004,0.0013,0.1941,0.0061,944.0,176564161.0,32.0,57.0,732.0,1.0,0.0013661202,0.533,0.764,,False
False,1.0,0.0171,0.0181,0.1947,0.0061,945.0,176584263.0,32.0,57.0,732.0,1.0,0.0013661202,0.5331,0.7637,,False
False,1.0,0.018,0.0187,0.1947,0.0061,946.0,176666440.0,32.0,57.0,732.0,1.0,0.0013661202,0.533,0.7631,,False
False,1.0,0.1564,0.1565,0.1942,0.0061,947.0,176731391.0,32.0,57.0,732.0,1.0,0.0013661202,0.5329,0.7626,,False
False,1.0,0.0013,0.0013,0.1919,0.006,948.0,176990675.0,32.0,57.0,732.0,1.0,0.0013661202,0.5388,0.7641,,False
False,1.0,0.1546,0.1559,0.1931,0.006,949.0,177008534.0,32.0,57.0,732.0,66.0,0.09016393,0.5326,0.7668,,False
False,1.0,0.1545,0.1545,0.1914,0.006,950.0,177190208.0,32.0,57.0,732.0,66.0,0.09016393,0.5309,0.7653,,False
False,1.0,0.1537,0.1537,0.1903,0.0059,951.0,177339143.0,32.0,57.0,732.0,66.0,0.09016393,0.5247,0.768,,False
False,1.0,0.018,0.0189,0.188,0.0059,952.0,177606431.0,32.0,57.0,732.0,1.0,0.0013661202,0.525,0.768,,False
False,1.0,,0.0019,0.1873,0.0057,953.0,177690117.0,33.0,58.0,732.0,2.0,0.0027322404,0.5248,0.7677,,False
False,1.0,0.15,0.1509,0.1869,0.0057,954.0,177705468.0,33.0,58.0,732.0,1.0,0.0013661202,0.5267,0.7673,,False
False,1.0,0.1507,0.1527,0.1887,0.0057,955.0,177769164.0,33.0,58.0,732.0,66.0,0.09016393,0.5207,0.7699,,False
False,1.0,0.0178,0.018,0.1888,0.0057,956.0,177775056.0,33.0,58.0,732.0,1.0,0.0013661202,0.5206,0.7693,,False
False,1.0,,0.0038,0.1918,0.0056,957.0,177778577.0,34.0,58.0,735.0,3.0,0.0040816325,0.5237,0.7707,,True
False,1.0,0.1521,0.1671,0.2059,0.0061,958.0,177785503.0,34.0,58.0,735.0,66.0,0.08979592,0.5178,0.7732,,False
False,1.0,0.1629,0.1664,0.2023,0.0059,959.0,178317929.0,34.0,58.0,735.0,7.0,0.00952381,0.5333,0.7694,,False
False,1.0,0.1663,0.1978,0.2322,0.0068,960.0,178319357.0,34.0,58.0,735.0,66.0,0.08979592,0.5278,0.7721,,False
False,1.0,0.0165,0.0174,0.232,0.0068,961.0,178379850.0,34.0,58.0,735.0,1.0,0.0013605442,0.5345,0.77,,False
False,1.0,0.0174,0.024,0.2371,0.007,962.0,178381429.0,34.0,58.0,741.0,6.0,0.008097166,0.5348,0.7707,,False
False,1.0,0.1953,0.199,0.2396,0.007,963.0,178385736.0,34.0,58.0,741.0,67.0,0.09041835,0.5287,0.7732,,False
False,1.0,0.0003,0.0013,0.2384,0.007,964.0,178482025.0,34.0,58.0,741.0,1.0,0.0013495276,0.5325,0.7752,,True
False,1.0,0.0229,0.0238,0.239,0.007,965.0,178485784.0,34.0,58.0,741.0,1.0,0.0013495276,0.5324,0.7747,,False
False,1.0,0.1964,0.1973,0.2386,0.007,966.0,178556775.0,34.0,58.0,741.0,1.0,0.0013495276,0.5323,0.7742,,False
False,1.0,0.0237,0.0245,0.2387,0.007,967.0,178581842.0,34.0,58.0,741.0,1.0,0.0013495276,0.5456,0.7754,,False
False,1.0,0.0243,0.025,0.2375,0.007,968.0,178792275.0,34.0,58.0,741.0,1.0,0.0013495276,0.5491,0.7716,,False
False,1.0,0.0012,0.0022,0.238,0.007,969.0,178816167.0,34.0,58.0,741.0,1.0,0.0013495276,0.5484,0.7711,,False
False,1.0,0.1942,0.1954,0.2385,0.007,970.0,178891034.0,34.0,58.0,741.0,67.0,0.09041835,0.5427,0.7748,,False
False,1.0,0.0248,0.0258,0.2379,0.007,971.0,178919647.0,34.0,58.0,741.0,1.0,0.0013495276,0.5445,0.7746,,False
False,1.0,0.1941,0.1942,0.2337,0.0069,972.0,178921034.0,34.0,58.0,735.0,72.0,0.09795918,0.5384,0.7769,,False
False,1.0,0.194,0.1949,0.2333,0.0069,973.0,178992846.0,34.0,58.0,735.0,1.0,0.0013605442,0.541,0.7772,,True
False,1.0,0.0202,0.0203,0.2332,0.0069,974.0,178997754.0,34.0,58.0,735.0,1.0,0.0013605442,0.5409,0.7767,,True
False,1.0,0.0022,0.0022,0.2316,0.0068,975.0,179154455.0,34.0,58.0,735.0,1.0,0.0013605442,0.5408,0.7762,,False
False,1.0,0.0201,0.0201,0.2316,0.0068,976.0,179163831.0,34.0,58.0,735.0,1.0,0.0013605442,0.5408,0.7758,,False
False,1.0,0.1909,0.1921,0.2298,0.0068,977.0,179432539.0,34.0,58.0,735.0,66.0,0.08979592,0.5349,0.7787,,False
False,1.0,0.0021,0.0022,0.2296,0.0068,978.0,179446072.0,34.0,58.0,735.0,1.0,0.0013605442,0.5348,0.7783,,False
False,1.0,0.1918,0.1918,0.2295,0.0067,979.0,179501946.0,34.0,58.0,735.0,1.0,0.0013605442,0.5347,0.7778,,True
False,1.0,0.0198,0.0198,0.2286,0.0067,980.0,179586599.0,34.0,58.0,735.0,1.0,0.0013605442,0.5407,0.7749,,True
False,1.0,0.0198,0.0207,0.229,0.0067,981.0,179587127.0,34.0,58.0,735.0,1.0,0.0013605442,0.5406,0.7744,,False
False,1.0,0.0021,0.0021,0.2288,0.0067,982.0,179601817.0,34.0,58.0,735.0,1.0,0.0013605442,0.5405,0.774,,False
False,1.0,0.0206,0.0216,0.2281,0.0067,983.0,179678884.0,34.0,58.0,735.0,2.0,0.0027210885,0.5408,0.774,,False
False,1.0,0.1884,0.1894,0.2269,0.0067,984.0,179774746.0,34.0,58.0,735.0,1.0,0.0013605442,0.542,0.774,,False
False,1.0,0.0203,0.0204,0.2245,0.0066,985.0,180022150.0,34.0,58.0,735.0,1.0,0.0013605442,0.5422,0.7734,,False
False,1.0,0.0021,0.0021,0.2245,0.0066,986.0,180030191.0,34.0,58.0,735.0,1.0,0.0013605442,0.5421,0.773,,False
False,1.0,0.186,0.186,0.223,0.0066,987.0,180133146.0,34.0,58.0,735.0,1.0,0.0013605442,0.5419,0.773,,False
False,1.0,0.0202,0.0217,0.224,0.0066,988.0,180207779.0,34.0,58.0,735.0,5.0,0.006802721,0.5492,0.7723,,False
False,1.0,0.0021,0.0021,0.2238,0.0066,989.0,180210891.0,34.0,58.0,735.0,1.0,0.0013605442,0.5491,0.7719,,False
False,1.0,0.1852,0.1852,0.2236,0.0066,990.0,180274352.0,34.0,58.0,735.0,1.0,0.0013605442,0.5493,0.7712,,False
False,1.0,0.0014,0.0024,0.2235,0.0066,991.0,180278701.0,34.0,58.0,735.0,1.0,0.0013605442,0.5492,0.7708,,False
False,1.0,,0.1631,0.333,0.0095,992.0,180302516.0,35.0,58.0,799.0,128.0,0.16020025,0.5427,0.7737,,False
False,1.0,0.0001,0.001,0.3289,0.0094,993.0,180631333.0,35.0,58.0,799.0,1.0,0.0012515645,0.5424,0.7733,,False
False,1.0,0.0003,0.0542,0.3644,0.0104,994.0,180639106.0,35.0,58.0,864.0,66.0,0.07638889,0.5369,0.7754,,True
False,1.0,0.0542,0.0542,0.3644,0.0104,995.0,180641663.0,35.0,58.0,864.0,1.0,0.0011574074,0.5389,0.7746,,False
False,1.0,0.1294,0.2309,0.3705,0.0106,996.0,180645993.0,35.0,58.0,864.0,131.0,0.15162037,0.5282,0.7759,,True
False,1.0,0.2307,0.2592,0.3946,0.0113,997.0,180712688.0,35.0,58.0,864.0,66.0,0.07638889,0.4376,0.8242,,False
False,1.0,0.2586,0.26,0.3939,0.0113,998.0,180737055.0,35.0,58.0,864.0,8.0,0.009259259,0.4366,0.8246,,False
False,1.0,0.2589,0.2651,0.3945,0.0113,999.0,180829510.0,35.0,58.0,864.0,68.0,0.0787037,0.43,0.8245,,False
False,1.0,0.0017,0.0017,0.3926,0.0112,1000.0,180838730.0,35.0,58.0,860.0,4.0,0.004651163,0.4298,0.824,,False
False,1.0,0.0163,0.0171,0.3909,0.0112,1001.0,180976283.0,35.0,58.0,860.0,1.0,0.0011627907,0.4325,0.8237,,False
False,1.0,0.2632,0.2632,0.3897,0.0111,1002.0,180996921.0,35.0,58.0,860.0,1.0,0.0011627907,0.4324,0.8233,,False
False,1.0,0.2612,0.2612,0.3867,0.011,1003.0,181166522.0,35.0,58.0,860.0,1.0,0.0011627907,0.4377,0.8221,,False
False,1.0,0.0009,0.0017,0.3868,0.0111,1004.0,181234403.0,35.0,58.0,860.0,1.0,0.0011627907,0.4362,0.8215,,False
False,1.0,0.2585,0.2585,0.3838,0.011,1005.0,181403095.0,35.0,58.0,860.0,1.0,0.0011627907,0.4255,0.8186,,False
False,1.0,0.2574,0.2582,0.3822,0.0109,1006.0,181492848.0,35.0,58.0,860.0,2.0,0.0023255814,0.4253,0.8183,,False
False,1.0,0.0159,0.0168,0.382,0.0109,1007.0,181503919.0,35.0,58.0,860.0,2.0,0.0023255814,0.4274,0.8187,,False
False,1.0,0.2541,0.2564,0.3786,0.0108,1008.0,181836897.0,35.0,58.0,860.0,66.0,0.076744184,0.426,0.8192,,False
False,1.0,0.0166,0.0174,0.3785,0.0108,1009.0,181841495.0,35.0,58.0,860.0,1.0,0.0011627907,0.4259,0.8188,,False
False,1.0,0.2554,0.2554,0.3782,0.0108,1010.0,181852131.0,35.0,58.0,860.0,1.0,0.0011627907,0.4258,0.8184,,False
False,1.0,0.254,0.2548,0.376,0.0107,1011.0,181946629.0,35.0,58.0,860.0,2.0,0.0023255814,0.4312,0.8177,,False
False,1.0,0.0165,0.0173,0.3765,0.0108,1012.0,182006336.0,35.0,58.0,860.0,1.0,0.0011627907,0.4311,0.8173,,False
False,1.0,0.0009,0.0017,0.3758,0.0107,1013.0,182025872.0,35.0,58.0,860.0,1.0,0.0011627907,0.4323,0.8173,,False
False,1.0,0.2536,0.2536,0.3751,0.0107,1014.0,182088297.0,35.0,58.0,860.0,1.0,0.0011627907,0.4322,0.8169,,False
False,1.0,0.0164,0.0172,0.375,0.0107,1015.0,182092402.0,35.0,58.0,860.0,1.0,0.0011627907,0.4321,0.8165,,False
False,1.0,0.0172,0.0188,0.3743,0.0107,1016.0,182174976.0,35.0,58.0,860.0,2.0,0.0023255814,0.432,0.8162,,False
False,1.0,0.2478,0.2491,0.3711,0.0106,1017.0,182438481.0,35.0,58.0,860.0,66.0,0.076744184,0.4263,0.8178,,False
False,1.0,,0.0008,0.3707,0.0103,1018.0,182454263.0,36.0,59.0,860.0,1.0,0.0011627907,0.4262,0.8174,,False
False,1.0,0.2485,0.2485,0.3702,0.0103,1019.0,182462207.0,36.0,59.0,860.0,1.0,0.0011627907,0.4261,0.817,,False
False,1.0,0.0185,0.0185,0.37,0.0103,1020.0,182466384.0,36.0,59.0,860.0,1.0,0.0011627907,0.426,0.8165,,False
False,1.0,0.247,0.247,0.368,0.0102,1021.0,182624421.0,36.0,59.0,860.0,1.0,0.0011627907,0.4258,0.817,,False
False,1.0,0.0016,0.0024,0.3678,0.0105,1022.0,182627627.0,35.0,59.0,860.0,1.0,0.0011627907,0.4311,0.8152,,False
False,1.0,0.0184,0.0187,0.3676,0.0105,1023.0,182635248.0,35.0,59.0,860.0,2.0,0.0023255814,0.4309,0.815,,False
False,1.0,0.245,0.2459,0.3663,0.0105,1024.0,182797973.0,35.0,59.0,860.0,66.0,0.076744184,0.4256,0.8163,,False
False,1.0,0.0186,0.0186,0.3661,0.0105,1025.0,182800425.0,35.0,59.0,860.0,1.0,0.0011627907,0.4257,0.8161,,False
False,1.0,0.2424,0.244,0.361,0.0103,1026.0,183071524.0,35.0,59.0,860.0,3.0,0.003488372,0.4231,0.8166,,False
False,1.0,0.2421,0.2421,0.3581,0.0102,1027.0,183241257.0,35.0,59.0,860.0,1.0,0.0011627907,0.4151,0.8155,,False
False,1.0,0.0174,0.0182,0.3581,0.0102,1028.0,183249334.0,35.0,59.0,860.0,1.0,0.0011627907,0.415,0.8151,,False
False,1.0,0.0182,0.019,0.358,0.0102,1029.0,183303791.0,35.0,59.0,860.0,1.0,0.0011627907,0.4149,0.8147,,False
False,1.0,0.2347,0.2347,0.3494,0.01,1030.0,183824866.0,35.0,59.0,860.0,1.0,0.0011627907,0.4141,0.8147,,False
False,1.0,0.0008,0.0016,0.3495,0.01,1031.0,183829031.0,35.0,59.0,860.0,1.0,0.0011627907,0.414,0.8143,,False
False,1.0,0.2343,0.2368,0.3514,0.01,1032.0,183840275.0,35.0,59.0,860.0,66.0,0.076744184,0.4087,0.8156,,False
False,1.0,0.0177,0.0178,0.3511,0.01,1033.0,183842881.0,35.0,59.0,860.0,1.0,0.0011627907,0.4087,0.8152,,False
False,1.0,0.0178,0.0178,0.3508,0.01,1034.0,183901554.0,35.0,59.0,860.0,1.0,0.0011627907,0.4086,0.8148,,False
False,1.0,0.0178,0.0186,0.3507,0.01,1035.0,183907211.0,35.0,59.0,860.0,1.0,0.0011627907,0.4085,0.8144,,False
False,1.0,0.0183,0.0184,0.3451,0.0099,1036.0,184265760.0,35.0,59.0,860.0,1.0,0.0011627907,0.4102,0.8126,,False
False,1.0,0.2307,0.2308,0.3426,0.0098,1037.0,184416863.0,35.0,59.0,860.0,1.0,0.0011627907,0.4104,0.8134,,False
False,1.0,0.2306,0.2323,0.3425,0.0098,1038.0,184428322.0,35.0,59.0,860.0,2.0,0.0023255814,0.4079,0.8127,,False
False,1.0,0.2323,0.2323,0.3425,0.0098,1039.0,184430304.0,35.0,59.0,860.0,1.0,0.0011627907,0.4078,0.8123,,False
False,1.0,0.2304,0.2321,0.3414,0.0098,1040.0,184605002.0,35.0,59.0,860.0,66.0,0.076744184,0.4026,0.8137,,False
False,1.0,0.2296,0.2296,0.3377,0.0096,1041.0,184848949.0,35.0,59.0,860.0,1.0,0.0011627907,0.4065,0.8111,,False
False,1.0,0.2296,0.2296,0.3376,0.0096,1042.0,184855771.0,35.0,59.0,860.0,1.0,0.0011627907,0.4064,0.8107,,False
False,1.0,0.0163,0.0164,0.3374,0.0096,1043.0,184867072.0,35.0,59.0,860.0,1.0,0.0011627907,0.4063,0.8103,,False
False,1.0,0.2287,0.2287,0.3364,0.0096,1044.0,184935553.0,35.0,59.0,860.0,1.0,0.0011627907,0.406,0.8103,,False
False,1.0,0.2279,0.2279,0.3353,0.0096,1045.0,184967932.0,35.0,59.0,860.0,3.0,0.003488372,0.3935,0.8092,,False
False,1.0,0.0162,0.0162,0.3347,0.0096,1046.0,185038379.0,35.0,59.0,860.0,1.0,0.0011627907,0.3932,0.8092,,False
False,1.0,0.2257,0.2257,0.3321,0.0095,1047.0,185211506.0,35.0,59.0,860.0,2.0,0.0023255814,0.3933,0.8085,,False
False,1.0,0.2257,0.2265,0.332,0.0095,1048.0,185217556.0,35.0,59.0,860.0,2.0,0.0023255814,0.3931,0.8083,,False
False,1.0,0.0151,0.0159,0.3266,0.0093,1049.0,185563920.0,35.0,59.0,860.0,1.0,0.0011627907,0.4017,0.8067,,False
False,1.0,0.2212,0.2212,0.3253,0.0093,1050.0,185652783.0,35.0,59.0,860.0,2.0,0.0023255814,0.4009,0.8062,,False
False,1.0,0.2207,0.2232,0.3271,0.0093,1051.0,185713378.0,35.0,59.0,860.0,66.0,0.076744184,0.3955,0.8076,,False
False,1.0,0.0013,0.0029,0.3271,0.0093,1052.0,185715034.0,35.0,59.0,860.0,2.0,0.0023255814,0.3953,0.8074,,False
False,1.0,0.2214,0.2214,0.3257,0.0093,1053.0,185819957.0,35.0,59.0,860.0,1.0,0.0011627907,0.3952,0.807,,False
False,1.0,0.2214,0.2222,0.3256,0.0093,1054.0,185821850.0,35.0,59.0,860.0,1.0,0.0011627907,0.3952,0.8066,,False
False,1.0,0.0147,0.0155,0.3205,0.0092,1055.0,186163010.0,35.0,59.0,860.0,1.0,0.0011627907,0.3698,0.8027,,False
False,1.0,0.2186,0.2186,0.3203,0.0092,1056.0,186170093.0,35.0,59.0,860.0,1.0,0.0011627907,0.3698,0.8023,,False
False,1.0,0.2185,0.2186,0.3202,0.0091,1057.0,186173913.0,35.0,59.0,860.0,1.0,0.0011627907,0.3697,0.8019,,False
False,1.0,0.2185,0.2196,0.3213,0.0092,1058.0,186173989.0,35.0,59.0,860.0,66.0,0.076744184,0.3643,0.8033,,False
False,1.0,0.0155,0.0195,0.3225,0.0092,1059.0,186180012.0,35.0,59.0,860.0,5.0,0.0058139535,0.3639,0.8035,,False
False,1.0,0.2125,0.2133,0.3158,0.009,1060.0,186688910.0,35.0,59.0,860.0,1.0,0.0011627907,0.3641,0.8012,,False
False,1.0,0.0184,0.0192,0.3154,0.009,1061.0,186756659.0,35.0,59.0,860.0,1.0,0.0011627907,0.3521,0.7994,,False
False,1.0,0.2121,0.271,0.3637,0.0107,1062.0,186773043.0,34.0,59.0,937.0,143.0,0.15261473,0.3514,0.7985,,False
False,1.0,0.2699,0.2704,0.3626,0.0107,1063.0,186861327.0,34.0,59.0,937.0,1.0,0.0010672358,0.3507,0.7983,,False
False,1.0,0.2699,0.2707,0.362,0.0106,1064.0,186868996.0,34.0,59.0,937.0,1.0,0.0010672358,0.3506,0.7979,,False
False,1.0,0.0273,0.0288,0.3605,0.0106,1065.0,187010243.0,34.0,59.0,937.0,2.0,0.0021344717,0.4034,0.7849,,False
False,1.0,0.0165,0.0174,0.3406,0.01,1066.0,187020713.0,34.0,59.0,869.0,68.0,0.07825086,0.3982,0.7867,,False
False,1.0,0.2668,0.268,0.3372,0.0099,1067.0,187297148.0,34.0,59.0,869.0,67.0,0.07710011,0.3901,0.7848,,False
True,2.0,0.0171,0.0779,0.3382,0.0099,1068.0,187307434.0,34.0,59.0,867.0,152.0,0.17531718,0.3834,0.7833,,False
False,2.0,0.0775,0.0783,0.3367,0.0099,1069.0,187451105.0,34.0,59.0,867.0,1.0,0.0011534025,0.3834,0.7833,,False
False,2.0,0.0765,0.0768,0.3291,0.0097,1070.0,187974619.0,34.0,59.0,867.0,1.0,0.0011534025,0.386,0.7816,,False
False,2.0,0.1998,0.1998,0.326,0.0096,1071.0,188161317.0,34.0,59.0,867.0,1.0,0.0011534025,0.3844,0.7821,,False
False,2.0,0.1995,0.2077,0.3303,0.0097,1072.0,188221512.0,34.0,59.0,867.0,67.0,0.07727797,0.3796,0.7841,,False
False,2.0,0.0728,0.0728,0.3237,0.0095,1073.0,188669136.0,34.0,59.0,867.0,67.0,0.07727797,0.3828,0.7843,,False
False,2.0,0.2028,0.2031,0.3228,0.0095,1074.0,188740411.0,34.0,59.0,867.0,1.0,0.0011534025,0.3827,0.7839,,False
False,2.0,0.0725,0.0733,0.3232,0.0095,1075.0,188761758.0,34.0,59.0,867.0,1.0,0.0011534025,0.3827,0.7835,,False
False,2.0,0.2021,0.2029,0.3222,0.0095,1076.0,188833337.0,34.0,59.0,867.0,1.0,0.0011534025,0.3826,0.7831,,False
False,2.0,0.073,0.073,0.3221,0.0095,1077.0,188835332.0,34.0,59.0,867.0,1.0,0.0011534025,0.3825,0.7827,,False
False,2.0,0.073,0.0738,0.3222,0.0095,1078.0,188838394.0,34.0,59.0,867.0,1.0,0.0011534025,0.3824,0.7823,,False
False,2.0,0.2028,0.2036,0.3222,0.0095,1079.0,188842557.0,34.0,59.0,867.0,1.0,0.0011534025,0.3824,0.7818,,False
False,2.0,0.0716,0.0724,0.316,0.0093,1080.0,189258731.0,34.0,59.0,867.0,1.0,0.0011534025,0.3812,0.7774,,False
False,2.0,0.198,0.2019,0.3162,0.0093,1081.0,189354952.0,34.0,59.0,867.0,6.0,0.0069204154,0.3738,0.776,,False
False,2.0,0.199,0.2023,0.3148,0.0093,1082.0,189686510.0,34.0,59.0,867.0,67.0,0.07727797,0.3644,0.7714,,False
False,2.0,0.2022,0.2023,0.3147,0.0093,1083.0,189699168.0,34.0,59.0,867.0,1.0,0.0011534025,0.3643,0.7709,,False
False,2.0,0.2022,0.203,0.3147,0.0093,1084.0,189708458.0,34.0,59.0,867.0,68.0,0.078431375,0.3594,0.7728,,False
False,2.0,0.203,0.203,0.3146,0.0093,1085.0,189713017.0,34.0,59.0,867.0,1.0,0.0011534025,0.3438,0.7701,,False
False,2.0,0.0676,0.0677,0.3138,0.0092,1086.0,189792845.0,34.0,59.0,867.0,1.0,0.0011534025,0.3436,0.7701,,False
False,2.0,0.0677,0.0717,0.3129,0.0092,1087.0,189809871.0,34.0,59.0,867.0,5.0,0.0057670125,0.3451,0.7712,,False
False,2.0,0.0694,0.0695,0.3037,0.0089,1088.0,190487589.0,34.0,59.0,867.0,1.0,0.0011534025,0.3463,0.7677,,False
False,2.0,0.0695,0.0698,0.304,0.0089,1089.0,190491654.0,34.0,59.0,867.0,1.0,0.0011534025,0.3439,0.7665,,False
False,2.0,0.1885,0.1886,0.2984,0.0088,1090.0,190898260.0,34.0,59.0,867.0,1.0,0.0011534025,0.3439,0.7665,,False
False,2.0,0.1886,0.1886,0.2984,0.0088,1091.0,190901624.0,34.0,59.0,867.0,1.0,0.0011534025,0.3549,0.7689,,False
False,2.0,0.0684,0.0692,0.2981,0.0088,1092.0,190919334.0,34.0,59.0,867.0,1.0,0.0011534025,0.3588,0.7694,,False
False,2.0,0.0689,0.0697,0.298,0.0088,1093.0,190993358.0,34.0,59.0,867.0,1.0,0.0011534025,0.3588,0.7697,,False
False,2.0,0.1819,0.1819,0.2898,0.0085,1094.0,191598017.0,34.0,59.0,867.0,1.0,0.0011534025,0.3538,0.7679,,False
False,2.0,0.0678,0.0679,0.2896,0.0085,1095.0,191611197.0,34.0,59.0,867.0,1.0,0.0011534025,0.3537,0.7675,,False
False,2.0,0.0671,0.0671,0.2865,0.0084,1096.0,191850083.0,34.0,59.0,867.0,1.0,0.0011534025,0.3536,0.767,,False
False,2.0,0.1797,0.1797,0.2865,0.0084,1097.0,191853329.0,34.0,59.0,867.0,1.0,0.0011534025,0.3535,0.7666,,False
False,2.0,0.1797,0.1797,0.2865,0.0084,1098.0,191862556.0,34.0,59.0,867.0,1.0,0.0011534025,0.355,0.7666,,False
False,2.0,0.1777,0.1832,0.2886,0.0085,1099.0,192107378.0,34.0,59.0,867.0,67.0,0.07727797,0.355,0.7666,,False
False,2.0,0.0663,0.0664,0.2886,0.0085,1100.0,192114945.0,34.0,59.0,867.0,1.0,0.0011534025,0.36,0.7638,,False
False,2.0,0.0661,0.0662,0.2875,0.0085,1101.0,192201745.0,34.0,59.0,867.0,1.0,0.0011534025,0.3599,0.764,,False
False,2.0,0.1776,0.1791,0.2816,0.0083,1102.0,192747322.0,34.0,59.0,867.0,67.0,0.07727797,0.3668,0.7624,,False
False,2.0,0.179,0.1791,0.2813,0.0083,1103.0,192805275.0,34.0,59.0,867.0,1.0,0.0011534025,0.3667,0.7619,,False
False,2.0,0.1783,0.1784,0.2802,0.0082,1104.0,192902113.0,34.0,59.0,867.0,1.0,0.0011534025,0.372,0.759,,False
False,2.0,0.001,0.0018,0.2792,0.0082,1105.0,192924231.0,34.0,59.0,867.0,1.0,0.0011534025,0.3719,0.7586,,False
False,2.0,0.1777,0.1777,0.2792,0.0082,1106.0,192972297.0,34.0,59.0,867.0,1.0,0.0011534025,0.3718,0.7582,,False
False,2.0,0.0018,0.0026,0.2703,0.008,1107.0,193676773.0,34.0,59.0,867.0,1.0,0.0011534025,0.3682,0.7497,,False
False,2.0,0.1701,0.1728,0.2701,0.0079,1108.0,193870531.0,34.0,59.0,867.0,67.0,0.07727797,0.3606,0.7525,,False
False,2.0,0.0026,0.0042,0.2699,0.0079,1109.0,193938537.0,34.0,59.0,867.0,2.0,0.002306805,0.3671,0.7442,,False
False,2.0,0.0041,0.0049,0.2689,0.0079,1110.0,194014099.0,34.0,59.0,867.0,1.0,0.0011534025,0.3676,0.7436,,False
False,2.0,0.0001,0.0057,0.2695,0.0079,1111.0,194295835.0,34.0,59.0,873.0,6.0,0.0068728523,0.3452,0.7431,,False
False,2.0,0.0048,0.008,0.2711,0.008,1112.0,194307201.0,34.0,59.0,876.0,3.0,0.0034246575,0.3518,0.7454,,False
False,2.0,0.165,0.1655,0.2694,0.0079,1113.0,194530661.0,34.0,59.0,876.0,1.0,0.0011415525,0.3486,0.7357,,False
False,2.0,0.1654,0.1832,0.2823,0.0083,1114.0,194541347.0,34.0,59.0,876.0,68.0,0.07762557,0.3425,0.7391,,False
False,2.0,0.1827,0.1827,0.2814,0.0083,1115.0,194625494.0,34.0,59.0,876.0,1.0,0.0011415525,0.3401,0.7391,,False
False,2.0,0.0554,0.0562,0.2812,0.0083,1116.0,194628482.0,34.0,59.0,876.0,1.0,0.0011415525,0.34,0.7386,,False
False,2.0,0.1782,0.1782,0.2745,0.0081,1117.0,195149562.0,34.0,59.0,876.0,1.0,0.0011415525,0.3476,0.7365,,False
False,2.0,0.0006,0.0014,0.2749,0.0081,1118.0,195159558.0,34.0,59.0,876.0,1.0,0.0011415525,0.3476,0.7365,,False
False,2.0,0.1768,0.1792,0.2749,0.0081,1119.0,195306963.0,34.0,59.0,876.0,69.0,0.07876712,0.3372,0.7389,,False
False,2.0,0.1757,0.1784,0.2709,0.008,1120.0,195740061.0,34.0,59.0,876.0,7.0,0.007990868,0.3379,0.7422,,False
False,2.0,0.1783,0.1783,0.2709,0.008,1121.0,195746699.0,34.0,59.0,876.0,1.0,0.0011415525,0.3378,0.7417,,False
False,2.0,0.1783,0.1791,0.2709,0.008,1122.0,195749979.0,34.0,59.0,876.0,1.0,0.0011415525,0.3316,0.7395,,False
False,2.0,0.0045,0.0061,0.2719,0.008,1123.0,195764954.0,34.0,59.0,877.0,1.0,0.0011402508,0.332,0.7391,,False
False,2.0,0.0512,0.0541,0.2733,0.008,1124.0,195828792.0,34.0,59.0,880.0,3.0,0.003409091,0.3352,0.7407,,False
False,2.0,0.0013,0.0021,0.2708,0.008,1125.0,196084166.0,34.0,59.0,880.0,1.0,0.0011363636,0.3374,0.7362,,False
False,2.0,0.0021,0.0021,0.2704,0.008,1126.0,196097883.0,34.0,59.0,880.0,1.0,0.0011363636,0.342,0.7371,,False
False,2.0,0.1754,0.1815,0.2748,0.0081,1127.0,196104590.0,34.0,59.0,880.0,68.0,0.07727273,0.3356,0.7406,,False
False,2.0,0.0055,0.0063,0.2749,0.0081,1128.0,196112011.0,34.0,59.0,880.0,1.0,0.0011363636,0.3376,0.7416,,False
False,2.0,0.1786,0.1808,0.2718,0.008,1129.0,196443872.0,34.0,59.0,880.0,7.0,0.007954545,0.374,0.7309,,False
False,2.0,0.0494,0.0502,0.2726,0.008,1130.0,196445014.0,34.0,59.0,880.0,1.0,0.0011363636,0.3738,0.7304,,False
False,2.0,0.1805,0.1812,0.2729,0.008,1131.0,196454105.0,34.0,59.0,880.0,1.0,0.0011363636,0.3737,0.7299,,False
False,2.0,0.1808,0.1808,0.2723,0.008,1132.0,196517265.0,34.0,59.0,880.0,1.0,0.0011363636,0.3728,0.7293,,False
False,2.0,0.002,0.0028,0.2727,0.008,1133.0,196518964.0,34.0,59.0,880.0,1.0,0.0011363636,0.3727,0.7289,,False
False,2.0,0.0062,0.007,0.2727,0.008,1134.0,196521641.0,34.0,59.0,880.0,1.0,0.0011363636,0.3726,0.7284,,False
False,2.0,0.1808,0.1848,0.2751,0.0081,1135.0,196524452.0,34.0,59.0,880.0,68.0,0.07727273,0.365,0.7322,,False
False,2.0,0.0475,0.0479,0.2743,0.0081,1136.0,196621485.0,34.0,59.0,880.0,1.0,0.0011363636,0.3674,0.7321,,False
False,2.0,0.0477,0.0485,0.2737,0.008,1137.0,196686621.0,34.0,59.0,880.0,1.0,0.0011363636,0.3673,0.7317,,False
False,2.0,0.1825,0.1825,0.2733,0.008,1138.0,196703145.0,34.0,59.0,880.0,1.0,0.0011363636,0.3687,0.7319,,False
False,2.0,0.0069,0.0069,0.2733,0.008,1139.0,196706650.0,34.0,59.0,880.0,1.0,0.0011363636,0.3686,0.7314,,False
False,2.0,0.1823,0.184,0.274,0.0081,1140.0,196715369.0,34.0,59.0,880.0,72.0,0.08181818,0.3609,0.735,,False
False,2.0,0.1823,0.1823,0.2712,0.008,1141.0,196952613.0,34.0,59.0,880.0,1.0,0.0011363636,0.365,0.7375,,False
False,2.0,0.1823,0.1823,0.2712,0.008,1142.0,196955985.0,34.0,59.0,880.0,1.0,0.0011363636,0.3684,0.7396,,False
False,2.0,0.1823,0.1823,0.2712,0.008,1143.0,196959349.0,34.0,59.0,880.0,1.0,0.0011363636,0.3683,0.7391,,False
False,2.0,0.0006,0.0014,0.2701,0.0079,1144.0,197065599.0,34.0,59.0,880.0,1.0,0.0011363636,0.3653,0.7374,,False
False,2.0,0.1807,0.1807,0.2697,0.0079,1145.0,197135902.0,34.0,59.0,880.0,2.0,0.0022727272,0.3651,0.7373,,False
False,2.0,0.1807,0.1815,0.2697,0.0079,1146.0,197139249.0,34.0,59.0,880.0,2.0,0.0022727272,0.3581,0.7354,,False
False,2.0,0.1815,0.1815,0.2697,0.0079,1147.0,197140858.0,34.0,59.0,880.0,1.0,0.0011363636,0.358,0.7349,,False
False,2.0,,0.0031,0.2699,0.0077,1148.0,197308474.0,35.0,60.0,883.0,3.0,0.0033975085,0.3663,0.7375,,False
False,2.0,0.1795,0.1795,0.2699,0.0077,1149.0,197311705.0,35.0,60.0,883.0,1.0,0.0011325028,0.3662,0.7371,,False
False,2.0,0.1774,0.1774,0.2667,0.0076,1150.0,197558283.0,35.0,60.0,883.0,1.0,0.0011325028,0.3735,0.7342,,False
False,2.0,0.0455,0.0463,0.2656,0.0076,1151.0,197660727.0,35.0,60.0,883.0,1.0,0.0011325028,0.3738,0.7355,,False
False,2.0,0.1758,0.1758,0.2655,0.0076,1152.0,197663198.0,35.0,60.0,883.0,1.0,0.0011325028,0.3737,0.7351,,False
False,2.0,0.1746,0.1746,0.2637,0.0075,1153.0,197809168.0,35.0,60.0,883.0,1.0,0.0011325028,0.3738,0.7348,,False
False,2.0,0.0014,0.0014,0.2636,0.0075,1154.0,197826604.0,35.0,60.0,883.0,1.0,0.0011325028,0.3994,0.7378,,False
False,2.0,0.1738,0.1768,0.2631,0.0075,1155.0,197920404.0,35.0,60.0,883.0,7.0,0.00792752,0.3986,0.7386,,False
False,2.0,0.1762,0.1762,0.2623,0.0075,1156.0,197935357.0,35.0,60.0,883.0,1.0,0.0011325028,0.3985,0.7381,,False
False,2.0,0.1762,0.1763,0.2623,0.0075,1157.0,197938792.0,35.0,60.0,883.0,1.0,0.0011325028,0.3984,0.7377,,False
False,2.0,0.0019,0.0027,0.2604,0.0074,1158.0,198181636.0,35.0,60.0,883.0,1.0,0.0011325028,0.4071,0.7365,,False
False,2.0,0.1741,0.1742,0.2596,0.0074,1159.0,198241467.0,35.0,60.0,883.0,1.0,0.0011325028,0.4073,0.7362,,False
False,2.0,0.1741,0.1784,0.263,0.0075,1160.0,198261818.0,35.0,60.0,883.0,69.0,0.078142695,0.3994,0.7396,,False
False,2.0,0.045,0.0465,0.2629,0.0075,1161.0,198270460.0,35.0,60.0,883.0,2.0,0.0022650056,0.3991,0.7394,,True
False,2.0,0.0464,0.0464,0.2623,0.0075,1162.0,198332166.0,35.0,60.0,883.0,1.0,0.0011325028,0.399,0.739,,False
False,2.0,0.0464,0.048,0.2624,0.0075,1163.0,198335736.0,35.0,60.0,883.0,2.0,0.0022650056,0.3988,0.7388,,True
False,2.0,0.1753,0.1753,0.262,0.0075,1164.0,198351097.0,35.0,60.0,883.0,1.0,0.0011325028,0.4062,0.7349,,False
False,2.0,0.0026,0.0026,0.2609,0.0075,1165.0,198440956.0,35.0,60.0,883.0,1.0,0.0011325028,0.4058,0.7347,,False
False,2.0,0.0469,0.0469,0.2563,0.0073,1166.0,198845935.0,35.0,60.0,883.0,1.0,0.0011325028,0.4104,0.7357,,False
False,2.0,0.1711,0.1712,0.2558,0.0073,1167.0,198871789.0,35.0,60.0,883.0,1.0,0.0011325028,0.4104,0.7357,,False
False,2.0,0.1708,0.1716,0.2552,0.0073,1168.0,198943392.0,35.0,60.0,883.0,1.0,0.0011325028,0.4103,0.7353,,False
False,2.0,0.1713,0.1713,0.2549,0.0073,1169.0,198957496.0,35.0,60.0,883.0,1.0,0.0011325028,0.4102,0.7348,,False
False,2.0,0.1709,0.1709,0.2542,0.0073,1170.0,199022542.0,35.0,60.0,883.0,1.0,0.0011325028,0.41,0.7344,,False
False,2.0,0.0455,0.0463,0.2532,0.0072,1171.0,199111725.0,35.0,60.0,883.0,1.0,0.0011325028,0.4099,0.734,,False
False,2.0,0.0463,0.0468,0.2534,0.0072,1172.0,199129196.0,35.0,60.0,883.0,1.0,0.0011325028,0.4098,0.7336,,False
False,2.0,0.1683,0.1708,0.2533,0.0072,1173.0,199364480.0,35.0,60.0,883.0,68.0,0.07701019,0.402,0.737,,False
False,2.0,0.1707,0.1707,0.2532,0.0072,1174.0,199369087.0,35.0,60.0,883.0,1.0,0.0011325028,0.4019,0.7365,,False
False,2.0,0.0463,0.047,0.2532,0.0072,1175.0,199372365.0,35.0,60.0,883.0,1.0,0.0011325028,0.4018,0.7361,,False
False,2.0,0.1699,0.1699,0.2532,0.0072,1176.0,199382541.0,35.0,60.0,883.0,1.0,0.0011325028,0.4019,0.7365,,False
False,2.0,0.1679,0.1679,0.2502,0.0071,1177.0,199631205.0,35.0,60.0,883.0,1.0,0.0011325028,0.4104,0.7339,,False
False,2.0,0.1679,0.1687,0.2502,0.0071,1178.0,199636200.0,35.0,60.0,883.0,1.0,0.0011325028,0.4103,0.7335,,False
False,2.0,0.0457,0.0457,0.2502,0.0071,1179.0,199638900.0,35.0,60.0,883.0,1.0,0.0011325028,0.4102,0.7331,,True
False,2.0,0.0457,0.0465,0.2502,0.0071,1180.0,199648052.0,35.0,60.0,883.0,2.0,0.0022650056,0.41,0.7329,,False
False,2.0,0.1651,0.1652,0.2462,0.007,1181.0,199997361.0,35.0,60.0,883.0,1.0,0.0011325028,0.4104,0.7339,,False
False,2.0,0.0457,0.0465,0.2461,0.007,1182.0,200059946.0,35.0,60.0,883.0,1.0,0.0011325028,0.4107,0.7339,,False
False,2.0,0.1645,0.1669,0.2476,0.0071,1183.0,200079553.0,35.0,60.0,883.0,70.0,0.0792752,0.402,0.7371,,False
False,2.0,0.0455,0.0463,0.247,0.0071,1184.0,200150645.0,35.0,60.0,883.0,1.0,0.0011325028,0.4019,0.7367,,False
False,2.0,0.1658,0.1658,0.247,0.0071,1185.0,200152897.0,35.0,60.0,883.0,1.0,0.0011325028,0.4018,0.7363,,False
False,2.0,0.1658,0.1658,0.247,0.0071,1186.0,200155340.0,35.0,60.0,883.0,1.0,0.0011325028,0.4017,0.7359,,False
False,2.0,0.1658,0.1666,0.247,0.0071,1187.0,200159567.0,35.0,60.0,883.0,1.0,0.0011325028,0.4091,0.7322,,True
False,2.0,0.166,0.166,0.2462,0.007,1188.0,200178448.0,35.0,60.0,883.0,1.0,0.0011325028,0.409,0.7318,,False
False,2.0,0.166,0.1668,0.2461,0.007,1189.0,200184187.0,35.0,60.0,883.0,1.0,0.0011325028,0.4088,0.7315,,False
False,2.0,0.0445,0.0446,0.2462,0.007,1190.0,200196093.0,35.0,60.0,883.0,1.0,0.0011325028,0.4087,0.7311,,True
False,2.0,0.1668,0.1668,0.2462,0.007,1191.0,200197930.0,35.0,60.0,883.0,1.0,0.0011325028,0.4086,0.7307,,False
False,2.0,0.0002,0.001,0.2462,0.007,1192.0,200228429.0,35.0,60.0,883.0,1.0,0.0011325028,0.4085,0.7304,,False
False,2.0,0.0006,0.0013,0.2463,0.007,1193.0,200230763.0,35.0,60.0,883.0,1.0,0.0011325028,0.4084,0.73,,False
False,2.0,0.0438,0.0439,0.2463,0.007,1194.0,200237955.0,35.0,60.0,883.0,2.0,0.0022650056,0.4082,0.7299,,True
False,2.0,0.1659,0.1659,0.2462,0.007,1195.0,200251385.0,35.0,60.0,883.0,1.0,0.0011325028,0.408,0.7296,,True
False,2.0,0.0437,0.0978,0.2457,0.007,1196.0,200327707.0,35.0,60.0,883.0,70.0,0.0792752,0.4108,0.731,,False
False,2.0,0.11,0.1107,0.2422,0.0069,1197.0,200660849.0,35.0,60.0,883.0,1.0,0.0011325028,0.4116,0.7324,,False
False,2.0,0.0013,0.0013,0.2421,0.0069,1198.0,200671767.0,35.0,60.0,883.0,1.0,0.0011325028,0.4115,0.732,,False
False,2.0,0.0013,0.0021,0.2423,0.0069,1199.0,200677580.0,35.0,60.0,883.0,1.0,0.0011325028,0.4114,0.7316,,False
False,2.0,,0.007,0.247,0.0069,1200.0,200746975.0,36.0,61.0,890.0,7.0,0.007865168,0.4338,0.7359,,False
False,2.0,0.1092,0.1092,0.247,0.0069,1201.0,200748879.0,36.0,61.0,890.0,1.0,0.0011235955,0.4337,0.7355,,False
False,2.0,0.0021,0.0021,0.2467,0.0069,1202.0,200762484.0,36.0,61.0,890.0,2.0,0.002247191,0.4332,0.7357,,False
False,2.0,0.1092,0.11,0.2467,0.0069,1203.0,200767216.0,36.0,61.0,890.0,1.0,0.0011235955,0.4336,0.7351,,False
False,2.0,0.1099,0.1099,0.2466,0.0069,1204.0,200774187.0,36.0,61.0,890.0,1.0,0.0011235955,0.4337,0.7349,,False
False,2.0,0.1098,0.1106,0.2466,0.0068,1205.0,200775957.0,36.0,61.0,890.0,1.0,0.0011235955,0.4336,0.7345,,False
False,2.0,0.1104,0.1104,0.2461,0.0068,1206.0,200836806.0,36.0,61.0,890.0,1.0,0.0011235955,0.4335,0.7342,,False
False,2.0,0.0936,0.0951,0.2468,0.0069,1207.0,200839636.0,36.0,61.0,890.0,3.0,0.0033707866,0.437,0.7358,,False
False,2.0,0.1095,0.1103,0.2466,0.0068,1208.0,200846302.0,36.0,61.0,890.0,1.0,0.0011235955,0.4372,0.7353,,False
False,2.0,0.0941,0.0942,0.2466,0.0068,1209.0,200848006.0,36.0,61.0,890.0,1.0,0.0011235955,0.4371,0.735,,False
False,2.0,0.0004,0.0004,0.2374,0.0066,1210.0,201540844.0,36.0,61.0,887.0,3.0,0.003382187,0.7071,0.5304,,False
False,2.0,0.1058,0.1574,0.2407,0.0067,1211.0,201803961.0,36.0,61.0,887.0,69.0,0.077790305,0.7075,0.5311,,False
False,2.0,0.0447,0.0455,0.2391,0.0066,1212.0,201966161.0,36.0,61.0,887.0,1.0,0.0011273957,0.7074,0.5309,,False
False,2.0,0.1526,0.1526,0.2344,0.0065,1213.0,202400678.0,36.0,61.0,887.0,1.0,0.0011273957,0.7149,0.5218,,False
False,2.0,0.1524,0.1524,0.2341,0.0065,1214.0,202412237.0,36.0,61.0,887.0,1.0,0.0011273957,0.7148,0.5215,,False
False,2.0,0.1521,0.1536,0.235,0.0065,1215.0,202482466.0,36.0,61.0,887.0,69.0,0.077790305,0.7075,0.516,,False
False,2.0,0.1536,0.1536,0.235,0.0065,1216.0,202489623.0,36.0,61.0,887.0,1.0,0.0011273957,0.7074,0.5157,,False
False,2.0,0.1523,0.1524,0.2331,0.0065,1217.0,202671660.0,36.0,61.0,887.0,1.0,0.0011273957,0.7092,0.5066,,False
False,2.0,0.1521,0.1521,0.2328,0.0065,1218.0,202678154.0,36.0,61.0,887.0,1.0,0.0011273957,0.7149,0.5134,,True
False,2.0,0.0439,0.0446,0.2325,0.0065,1219.0,202749849.0,36.0,61.0,887.0,1.0,0.0011273957,0.7156,0.5155,,False
False,2.0,0.0446,0.0454,0.2329,0.0065,1220.0,202755348.0,36.0,61.0,887.0,1.0,0.0011273957,0.7155,0.5153,,False
False,2.0,0.0449,0.0461,0.2315,0.0064,1221.0,202997445.0,36.0,61.0,887.0,2.0,0.0022547913,0.7298,0.5002,,False
False,2.0,0.1496,0.1509,0.2326,0.0065,1222.0,203003759.0,36.0,61.0,887.0,69.0,0.077790305,0.7248,0.5061,,False
False,2.0,0.1502,0.1503,0.2316,0.0064,1223.0,203091501.0,36.0,61.0,887.0,1.0,0.0011273957,0.7247,0.5061,,False
False,2.0,0.1502,0.1502,0.2315,0.0064,1224.0,203103216.0,36.0,61.0,887.0,1.0,0.0011273957,0.7247,0.5058,,False
False,2.0,0.0015,0.0023,0.2316,0.0064,1225.0,203174049.0,36.0,61.0,887.0,1.0,0.0011273957,0.7246,0.5056,,False
False,2.0,0.1495,0.1495,0.2313,0.0064,1226.0,203179199.0,36.0,61.0,887.0,1.0,0.0011273957,0.7352,0.5169,,True
False,2.0,0.0455,0.0455,0.2304,0.0064,1227.0,203267491.0,36.0,61.0,887.0,1.0,0.0011273957,0.7396,0.5258,,True
False,2.0,0.1483,0.1483,0.2295,0.0064,1228.0,203355068.0,36.0,61.0,887.0,1.0,0.0011273957,0.7395,0.5256,,False
False,2.0,0.1465,0.1465,0.2267,0.0063,1229.0,203618454.0,36.0,61.0,887.0,1.0,0.0011273957,0.7395,0.5256,,False
False,2.0,0.1454,0.1473,0.2269,0.0063,1230.0,203781638.0,36.0,61.0,887.0,70.0,0.0789177,0.7377,0.5265,,False
False,2.0,0.1473,0.1473,0.2269,0.0063,1231.0,203788257.0,36.0,61.0,887.0,1.0,0.0011273957,0.7376,0.5263,,False
False,2.0,0.1472,0.1472,0.2267,0.0063,1232.0,203800508.0,36.0,61.0,887.0,1.0,0.0011273957,0.7375,0.526,,False
False,2.0,0.0006,0.0014,0.2261,0.0063,1233.0,203868492.0,36.0,61.0,887.0,1.0,0.0011273957,0.7379,0.5263,,False
False,2.0,0.1465,0.1467,0.226,0.0063,1234.0,203889499.0,36.0,61.0,887.0,70.0,0.0789177,0.7331,0.5313,,False
False,2.0,0.1467,0.1467,0.2259,0.0063,1235.0,203891264.0,36.0,61.0,887.0,1.0,0.0011273957,0.7331,0.531,,False
False,2.0,0.1466,0.1467,0.2257,0.0063,1236.0,203969277.0,36.0,61.0,887.0,2.0,0.0022547913,0.7331,0.5308,,False
False,2.0,0.0427,0.0428,0.2222,0.0062,1237.0,204313992.0,36.0,61.0,887.0,1.0,0.0011273957,0.7406,0.5317,,False
False,2.0,0.0021,0.0029,0.2162,0.006,1238.0,204902722.0,36.0,61.0,887.0,1.0,0.0011273957,0.7389,0.5313,,False
False,2.0,0.1389,0.1415,0.2176,0.006,1239.0,205010977.0,36.0,61.0,887.0,69.0,0.077790305,0.7346,0.5358,,False
False,2.0,0.0413,0.0414,0.2174,0.006,1240.0,205019526.0,36.0,61.0,887.0,1.0,0.0011273957,0.7347,0.5357,,False
False,2.0,0.1414,0.1415,0.2175,0.006,1241.0,205021600.0,36.0,61.0,887.0,3.0,0.003382187,0.7382,0.5424,,False
False,2.0,0.0017,0.0033,0.215,0.006,1242.0,205417582.0,36.0,61.0,887.0,2.0,0.0022547913,0.7468,0.5326,,False
False,2.0,0.0399,0.0423,0.214,0.0059,1243.0,205524182.0,36.0,61.0,887.0,3.0,0.003382187,0.7494,0.5359,,False
False,2.0,0.0028,0.0029,0.2135,0.0059,1244.0,205551123.0,36.0,61.0,887.0,1.0,0.0011273957,0.7493,0.5351,,False
False,2.0,0.042,0.0958,0.214,0.0059,1245.0,205678889.0,36.0,61.0,887.0,69.0,0.077790305,0.7447,0.5399,,False
False,2.0,0.0935,0.0964,0.211,0.0059,1246.0,206200276.0,36.0,61.0,887.0,8.0,0.009019165,0.7444,0.54,,False
False,2.0,0.0801,0.1355,0.2118,0.0059,1247.0,206283663.0,36.0,61.0,887.0,71.0,0.0800451,0.7396,0.5448,,False
False,2.0,0.1354,0.1354,0.2116,0.0059,1248.0,206302252.0,36.0,61.0,887.0,1.0,0.0011273957,0.7396,0.5445,,False
False,2.0,0.1354,0.1362,0.2116,0.0059,1249.0,206304703.0,36.0,61.0,887.0,1.0,0.0011273957,0.7395,0.5442,,False
False,2.0,0.1297,0.1323,0.2041,0.0057,1250.0,207346301.0,36.0,61.0,887.0,72.0,0.08117249,0.7331,0.5446,,False
False,2.0,0.0022,0.0037,0.2022,0.0056,1251.0,207590165.0,36.0,61.0,887.0,2.0,0.0022547913,0.7346,0.5464,,False
False,2.0,0.0382,0.039,0.1982,0.0055,1252.0,208027554.0,36.0,61.0,887.0,1.0,0.0011273957,0.7388,0.5448,,True
False,2.0,0.1258,0.1275,0.1991,0.0055,1253.0,208102725.0,36.0,61.0,887.0,69.0,0.077790305,0.7345,0.5523,,False
False,2.0,0.1275,0.1282,0.1991,0.0055,1254.0,208104444.0,36.0,61.0,887.0,1.0,0.0011273957,0.7344,0.552,,False
False,2.0,0.1282,0.129,0.1991,0.0055,1255.0,208106998.0,36.0,61.0,887.0,1.0,0.0011273957,0.7347,0.5522,,False
False,2.0,0.129,0.1297,0.1991,0.0055,1256.0,208119341.0,36.0,61.0,887.0,1.0,0.0011273957,0.7346,0.5519,,False
False,2.0,0.128,0.128,0.1963,0.0055,1257.0,208445051.0,36.0,61.0,887.0,1.0,0.0011273957,0.7392,0.5472,,False
False,2.0,0.1278,0.1278,0.196,0.0054,1258.0,208450507.0,36.0,61.0,887.0,1.0,0.0011273957,0.7391,0.547,,False
False,2.0,0.1278,0.1278,0.196,0.0054,1259.0,208454730.0,36.0,61.0,887.0,1.0,0.0011273957,0.7391,0.547,,False
False,2.0,0.1277,0.1286,0.1968,0.0055,1260.0,208461626.0,36.0,61.0,887.0,69.0,0.077790305,0.7346,0.5515,,False
False,2.0,0.1269,0.1269,0.1942,0.0054,1261.0,208728779.0,36.0,61.0,887.0,1.0,0.0011273957,0.7351,0.5518,,False
False,2.0,0.1268,0.1268,0.1939,0.0054,1262.0,208806170.0,36.0,61.0,887.0,1.0,0.0011273957,0.735,0.5515,,False
False,2.0,0.1253,0.1253,0.1917,0.0053,1263.0,209051244.0,36.0,61.0,887.0,1.0,0.0011273957,0.7349,0.5512,,False
False,2.0,0.1253,0.1253,0.1917,0.0053,1264.0,209055032.0,36.0,61.0,887.0,1.0,0.0011273957,0.7349,0.5509,,False
False,2.0,0.1253,0.1266,0.193,0.0054,1265.0,209060177.0,36.0,61.0,887.0,70.0,0.0789177,0.7303,0.5554,,False
False,2.0,0.0361,0.0369,0.1918,0.0053,1266.0,209228498.0,36.0,61.0,887.0,1.0,0.0011273957,0.7303,0.5551,,False
False,2.0,0.1253,0.1258,0.1915,0.0053,1267.0,209313010.0,36.0,61.0,887.0,69.0,0.077790305,0.7259,0.5598,,False
False,2.0,0.1238,0.1238,0.1884,0.0052,1268.0,209664112.0,36.0,61.0,887.0,1.0,0.0011273957,0.7311,0.5567,,False
False,2.0,0.1238,0.1238,0.1884,0.0052,1269.0,209665919.0,36.0,61.0,887.0,1.0,0.0011273957,0.7311,0.5564,,False
False,2.0,0.1238,0.1238,0.1884,0.0052,1270.0,209671273.0,36.0,61.0,887.0,1.0,0.0011273957,0.731,0.5561,,False
False,2.0,0.1226,0.1226,0.1867,0.0052,1271.0,209849814.0,36.0,61.0,887.0,1.0,0.0011273957,0.7301,0.5559,,False
False,2.0,0.1206,0.1206,0.1835,0.0051,1272.0,210259986.0,36.0,61.0,887.0,1.0,0.0011273957,0.7335,0.5505,,False
False,2.0,0.1204,0.1204,0.1833,0.0051,1273.0,210267326.0,36.0,61.0,887.0,1.0,0.0011273957,0.7334,0.5502,,False
False,2.0,0.1202,0.1226,0.1854,0.0051,1274.0,210281499.0,36.0,61.0,887.0,70.0,0.0789177,0.729,0.5546,,False
False,2.0,0.1225,0.1225,0.1852,0.0051,1275.0,210344513.0,36.0,61.0,887.0,1.0,0.0011273957,0.7289,0.5543,,False
False,2.0,0.122,0.122,0.1844,0.0051,1276.0,210431762.0,36.0,61.0,887.0,1.0,0.0011273957,0.732,0.5583,,False
False,2.0,0.122,0.122,0.1843,0.0051,1277.0,210446975.0,36.0,61.0,887.0,1.0,0.0011273957,0.732,0.558,,False
False,2.0,0.1216,0.1216,0.1837,0.0051,1278.0,210515847.0,36.0,61.0,887.0,1.0,0.0011273957,0.7319,0.5577,,False
False,2.0,0.0341,0.0348,0.1801,0.005,1279.0,210967832.0,36.0,61.0,887.0,1.0,0.0011273957,0.74,0.5668,,False
False,2.0,0.0348,0.0349,0.1797,0.005,1280.0,211031993.0,36.0,61.0,887.0,1.0,0.0011273957,0.7399,0.5665,,False
False,2.0,0.0349,0.0357,0.1797,0.005,1281.0,211034693.0,36.0,61.0,887.0,1.0,0.0011273957,0.7398,0.5711,,False
False,2.0,0.1174,0.1175,0.179,0.005,1282.0,211123059.0,36.0,61.0,887.0,1.0,0.0011273957,0.74,0.5713,,False
False,2.0,0.1175,0.1183,0.179,0.005,1283.0,211129832.0,36.0,61.0,887.0,2.0,0.0022547913,0.7399,0.5712,,False
False,2.0,0.1164,0.1191,0.179,0.005,1284.0,211464084.0,36.0,61.0,887.0,69.0,0.077790305,0.737,0.5757,,False
False,2.0,0.0342,0.0343,0.179,0.005,1285.0,211466992.0,36.0,61.0,887.0,1.0,0.0011273957,0.737,0.5754,,False
False,2.0,0.0343,0.0345,0.1792,0.005,1286.0,211471486.0,36.0,61.0,887.0,1.0,0.0011273957,0.7369,0.5751,,False
False,2.0,0.1191,0.1191,0.1792,0.005,1287.0,211473184.0,36.0,61.0,887.0,1.0,0.0011273957,0.7369,0.5748,,False
False,2.0,0.1191,0.1191,0.1791,0.005,1288.0,211486432.0,36.0,61.0,887.0,2.0,0.0022547913,0.7367,0.5746,,False
False,2.0,0.1185,0.1185,0.1782,0.005,1289.0,211578875.0,36.0,61.0,887.0,1.0,0.0011273957,0.7367,0.5743,,False
False,2.0,0.1185,0.1185,0.1782,0.0049,1290.0,211581195.0,36.0,61.0,887.0,1.0,0.0011273957,0.7366,0.5741,,False
False,2.0,0.0009,0.0012,0.1783,0.005,1291.0,211600761.0,36.0,61.0,887.0,1.0,0.0011273957,0.7366,0.5738,,False
False,2.0,0.0024,0.0027,0.1782,0.0049,1292.0,211662506.0,36.0,61.0,887.0,1.0,0.0011273957,0.7397,0.5696,,False
False,2.0,0.0339,0.0347,0.1769,0.0049,1293.0,211817108.0,36.0,61.0,887.0,1.0,0.0011273957,0.7399,0.5689,,False
False,0.0,,1.0,1.0,1.0,0.0,0.0,1.0,1.0,39.0,39.0,1.0,0.8222,0.6502,1.0,True
False,0.0,,0.375,0.3805,0.1902,1.0,102198109.0,2.0,2.0,61.0,22.0,0.36065573,0.3995,0.7383,2.0,False
False,0.0,,1.0,1.0,1.0,0.0,0.0,1.0,1.0,1.0,1.0,1.0,0.7835,0.5071,,True
False,0.0,,1.0,1.0,1.0,0.0,0.0,1.0,1.0,46.0,46.0,1.0,0.8222,0.6502,1.0,True
False,0.0,,0.3521,0.3578,0.1789,1.0,102198109.0,2.0,2.0,69.0,25.0,0.36231884,0.3995,0.7383,2.0,False
False,0.0,,1.0,1.0,1.0,0.0,0.0,1.0,1.0,95.0,95.0,1.0,0.6125,0.7502,,True
False,0.0,,,0.9379,0.9379,1.0,1445796.0,1.0,2.0,90.0,5.0,0.055555556,0.6388,0.7652,,True
False,0.0,,0.011,0.9165,0.4583,2.0,1978436.0,2.0,2.0,90.0,1.0,0.011111111,0.6426,0.7596,,False
False,0.0,0.8876,0.8887,0.8995,0.4497,3.0,2411928.0,2.0,2.0,90.0,1.0,0.011111111,0.7017,0.7384,,True
False,0.0,0.0071,0.011,0.5921,0.2961,4.0,11548732.0,2.0,2.0,90.0,1.0,0.011111111,0.7107,0.7379,,False
False,0.0,0.0101,0.2493,0.6544,0.3272,5.0,13381267.0,2.0,2.0,116.0,26.0,0.22413793,0.6936,0.7413,,False
False,0.0,0.2211,0.2127,0.5833,0.2917,6.0,15974977.0,2.0,2.0,110.0,30.0,0.27272728,0.6999,0.7322,,False
False,0.0,0.1761,0.2188,0.5086,0.2543,7.0,20099366.0,2.0,2.0,114.0,5.0,0.04385965,0.6085,0.7444,,False
False,0.0,0.2021,0.2053,0.4727,0.2364,8.0,21773451.0,2.0,2.0,114.0,1.0,0.00877193,0.6037,0.7367,,False
False,0.0,,0.04,0.4587,0.1529,9.0,23559897.0,3.0,3.0,118.0,4.0,0.033898305,0.5927,0.7384,,False
False,0.0,0.2277,0.2703,0.4705,0.1568,10.0,24429218.0,3.0,3.0,122.0,6.0,0.04918033,0.5795,0.7406,,False
False,0.0,0.1613,0.4905,0.6749,0.225,11.0,24697320.0,3.0,3.0,204.0,82.0,0.4019608,0.5561,0.7463,,False
False,0.0,0.4882,0.1863,0.4736,0.1579,12.0,24851776.0,3.0,3.0,123.0,81.0,0.6585366,0.5529,0.7534,,False
False,0.0,,0.0362,0.4799,0.12,13.0,25464265.0,4.0,4.0,127.0,4.0,0.031496063,0.53,0.7546,,True
False,0.0,0.1524,0.1596,0.4199,0.105,14.0,28396720.0,4.0,4.0,127.0,1.0,0.007874016,0.5469,0.765,,False
False,0.0,0.1589,0.1608,0.4197,0.1049,15.0,28499359.0,4.0,4.0,127.0,1.0,0.007874016,0.5618,0.77,,True
False,0.0,0.0896,0.0928,0.2371,0.0593,16.0,41103051.0,4.0,4.0,127.0,1.0,0.007874016,0.3619,0.8004,,False
False,0.0,0.061,0.0938,0.1853,0.0463,17.0,50169513.0,4.0,4.0,131.0,4.0,0.030534351,0.3352,0.7407,,False
False,0.0,,0.0338,0.2009,0.0402,18.0,51649195.0,5.0,5.0,135.0,4.0,0.02962963,0.3663,0.7375,,False
False,0.0,0.0736,0.0767,0.1779,0.0356,19.0,54668428.0,5.0,5.0,135.0,1.0,0.0074074073,0.4108,0.731,,False
False,0.0,0.0603,0.0617,0.1411,0.0282,20.0,59864903.0,5.0,5.0,135.0,1.0,0.0074074073,0.7494,0.5359,,False
False,0.0,0.0477,0.0848,0.1439,0.0288,21.0,65399192.0,5.0,5.0,140.0,5.0,0.035714287,0.7401,0.5716,,False
False,0.0,0.0844,0.0538,0.1145,0.0229,22.0,65550036.0,5.0,5.0,135.0,5.0,0.037037037,0.7403,0.5714,,False
False,0.0,0.0538,0.0672,0.1272,0.0254,23.0,65556433.0,5.0,5.0,135.0,2.0,0.014814815,0.7409,0.5718,,False
False,0.0,,1.0,1.0,1.0,0.0,0.0,1.0,1.0,4.0,4.0,1.0,0.7835,0.5071,,True
False,0.0,,1.0,1.0,1.0,0.0,0.0,1.0,1.0,208.0,208.0,1.0,0.7017,0.7384,,True
False,0.0,,0.0048,0.6581,0.3291,1.0,9136804.0,2.0,2.0,208.0,1.0,0.0048076925,0.7107,0.7379,,False
False,0.0,0.0032,0.0033,0.4426,0.2213,2.0,17704113.0,2.0,2.0,202.0,6.0,0.02970297,0.6152,0.748,,False
False,0.0,0.0031,0.0049,0.4104,0.2052,3.0,19361523.0,2.0,2.0,202.0,1.0,0.004950495,0.6037,0.7367,,False
False,0.0,,0.0146,0.3564,0.1188,4.0,23054882.0,3.0,3.0,203.0,2.0,0.009852217,0.5268,0.755,,True
False,0.0,0.0036,0.0049,0.311,0.1037,5.0,26087431.0,3.0,3.0,203.0,1.0,0.0049261083,0.5618,0.77,,True
False,0.0,0.0027,0.0049,0.1754,0.0585,6.0,38691123.0,3.0,3.0,203.0,1.0,0.0049261083,0.3619,0.8004,,False
False,0.0,0.0026,0.0049,0.0958,0.0319,7.0,52256500.0,3.0,3.0,203.0,1.0,0.0049261083,0.4108,0.731,,False
False,0.0,0.0038,0.0049,0.0763,0.0254,8.0,57452975.0,3.0,3.0,203.0,1.0,0.0049261083,0.7494,0.5359,,False
False,0.0,0.0622,0.0932,0.1001,0.0334,9.0,59518958.0,3.0,3.0,209.0,6.0,0.028708134,0.7346,0.5464,,False
False,0.0,0.0036,0.0178,0.0981,0.0327,10.0,63144505.0,3.0,3.0,209.0,3.0,0.014354067,0.7409,0.5718,,False
False,0.0,,1.0,1.0,1.0,0.0,0.0,1.0,1.0,54.0,54.0,1.0,0.707,0.7452,5.0,True
False,0.0,,0.0364,0.4166,0.2083,1.0,20125383.0,2.0,2.0,54.0,2.0,0.037037037,0.5268,0.755,5.0,True
False,0.0,0.3787,0.6589,0.6709,0.3355,2.0,20155191.0,2.0,2.0,77.0,32.0,0.41558442,0.5341,0.7565,7.0,False
False,0.0,,0.117,0.4023,0.1341,3.0,35952168.0,3.0,3.0,86.0,9.0,0.10465116,0.4036,0.7851,8.0,False
False,0.0,,0.2768,0.5126,0.1281,4.0,39900918.0,4.0,4.0,98.0,30.0,0.30612245,0.3549,0.7689,10.0,False
False,0.0,,1.0,1.0,1.0,0.0,0.0,1.0,1.0,71.0,71.0,1.0,0.5662,0.6162,,True
False,0.0,0.8974,0.8974,0.8974,0.8974,1.0,2334654.0,1.0,1.0,70.0,1.0,0.014285714,0.6159,0.6786,,True
False,0.0,0.8974,0.9004,0.9004,0.9004,2.0,2348582.0,1.0,1.0,68.0,4.0,0.05882353,0.6609,0.6369,,True
False,0.0,0.7165,0.9002,0.9002,0.9002,3.0,7332633.0,1.0,1.0,189.0,121.0,0.64021164,0.6647,0.6456,,True
False,0.0,0.9002,0.905,0.905,0.905,4.0,7336399.0,1.0,1.0,197.0,8.0,0.040609136,0.6659,0.6466,,True
False,0.0,0.8146,0.8169,0.8169,0.8169,5.0,9601437.0,1.0,1.0,197.0,2.0,0.010152284,0.7331,0.6394,,True
False,0.0,,0.0374,0.7928,0.3964,6.0,10467547.0,2.0,2.0,204.0,7.0,0.034313727,0.7432,0.6527,,False
False,0.0,0.0374,0.0463,0.7947,0.3974,7.0,10476090.0,2.0,2.0,205.0,1.0,0.004878049,0.7433,0.652,,False
False,0.0,,,0.7771,0.3885,8.0,10983381.0,2.0,3.0,201.0,4.0,0.019900497,0.7484,0.6568,,False
False,0.0,0.7192,0.7467,0.7615,0.3807,9.0,11323551.0,2.0,3.0,184.0,17.0,0.092391305,0.755,0.6655,,True
False,0.0,0.012,0.0556,0.6351,0.3175,10.0,15815737.0,2.0,3.0,192.0,8.0,0.041666668,0.8072,0.5349,,False
False,0.0,,0.0049,0.5841,0.1947,11.0,17712486.0,3.0,3.0,192.0,1.0,0.0052083335,0.8101,0.5358,,True
False,0.0,,,0.5595,0.1865,12.0,18653699.0,3.0,4.0,192.0,1.0,0.0052083335,0.8108,0.5055,,True
False,0.0,,0.0425,0.5349,0.1337,13.0,20404855.0,4.0,4.0,199.0,8.0,0.040201005,0.8161,0.4936,,True
False,0.0,0.0359,0.0406,0.4529,0.1132,14.0,24117046.0,4.0,4.0,199.0,1.0,0.0050251256,0.796,0.5226,,False
False,0.0,0.0381,0.0384,0.4252,0.1063,15.0,25490177.0,4.0,4.0,199.0,1.0,0.0050251256,0.785,0.5576,,False
False,0.0,0.0384,0.0384,0.4251,0.1063,16.0,25495618.0,4.0,4.0,199.0,1.0,0.0050251256,0.788,0.5671,,False
False,0.0,,0.0409,0.4387,0.0877,17.0,25936586.0,5.0,5.0,206.0,8.0,0.03883495,0.7874,0.5691,,False
False,0.0,0.0398,0.0398,0.4253,0.0851,18.0,26614343.0,5.0,5.0,213.0,8.0,0.037558686,0.7837,0.5701,,False
False,0.0,0.0298,0.0344,0.4022,0.1005,19.0,27907421.0,4.0,5.0,213.0,1.0,0.0046948357,0.78,0.5697,,False
False,0.0,0.0289,0.0636,0.362,0.0905,20.0,31627129.0,4.0,5.0,218.0,7.0,0.03211009,0.7468,0.6036,,False
False,0.0,,0.4242,0.6288,0.1258,21.0,32047349.0,5.0,6.0,372.0,156.0,0.41935483,0.7831,0.5917,,True
False,0.0,0.0288,0.0313,0.5003,0.1001,22.0,37069096.0,5.0,6.0,372.0,1.0,0.002688172,0.8012,0.592,,True
False,0.0,0.0108,0.2544,0.5211,0.1042,23.0,42270649.0,5.0,6.0,431.0,157.0,0.36426914,0.7799,0.5457,,True
False,0.0,0.2464,0.1811,0.4635,0.0927,24.0,43040210.0,5.0,6.0,376.0,168.0,0.44680852,0.7768,0.5503,,True
False,0.0,,,0.4271,0.0854,25.0,44657789.0,5.0,7.0,373.0,3.0,0.008042895,0.7806,0.5664,,True
False,0.0,,0.0025,0.4285,0.0714,26.0,44677869.0,6.0,8.0,373.0,1.0,0.0026809652,0.7805,0.5647,,False
False,0.0,,0.0051,0.3529,0.0504,27.0,49070434.0,7.0,8.0,373.0,2.0,0.0053619305,0.7511,0.6503,,False
False,0.0,0.1321,0.1346,0.3546,0.0507,28.0,49095208.0,7.0,8.0,373.0,1.0,0.0026809652,0.7527,0.6514,,False
False,0.0,,0.0574,0.3657,0.0457,29.0,50878451.0,8.0,9.0,396.0,23.0,0.058080807,0.7082,0.6086,,False
False,0.0,,0.0024,0.3506,0.039,30.0,51845677.0,9.0,10.0,396.0,1.0,0.0025252525,0.7226,0.6187,,True
False,0.0,0.0111,0.0409,0.3317,0.0369,31.0,54435261.0,9.0,10.0,405.0,9.0,0.022222223,0.7138,0.6251,,False
False,0.0,0.0472,0.0539,0.3345,0.0372,32.0,54437975.0,9.0,10.0,388.0,19.0,0.04896907,0.7104,0.6311,,False
False,0.0,0.0537,0.0561,0.3349,0.0372,33.0,54516361.0,9.0,10.0,388.0,1.0,0.0025773195,0.7204,0.638,,False
False,0.0,0.0561,0.0806,0.3525,0.0392,34.0,54527092.0,9.0,10.0,396.0,9.0,0.022727273,0.7196,0.6396,,False
False,0.0,0.077,0.0813,0.3392,0.0377,35.0,55558810.0,9.0,10.0,397.0,1.0,0.0025188916,0.6773,0.6372,,False
False,0.0,0.0749,0.1547,0.3721,0.0413,36.0,57294230.0,9.0,10.0,428.0,45.0,0.10514019,0.6922,0.658,,False
False,0.0,,,0.3489,0.0388,37.0,58250512.0,9.0,11.0,417.0,11.0,0.026378896,0.6887,0.6794,,False
False,0.0,0.0985,0.1008,0.2311,0.0289,38.0,67234031.0,8.0,11.0,417.0,1.0,0.0023980816,0.6927,0.6911,,True
False,0.0,0.0994,0.1005,0.2289,0.0286,39.0,67573483.0,8.0,11.0,417.0,1.0,0.0023980816,0.6878,0.6896,,True
False,0.0,0.0826,0.083,0.1886,0.0236,40.0,71796715.0,8.0,11.0,417.0,1.0,0.0023980816,0.6532,0.6971,,False
False,0.0,,0.1288,0.2495,0.0312,41.0,78696263.0,8.0,12.0,432.0,96.0,0.22222222,0.6418,0.6056,,False
False,0.0,0.0463,0.0472,0.2007,0.0251,42.0,83482676.0,8.0,12.0,432.0,1.0,0.0023148148,0.6318,0.5913,,True
False,0.0,0.0402,0.0423,0.1726,0.0216,43.0,87000146.0,8.0,12.0,432.0,1.0,0.0023148148,0.6217,0.5802,,False
False,0.0,0.0368,0.0374,0.151,0.0189,44.0,89958294.0,8.0,12.0,432.0,1.0,0.0023148148,0.6307,0.6182,,False
False,0.0,0.0299,0.0321,0.1228,0.0154,45.0,94790701.0,8.0,12.0,432.0,1.0,0.0023148148,0.5491,0.76,,False
False,0.0,0.0098,0.1891,0.2916,0.0365,46.0,95390107.0,8.0,12.0,395.0,184.0,0.4658228,0.7088,0.4749,,True
False,0.0,0.0561,0.071,0.2812,0.0352,47.0,96765547.0,8.0,12.0,396.0,6.0,0.015151516,0.7719,0.4873,,True
False,0.0,,0.0504,0.315,0.035,48.0,96943039.0,9.0,13.0,416.0,21.0,0.050480768,0.7787,0.5157,,True
False,0.0,0.063,0.199,0.398,0.0442,49.0,97972616.0,9.0,13.0,402.0,132.0,0.3283582,0.7743,0.5258,,False
False,0.0,0.0193,0.02,0.3948,0.0439,50.0,98159949.0,9.0,13.0,402.0,1.0,0.0024875621,0.7858,0.5151,,False
False,0.0,0.0171,0.0324,0.3485,0.0387,51.0,101521516.0,9.0,13.0,408.0,6.0,0.014705882,0.8194,0.5709,,True
False,0.0,,0.0022,0.3109,0.0311,52.0,104021549.0,10.0,14.0,408.0,1.0,0.0024509805,0.8293,0.6211,,False
False,0.0,0.1122,0.1248,0.2463,0.0246,53.0,110013354.0,10.0,14.0,413.0,6.0,0.014527845,0.8205,0.653,,True
False,0.0,0.02,0.0222,0.2443,0.0244,54.0,110261768.0,10.0,14.0,413.0,1.0,0.0024213076,0.8214,0.6482,,False
False,0.0,0.1159,0.1181,0.2326,0.0258,55.0,111375144.0,9.0,14.0,413.0,1.0,0.0024213076,0.8236,0.6569,,False
False,0.0,0.0207,0.0249,0.2312,0.0257,56.0,111841611.0,9.0,14.0,414.0,1.0,0.002415459,0.8192,0.6519,,False
False,0.0,0.0218,0.0228,0.2027,0.0225,57.0,114815365.0,9.0,14.0,414.0,1.0,0.002415459,0.7694,0.6739,,True
False,0.0,0.0162,0.0184,0.1452,0.0161,58.0,122095918.0,9.0,14.0,414.0,1.0,0.002415459,0.6549,0.6947,,True
False,0.0,0.0579,0.0623,0.1241,0.0138,59.0,126241201.0,9.0,14.0,414.0,2.0,0.004830918,0.6266,0.7268,,True
False,0.0,0.0123,0.0131,0.1018,0.0113,60.0,130716244.0,9.0,14.0,414.0,1.0,0.002415459,0.6136,0.7447,,False
False,0.0,0.0101,0.0106,0.0793,0.0088,61.0,136179247.0,9.0,14.0,414.0,1.0,0.002415459,0.5696,0.7563,,False
False,0.0,0.0265,0.0764,0.1021,0.0113,62.0,144642661.0,9.0,14.0,427.0,29.0,0.06791569,0.3668,0.7765,,False
False,0.0,0.0058,0.0066,0.0921,0.0102,63.0,147070148.0,9.0,14.0,427.0,1.0,0.0023419203,0.2662,0.7729,,True
False,0.0,0.006,0.0254,0.1006,0.0112,64.0,149379952.0,9.0,14.0,423.0,14.0,0.03309693,0.3046,0.7689,,True
False,0.0,,0.0023,0.0918,0.0092,65.0,151674519.0,10.0,15.0,390.0,34.0,0.08717949,0.3651,0.7557,,False
False,0.0,0.0194,0.0213,0.0783,0.0078,66.0,154397562.0,10.0,15.0,351.0,39.0,0.11111111,0.5068,0.7444,,False
False,0.0,0.0416,0.0441,0.0687,0.0069,67.0,157880561.0,10.0,15.0,351.0,1.0,0.0028490028,0.5578,0.7492,,False
False,0.0,0.0177,0.0185,0.069,0.0069,68.0,158038175.0,10.0,15.0,351.0,1.0,0.0028490028,0.5895,0.7505,,False
False,0.0,0.0002,0.0002,0.0662,0.0066,69.0,159256283.0,10.0,15.0,336.0,15.0,0.04464286,0.6217,0.7585,,False
False,0.0,0.0172,0.0182,0.0639,0.0064,70.0,160373865.0,10.0,15.0,336.0,1.0,0.0029761905,0.6426,0.7596,,False
False,0.0,0.0387,0.1272,0.1514,0.0151,71.0,160807357.0,10.0,15.0,325.0,75.0,0.23076923,0.7017,0.7384,,True
False,0.0,0.0119,0.0128,0.1003,0.01,72.0,169944161.0,10.0,15.0,325.0,1.0,0.003076923,0.7107,0.7379,,False
False,0.0,0.0746,0.0773,0.0924,0.0092,73.0,172361869.0,10.0,15.0,325.0,1.0,0.003076923,0.6956,0.7436,,False
False,0.0,0.0086,0.0084,0.0693,0.0069,74.0,178511470.0,10.0,15.0,318.0,7.0,0.022012578,0.6152,0.748,,False
False,0.0,0.0078,0.0088,0.0651,0.0065,75.0,180168880.0,10.0,15.0,318.0,1.0,0.003144654,0.6037,0.7367,,False
False,0.0,0.0005,0.006,0.0537,0.0054,76.0,186470189.0,10.0,15.0,319.0,1.0,0.0031347962,0.5591,0.7594,,False
False,0.0,0.0064,0.0071,0.0535,0.0054,77.0,186894788.0,10.0,15.0,319.0,1.0,0.0031347962,0.5618,0.77,,True
False,0.0,0.004,0.0052,0.031,0.0031,78.0,199498480.0,10.0,15.0,319.0,1.0,0.0031347962,0.3619,0.8004,,False
False,0.0,0.0028,0.004,0.0178,0.0018,79.0,213063857.0,10.0,15.0,319.0,1.0,0.0031347962,0.4108,0.731,,False
False,0.0,0.0032,0.0037,0.0146,0.0015,80.0,218260332.0,10.0,15.0,319.0,1.0,0.0031347962,0.7494,0.5359,,False
False,0.0,0.0029,0.0083,0.0166,0.0017,81.0,223951862.0,10.0,15.0,319.0,2.0,0.0062695923,0.7409,0.5718,,False
False,0.0,,1.0,1.0,1.0,0.0,0.0,1.0,1.0,31.0,31.0,1.0,0.7835,0.5071,0.0,True
False,0.0,,1.0,1.0,1.0,0.0,0.0,1.0,1.0,90.0,90.0,1.0,0.3987,0.7829,9.0,False
False,0.0,1.0,1.0,1.0,1.0,1.0,78004.0,1.0,1.0,84.0,8.0,0.0952381,0.4036,0.7851,9.0,False
False,0.0,,0.2736,0.8778,0.4389,2.0,4026754.0,2.0,2.0,98.0,24.0,0.24489796,0.3549,0.7689,10.0,False
False,0.0,,1.0,1.0,1.0,0.0,0.0,1.0,1.0,2.0,2.0,1.0,0.5327,0.7361,,True
False,0.0,,0.3333,0.9035,0.4518,1.0,3439331.0,2.0,2.0,2.0,1.0,0.5,0.6385,0.7624,,True
False,0.0,,0.6,0.6533,0.3266,2.0,43470557.0,2.0,3.0,3.0,2.0,0.6666667,0.3987,0.7829,,False
False,0.0,,1.0,1.0,1.0,0.0,0.0,1.0,1.0,274.0,274.0,1.0,0.5748,0.7391,,True
False,0.0,1.0,1.0,1.0,1.0,1.0,1468.0,1.0,1.0,279.0,9.0,0.032258064,0.575,0.7393,,True
False,0.0,1.0,1.0,1.0,1.0,2.0,21143.0,1.0,1.0,284.0,10.0,0.03521127,0.5822,0.743,,True
False,0.0,1.0,1.0,1.0,1.0,3.0,64507.0,1.0,1.0,329.0,60.0,0.18237083,0.5843,0.7453,,True
False,0.0,1.0,1.0,1.0,1.0,4.0,72064.0,1.0,1.0,338.0,30.0,0.088757396,0.5846,0.7469,,True
False,0.0,1.0,1.0,1.0,1.0,5.0,73140.0,1.0,1.0,338.0,3.0,0.00887574,0.5846,0.7465,,True
True,1.0,1.0,1.0,1.0,1.0,6.0,78069.0,1.0,1.0,346.0,41.0,0.11849711,0.5848,0.7485,,True
False,1.0,1.0,1.0,1.0,1.0,7.0,79468.0,1.0,1.0,346.0,2.0,0.0057803467,0.5848,0.748,,True
False,1.0,1.0,1.0,1.0,1.0,8.0,85608.0,1.0,1.0,345.0,20.0,0.057971016,0.5869,0.7502,,True
False,1.0,0.9972,0.9973,0.9973,0.9973,9.0,139805.0,1.0,1.0,355.0,31.0,0.08732394,0.5891,0.7529,,True
False,1.0,0.9973,0.9973,0.9973,0.9973,10.0,141386.0,1.0,1.0,355.0,1.0,0.0028169013,0.5893,0.7508,,False
False,1.0,0.9973,0.9973,0.9973,0.9973,11.0,145819.0,1.0,1.0,355.0,1.0,0.0028169013,0.5893,0.7501,,False
False,1.0,0.9973,0.9975,0.9975,0.9975,12.0,148968.0,1.0,1.0,366.0,17.0,0.04644809,0.5893,0.7509,,True
False,1.0,0.9808,0.9826,0.9826,0.9826,13.0,514143.0,1.0,1.0,370.0,58.0,0.15675676,0.6125,0.7502,,True
False,1.0,0.98,0.9835,0.9835,0.9835,14.0,576524.0,1.0,1.0,401.0,60.0,0.14962594,0.6123,0.7536,,True
False,1.0,,0.0067,0.9765,0.4882,15.0,747929.0,2.0,2.0,402.0,2.0,0.0049751243,0.6132,0.7525,,False
False,1.0,0.9546,0.9701,0.9748,0.4874,16.0,1087339.0,2.0,2.0,575.0,216.0,0.37565216,0.6065,0.7558,,True
False,1.0,0.9209,0.9216,0.926,0.463,17.0,2213283.0,2.0,2.0,578.0,5.0,0.008650519,0.6413,0.7602,,True
False,1.0,0.9141,0.9147,0.919,0.4595,18.0,2386931.0,2.0,2.0,580.0,5.0,0.00862069,0.6384,0.7562,,True
False,1.0,0.9147,0.9144,0.9188,0.4594,19.0,2390097.0,2.0,2.0,572.0,10.0,0.017482517,0.6382,0.7564,,True
False,1.0,0.9141,0.9143,0.9187,0.4593,20.0,2393503.0,2.0,2.0,571.0,4.0,0.007005254,0.6399,0.7568,,False
False,1.0,0.9107,0.9122,0.9164,0.4582,21.0,2480905.0,2.0,2.0,580.0,10.0,0.01724138,0.6395,0.7581,,False
False,1.0,0.9082,0.9083,0.9125,0.4563,22.0,2576462.0,2.0,2.0,580.0,1.0,0.0017241379,0.6774,0.7351,,False
False,1.0,0.825,0.8276,0.8301,0.4151,23.0,4654679.0,2.0,2.0,582.0,5.0,0.008591065,0.7049,0.7389,,True
False,1.0,0.7825,0.7829,0.7853,0.3926,24.0,5859957.0,2.0,2.0,582.0,1.0,0.0017182131,0.707,0.7447,,True
False,1.0,0.7797,0.7863,0.7887,0.3943,25.0,5950123.0,2.0,2.0,592.0,15.0,0.025337838,0.7068,0.7454,,True
False,1.0,0.781,0.7921,0.7944,0.3972,26.0,6098867.0,2.0,2.0,596.0,34.0,0.05704698,0.7027,0.7471,,True
False,1.0,0.7732,0.7735,0.7758,0.3879,27.0,6621554.0,2.0,2.0,596.0,1.0,0.0016778524,0.7061,0.7445,,False
False,1.0,0.7727,0.7735,0.7757,0.3879,28.0,6648420.0,2.0,2.0,596.0,2.0,0.0033557047,0.7033,0.746,,False
False,1.0,0.7712,0.7712,0.7735,0.3867,29.0,6709213.0,2.0,2.0,596.0,1.0,0.0016778524,0.7031,0.7445,,False
False,1.0,,0.0015,0.6945,0.2315,30.0,9038382.0,3.0,3.0,596.0,1.0,0.0016778524,0.7189,0.7454,,True
False,1.0,,0.0059,0.6389,0.1597,31.0,10888953.0,4.0,4.0,599.0,3.0,0.0050083473,0.7128,0.7355,,True
False,1.0,0.0059,0.0059,0.6389,0.1597,32.0,10890303.0,4.0,4.0,599.0,2.0,0.003338898,0.7127,0.7352,,False
False,1.0,0.6289,0.6326,0.6417,0.1604,33.0,10939290.0,4.0,4.0,599.0,8.0,0.013355592,0.7124,0.735,,False
False,1.0,,0.0015,0.5984,0.1197,34.0,12489012.0,5.0,5.0,599.0,1.0,0.001669449,0.6949,0.7377,,True
False,1.0,0.0016,0.0046,0.5778,0.1445,35.0,13268303.0,4.0,5.0,599.0,2.0,0.003338898,0.6943,0.7356,,False
False,1.0,,0.0044,0.5673,0.1135,36.0,13709063.0,5.0,6.0,601.0,2.0,0.003327787,0.7014,0.74,,False
False,1.0,0.0039,0.017,0.5052,0.101,37.0,16489120.0,5.0,6.0,607.0,8.0,0.013179571,0.6999,0.7322,,False
False,1.0,0.0159,0.0133,0.4693,0.0939,38.0,18022715.0,5.0,6.0,605.0,3.0,0.0049586776,0.6634,0.7219,,False
False,1.0,0.4076,0.4129,0.4295,0.0859,39.0,20017718.0,5.0,6.0,605.0,4.0,0.0066115703,0.6074,0.7427,,False
False,1.0,0.01,0.0158,0.4025,0.0805,40.0,21566640.0,5.0,6.0,607.0,3.0,0.0049423394,0.6007,0.7384,,False
False,1.0,0.0152,0.0153,0.3893,0.0779,41.0,22287594.0,5.0,6.0,607.0,1.0,0.0016474464,0.6037,0.7367,,False
False,1.0,0.3684,0.3745,0.3922,0.0784,42.0,22338257.0,5.0,6.0,608.0,4.0,0.0065789474,0.6042,0.7366,,False
False,1.0,0.3665,0.3679,0.3838,0.0768,43.0,22779415.0,5.0,6.0,608.0,1.0,0.0016447369,0.6085,0.7388,,False
False,1.0,,,0.373,0.0746,44.0,23391374.0,5.0,7.0,608.0,1.0,0.0016447369,0.6027,0.7409,,False
False,1.0,0.3555,0.3573,0.3726,0.0745,45.0,23551321.0,5.0,7.0,609.0,1.0,0.0016420361,0.6012,0.7391,,True
False,1.0,0.3539,0.3548,0.3701,0.074,46.0,23725747.0,5.0,7.0,609.0,1.0,0.0016420361,0.6126,0.7363,,True
False,1.0,,0.0029,0.3659,0.061,47.0,24074040.0,6.0,8.0,610.0,1.0,0.0016393443,0.5927,0.7384,,False
False,1.0,0.0116,0.0131,0.361,0.0602,48.0,24246892.0,6.0,8.0,605.0,6.0,0.009917355,0.5997,0.7416,,False
False,1.0,0.0129,0.0115,0.3532,0.0589,49.0,24603132.0,6.0,8.0,603.0,2.0,0.0033167496,0.5954,0.736,,False
False,1.0,0.0112,0.0126,0.3444,0.0574,50.0,25211463.0,6.0,8.0,603.0,1.0,0.0016583748,0.5561,0.7463,,False
False,1.0,0.3237,0.3258,0.3441,0.0573,51.0,25368278.0,6.0,8.0,604.0,2.0,0.0033112583,0.5539,0.7542,,False
False,1.0,,0.0029,0.3295,0.0471,52.0,26425407.0,7.0,8.0,605.0,1.0,0.0016528926,0.5463,0.7539,,False
False,1.0,0.0114,0.0129,0.3176,0.0454,53.0,27278099.0,7.0,8.0,605.0,1.0,0.0016528926,0.5448,0.7586,,False
False,1.0,0.0122,0.0122,0.3025,0.0432,54.0,28330543.0,7.0,8.0,605.0,1.0,0.0016528926,0.5545,0.7585,,False
False,1.0,0.0119,0.0176,0.2985,0.0426,55.0,28844401.0,7.0,8.0,607.0,3.0,0.0049423394,0.5525,0.7623,,True
False,1.0,0.0174,0.0161,0.2943,0.042,56.0,29084737.0,7.0,8.0,606.0,1.0,0.0016501651,0.562,0.7694,,False
False,1.0,0.2644,0.3391,0.3566,0.0509,57.0,29708327.0,7.0,8.0,642.0,73.0,0.11370716,0.5347,0.7639,,True
False,1.0,0.3382,0.3392,0.3568,0.051,58.0,29792317.0,7.0,8.0,640.0,10.0,0.015625,0.5354,0.7633,,False
False,1.0,0.0105,0.0171,0.3185,0.0455,59.0,32549631.0,7.0,8.0,644.0,4.0,0.0062111802,0.5268,0.7678,,False
False,1.0,0.0168,0.0181,0.3112,0.0445,60.0,33059254.0,7.0,8.0,644.0,1.0,0.0015527951,0.5268,0.7716,,False
False,1.0,0.2786,0.2824,0.3043,0.0435,61.0,33801919.0,7.0,8.0,646.0,2.0,0.0030959751,0.5402,0.7769,,False
False,1.0,0.2824,0.2865,0.3083,0.044,62.0,33832749.0,7.0,8.0,648.0,5.0,0.0077160494,0.5405,0.777,,False
False,1.0,0.0158,0.0172,0.2829,0.0404,63.0,35684450.0,7.0,8.0,648.0,1.0,0.0015432099,0.4301,0.824,,False
False,1.0,0.0171,0.0236,0.2872,0.041,64.0,35743009.0,7.0,8.0,652.0,4.0,0.006134969,0.432,0.8243,,False
False,1.0,0.0229,0.0293,0.2838,0.0405,65.0,36358783.0,7.0,8.0,656.0,4.0,0.0060975607,0.4274,0.8187,,False
False,1.0,0.0004,0.0069,0.2282,0.0326,66.0,41543774.0,7.0,8.0,660.0,4.0,0.006060606,0.3641,0.8012,,False
False,1.0,0.0199,0.0212,0.1996,0.0285,67.0,44555394.0,7.0,8.0,660.0,1.0,0.0015151515,0.3644,0.7705,,False
False,1.0,0.02,0.0428,0.2085,0.0298,68.0,45772555.0,7.0,8.0,662.0,17.0,0.025679758,0.3589,0.7698,,False
False,1.0,0.0428,0.0403,0.206,0.0294,69.0,45841746.0,7.0,8.0,660.0,17.0,0.025757575,0.3621,0.7706,,False
False,1.0,0.0048,0.0061,0.1757,0.0251,70.0,49396211.0,7.0,8.0,660.0,1.0,0.0015151515,0.3425,0.7391,,False
False,1.0,0.0327,0.0327,0.1682,0.024,71.0,50340312.0,7.0,8.0,660.0,1.0,0.0015151515,0.3388,0.7395,,False
False,1.0,0.0318,0.0405,0.171,0.0244,72.0,50943888.0,7.0,8.0,665.0,5.0,0.007518797,0.339,0.7368,,False
False,1.0,0.1198,0.1287,0.1748,0.025,73.0,51548519.0,7.0,8.0,671.0,6.0,0.008941878,0.3688,0.7323,,False
False,1.0,0.1273,0.1461,0.1909,0.0273,74.0,51805788.0,7.0,8.0,679.0,18.0,0.026509574,0.3651,0.738,,True
False,1.0,0.146,0.1516,0.1964,0.0281,75.0,51808363.0,7.0,8.0,678.0,18.0,0.026548672,0.3684,0.7396,,False
False,1.0,0.1514,0.1514,0.1962,0.028,76.0,51834958.0,7.0,8.0,677.0,2.0,0.0029542097,0.3687,0.7389,,False
False,1.0,0.0329,0.0364,0.1734,0.0248,77.0,54914810.0,7.0,8.0,678.0,2.0,0.0029498525,0.4107,0.7339,,False
False,1.0,0.0039,0.0052,0.1513,0.0216,78.0,57946365.0,7.0,8.0,678.0,1.0,0.0014749262,0.7247,0.5061,,False
False,1.0,,0.0501,0.1862,0.0266,79.0,59166593.0,7.0,9.0,709.0,36.0,0.05077574,0.7406,0.5317,,False
False,1.0,0.0243,0.0251,0.1626,0.0232,80.0,62203491.0,7.0,9.0,709.0,1.0,0.0014104373,0.7334,0.5443,,False
False,1.0,0.0211,0.0269,0.142,0.0203,81.0,65913335.0,7.0,9.0,713.0,4.0,0.005610098,0.7401,0.5716,,False
True,1.0,,1.0,1.0,1.0,0.0,0.0,1.0,1.0,92.0,92.0,1.0,0.6346,0.7608,,False
False,1.0,,0.0606,0.9888,0.4944,1.0,320003.0,2.0,2.0,97.0,5.0,0.05154639,0.6383,0.7627,,True
False,1.0,,0.0101,0.9542,0.3181,2.0,1115762.0,3.0,3.0,97.0,1.0,0.010309278,0.6426,0.7596,,False
False,1.0,0.0065,0.0101,0.6153,0.2051,3.0,10686058.0,3.0,3.0,97.0,1.0,0.010309278,0.7107,0.7379,,False
False,1.0,0.0063,0.0101,0.3857,0.1286,4.0,20910777.0,3.0,3.0,97.0,1.0,0.010309278,0.6037,0.7367,,False
False,1.0,0.2965,0.3367,0.3633,0.1211,5.0,24633944.0,3.0,3.0,102.0,5.0,0.04901961,0.5341,0.7565,,False
False,1.0,0.007,0.0165,0.3194,0.1065,6.0,27534046.0,3.0,3.0,102.0,1.0,0.009803922,0.5469,0.765,,False
False,1.0,0.0165,0.019,0.3206,0.1069,7.0,27636685.0,3.0,3.0,102.0,1.0,0.009803922,0.5618,0.77,,True
False,1.0,,0.0541,0.3104,0.0776,8.0,31256624.0,4.0,4.0,107.0,5.0,0.046728972,0.5237,0.7707,,True
False,1.0,,,0.2756,0.0689,9.0,31444540.0,4.0,5.0,102.0,5.0,0.04901961,0.5269,0.7716,,False
False,1.0,,0.0536,0.3103,0.0621,10.0,31793352.0,5.0,5.0,107.0,5.0,0.046728972,0.5339,0.7691,,True
True,2.0,0.0139,0.0229,0.294,0.0588,11.0,32992408.0,5.0,5.0,107.0,1.0,0.009345794,0.5407,0.7753,,False
False,2.0,0.0222,0.0311,0.2855,0.0571,12.0,33675998.0,5.0,5.0,107.0,1.0,0.009345794,0.5496,0.7722,,False
False,2.0,0.023,0.0269,0.2145,0.0429,13.0,40240377.0,5.0,5.0,107.0,1.0,0.009345794,0.3619,0.8004,,False
False,2.0,,0.0427,0.1872,0.0312,14.0,47785248.0,6.0,6.0,111.0,4.0,0.036036037,0.3518,0.7454,,False
False,2.0,0.0137,0.0177,0.1459,0.0243,15.0,53805754.0,6.0,6.0,111.0,1.0,0.009009009,0.4108,0.731,,False
False,2.0,0.0719,0.0745,0.1174,0.0196,16.0,55018891.0,6.0,6.0,107.0,4.0,0.037383176,0.7071,0.5304,,False
False,2.0,0.016,0.389,0.4464,0.0744,17.0,56745538.0,6.0,6.0,174.0,67.0,0.38505748,0.7396,0.5258,,True
False,2.0,0.3505,0.3517,0.4034,0.0672,18.0,59002229.0,6.0,6.0,174.0,1.0,0.0057471264,0.7494,0.5359,,False
False,2.0,0.3131,0.4908,0.5254,0.0876,19.0,61505601.0,6.0,6.0,228.0,63.0,0.27631578,0.7388,0.5448,,True
False,2.0,0.4908,0.4056,0.4462,0.0744,20.0,61515158.0,6.0,6.0,192.0,37.0,0.19270833,0.739,0.5477,,False
False,2.0,0.354,0.06,0.1193,0.0199,21.0,64512740.0,6.0,6.0,106.0,86.0,0.8113208,0.7398,0.5711,,False
False,0.0,,1.0,1.0,1.0,0.0,0.0,1.0,1.0,3.0,3.0,1.0,0.3987,0.7829,,False
False,0.0,,1.0,1.0,1.0,0.0,0.0,1.0,1.0,45.0,45.0,1.0,0.7137,0.6188,,True
False,0.0,0.6011,0.6098,0.6098,0.6098,1.0,11053993.0,1.0,1.0,45.0,1.0,0.022222223,0.7287,0.7283,,False
False,0.0,,0.0652,0.5776,0.2888,2.0,12963758.0,2.0,2.0,45.0,3.0,0.06666667,0.6927,0.6911,,True
False,0.0,0.4903,0.5629,0.6036,0.3018,3.0,13985737.0,2.0,2.0,45.0,10.0,0.22222222,0.6919,0.6937,,True
False,0.0,0.0345,0.0811,0.5315,0.2658,4.0,17526442.0,2.0,2.0,45.0,3.0,0.06666667,0.6532,0.6971,,False
False,0.0,0.0484,0.057,0.3255,0.1628,5.0,28673444.0,2.0,2.0,45.0,1.0,0.022222223,0.6228,0.5741,,False
False,0.0,0.0556,0.0738,0.335,0.1675,6.0,29212403.0,2.0,2.0,45.0,3.0,0.06666667,0.6318,0.5913,,True
False,0.0,0.0679,0.1059,0.336,0.168,7.0,31100218.0,2.0,2.0,46.0,1.0,0.02173913,0.6115,0.5808,,False
False,0.0,0.0929,0.1542,0.343,0.1715,8.0,33946087.0,2.0,2.0,46.0,3.0,0.06521739,0.6138,0.5858,,True
False,0.0,0.1421,0.1882,0.3506,0.1753,9.0,35688021.0,2.0,2.0,46.0,3.0,0.06521739,0.6307,0.6182,,False
False,0.0,0.1288,0.148,0.2593,0.1297,10.0,43889676.0,2.0,2.0,46.0,3.0,0.06521739,0.7858,0.5151,,False
False,0.0,0.1337,0.1541,0.252,0.126,11.0,46130278.0,2.0,2.0,46.0,1.0,0.02173913,0.8185,0.5551,,True
False,0.0,,0.0204,0.218,0.0727,12.0,49751276.0,3.0,3.0,46.0,1.0,0.02173913,0.8293,0.6211,,False
False,0.0,0.0204,0.0612,0.2276,0.0759,13.0,49751792.0,3.0,3.0,46.0,2.0,0.04347826,0.8294,0.621,,False
False,0.0,,0.0612,0.1794,0.0598,14.0,57104871.0,3.0,4.0,46.0,3.0,0.06521739,0.8236,0.6569,,False
False,0.0,,0.0408,0.1896,0.0474,15.0,59433569.0,4.0,5.0,46.0,2.0,0.04347826,0.792,0.6819,,True
False,0.0,0.0354,0.1075,0.2343,0.0586,16.0,62463579.0,4.0,5.0,45.0,5.0,0.11111111,0.7493,0.6722,,True
False,0.0,0.0838,0.145,0.2297,0.0574,17.0,67825645.0,4.0,5.0,45.0,3.0,0.06666667,0.6549,0.6947,,True
False,0.0,,0.6452,0.7376,0.1844,18.0,68371168.0,4.0,6.0,26.0,44.0,1.6923077,0.6786,0.695,,True
False,0.0,0.0554,0.0877,0.6575,0.1644,19.0,71017497.0,4.0,6.0,26.0,1.0,0.03846154,0.6796,0.6893,,True
False,0.0,0.0728,0.105,0.5534,0.1384,20.0,75074400.0,4.0,6.0,26.0,1.0,0.03846154,0.6099,0.7295,,False
False,0.0,0.1038,0.1038,0.5468,0.1367,21.0,75336623.0,4.0,6.0,26.0,1.0,0.03846154,0.608,0.7334,,False
False,0.0,0.0987,0.1309,0.5292,0.1323,22.0,76445971.0,4.0,6.0,26.0,1.0,0.03846154,0.6136,0.7447,,False
False,0.0,0.1274,0.1352,0.524,0.131,23.0,76987345.0,4.0,6.0,26.0,1.0,0.03846154,0.6218,0.7386,,False
False,0.0,,0.0323,0.5346,0.1069,24.0,76988304.0,5.0,7.0,26.0,1.0,0.03846154,0.6219,0.738,,False
False,0.0,0.1282,0.1282,0.506,0.1012,25.0,78178335.0,5.0,7.0,26.0,1.0,0.03846154,0.6192,0.7388,,False
False,0.0,0.1216,0.1748,0.5117,0.1023,26.0,79308503.0,5.0,7.0,27.0,1.0,0.037037037,0.6062,0.7455,,True
False,0.0,0.1746,0.3489,0.6189,0.1238,27.0,79383421.0,5.0,7.0,33.0,7.0,0.21212122,0.6082,0.7485,,False
False,0.0,,0.0465,0.5865,0.0977,28.0,81300882.0,6.0,8.0,34.0,1.0,0.029411765,0.5664,0.7542,,False
False,0.0,0.2958,0.2983,0.5727,0.0955,29.0,81908974.0,6.0,8.0,34.0,1.0,0.029411765,0.5696,0.7563,,False
False,0.0,0.0064,0.0297,0.5144,0.0857,30.0,84756748.0,6.0,8.0,34.0,1.0,0.029411765,0.4836,0.7664,,False
False,0.0,0.18,0.1892,0.3633,0.0605,31.0,92799875.0,6.0,8.0,34.0,1.0,0.029411765,0.2662,0.7729,,True
False,0.0,0.1701,0.1238,0.3056,0.0509,32.0,95109679.0,6.0,8.0,28.0,7.0,0.25,0.3046,0.7689,,True
False,0.0,0.0256,0.0136,0.2692,0.0449,33.0,97404246.0,6.0,8.0,26.0,2.0,0.07692308,0.3651,0.7557,,False
False,0.0,0.1168,0.1353,0.286,0.0477,34.0,97553511.0,6.0,8.0,26.0,1.0,0.03846154,0.3767,0.7581,,False
False,0.0,0.0936,0.1426,0.2412,0.0402,35.0,105501979.0,6.0,8.0,27.0,1.0,0.037037037,0.6352,0.7629,,False
False,0.0,0.1424,0.3171,0.3939,0.0657,36.0,105570952.0,6.0,8.0,34.0,9.0,0.2647059,0.6388,0.7652,,True
False,0.0,0.3095,0.3183,0.3933,0.0656,37.0,106103592.0,6.0,8.0,34.0,1.0,0.029411765,0.6426,0.7596,,False
False,0.0,0.2691,0.2769,0.3402,0.0567,38.0,109729053.0,6.0,8.0,34.0,2.0,0.05882353,0.7035,0.7467,,True
False,0.0,0.2105,0.2185,0.2666,0.0444,39.0,115673888.0,6.0,8.0,34.0,1.0,0.029411765,0.7107,0.7379,,False
False,0.0,0.2003,0.2259,0.2701,0.045,40.0,117506423.0,6.0,8.0,34.0,3.0,0.0882353,0.6936,0.7413,,False
False,0.0,0.1664,0.1944,0.2233,0.0372,41.0,124144250.0,6.0,8.0,34.0,2.0,0.05882353,0.6077,0.7443,,False
False,0.0,0.179,0.1874,0.214,0.0357,42.0,125898607.0,6.0,8.0,34.0,1.0,0.029411765,0.6037,0.7367,,False
False,0.0,0.1373,0.1432,0.1627,0.0271,43.0,132624515.0,6.0,8.0,34.0,1.0,0.029411765,0.5618,0.77,,True
False,0.0,0.1051,0.1493,0.1632,0.0272,44.0,139308515.0,6.0,8.0,34.0,3.0,0.0882353,0.4316,0.8243,,False
False,0.0,0.1136,0.1232,0.1338,0.0223,45.0,145228207.0,6.0,8.0,34.0,1.0,0.029411765,0.3619,0.8004,,False
False,0.0,0.0957,0.1333,0.1412,0.0235,46.0,150676750.0,6.0,8.0,35.0,1.0,0.028571429,0.361,0.7639,,False
False,0.0,,0.04,0.147,0.021,47.0,155774351.0,7.0,9.0,36.0,1.0,0.027777778,0.3663,0.7375,,False
False,0.0,0.0957,0.1672,0.1909,0.0273,48.0,156977602.0,7.0,9.0,37.0,3.0,0.08108108,0.4095,0.7358,,False
False,0.0,0.1536,0.1626,0.1844,0.0263,49.0,158793584.0,7.0,9.0,37.0,1.0,0.027027028,0.4108,0.731,,False
False,0.0,,0.0192,0.1769,0.0221,50.0,160006721.0,8.0,10.0,37.0,1.0,0.027027028,0.7071,0.5304,,False
False,0.0,0.1301,0.1566,0.1943,0.0243,51.0,161128239.0,8.0,10.0,37.0,2.0,0.054054055,0.7093,0.5069,,False
False,0.0,0.1372,0.1413,0.1741,0.0218,52.0,163990059.0,8.0,10.0,37.0,1.0,0.027027028,0.7494,0.5359,,False
False,0.0,0.1099,0.1848,0.2093,0.0262,53.0,169422975.0,8.0,10.0,38.0,7.0,0.18421052,0.7401,0.5671,,False
False,0.0,,1.0,1.0,1.0,0.0,0.0,1.0,1.0,8.0,8.0,1.0,0.7835,0.5071,,True
False,0.0,,1.0,1.0,1.0,0.0,0.0,1.0,1.0,131.0,131.0,1.0,0.6949,0.6454,,True
False,0.0,,,0.9417,0.9417,1.0,1369602.0,1.0,2.0,127.0,4.0,0.031496063,0.6907,0.6495,,False
False,0.0,,0.0154,0.5978,0.2989,2.0,11328163.0,2.0,3.0,128.0,1.0,0.0078125,0.6921,0.683,,True
False,0.0,0.5755,0.5886,0.6053,0.3026,3.0,11578785.0,2.0,3.0,117.0,15.0,0.12820514,0.6927,0.6911,,True
False,0.0,0.5816,0.5887,0.6051,0.3025,4.0,11918237.0,2.0,3.0,117.0,2.0,0.017094018,0.6878,0.6896,,True
False,0.0,,0.1207,0.6298,0.3149,5.0,12600764.0,2.0,3.0,112.0,29.0,0.25892857,0.6919,0.6937,,True
False,0.0,,,0.58,0.29,6.0,14401364.0,2.0,4.0,111.0,1.0,0.009009009,0.6777,0.6829,,False
False,0.0,0.4421,0.5283,0.6181,0.3091,7.0,15621310.0,2.0,4.0,131.0,20.0,0.15267175,0.6441,0.6827,,False
False,0.0,0.5157,0.46,0.5554,0.2777,8.0,16141469.0,2.0,4.0,111.0,24.0,0.21621622,0.6532,0.6971,,False
False,0.0,0.3662,0.4305,0.4993,0.2497,9.0,21058737.0,2.0,4.0,122.0,12.0,0.09836066,0.656,0.666,,False
False,0.0,0.3509,0.4022,0.4539,0.227,10.0,25470827.0,2.0,4.0,132.0,10.0,0.07575758,0.6298,0.6049,,True
False,0.0,0.4005,0.4104,0.4609,0.2305,11.0,25563660.0,2.0,4.0,133.0,2.0,0.015037594,0.63,0.6041,,False
False,0.0,0.406,0.4429,0.4901,0.245,12.0,25811016.0,2.0,4.0,140.0,8.0,0.057142857,0.6236,0.6008,,False
False,0.0,0.4134,0.4229,0.467,0.2335,13.0,27288471.0,2.0,4.0,140.0,2.0,0.014285714,0.6228,0.5741,,False
False,0.0,0.4121,0.3273,0.3799,0.19,14.0,27827430.0,2.0,4.0,112.0,33.0,0.29464287,0.6318,0.5913,,True
False,0.0,0.269,0.3393,0.3784,0.1892,15.0,32117894.0,2.0,4.0,123.0,11.0,0.08943089,0.6129,0.5815,,True
False,0.0,0.3324,0.3582,0.3955,0.1978,16.0,32561114.0,2.0,4.0,125.0,4.0,0.032,0.6138,0.5858,,True
False,0.0,0.34,0.5383,0.5637,0.2819,17.0,33687008.0,2.0,4.0,173.0,55.0,0.31791908,0.6268,0.6165,,True
False,0.0,0.5378,0.5378,0.5633,0.2816,18.0,33759338.0,2.0,4.0,173.0,1.0,0.0057803467,0.6267,0.6142,,True
False,0.0,0.523,0.5355,0.5584,0.2792,19.0,34303048.0,2.0,4.0,173.0,5.0,0.028901733,0.6307,0.6182,,False
False,0.0,0.4164,0.3981,0.4185,0.2093,20.0,39743452.0,2.0,4.0,147.0,49.0,0.33333334,0.7097,0.4872,,False
False,0.0,0.3876,0.4019,0.4213,0.2106,21.0,40346745.0,2.0,4.0,150.0,3.0,0.02,0.7101,0.487,,True
False,0.0,0.3637,0.2827,0.3026,0.1513,22.0,42504703.0,2.0,4.0,117.0,37.0,0.31623933,0.7858,0.5151,,False
False,0.0,0.2432,0.296,0.3125,0.1562,23.0,45770702.0,2.0,4.0,121.0,10.0,0.08264463,0.8195,0.5681,,True
False,0.0,,0.0208,0.3121,0.104,24.0,45787770.0,3.0,5.0,121.0,3.0,0.024793388,0.8196,0.5685,,True
False,0.0,,0.0208,0.2881,0.072,25.0,48366303.0,4.0,6.0,121.0,3.0,0.024793388,0.8293,0.6211,,False
False,0.0,0.0208,0.0347,0.2959,0.074,26.0,48366819.0,4.0,6.0,121.0,2.0,0.016528925,0.8294,0.621,,False
False,0.0,0.016,0.0229,0.2613,0.0653,27.0,51523425.0,4.0,6.0,121.0,1.0,0.008264462,0.8213,0.628,,True
False,0.0,0.0189,0.0259,0.2172,0.0543,28.0,55718647.0,4.0,6.0,121.0,1.0,0.008264462,0.8224,0.6556,,False
False,0.0,0.0259,0.0606,0.2301,0.0767,29.0,55719898.0,3.0,6.0,121.0,6.0,0.049586777,0.8236,0.6569,,False
False,0.0,,0.0069,0.2252,0.0563,30.0,56836329.0,4.0,7.0,121.0,1.0,0.008264462,0.8109,0.6546,,True
False,0.0,,0.0208,0.2287,0.0457,31.0,58048596.0,5.0,8.0,121.0,3.0,0.024793388,0.792,0.6819,,True
False,0.0,0.1088,0.121,0.19,0.038,32.0,63333228.0,5.0,8.0,122.0,1.0,0.008196721,0.6436,0.6771,,True
False,0.0,,0.0136,0.1871,0.0312,33.0,64618385.0,6.0,9.0,122.0,2.0,0.016393442,0.6494,0.6782,,True
False,0.0,0.1042,0.1443,0.199,0.0332,34.0,66440672.0,6.0,9.0,122.0,6.0,0.04918033,0.6549,0.6947,,True
False,0.0,,0.4098,0.4661,0.1554,35.0,66986195.0,3.0,10.0,35.0,118.0,3.3714285,0.6786,0.695,,True
False,0.0,,0.0164,0.466,0.1165,36.0,67039381.0,4.0,11.0,35.0,1.0,0.028571429,0.6793,0.695,,True
False,0.0,0.0486,0.065,0.415,0.1038,37.0,69632524.0,4.0,11.0,35.0,1.0,0.028571429,0.6796,0.6893,,True
False,0.0,0.0649,0.1091,0.4247,0.1062,38.0,69707286.0,4.0,11.0,32.0,7.0,0.21875,0.6798,0.6885,,False
False,0.0,0.0907,0.1059,0.3683,0.0921,39.0,73689427.0,4.0,11.0,32.0,1.0,0.03125,0.6099,0.7295,,False
False,0.0,0.1046,0.1046,0.3638,0.091,40.0,73951650.0,4.0,11.0,32.0,1.0,0.03125,0.608,0.7334,,False
False,0.0,0.1022,0.2076,0.4143,0.1036,41.0,74460552.0,4.0,11.0,34.0,6.0,0.1764706,0.626,0.7376,,False
False,0.0,0.1768,0.2025,0.3731,0.0933,42.0,77923530.0,4.0,11.0,35.0,1.0,0.028571429,0.6062,0.7455,,True
False,0.0,0.2024,0.3168,0.4678,0.1169,43.0,77998448.0,4.0,11.0,41.0,8.0,0.19512194,0.6082,0.7485,,False
False,0.0,,0.027,0.4431,0.0886,44.0,79915909.0,5.0,12.0,42.0,1.0,0.023809524,0.5664,0.7542,,False
False,0.0,0.2738,0.2662,0.4322,0.0864,45.0,80524001.0,5.0,12.0,38.0,5.0,0.13157895,0.5696,0.7563,,False
False,0.0,,0.0143,0.3855,0.0643,46.0,83371775.0,6.0,12.0,38.0,1.0,0.02631579,0.4836,0.7664,,False
False,0.0,0.1554,0.1611,0.2711,0.0452,47.0,91414902.0,6.0,12.0,38.0,1.0,0.02631579,0.2662,0.7729,,True
False,0.0,0.1449,0.1223,0.2259,0.0377,48.0,93724706.0,6.0,12.0,32.0,7.0,0.21875,0.3046,0.7689,,True
False,0.0,0.0148,0.0077,0.2011,0.0335,49.0,96019273.0,6.0,12.0,30.0,2.0,0.06666667,0.3651,0.7557,,False
False,0.0,0.1119,0.1281,0.2117,0.0353,50.0,96168538.0,6.0,12.0,30.0,1.0,0.033333335,0.3767,0.7581,,False
False,0.0,0.0972,0.3129,0.3615,0.0603,51.0,102120982.0,6.0,12.0,48.0,19.0,0.39583334,0.5312,0.7474,,False
False,0.0,0.2854,0.3026,0.3458,0.0576,52.0,104117006.0,6.0,12.0,49.0,1.0,0.020408163,0.6352,0.7629,,False
False,0.0,0.3024,0.3776,0.4158,0.0693,53.0,104185979.0,6.0,12.0,54.0,11.0,0.2037037,0.6388,0.7652,,True
False,0.0,0.3678,0.369,0.4063,0.0677,54.0,104718619.0,6.0,12.0,54.0,1.0,0.018518519,0.6426,0.7596,,False
False,0.0,0.3119,0.3158,0.3473,0.0579,55.0,108344080.0,6.0,12.0,54.0,2.0,0.037037037,0.7035,0.7467,,True
False,0.0,0.2403,0.2443,0.2682,0.0447,56.0,114288915.0,6.0,12.0,54.0,1.0,0.018518519,0.7107,0.7379,,False
False,0.0,0.2239,0.2368,0.2588,0.0431,57.0,116121450.0,6.0,12.0,54.0,3.0,0.055555556,0.6936,0.7413,,False
False,0.0,0.1745,0.1877,0.2039,0.034,58.0,122759277.0,6.0,12.0,54.0,2.0,0.037037037,0.6077,0.7443,,False
False,0.0,0.1727,0.177,0.1918,0.032,59.0,124513634.0,6.0,12.0,54.0,1.0,0.018518519,0.6037,0.7367,,False
False,0.0,0.1296,0.1326,0.1434,0.0239,60.0,131239542.0,6.0,12.0,54.0,1.0,0.018518519,0.5618,0.77,,True
False,0.0,0.0973,0.1017,0.1098,0.0183,61.0,137923542.0,6.0,12.0,53.0,2.0,0.03773585,0.4316,0.8243,,False
False,0.0,0.0774,0.0824,0.0886,0.0148,62.0,143843234.0,6.0,12.0,53.0,1.0,0.018867925,0.3619,0.8004,,False
False,0.0,0.064,0.0848,0.0895,0.0149,63.0,149291777.0,6.0,12.0,54.0,1.0,0.018518519,0.361,0.7639,,False
False,0.0,0.0757,0.0958,0.0999,0.0166,64.0,151715062.0,6.0,12.0,55.0,1.0,0.018181818,0.3404,0.7381,,False
False,0.0,0.0958,0.0958,0.0999,0.0166,65.0,151716195.0,6.0,12.0,55.0,1.0,0.018181818,0.3409,0.7377,,False
False,0.0,0.0938,0.1044,0.1083,0.0181,66.0,152223646.0,6.0,12.0,55.0,1.0,0.018181818,0.3477,0.737,,True
False,0.0,,0.0213,0.1171,0.0167,67.0,154389378.0,7.0,13.0,56.0,1.0,0.017857144,0.3663,0.7375,,False
False,0.0,0.0874,0.1263,0.1394,0.0199,68.0,155592629.0,7.0,13.0,57.0,3.0,0.05263158,0.4095,0.7358,,False
False,0.0,0.1206,0.1224,0.135,0.0193,69.0,156559260.0,7.0,13.0,57.0,1.0,0.01754386,0.4106,0.7343,,False
False,0.0,0.1179,0.1227,0.1348,0.0193,70.0,157408611.0,7.0,13.0,57.0,1.0,0.01754386,0.4108,0.731,,False
False,0.0,,0.0104,0.1288,0.0161,71.0,158621748.0,8.0,14.0,57.0,1.0,0.01754386,0.7071,0.5304,,False
False,0.0,0.1016,0.116,0.1366,0.0171,72.0,159743266.0,8.0,14.0,57.0,2.0,0.03508772,0.7093,0.5069,,False
False,0.0,0.1015,0.1037,0.1217,0.0152,73.0,162605086.0,8.0,14.0,57.0,1.0,0.01754386,0.7494,0.5359,,False
False,0.0,0.0948,0.131,0.1468,0.0184,74.0,164580254.0,8.0,14.0,60.0,3.0,0.05,0.7332,0.545,,True
False,0.0,0.1271,0.1274,0.1427,0.0178,75.0,165202264.0,8.0,14.0,60.0,1.0,0.016666668,0.7348,0.5517,,False
False,0.0,0.1253,0.1425,0.1573,0.0197,76.0,165614661.0,8.0,14.0,61.0,1.0,0.016393442,0.7351,0.5523,,False
False,0.0,0.1271,0.1718,0.1848,0.0231,77.0,168038002.0,8.0,14.0,62.0,7.0,0.11290322,0.7401,0.5671,,False
False,0.0,,1.0,1.0,1.0,0.0,0.0,1.0,1.0,3.0,3.0,1.0,0.3987,0.7829,,False
False,0.0,,1.0,1.0,1.0,0.0,0.0,1.0,1.0,154.0,154.0,1.0,0.7874,0.5354,,True
False,0.0,,0.0452,0.8361,0.418,1.0,4138905.0,2.0,2.0,154.0,7.0,0.045454547,0.8126,0.5129,,True
False,0.0,0.7477,0.7841,0.8251,0.4125,2.0,5336067.0,2.0,2.0,158.0,27.0,0.17088607,0.8017,0.5078,,True
False,0.0,,0.0123,0.8058,0.2686,3.0,5880042.0,3.0,3.0,158.0,2.0,0.012658228,0.81,0.5039,,False
False,0.0,0.0123,0.0494,0.8094,0.2698,4.0,5937144.0,3.0,3.0,158.0,6.0,0.03797468,0.8108,0.5055,,True
False,0.0,0.6284,0.6323,0.7102,0.2367,5.0,8877059.0,3.0,3.0,158.0,3.0,0.01898734,0.8153,0.4976,,True
False,0.0,0.0345,0.0527,0.7103,0.2368,6.0,8978711.0,3.0,3.0,158.0,4.0,0.025316456,0.8162,0.5009,,True
False,0.0,0.5616,0.5922,0.6755,0.2252,7.0,11059398.0,3.0,3.0,152.0,25.0,0.16447368,0.7956,0.5219,,True
False,0.0,,0.0123,0.6684,0.1671,8.0,11475335.0,4.0,4.0,153.0,1.0,0.006535948,0.7975,0.526,,True
False,0.0,0.0319,0.0498,0.6441,0.161,9.0,12513492.0,4.0,4.0,154.0,2.0,0.012987013,0.7848,0.533,,True
False,0.0,0.0116,0.0235,0.6439,0.161,10.0,12616980.0,4.0,4.0,155.0,1.0,0.006451613,0.7809,0.5457,,True
False,0.0,0.0486,0.198,0.6754,0.1688,11.0,12773622.0,4.0,4.0,152.0,35.0,0.23026316,0.785,0.5576,,False
False,0.0,0.198,0.2802,0.6996,0.2332,12.0,12779063.0,3.0,4.0,149.0,35.0,0.23489933,0.788,0.5671,,False
False,0.0,0.3891,0.4693,0.7208,0.2403,13.0,13113961.0,3.0,4.0,163.0,19.0,0.116564415,0.7882,0.5682,,True
False,0.0,,0.1089,0.7432,0.1858,14.0,13218897.0,4.0,5.0,177.0,19.0,0.107344635,0.7868,0.569,,False
False,0.0,0.1059,0.1848,0.7446,0.1861,15.0,13897788.0,4.0,5.0,191.0,19.0,0.09947644,0.7837,0.5701,,False
False,0.0,0.3658,0.3651,0.7437,0.1859,16.0,13975041.0,4.0,5.0,190.0,1.0,0.005263158,0.7833,0.5668,,False
False,0.0,0.3646,0.3646,0.7426,0.1856,17.0,13986931.0,4.0,5.0,189.0,1.0,0.005291005,0.7834,0.5663,,False
False,0.0,0.3636,0.3704,0.7433,0.1858,18.0,13998011.0,4.0,5.0,189.0,2.0,0.01058201,0.7834,0.5658,,True
False,0.0,0.1846,0.1846,0.7433,0.1858,19.0,14006100.0,4.0,5.0,189.0,2.0,0.01058201,0.7834,0.5653,,False
False,0.0,0.1846,0.1946,0.7443,0.1861,20.0,14006432.0,4.0,5.0,188.0,3.0,0.015957447,0.7833,0.5655,,False
False,0.0,0.1923,0.1923,0.7346,0.1836,21.0,14329202.0,4.0,5.0,187.0,3.0,0.01604278,0.7741,0.5572,,False
False,0.0,0.1657,0.1723,0.7104,0.1776,22.0,15190866.0,4.0,5.0,187.0,3.0,0.01604278,0.78,0.5697,,False
False,0.0,,0.0047,0.6764,0.1353,23.0,16164146.0,5.0,6.0,185.0,3.0,0.016216217,0.7538,0.5978,,False
False,0.0,0.314,0.3211,0.661,0.1322,24.0,16763222.0,5.0,6.0,185.0,2.0,0.010810811,0.7536,0.598,,True
False,0.0,0.1331,0.1631,0.5587,0.1117,25.0,20395045.0,5.0,6.0,176.0,14.0,0.07954545,0.7846,0.5939,,True
False,0.0,0.2721,0.3828,0.6102,0.122,26.0,21166843.0,5.0,6.0,182.0,39.0,0.21428572,0.8008,0.5964,,True
False,0.0,0.3654,0.3678,0.5845,0.1169,27.0,22200621.0,5.0,6.0,182.0,5.0,0.027472528,0.8012,0.5976,,True
False,0.0,,0.0091,0.5507,0.0918,28.0,23655861.0,6.0,7.0,183.0,1.0,0.0054644807,0.8007,0.5921,,False
False,0.0,0.1049,0.113,0.5392,0.0899,29.0,24352541.0,6.0,7.0,183.0,3.0,0.016393442,0.8012,0.592,,True
False,0.0,0.3063,0.3587,0.5419,0.0903,30.0,25826342.0,6.0,7.0,183.0,42.0,0.22950819,0.8056,0.585,,True
False,0.0,0.0077,0.0211,0.5199,0.0866,31.0,27037749.0,6.0,7.0,184.0,2.0,0.010869565,0.8031,0.5685,,True
False,0.0,,0.0511,0.4806,0.0687,32.0,30048424.0,7.0,8.0,195.0,11.0,0.056410257,0.7673,0.5408,,False
False,0.0,0.0509,0.1002,0.4925,0.0704,33.0,30152462.0,7.0,8.0,198.0,11.0,0.055555556,0.7678,0.542,,True
False,0.0,0.0918,0.0996,0.4554,0.0651,34.0,32086969.0,7.0,8.0,199.0,2.0,0.010050251,0.78,0.5673,,True
False,0.0,0.0975,0.1305,0.4657,0.0665,35.0,32571304.0,7.0,8.0,205.0,21.0,0.10243902,0.7751,0.5569,,True
False,0.0,0.1303,0.1767,0.4932,0.0705,36.0,32642762.0,7.0,8.0,218.0,13.0,0.059633028,0.7753,0.5568,,True
False,0.0,0.1728,0.1973,0.4971,0.071,37.0,33160847.0,7.0,8.0,225.0,7.0,0.031111112,0.7769,0.5637,,True
False,0.0,0.1905,0.1964,0.4839,0.0691,38.0,33868567.0,7.0,8.0,226.0,1.0,0.0044247787,0.776,0.5618,,True
False,0.0,0.1712,0.1832,0.4301,0.0614,39.0,36876322.0,7.0,8.0,229.0,3.0,0.013100437,0.7324,0.6075,,True
False,0.0,0.1794,0.1925,0.4299,0.0614,40.0,37315974.0,7.0,8.0,230.0,3.0,0.013043478,0.7328,0.6068,,True
False,0.0,0.1907,0.313,0.5084,0.0726,41.0,37558331.0,7.0,8.0,239.0,64.0,0.26778242,0.7198,0.6144,,True
False,0.0,0.3077,0.2936,0.4895,0.0699,42.0,37927578.0,7.0,8.0,233.0,6.0,0.025751073,0.7161,0.5978,,False
False,0.0,0.2776,0.2567,0.4486,0.0641,43.0,39129122.0,7.0,8.0,211.0,32.0,0.15165877,0.7226,0.6187,,True
False,0.0,0.2534,0.2459,0.4394,0.0628,44.0,39458207.0,7.0,8.0,203.0,22.0,0.10837439,0.7177,0.622,,True
False,0.0,,0.0299,0.4152,0.0519,45.0,41621775.0,8.0,9.0,209.0,6.0,0.028708134,0.7152,0.6219,,True
False,0.0,0.1902,0.1849,0.3637,0.0455,46.0,44308293.0,8.0,9.0,205.0,4.0,0.019512195,0.6907,0.6495,,False
False,0.0,,0.0076,0.2902,0.0322,47.0,49666017.0,9.0,10.0,205.0,2.0,0.009756098,0.718,0.7075,,False
False,0.0,0.0048,0.0125,0.283,0.0354,48.0,50276830.0,8.0,10.0,203.0,4.0,0.019704433,0.7185,0.7085,,False
False,0.0,0.017,0.0245,0.2409,0.0301,49.0,54266854.0,8.0,10.0,204.0,1.0,0.004901961,0.6921,0.683,,True
False,0.0,,0.0119,0.2328,0.0259,50.0,54517476.0,9.0,10.0,193.0,14.0,0.07253886,0.6927,0.6911,,True
False,0.0,0.0965,0.1796,0.2895,0.0322,51.0,55539455.0,9.0,10.0,194.0,36.0,0.185567,0.6919,0.6937,,True
False,0.0,,,0.2675,0.0297,52.0,57340055.0,9.0,11.0,193.0,1.0,0.005181347,0.6777,0.6829,,False
False,0.0,0.0063,0.0188,0.251,0.0279,53.0,59080160.0,9.0,11.0,193.0,4.0,0.020725388,0.6532,0.6971,,False
False,0.0,0.015,0.0628,0.2392,0.0266,54.0,63997428.0,9.0,11.0,204.0,12.0,0.05882353,0.656,0.666,,False
False,0.0,0.0512,0.0919,0.2295,0.0255,55.0,68409518.0,9.0,11.0,215.0,11.0,0.05116279,0.6298,0.6049,,True
False,0.0,0.0844,0.0916,0.2171,0.0241,56.0,70227162.0,9.0,11.0,215.0,2.0,0.009302326,0.6228,0.5741,,False
False,0.0,0.0901,0.1274,0.2459,0.0273,57.0,70649002.0,9.0,11.0,222.0,19.0,0.08558559,0.622,0.5748,,False
False,0.0,0.1266,0.0637,0.1913,0.0213,58.0,70766121.0,9.0,11.0,197.0,30.0,0.15228426,0.6318,0.5913,,True
False,0.0,0.0523,0.0927,0.1933,0.0215,59.0,75056585.0,9.0,11.0,206.0,12.0,0.058252428,0.6129,0.5815,,True
False,0.0,0.0908,0.1091,0.2053,0.0228,60.0,75499805.0,9.0,11.0,208.0,5.0,0.024038462,0.6138,0.5858,,True
False,0.0,0.1036,0.2525,0.3289,0.0365,61.0,76625699.0,9.0,11.0,254.0,56.0,0.22047244,0.6268,0.6165,,True
False,0.0,0.2456,0.2554,0.3276,0.0364,62.0,77241739.0,9.0,11.0,254.0,4.0,0.015748031,0.6307,0.6182,,False
False,0.0,,0.003,0.3076,0.0308,63.0,78618526.0,10.0,12.0,254.0,1.0,0.003937008,0.614,0.6043,,True
False,0.0,0.205,0.1525,0.2203,0.022,64.0,81735088.0,10.0,12.0,222.0,45.0,0.2027027,0.5466,0.757,,False
False,0.0,0.1421,0.1534,0.2157,0.0216,65.0,83285436.0,10.0,12.0,225.0,3.0,0.013333334,0.7101,0.487,,True
False,0.0,0.0022,0.0088,0.2122,0.0212,66.0,84156979.0,10.0,12.0,226.0,1.0,0.0044247787,0.78,0.5017,,True
False,0.0,0.1379,0.0943,0.1609,0.0161,67.0,85443394.0,10.0,12.0,201.0,30.0,0.14925373,0.7858,0.5151,,False
False,0.0,0.0851,0.1052,0.1634,0.0163,68.0,87683996.0,10.0,12.0,199.0,8.0,0.040201005,0.8185,0.5551,,True
False,0.0,0.1004,0.1276,0.1798,0.02,69.0,88709393.0,9.0,12.0,203.0,10.0,0.049261082,0.8195,0.5681,,True
False,0.0,,0.0141,0.1828,0.0183,70.0,88726461.0,10.0,13.0,203.0,4.0,0.019704433,0.8196,0.5685,,True
False,0.0,,0.007,0.1661,0.0151,71.0,91304994.0,11.0,14.0,203.0,2.0,0.009852217,0.8293,0.6211,,False
False,0.0,0.007,0.0106,0.167,0.0152,72.0,91305510.0,11.0,14.0,203.0,1.0,0.0049261083,0.8294,0.621,,False
False,0.0,0.0862,0.1005,0.1599,0.0145,73.0,94158726.0,11.0,14.0,204.0,7.0,0.034313727,0.8247,0.6197,,True
False,0.0,0.0107,0.0142,0.1606,0.0146,74.0,94462116.0,11.0,14.0,204.0,1.0,0.004901961,0.8213,0.628,,True
False,0.0,0.0117,0.0292,0.1401,0.014,75.0,98658589.0,10.0,14.0,204.0,5.0,0.024509804,0.8236,0.6569,,False
False,0.0,,0.0105,0.133,0.0121,76.0,100987287.0,11.0,15.0,204.0,3.0,0.014705882,0.792,0.6819,,True
False,0.0,0.0625,0.1357,0.1914,0.0174,77.0,102835285.0,11.0,15.0,205.0,32.0,0.15609756,0.7554,0.6788,,True
False,0.0,0.1322,0.1426,0.1965,0.0179,78.0,103414731.0,11.0,15.0,205.0,3.0,0.014634146,0.7448,0.6794,,True
False,0.0,0.1339,0.1374,0.188,0.0171,79.0,104782071.0,11.0,15.0,205.0,1.0,0.004878049,0.744,0.6606,,True
False,0.0,0.1282,0.1342,0.181,0.0165,80.0,106271919.0,11.0,15.0,206.0,1.0,0.004854369,0.6436,0.6771,,True
False,0.0,,0.0034,0.169,0.0141,81.0,108176462.0,12.0,15.0,206.0,1.0,0.004854369,0.6495,0.6768,,True
False,0.0,0.1162,0.1321,0.1694,0.0141,82.0,109379363.0,12.0,15.0,206.0,5.0,0.024271844,0.6549,0.6947,,True
False,0.0,0.0028,0.0062,0.1728,0.0144,83.0,109382344.0,12.0,15.0,206.0,1.0,0.004854369,0.6549,0.6941,,True
False,0.0,,0.4664,0.5129,0.0466,84.0,109924886.0,11.0,16.0,161.0,246.0,1.5279503,0.6786,0.695,,True
False,0.0,,0.004,0.5128,0.0427,85.0,109978072.0,12.0,17.0,161.0,1.0,0.0062111802,0.6793,0.695,,True
False,0.0,0.0271,0.0311,0.4551,0.0379,86.0,112571215.0,12.0,17.0,161.0,1.0,0.0062111802,0.6796,0.6893,,True
False,0.0,0.031,0.035,0.4539,0.0378,87.0,112645977.0,12.0,17.0,161.0,1.0,0.0062111802,0.6798,0.6885,,False
False,0.0,0.029,0.033,0.3784,0.0315,88.0,116628118.0,12.0,17.0,161.0,1.0,0.0062111802,0.6099,0.7295,,False
False,0.0,0.0326,0.0326,0.3739,0.0312,89.0,116890341.0,12.0,17.0,161.0,1.0,0.0062111802,0.608,0.7334,,False
False,0.0,0.0312,0.0575,0.3719,0.031,90.0,117853414.0,12.0,17.0,161.0,8.0,0.049689442,0.6117,0.7436,,False
False,0.0,0.0563,0.0565,0.3619,0.0302,91.0,118357264.0,12.0,17.0,160.0,1.0,0.00625,0.6131,0.7464,,False
False,0.0,0.0024,0.0064,0.3316,0.0276,92.0,120348939.0,12.0,17.0,160.0,1.0,0.00625,0.6105,0.741,,False
False,0.0,,0.0316,0.3499,0.0269,93.0,120423345.0,13.0,18.0,160.0,8.0,0.05,0.6113,0.7417,,False
False,0.0,0.0434,0.0509,0.348,0.0268,94.0,120862221.0,13.0,18.0,161.0,1.0,0.0062111802,0.6062,0.7455,,True
False,0.0,0.0508,0.084,0.3711,0.0285,95.0,120937139.0,13.0,18.0,167.0,9.0,0.053892214,0.6082,0.7485,,False
False,0.0,0.0796,0.0866,0.3569,0.0275,96.0,122077595.0,13.0,18.0,168.0,1.0,0.005952381,0.5844,0.7512,,False
False,0.0,,0.0075,0.3492,0.0249,97.0,122854600.0,14.0,19.0,169.0,1.0,0.00591716,0.5664,0.7542,,False
False,0.0,0.0007,0.0007,0.2866,0.0205,98.0,126295548.0,14.0,19.0,163.0,6.0,0.036809817,0.4845,0.7669,,False
False,0.0,0.0007,0.0161,0.2957,0.0211,99.0,126306221.0,14.0,19.0,162.0,5.0,0.030864198,0.4821,0.766,,False
False,0.0,0.0161,0.0199,0.2969,0.0212,100.0,126310466.0,14.0,19.0,162.0,1.0,0.0061728396,0.4836,0.7664,,False
False,0.0,0.0199,0.1027,0.3555,0.0254,101.0,126343829.0,14.0,19.0,185.0,23.0,0.12432432,0.4865,0.7673,,False
False,0.0,0.1677,0.1888,0.3555,0.0254,102.0,126384764.0,14.0,19.0,185.0,6.0,0.032432433,0.4785,0.7702,,False
False,0.0,0.0042,0.0214,0.3541,0.0253,103.0,127169803.0,14.0,19.0,189.0,4.0,0.02116402,0.4126,0.7709,,False
False,0.0,,0.0171,0.3628,0.0242,104.0,127179178.0,15.0,20.0,192.0,4.0,0.020833334,0.4132,0.7708,,False
False,0.0,0.0285,0.047,0.2281,0.0152,105.0,136663397.0,15.0,20.0,183.0,14.0,0.07650273,0.3046,0.7689,,True
False,0.0,0.0033,0.0034,0.2041,0.0136,106.0,138957964.0,15.0,20.0,181.0,2.0,0.011049724,0.3651,0.7557,,False
False,0.0,0.041,0.0432,0.2051,0.0137,107.0,139107229.0,15.0,20.0,181.0,1.0,0.005524862,0.3767,0.7581,,False
False,0.0,0.0309,0.1206,0.2186,0.0146,108.0,146354465.0,15.0,20.0,187.0,31.0,0.1657754,0.621,0.7575,,False
False,0.0,0.1168,0.1229,0.217,0.0145,109.0,147055697.0,15.0,20.0,188.0,1.0,0.005319149,0.6352,0.7629,,False
False,0.0,0.1228,0.1492,0.2403,0.016,110.0,147124670.0,15.0,20.0,194.0,10.0,0.05154639,0.6388,0.7652,,True
False,0.0,0.1453,0.1337,0.223,0.0149,111.0,147657310.0,15.0,20.0,185.0,14.0,0.075675674,0.6426,0.7596,,False
False,0.0,0.113,0.1142,0.1897,0.0126,112.0,151282771.0,15.0,20.0,185.0,2.0,0.010810811,0.7035,0.7467,,True
False,0.0,0.0143,0.0245,0.1732,0.0115,113.0,154375642.0,15.0,20.0,187.0,2.0,0.010695187,0.7211,0.7416,,False
False,0.0,0.086,0.0872,0.1529,0.0102,114.0,157227606.0,15.0,20.0,187.0,1.0,0.0053475937,0.7107,0.7379,,False
False,0.0,0.08,0.0839,0.1443,0.0096,115.0,159060141.0,15.0,20.0,187.0,3.0,0.01604278,0.6936,0.7413,,False
False,0.0,0.0618,0.0661,0.1099,0.0073,116.0,165697968.0,15.0,20.0,187.0,2.0,0.010695187,0.6077,0.7443,,False
False,0.0,0.0608,0.0621,0.1025,0.0068,117.0,167452325.0,15.0,20.0,187.0,1.0,0.0053475937,0.6037,0.7367,,False
False,0.0,0.0457,0.1427,0.1643,0.011,118.0,174097495.0,15.0,20.0,201.0,33.0,0.1641791,0.5554,0.7674,,False
False,0.0,0.1426,0.0832,0.1063,0.0071,119.0,174178233.0,15.0,20.0,178.0,28.0,0.15730338,0.5618,0.77,,True
False,0.0,0.061,0.0705,0.0871,0.0058,120.0,180862233.0,15.0,20.0,178.0,3.0,0.016853932,0.4316,0.8243,,False
False,0.0,0.0536,0.0552,0.0678,0.0045,121.0,186781925.0,15.0,20.0,178.0,1.0,0.0056179776,0.3619,0.8004,,False
False,0.0,0.0428,0.0494,0.0592,0.0039,122.0,192230468.0,15.0,20.0,179.0,1.0,0.005586592,0.361,0.7639,,False
False,0.0,0.0432,0.0465,0.0551,0.0037,123.0,195162337.0,15.0,20.0,179.0,1.0,0.005586592,0.3477,0.737,,True
False,0.0,0.0423,0.0619,0.0695,0.0046,124.0,197226985.0,15.0,20.0,182.0,4.0,0.021978023,0.3599,0.7352,,False
False,0.0,,0.0067,0.0754,0.0047,125.0,197328069.0,16.0,21.0,183.0,1.0,0.0054644807,0.3663,0.7375,,False
False,0.0,0.0579,0.0706,0.0808,0.005,126.0,198531320.0,16.0,21.0,184.0,3.0,0.016304348,0.4095,0.7358,,False
False,0.0,0.0674,0.068,0.0778,0.0049,127.0,199497951.0,16.0,21.0,184.0,1.0,0.0054347827,0.4106,0.7343,,False
False,0.0,0.0654,0.067,0.0764,0.0048,128.0,200347302.0,16.0,21.0,184.0,1.0,0.0054347827,0.4108,0.731,,False
False,0.0,0.0657,0.0688,0.0779,0.0049,129.0,200782707.0,16.0,21.0,184.0,1.0,0.0054347827,0.4335,0.7354,,False
False,0.0,0.0675,0.0708,0.0798,0.005,130.0,201202548.0,16.0,21.0,184.0,1.0,0.0054347827,0.4375,0.735,,False
False,0.0,0.0003,0.0037,0.0789,0.0049,131.0,201560439.0,16.0,21.0,184.0,1.0,0.0054347827,0.7071,0.5304,,False
False,0.0,0.0633,0.068,0.0794,0.005,132.0,202681957.0,16.0,21.0,184.0,2.0,0.010869565,0.7093,0.5069,,False
False,0.0,0.0595,0.0602,0.0702,0.0044,133.0,205543777.0,16.0,21.0,184.0,1.0,0.0054347827,0.7494,0.5359,,False
False,0.0,0.0553,0.0675,0.0766,0.0048,134.0,207367226.0,16.0,21.0,185.0,3.0,0.016216217,0.7333,0.5446,,False
False,0.0,0.0671,0.0697,0.0788,0.0049,135.0,207518945.0,16.0,21.0,185.0,1.0,0.0054054055,0.7332,0.545,,True
False,0.0,0.0677,0.0677,0.0765,0.0048,136.0,208140955.0,16.0,21.0,185.0,1.0,0.0054054055,0.7348,0.5517,,False
False,0.0,0.0665,0.0757,0.0843,0.0053,137.0,208553352.0,16.0,21.0,187.0,2.0,0.010695187,0.7351,0.5523,,False
False,0.0,0.0676,0.0835,0.0909,0.0057,138.0,210976693.0,16.0,21.0,188.0,7.0,0.03723404,0.7401,0.5671,,False
False,0.0,,1.0,1.0,1.0,0.0,0.0,1.0,1.0,21.0,21.0,1.0,0.7997,0.5181,,True
False,0.0,0.9193,0.9596,0.9596,0.9596,1.0,1819653.0,1.0,1.0,42.0,21.0,0.5,0.785,0.5576,,False
False,0.0,0.9596,0.9596,0.9596,0.9596,2.0,1825094.0,1.0,1.0,63.0,21.0,0.33333334,0.788,0.5671,,False
False,0.0,0.6923,0.6986,0.6986,0.6986,3.0,8901311.0,1.0,1.0,63.0,1.0,0.015873017,0.784,0.593,,True
False,0.0,0.566,0.5703,0.5703,0.5703,4.0,13398572.0,1.0,1.0,63.0,1.0,0.015873017,0.8012,0.592,,True
False,0.0,,0.0455,0.3147,0.1573,5.0,28175153.0,2.0,2.0,63.0,2.0,0.031746034,0.7226,0.6187,,True
False,0.0,,0.0227,0.1658,0.0553,6.0,43563507.0,3.0,3.0,63.0,1.0,0.015873017,0.6927,0.6911,,True
False,0.0,0.0185,0.0227,0.1386,0.0462,7.0,48126191.0,3.0,3.0,63.0,1.0,0.015873017,0.6532,0.6971,,False
False,0.0,0.0132,0.0227,0.0901,0.03,8.0,59812152.0,3.0,3.0,63.0,1.0,0.015873017,0.6318,0.5913,,True
False,0.0,0.0169,0.0227,0.0726,0.0242,9.0,66287770.0,3.0,3.0,63.0,1.0,0.015873017,0.6307,0.6182,,False
False,0.0,0.0156,0.0227,0.0568,0.0189,10.0,74489425.0,3.0,3.0,63.0,1.0,0.015873017,0.7858,0.5151,,False
False,0.0,,0.0227,0.0488,0.0163,11.0,80351025.0,3.0,4.0,63.0,1.0,0.015873017,0.8293,0.6211,,False
False,0.0,,0.0227,0.0412,0.0137,12.0,87704620.0,3.0,5.0,63.0,1.0,0.015873017,0.8236,0.6569,,False
False,0.0,,0.0227,0.034,0.0113,13.0,98425394.0,3.0,5.0,63.0,1.0,0.015873017,0.6549,0.6947,,True
False,0.0,0.0153,0.0227,0.0303,0.0101,14.0,107045720.0,3.0,5.0,63.0,1.0,0.015873017,0.6136,0.7447,,False
False,0.0,0.0177,0.0227,0.0286,0.0095,15.0,112508723.0,3.0,5.0,63.0,1.0,0.015873017,0.5696,0.7563,,False
False,0.0,0.0137,0.0227,0.0263,0.0088,16.0,123399624.0,3.0,5.0,63.0,1.0,0.015873017,0.2662,0.7729,,True
False,0.0,0.0205,0.0227,0.0259,0.0086,17.0,125709428.0,3.0,5.0,63.0,1.0,0.015873017,0.3046,0.7689,,True
False,0.0,0.0137,0.0227,0.0246,0.0082,18.0,136703341.0,3.0,5.0,63.0,1.0,0.015873017,0.6426,0.7596,,False
False,0.0,0.0146,0.0227,0.024,0.008,19.0,146273637.0,3.0,5.0,63.0,1.0,0.015873017,0.7107,0.7379,,False
False,0.0,0.0142,0.0227,0.0235,0.0078,20.0,156498356.0,3.0,5.0,63.0,1.0,0.015873017,0.6037,0.7367,,False
False,0.0,0.0167,0.0227,0.0233,0.0078,21.0,163224264.0,3.0,5.0,63.0,1.0,0.015873017,0.5618,0.77,,True
False,0.0,0.0127,0.0227,0.023,0.0077,22.0,175827956.0,3.0,5.0,63.0,1.0,0.015873017,0.3619,0.8004,,False
False,0.0,0.0121,0.0227,0.0229,0.0076,23.0,189393333.0,3.0,5.0,63.0,1.0,0.015873017,0.4108,0.731,,False
False,0.0,0.0179,0.0227,0.0229,0.0076,24.0,194589808.0,3.0,5.0,63.0,1.0,0.015873017,0.7494,0.5359,,False
False,0.0,,1.0,1.0,1.0,0.0,0.0,1.0,1.0,21.0,21.0,1.0,0.7997,0.5181,,True
False,0.0,0.9193,0.9596,0.9596,0.9596,1.0,1819653.0,1.0,1.0,42.0,21.0,0.5,0.785,0.5576,,False
False,0.0,0.9596,0.9596,0.9596,0.9596,2.0,1825094.0,1.0,1.0,63.0,21.0,0.33333334,0.788,0.5671,,False
False,0.0,0.6923,0.6986,0.6986,0.6986,3.0,8901311.0,1.0,1.0,63.0,1.0,0.015873017,0.784,0.593,,True
False,0.0,0.566,0.5703,0.5703,0.5703,4.0,13398572.0,1.0,1.0,63.0,1.0,0.015873017,0.8012,0.592,,True
False,0.0,,0.0455,0.3147,0.1573,5.0,28175153.0,2.0,2.0,63.0,2.0,0.031746034,0.7226,0.6187,,True
False,0.0,,0.0851,0.3734,0.1245,6.0,28182788.0,3.0,3.0,65.0,3.0,0.046153847,0.7177,0.6192,,False
False,0.0,0.0828,0.1406,0.4037,0.1346,7.0,28848267.0,3.0,3.0,66.0,2.0,0.030303031,0.7163,0.6201,,False
False,0.0,,,0.2537,0.0846,8.0,37609287.0,3.0,4.0,63.0,3.0,0.04761905,0.7159,0.7082,,False
False,0.0,,0.0217,0.2035,0.0509,9.0,43563507.0,4.0,4.0,63.0,1.0,0.015873017,0.6927,0.6911,,True
False,0.0,0.0176,0.0217,0.169,0.0422,10.0,48126191.0,4.0,4.0,63.0,1.0,0.015873017,0.6532,0.6971,,False
False,0.0,0.0127,0.0217,0.1073,0.0268,11.0,59812152.0,4.0,4.0,63.0,1.0,0.015873017,0.6318,0.5913,,True
False,0.0,0.0162,0.0217,0.0851,0.0213,12.0,66287770.0,4.0,4.0,63.0,1.0,0.015873017,0.6307,0.6182,,False
False,0.0,0.0149,0.0217,0.065,0.0163,13.0,74489425.0,4.0,4.0,63.0,1.0,0.015873017,0.7858,0.5151,,False
False,0.0,,0.0217,0.0833,0.0167,14.0,75435329.0,5.0,5.0,63.0,1.0,0.015873017,0.7885,0.494,,False
False,0.0,,0.0217,0.0716,0.0143,15.0,80351025.0,5.0,6.0,63.0,1.0,0.015873017,0.8293,0.6211,,False
False,0.0,,0.0217,0.0571,0.0114,16.0,87704620.0,5.0,7.0,63.0,1.0,0.015873017,0.8236,0.6569,,False
False,0.0,,0.0217,0.0432,0.0086,17.0,98425394.0,5.0,7.0,63.0,1.0,0.015873017,0.6549,0.6947,,True
False,0.0,0.0146,0.0217,0.0362,0.0072,18.0,107045720.0,5.0,7.0,63.0,1.0,0.015873017,0.6136,0.7447,,False
False,0.0,0.0169,0.0217,0.0329,0.0066,19.0,112508723.0,5.0,7.0,63.0,1.0,0.015873017,0.5696,0.7563,,False
False,0.0,0.0131,0.0217,0.0285,0.0057,20.0,123399624.0,5.0,7.0,63.0,1.0,0.015873017,0.2662,0.7729,,True
False,0.0,0.0196,0.0217,0.0278,0.0056,21.0,125709428.0,5.0,7.0,63.0,1.0,0.015873017,0.3046,0.7689,,True
False,0.0,0.0131,0.0217,0.0254,0.0051,22.0,136703341.0,5.0,7.0,63.0,1.0,0.015873017,0.6426,0.7596,,False
False,0.0,0.014,0.0217,0.0241,0.0048,23.0,146273637.0,5.0,7.0,63.0,1.0,0.015873017,0.7107,0.7379,,False
False,0.0,0.0135,0.0217,0.0232,0.0046,24.0,156498356.0,5.0,7.0,63.0,1.0,0.015873017,0.6037,0.7367,,False
False,0.0,0.016,0.0217,0.0228,0.0046,25.0,163224264.0,5.0,7.0,63.0,1.0,0.015873017,0.5618,0.77,,True
False,0.0,0.0122,0.0217,0.0223,0.0045,26.0,175827956.0,5.0,7.0,63.0,1.0,0.015873017,0.3619,0.8004,,False
False,0.0,0.0116,0.0217,0.0221,0.0044,27.0,189393333.0,5.0,7.0,63.0,1.0,0.015873017,0.4108,0.731,,False
False,0.0,0.0171,0.0217,0.022,0.0044,28.0,194589808.0,5.0,7.0,63.0,1.0,0.015873017,0.7494,0.5359,,False
False,0.0,,1.0,1.0,1.0,0.0,0.0,1.0,1.0,185.0,185.0,1.0,0.7352,0.5172,,False
False,0.0,,0.0054,0.898,0.449,1.0,2348298.0,2.0,2.0,185.0,1.0,0.0054054055,0.7494,0.5359,,False
False,0.0,,1.0,1.0,1.0,0.0,0.0,1.0,1.0,260.0,260.0,1.0,0.6774,0.7356,,True
False,0.0,,0.0188,0.7139,0.357,1.0,7513014.0,2.0,2.0,264.0,4.0,0.015151516,0.7086,0.7348,,True
False,0.0,,0.0038,0.6524,0.2175,2.0,9493108.0,3.0,3.0,264.0,1.0,0.003787879,0.7107,0.7379,,False
False,0.0,0.0024,0.0174,0.4319,0.144,3.0,18757587.0,3.0,3.0,265.0,3.0,0.011320755,0.603,0.7449,,False
False,0.0,0.0166,0.018,0.4146,0.1382,4.0,19717827.0,3.0,3.0,265.0,1.0,0.003773585,0.6037,0.7367,,False
False,0.0,,0.0183,0.3623,0.0906,5.0,23408641.0,4.0,4.0,269.0,4.0,0.014869888,0.53,0.7546,,True
False,0.0,0.0183,0.0037,0.3514,0.0879,6.0,23440994.0,4.0,4.0,265.0,4.0,0.01509434,0.5341,0.7565,,False
False,0.0,0.0132,0.0142,0.3065,0.0766,7.0,26443735.0,4.0,4.0,265.0,1.0,0.003773585,0.5618,0.77,,True
False,0.0,,0.0218,0.2761,0.0552,8.0,30063674.0,5.0,5.0,270.0,5.0,0.018518519,0.5237,0.7707,,True
False,0.0,,,0.2606,0.0521,9.0,30164130.0,5.0,6.0,265.0,5.0,0.018867925,0.525,0.7712,,True
False,0.0,,0.0182,0.2535,0.0422,10.0,31975927.0,6.0,7.0,269.0,4.0,0.014869888,0.5421,0.7744,,False
False,0.0,0.0077,0.0093,0.1848,0.0308,11.0,39047427.0,6.0,7.0,269.0,1.0,0.003717472,0.3619,0.8004,,False
False,0.0,,0.0179,0.1454,0.0208,12.0,46580932.0,7.0,8.0,273.0,4.0,0.014652015,0.3452,0.7431,,False
False,0.0,0.0049,0.0066,0.1119,0.016,13.0,52612804.0,7.0,8.0,273.0,1.0,0.0036630037,0.4108,0.731,,False
False,0.0,0.0064,0.0273,0.1285,0.0184,14.0,52974504.0,7.0,8.0,278.0,5.0,0.017985612,0.4152,0.7328,,False
False,0.0,,0.0069,0.1256,0.0209,15.0,55460981.0,6.0,8.0,137.0,142.0,1.0364964,0.7352,0.5172,,False
False,0.0,0.0321,0.0336,0.1139,0.019,16.0,57809279.0,6.0,8.0,137.0,1.0,0.00729927,0.7494,0.5359,,False
False,0.0,,1.0,1.0,1.0,0.0,0.0,1.0,1.0,89.0,89.0,1.0,0.8222,0.6502,,True
False,0.0,,0.0111,0.8706,0.4353,1.0,3025371.0,2.0,2.0,89.0,1.0,0.011235955,0.8236,0.6569,,False
False,0.0,,0.0111,0.534,0.267,2.0,13746145.0,2.0,3.0,89.0,1.0,0.011235955,0.6549,0.6947,,True
False,0.0,0.0075,0.0111,0.3627,0.1814,3.0,22366471.0,2.0,3.0,89.0,1.0,0.011235955,0.6136,0.7447,,False
False,0.0,0.0086,0.0111,0.2832,0.1416,4.0,27829474.0,2.0,3.0,89.0,1.0,0.011235955,0.5696,0.7563,,False
False,0.0,0.0067,0.0111,0.1753,0.0876,5.0,38720375.0,2.0,3.0,89.0,1.0,0.011235955,0.2662,0.7729,,True
False,0.0,0.01,0.0111,0.159,0.0795,6.0,41030179.0,2.0,3.0,89.0,1.0,0.011235955,0.3046,0.7689,,True
False,0.0,0.0067,0.0111,0.0997,0.0498,7.0,52024092.0,2.0,3.0,89.0,1.0,0.011235955,0.6426,0.7596,,False
False,0.0,0.0071,0.0111,0.0681,0.0341,8.0,61594388.0,2.0,3.0,89.0,1.0,0.011235955,0.7107,0.7379,,False
False,0.0,0.0069,0.0111,0.0465,0.0232,9.0,71819107.0,2.0,3.0,89.0,1.0,0.011235955,0.6037,0.7367,,False
False,0.0,0.0086,0.0419,0.0682,0.0341,10.0,77498968.0,2.0,3.0,89.0,3.0,0.033707865,0.5485,0.7519,,False
False,0.0,0.0399,0.0429,0.0679,0.0339,11.0,78545015.0,2.0,3.0,89.0,1.0,0.011235955,0.5618,0.77,,True
False,0.0,,0.0825,0.1269,0.0423,12.0,85971972.0,3.0,4.0,95.0,7.0,0.07368421,0.4312,0.8195,,False
False,0.0,0.0222,0.0268,0.1047,0.0349,13.0,91148707.0,3.0,4.0,95.0,1.0,0.010526316,0.3619,0.8004,,False
False,0.0,0.039,0.1649,0.1857,0.0619,14.0,102198109.0,3.0,4.0,106.0,12.0,0.11320755,0.3995,0.7383,,False
False,0.0,0.0125,0.0167,0.1695,0.0565,15.0,104714084.0,3.0,4.0,106.0,1.0,0.009433962,0.4108,0.731,,False
False,0.0,0.0131,0.015,0.1351,0.045,16.0,109910559.0,3.0,4.0,106.0,1.0,0.009433962,0.7494,0.5359,,False
False,0.0,,1.0,1.0,1.0,0.0,0.0,1.0,1.0,44.0,44.0,1.0,0.7406,0.5317,,False
False,0.0,,0.0222,0.9466,0.4733,1.0,1212453.0,2.0,2.0,44.0,1.0,0.022727273,0.7494,0.5359,,False
False,0.0,,1.0,1.0,1.0,0.0,0.0,1.0,1.0,146.0,146.0,1.0,0.6176,0.6499,,True
False,0.0,0.9454,0.9978,0.9978,0.9978,1.0,1224121.0,1.0,1.0,144.0,272.0,1.8888888,0.6609,0.6369,,True
False,0.0,,0.1618,0.9034,0.4517,2.0,3842151.0,2.0,2.0,170.0,27.0,0.15882353,0.6399,0.6468,,False
False,0.0,0.6093,0.6124,0.7454,0.3727,3.0,8117290.0,2.0,2.0,170.0,2.0,0.011764706,0.7327,0.6305,,False
False,0.0,,,0.706,0.353,4.0,9155473.0,2.0,3.0,160.0,10.0,0.0625,0.737,0.6452,,True
False,0.0,,0.1302,0.732,0.244,5.0,9343086.0,3.0,4.0,165.0,21.0,0.12727273,0.7432,0.6527,,False
False,0.0,0.5693,0.5569,0.7094,0.2365,6.0,10199090.0,3.0,4.0,145.0,20.0,0.13793103,0.755,0.6655,,True
False,0.0,0.01,0.0956,0.7322,0.2441,7.0,10292090.0,3.0,4.0,157.0,13.0,0.08280255,0.7551,0.6679,,False
False,0.0,,0.0062,0.5499,0.1375,8.0,16588025.0,4.0,4.0,157.0,1.0,0.006369427,0.8101,0.5358,,True
False,0.0,,,0.5263,0.1316,9.0,17529238.0,4.0,5.0,157.0,1.0,0.006369427,0.8108,0.5055,,True
False,0.0,,,0.4885,0.1221,10.0,18170710.0,4.0,5.0,135.0,22.0,0.16296296,0.8152,0.5114,,False
False,0.0,0.0085,0.0427,0.4577,0.1144,11.0,20558305.0,4.0,5.0,139.0,4.0,0.02877698,0.8164,0.5,,False
False,0.0,,0.0333,0.4042,0.0808,12.0,24365716.0,5.0,5.0,143.0,4.0,0.027972028,0.785,0.5576,,False
False,0.0,,,0.4074,0.0815,13.0,24370652.0,5.0,6.0,121.0,22.0,0.18181819,0.7896,0.5629,,False
False,0.0,0.0362,0.0725,0.4312,0.0862,14.0,24371157.0,5.0,6.0,103.0,26.0,0.2524272,0.788,0.5671,,False
False,0.0,,0.0352,0.4417,0.0736,15.0,24893694.0,6.0,7.0,106.0,4.0,0.03773585,0.7878,0.5688,,False
False,0.0,,,0.4406,0.0734,16.0,24968949.0,6.0,7.0,109.0,4.0,0.036697246,0.7845,0.5674,,False
False,0.0,0.0685,0.0685,0.44,0.0733,17.0,24980805.0,6.0,7.0,112.0,4.0,0.035714287,0.7846,0.5685,,False
False,0.0,0.0047,0.0386,0.4513,0.0752,18.0,25338920.0,6.0,7.0,116.0,4.0,0.03448276,0.7805,0.5647,,False
False,0.0,0.0648,0.0648,0.4495,0.0749,19.0,25428008.0,6.0,7.0,120.0,4.0,0.033333335,0.7806,0.5637,,False
False,0.0,,0.0621,0.4472,0.0745,20.0,25489882.0,6.0,7.0,105.0,30.0,0.2857143,0.7837,0.5701,,False
False,0.0,0.0619,0.0688,0.4241,0.0848,21.0,26782960.0,5.0,7.0,105.0,1.0,0.00952381,0.78,0.5697,,False
False,0.0,,0.0333,0.4252,0.0709,22.0,27742344.0,6.0,8.0,109.0,4.0,0.036697246,0.7541,0.5971,,True
False,0.0,0.0255,0.0569,0.3461,0.0577,23.0,33538276.0,6.0,8.0,113.0,4.0,0.03539823,0.8019,0.6001,,True
False,0.0,,0.1143,0.418,0.0597,24.0,33789739.0,7.0,8.0,129.0,16.0,0.12403101,0.8011,0.5976,,False
False,0.0,0.0372,0.0392,0.3806,0.0544,25.0,35944635.0,7.0,8.0,129.0,1.0,0.007751938,0.8012,0.592,,True
False,0.0,0.0813,0.1068,0.3178,0.0454,26.0,41144010.0,7.0,8.0,133.0,4.0,0.030075189,0.7816,0.5311,,True
False,0.0,,0.2373,0.4711,0.0589,27.0,41935249.0,8.0,9.0,188.0,55.0,0.2925532,0.7855,0.5625,,False
False,0.0,0.2373,0.3156,0.5254,0.0657,28.0,41944535.0,8.0,9.0,214.0,26.0,0.12149533,0.7871,0.5737,,False
False,0.0,0.0121,0.0159,0.4012,0.0501,29.0,47970747.0,8.0,9.0,214.0,1.0,0.004672897,0.7527,0.6514,,False
False,0.0,0.051,0.1624,0.4562,0.057,30.0,48931988.0,8.0,9.0,248.0,34.0,0.13709678,0.7365,0.6153,,False
False,0.0,,0.0034,0.4219,0.0469,31.0,50721216.0,9.0,10.0,248.0,1.0,0.004032258,0.7226,0.6187,,True
False,0.0,0.0071,0.0234,0.4022,0.0447,32.0,52288507.0,9.0,10.0,252.0,4.0,0.015873017,0.7109,0.6177,,False
False,0.0,0.0136,0.1001,0.2998,0.0333,33.0,64020929.0,9.0,10.0,278.0,27.0,0.097122304,0.7314,0.7239,,False
False,0.0,,0.003,0.2738,0.0304,34.0,66109570.0,9.0,11.0,278.0,1.0,0.0035971224,0.6927,0.6911,,True
False,0.0,0.003,0.006,0.2723,0.0303,35.0,66449022.0,9.0,11.0,278.0,1.0,0.0035971224,0.6878,0.6896,,True
False,0.0,0.0045,0.0193,0.2401,0.0267,36.0,70228198.0,9.0,11.0,282.0,4.0,0.014184397,0.642,0.69,,True
False,0.0,0.0049,0.0054,0.2359,0.0262,37.0,70672254.0,9.0,11.0,282.0,1.0,0.0035460992,0.6532,0.6971,,False
False,0.0,0.0032,0.0044,0.1383,0.0154,38.0,82358215.0,9.0,11.0,282.0,1.0,0.0035460992,0.6318,0.5913,,True
False,0.0,,0.0261,0.1461,0.0146,39.0,84847424.0,10.0,12.0,290.0,8.0,0.027586207,0.6187,0.5838,,False
False,0.0,0.0037,0.0179,0.1518,0.0152,40.0,85870806.0,10.0,12.0,294.0,4.0,0.013605442,0.625,0.5805,,True
False,0.0,0.0179,0.0207,0.1536,0.0154,41.0,85875685.0,10.0,12.0,294.0,1.0,0.0034013605,0.6217,0.5802,,False
False,0.0,0.0181,0.0188,0.1345,0.0135,42.0,88833833.0,10.0,12.0,294.0,1.0,0.0034013605,0.6307,0.6182,,False
False,0.0,,0.0141,0.1352,0.0123,43.0,90808487.0,11.0,13.0,298.0,4.0,0.013422819,0.5631,0.5753,,False
False,0.0,0.0153,0.1467,0.2269,0.0206,44.0,95736629.0,11.0,13.0,344.0,50.0,0.14534883,0.7801,0.5043,,False
False,0.0,0.0111,0.0136,0.2161,0.0196,45.0,97035488.0,11.0,13.0,344.0,1.0,0.0029069767,0.7858,0.5151,,False
False,0.0,,0.0122,0.2164,0.018,46.0,97994301.0,12.0,14.0,348.0,4.0,0.011494253,0.7901,0.502,,True
False,0.0,,0.0559,0.2156,0.0166,47.0,102746074.0,13.0,15.0,366.0,23.0,0.06284153,0.8281,0.6204,,False
False,0.0,,0.0023,0.2151,0.0154,48.0,102897088.0,14.0,16.0,366.0,1.0,0.0027322404,0.8293,0.6211,,False
False,0.0,,0.0115,0.2012,0.0134,49.0,105329783.0,15.0,17.0,370.0,4.0,0.010810811,0.8241,0.6186,,False
False,0.0,,0.0114,0.2002,0.0125,50.0,106456642.0,16.0,18.0,374.0,4.0,0.010695187,0.8211,0.6352,,True
False,0.0,0.0387,0.041,0.1688,0.0113,51.0,110250683.0,15.0,18.0,374.0,1.0,0.0026737968,0.8236,0.6569,,False
False,0.0,,0.0113,0.1611,0.0101,52.0,112572180.0,16.0,18.0,378.0,4.0,0.01058201,0.7903,0.6795,,False
False,0.0,0.0029,0.0052,0.1099,0.0069,53.0,120971457.0,16.0,18.0,378.0,1.0,0.0026455026,0.6549,0.6947,,True
False,0.0,0.0022,0.0009,0.085,0.0053,54.0,126399267.0,16.0,18.0,374.0,4.0,0.010695187,0.618,0.7405,,False
False,0.0,0.0006,0.0008,0.0828,0.0052,55.0,128818962.0,16.0,18.0,297.0,77.0,0.25925925,0.6359,0.7363,,False
False,0.0,0.0042,0.0051,0.0808,0.0051,56.0,129591783.0,16.0,18.0,297.0,1.0,0.0033670033,0.6136,0.7447,,False
False,0.0,0.004,0.0046,0.0633,0.004,57.0,135054786.0,16.0,18.0,297.0,1.0,0.0033670033,0.5696,0.7563,,False
False,0.0,0.0038,0.0093,0.0573,0.0036,58.0,139298849.0,16.0,18.0,297.0,2.0,0.0067340066,0.3941,0.7711,,False
False,0.0,0.0118,0.0119,0.0555,0.0035,59.0,139895220.0,16.0,18.0,296.0,1.0,0.0033783785,0.3966,0.7732,,False
False,0.0,0.0077,0.0212,0.06,0.0038,60.0,143503283.0,16.0,18.0,300.0,4.0,0.013333334,0.3582,0.7743,,True
False,0.0,0.0031,0.0165,0.0691,0.0043,61.0,144812047.0,16.0,18.0,304.0,4.0,0.013157895,0.2758,0.7805,,True
False,0.0,0.0165,0.0165,0.0691,0.0043,62.0,144812307.0,16.0,18.0,304.0,1.0,0.0032894737,0.2763,0.7806,,True
False,0.0,0.0187,0.0198,0.0667,0.0042,63.0,145945687.0,16.0,18.0,304.0,1.0,0.0032894737,0.2662,0.7729,,True
False,0.0,0.0177,0.018,0.0602,0.0038,64.0,148255491.0,16.0,18.0,304.0,1.0,0.0032894737,0.3046,0.7689,,True
False,0.0,,,0.054,0.0034,65.0,150550058.0,16.0,19.0,295.0,9.0,0.030508475,0.3651,0.7557,,False
False,0.0,0.0164,0.0166,0.054,0.0034,66.0,150785981.0,16.0,19.0,291.0,4.0,0.013745705,0.4525,0.754,,False
False,0.0,0.0002,0.0002,0.0498,0.0031,67.0,152577084.0,16.0,19.0,287.0,4.0,0.013937282,0.4677,0.7435,,False
True,1.0,0.0002,0.003,0.041,0.0026,68.0,158133642.0,16.0,19.0,287.0,1.0,0.0034843206,0.6346,0.7608,,False
False,1.0,0.0113,0.0125,0.0401,0.0025,69.0,159249404.0,16.0,19.0,287.0,1.0,0.0034843206,0.6426,0.7596,,False
False,1.0,,0.0435,0.0725,0.0081,70.0,159326592.0,9.0,20.0,68.0,225.0,3.3088236,0.6774,0.7356,,True
False,1.0,0.0049,0.0075,0.0494,0.0055,71.0,168819700.0,9.0,20.0,68.0,1.0,0.014705882,0.7107,0.7379,,False
False,1.0,0.0047,0.0074,0.0334,0.0037,72.0,179044419.0,9.0,20.0,68.0,1.0,0.014705882,0.6037,0.7367,,False
False,1.0,0.0054,0.0074,0.0264,0.0029,73.0,185770327.0,9.0,20.0,68.0,1.0,0.014705882,0.5618,0.77,,True
False,1.0,0.0041,0.0073,0.0179,0.002,74.0,198374019.0,9.0,20.0,68.0,1.0,0.014705882,0.3619,0.8004,,False
False,1.0,0.0039,0.0073,0.0129,0.0014,75.0,211939396.0,9.0,20.0,68.0,1.0,0.014705882,0.4108,0.731,,False
False,1.0,0.0057,0.0073,0.0117,0.0013,76.0,217135871.0,9.0,20.0,68.0,1.0,0.014705882,0.7494,0.5359,,False
False,0.0,,1.0,1.0,1.0,0.0,0.0,1.0,1.0,105.0,105.0,1.0,0.6774,0.7356,,True
False,0.0,,0.0094,0.6494,0.3247,1.0,9493108.0,2.0,2.0,105.0,1.0,0.00952381,0.7107,0.7379,,False
False,0.0,0.0059,0.0094,0.4066,0.2033,2.0,19717827.0,2.0,2.0,105.0,1.0,0.00952381,0.6037,0.7367,,False
False,0.0,0.0069,0.0094,0.3,0.15,3.0,26443735.0,2.0,2.0,105.0,1.0,0.00952381,0.5618,0.77,,True
False,0.0,0.0053,0.0094,0.1719,0.086,4.0,39047427.0,2.0,2.0,105.0,1.0,0.00952381,0.3619,0.8004,,False
False,0.0,0.005,0.0094,0.096,0.048,5.0,52612804.0,2.0,2.0,105.0,1.0,0.00952381,0.4108,0.731,,False
False,0.0,0.0093,0.0097,0.0946,0.0473,6.0,52974504.0,2.0,2.0,100.0,5.0,0.05,0.4152,0.7328,,False
False,0.0,,0.0561,0.1454,0.0485,7.0,53032072.0,3.0,3.0,105.0,5.0,0.04761905,0.4338,0.7359,,False
False,0.0,0.0073,0.0093,0.1183,0.0394,8.0,57809279.0,3.0,3.0,105.0,1.0,0.00952381,0.7494,0.5359,,False
False,0.0,,1.0,1.0,1.0,0.0,0.0,1.0,1.0,89.0,89.0,1.0,0.8222,0.6502,,True
False,0.0,,0.0111,0.8706,0.4353,1.0,3025371.0,2.0,2.0,89.0,1.0,0.011235955,0.8236,0.6569,,False
False,0.0,,0.0111,0.534,0.267,2.0,13746145.0,2.0,3.0,89.0,1.0,0.011235955,0.6549,0.6947,,True
False,0.0,0.0075,0.0111,0.3627,0.1814,3.0,22366471.0,2.0,3.0,89.0,1.0,0.011235955,0.6136,0.7447,,False
False,0.0,0.0086,0.0111,0.2832,0.1416,4.0,27829474.0,2.0,3.0,89.0,1.0,0.011235955,0.5696,0.7563,,False
False,0.0,0.0067,0.0111,0.1753,0.0876,5.0,38720375.0,2.0,3.0,89.0,1.0,0.011235955,0.2662,0.7729,,True
False,0.0,0.01,0.0111,0.159,0.0795,6.0,41030179.0,2.0,3.0,89.0,1.0,0.011235955,0.3046,0.7689,,True
False,0.0,0.0067,0.0111,0.0997,0.0498,7.0,52024092.0,2.0,3.0,89.0,1.0,0.011235955,0.6426,0.7596,,False
False,0.0,0.0071,0.0111,0.0681,0.0341,8.0,61594388.0,2.0,3.0,89.0,1.0,0.011235955,0.7107,0.7379,,False
False,0.0,0.0069,0.0111,0.0465,0.0232,9.0,71819107.0,2.0,3.0,89.0,1.0,0.011235955,0.6037,0.7367,,False
False,0.0,0.0086,0.0419,0.0682,0.0341,10.0,77498968.0,2.0,3.0,89.0,3.0,0.033707865,0.5485,0.7519,,False
False,0.0,0.0399,0.0429,0.0679,0.0339,11.0,78545015.0,2.0,3.0,89.0,1.0,0.011235955,0.5618,0.77,,True
False,0.0,,0.0825,0.1269,0.0423,12.0,85971972.0,3.0,4.0,95.0,7.0,0.07368421,0.4312,0.8195,,False
False,0.0,0.0222,0.0268,0.1047,0.0349,13.0,91148707.0,3.0,4.0,95.0,1.0,0.010526316,0.3619,0.8004,,False
False,0.0,0.039,0.1649,0.1857,0.0619,14.0,102198109.0,3.0,4.0,106.0,12.0,0.11320755,0.3995,0.7383,,False
False,0.0,0.0125,0.0167,0.1695,0.0565,15.0,104714084.0,3.0,4.0,106.0,1.0,0.009433962,0.4108,0.731,,False
False,0.0,0.0131,0.015,0.1351,0.045,16.0,109910559.0,3.0,4.0,106.0,1.0,0.009433962,0.7494,0.5359,,False
False,0.0,,1.0,1.0,1.0,0.0,0.0,1.0,1.0,2.0,2.0,1.0,0.8304,0.5913,,True
False,0.0,1.0,1.0,1.0,1.0,1.0,55196.0,1.0,1.0,2.0,2.0,1.0,0.831,0.5944,,True
False,0.0,,0.4,0.8865,0.4432,2.0,4615719.0,2.0,2.0,3.0,1.0,0.33333334,0.8206,0.633,,False
False,0.0,,0.4,0.9268,0.3089,3.0,5998982.0,3.0,3.0,3.0,2.0,0.6666667,0.8197,0.6533,,True
False,0.0,,0.4,0.7629,0.2543,4.0,14039524.0,3.0,4.0,3.0,2.0,0.6666667,0.7495,0.6717,,False
False,0.0,0.3145,0.4,0.6853,0.2284,5.0,19237061.0,3.0,4.0,3.0,2.0,0.6666667,0.6549,0.6947,,True
False,0.0,0.269,0.4,0.5911,0.197,6.0,27857387.0,3.0,4.0,3.0,2.0,0.6666667,0.6136,0.7447,,False
False,0.0,0.3107,0.4,0.5485,0.1828,7.0,33320390.0,3.0,4.0,3.0,2.0,0.6666667,0.5696,0.7563,,False
False,0.0,0.2414,0.4,0.4896,0.1632,8.0,44211291.0,3.0,4.0,3.0,2.0,0.6666667,0.2662,0.7729,,True
False,0.0,0.3604,0.4,0.4804,0.1601,9.0,46521095.0,3.0,4.0,3.0,2.0,0.6666667,0.3046,0.7689,,True
False,0.0,0.2404,0.4,0.4483,0.1494,10.0,57515008.0,3.0,4.0,3.0,2.0,0.6666667,0.6426,0.7596,,False
False,0.0,0.2574,0.4,0.431,0.1437,11.0,67085304.0,3.0,4.0,3.0,2.0,0.6666667,0.7107,0.7379,,False
False,0.0,0.2493,0.4,0.4193,0.1398,12.0,77310023.0,3.0,4.0,3.0,2.0,0.6666667,0.6037,0.7367,,False
False,0.0,0.2938,0.4,0.4141,0.138,13.0,84035931.0,3.0,4.0,3.0,2.0,0.6666667,0.5618,0.77,,True
False,0.0,0.2237,0.4,0.4079,0.136,14.0,96639623.0,3.0,4.0,3.0,2.0,0.6666667,0.3619,0.8004,,False
False,0.0,0.2132,0.4,0.4042,0.1347,15.0,110205000.0,3.0,4.0,3.0,2.0,0.6666667,0.4108,0.731,,False
False,0.0,0.3145,0.4,0.4033,0.1344,16.0,115401475.0,3.0,4.0,3.0,2.0,0.6666667,0.7494,0.5359,,False
False,0.0,,1.0,1.0,1.0,0.0,0.0,1.0,1.0,6.0,6.0,1.0,0.7835,0.5071,,True
False,0.0,,1.0,1.0,1.0,0.0,0.0,1.0,1.0,10.0,10.0,1.0,0.7801,0.5043,,False
False,0.0,,1.0,1.0,1.0,0.0,0.0,1.0,1.0,1.0,1.0,1.0,0.3987,0.7829,,False
False,0.0,,1.0,1.0,1.0,0.0,0.0,1.0,1.0,20.0,20.0,1.0,0.7809,0.5457,2.0,True
False,0.0,,,0.996,0.996,1.0,156642.0,1.0,2.0,40.0,20.0,0.5,0.785,0.5576,,False
False,0.0,,,0.996,0.996,2.0,162083.0,1.0,2.0,60.0,20.0,0.33333334,0.788,0.5671,,False
False,0.0,,0.8333,0.8394,0.4197,3.0,71432012.0,2.0,3.0,84.0,38.0,0.45238096,0.7719,0.4873,5.0,True
False,0.0,,1.0,1.0,1.0,0.0,0.0,1.0,1.0,11.0,11.0,1.0,0.3987,0.7829,0.0,False
False,0.0,,1.0,1.0,1.0,0.0,0.0,1.0,1.0,21.0,21.0,1.0,0.5662,0.6162,1.0,True
False,0.0,,0.3125,0.4685,0.2343,1.0,32047349.0,2.0,2.0,27.0,6.0,0.22222222,0.7831,0.5917,1.0,True
False,0.0,,0.0323,0.0543,0.0181,2.0,96765547.0,3.0,3.0,26.0,2.0,0.07692308,0.7719,0.4873,1.0,True
False,0.0,,1.0,1.0,1.0,0.0,0.0,1.0,1.0,330.0,330.0,1.0,0.7831,0.5917,,True
False,0.0,,0.003,0.7932,0.3966,1.0,5021747.0,2.0,2.0,330.0,1.0,0.003030303,0.8012,0.592,,True
False,0.0,,0.003,0.5264,0.1755,2.0,13916853.0,3.0,3.0,330.0,1.0,0.003030303,0.7769,0.5631,,False
False,0.0,,0.003,0.4573,0.1143,3.0,17047859.0,4.0,4.0,330.0,1.0,0.003030303,0.7527,0.6514,,False
False,0.0,0.0023,0.0053,0.4038,0.1346,4.0,19798328.0,3.0,4.0,330.0,1.0,0.003030303,0.7226,0.6187,,True
False,0.0,0.0053,0.006,0.4029,0.1343,5.0,19882754.0,3.0,4.0,330.0,1.0,0.003030303,0.718,0.6176,,False
False,0.0,,0.006,0.3444,0.0861,6.0,23511461.0,4.0,5.0,331.0,1.0,0.003021148,0.6773,0.6372,,False
False,0.0,0.0014,0.0044,0.0828,0.0207,7.0,54952797.0,4.0,5.0,331.0,1.0,0.003021148,0.6217,0.5802,,False
False,0.0,0.052,0.053,0.053,0.053,8.0,63342758.0,1.0,5.0,0.0,331.0,inf,0.7088,0.4749,,True
False,0.0,,1.0,1.0,1.0,0.0,0.0,1.0,1.0,3.0,3.0,1.0,0.3987,0.7829,,False
False,0.0,,1.0,1.0,1.0,0.0,0.0,1.0,1.0,58.0,58.0,1.0,0.7831,0.5917,2.0,True
False,0.0,0.053,0.053,0.053,0.053,1.0,63342758.0,1.0,1.0,0.0,58.0,inf,0.7088,0.4749,,True
False,0.0,,1.0,1.0,1.0,0.0,0.0,1.0,1.0,52.0,52.0,1.0,0.7017,0.7384,3.0,True
False,0.0,,0.1587,0.9735,0.4867,1.0,751499.0,2.0,2.0,61.0,9.0,0.14754099,0.6974,0.7413,4.0,False
False,0.0,,0.0159,0.3565,0.1188,2.0,23054882.0,3.0,3.0,61.0,1.0,0.016393442,0.5268,0.755,4.0,True
False,0.0,0.1997,0.236,0.2853,0.0951,3.0,30654102.0,3.0,3.0,62.0,2.0,0.032258064,0.5492,0.7721,4.0,False
False,0.0,0.2353,0.2469,0.296,0.0987,4.0,30733925.0,3.0,3.0,62.0,1.0,0.016129032,0.5492,0.7717,4.0,False
False,0.0,0.2253,0.2172,0.2628,0.0876,5.0,32680777.0,3.0,3.0,61.0,3.0,0.04918033,0.4374,0.8244,4.0,False
False,0.0,,1.0,1.0,1.0,0.0,0.0,1.0,1.0,242.0,242.0,1.0,0.7874,0.5354,,True
False,0.0,,0.0376,0.8034,0.4017,1.0,4995931.0,2.0,2.0,212.0,38.0,0.17924528,0.8101,0.5358,,True
False,0.0,,0.2705,0.7151,0.2384,2.0,10953969.0,3.0,3.0,290.0,78.0,0.2689655,0.7997,0.5181,,True
False,0.0,0.2517,0.381,0.7231,0.241,3.0,12513492.0,3.0,3.0,350.0,60.0,0.17142858,0.7848,0.533,,True
False,0.0,0.3765,0.5535,0.7955,0.2652,4.0,12773622.0,3.0,3.0,488.0,138.0,0.28278688,0.785,0.5576,,False
False,0.0,0.5535,0.6523,0.8408,0.2803,5.0,12779063.0,3.0,3.0,626.0,138.0,0.22044729,0.788,0.5671,,False
False,0.0,,0.0032,0.5918,0.148,6.0,20387547.0,4.0,4.0,626.0,2.0,0.0031948881,0.7841,0.5937,,False
False,0.0,,0.0016,0.1862,0.0372,7.0,45508999.0,5.0,5.0,626.0,1.0,0.0015974441,0.6869,0.6764,,False
False,0.0,,,0.0826,0.0165,8.0,63603167.0,5.0,6.0,577.0,49.0,0.08492201,0.6741,0.6507,,False
False,0.0,,0.0186,0.0653,0.0109,9.0,75499805.0,6.0,7.0,581.0,7.0,0.012048192,0.6138,0.5858,,True
False,0.0,,1.0,1.0,1.0,0.0,0.0,1.0,1.0,562.0,562.0,1.0,0.7831,0.5917,32.0,True
False,0.0,,0.0088,0.9237,0.4618,1.0,1772556.0,2.0,2.0,564.0,4.0,0.0070921984,0.7934,0.579,32.0,True
False,0.0,,0.0308,0.8909,0.297,2.0,2615388.0,3.0,3.0,580.0,16.0,0.027586207,0.8019,0.6001,33.0,True
False,0.0,,0.0381,0.6402,0.1601,3.0,10221122.0,4.0,4.0,595.0,19.0,0.031932775,0.7816,0.5311,34.0,True
False,0.0,0.0356,0.0326,0.5969,0.1492,4.0,11691640.0,4.0,4.0,593.0,2.0,0.0033726813,0.7856,0.5716,34.0,False
False,0.0,,0.029,0.5972,0.1194,5.0,12119845.0,5.0,5.0,609.0,16.0,0.026272578,0.7852,0.5721,35.0,True
False,0.0,,0.0064,0.5879,0.098,6.0,12610440.0,6.0,6.0,611.0,2.0,0.0032733225,0.7806,0.5664,35.0,True
False,0.0,0.0172,0.0172,0.5852,0.0975,7.0,12624427.0,6.0,6.0,610.0,1.0,0.0016393443,0.7806,0.5662,35.0,False
False,0.0,0.0247,0.0263,0.4778,0.0796,8.0,17045744.0,6.0,6.0,610.0,1.0,0.0016393443,0.7512,0.6497,35.0,False
False,0.0,,,0.3262,0.0544,9.0,25246881.0,6.0,7.0,609.0,1.0,0.0016420361,0.6922,0.658,35.0,False
False,0.0,,0.0386,0.3411,0.0487,10.0,26007236.0,7.0,7.0,632.0,23.0,0.036392406,0.6645,0.6622,36.0,True
False,0.0,0.0386,0.0757,0.3668,0.0524,11.0,26027152.0,7.0,7.0,632.0,24.0,0.03797468,0.6911,0.672,36.0,True
False,0.0,0.0741,0.0769,0.3605,0.0515,12.0,26532183.0,7.0,7.0,621.0,12.0,0.019323671,0.69,0.6852,36.0,False
False,0.0,,0.0016,0.3247,0.0406,13.0,28862594.0,8.0,8.0,621.0,1.0,0.001610306,0.7106,0.7143,36.0,True
False,0.0,0.069,0.0735,0.3268,0.0467,14.0,28870041.0,7.0,8.0,622.0,2.0,0.003215434,0.7134,0.7149,36.0,False
False,0.0,0.0664,0.1317,0.3447,0.0492,15.0,31043382.0,7.0,8.0,665.0,43.0,0.06466165,0.722,0.7125,39.0,True
False,0.0,0.1191,0.1157,0.3086,0.0441,16.0,33269985.0,7.0,8.0,662.0,4.0,0.006042296,0.7288,0.7297,39.0,False
False,0.0,,0.0249,0.202,0.0253,17.0,44272482.0,8.0,9.0,662.0,17.0,0.025679758,0.6607,0.6609,39.0,False
False,0.0,0.0402,0.0875,0.1268,0.0159,18.0,63342758.0,8.0,9.0,667.0,30.0,0.044977512,0.7088,0.4749,39.0,True
False,0.0,,0.0756,0.1802,0.02,19.0,64718198.0,9.0,10.0,648.0,70.0,0.108024694,0.7719,0.4873,39.0,True
False,0.0,0.0021,0.0454,0.2154,0.0239,20.0,64895690.0,9.0,10.0,661.0,40.0,0.06051437,0.7787,0.5157,40.0,True
False,0.0,0.0411,0.0733,0.2217,0.0246,21.0,67071413.0,9.0,10.0,683.0,22.0,0.032210834,0.7901,0.502,42.0,True
False,0.0,,0.0272,0.173,0.0173,22.0,75533754.0,10.0,11.0,701.0,18.0,0.025677603,0.8211,0.6352,43.0,True
False,0.0,0.0409,0.0683,0.1925,0.0192,23.0,76135028.0,10.0,11.0,708.0,18.0,0.025423728,0.818,0.6462,43.0,True
False,0.0,0.0682,0.0709,0.1938,0.0194,24.0,76214796.0,10.0,11.0,707.0,3.0,0.0042432817,0.8179,0.6451,43.0,False
False,0.0,,0.0053,0.1955,0.0178,25.0,76231267.0,11.0,12.0,708.0,3.0,0.004237288,0.8179,0.6447,43.0,False
False,0.0,,0.0013,0.1481,0.0123,26.0,82441397.0,12.0,13.0,707.0,2.0,0.0028288544,0.7875,0.6839,43.0,False
False,0.0,0.0013,0.0026,0.1427,0.0119,27.0,83458798.0,12.0,13.0,707.0,1.0,0.0014144272,0.7571,0.6726,43.0,True
False,0.0,0.0064,0.0077,0.1314,0.011,28.0,85454017.0,12.0,13.0,707.0,1.0,0.0014144272,0.732,0.6613,43.0,False
False,0.0,0.0029,0.0096,0.1328,0.0111,29.0,86347273.0,12.0,13.0,704.0,8.0,0.011363637,0.71,0.6733,43.0,True
False,0.0,0.0053,0.0057,0.0954,0.008,30.0,93588476.0,12.0,13.0,704.0,1.0,0.0014204546,0.6734,0.6873,43.0,False
False,0.0,,0.0013,0.0883,0.0068,31.0,95507797.0,13.0,14.0,704.0,1.0,0.0014204546,0.618,0.7389,43.0,False
False,0.0,0.0031,0.0084,0.0571,0.0044,32.0,106963876.0,13.0,14.0,707.0,3.0,0.0042432817,0.4835,0.7668,43.0,False
False,0.0,0.0046,0.0047,0.0316,0.0024,33.0,119863093.0,13.0,14.0,690.0,17.0,0.02463768,0.4525,0.754,42.0,False
False,0.0,0.0037,0.0048,0.0259,0.002,34.0,125026321.0,13.0,14.0,690.0,1.0,0.0014492754,0.5448,0.7387,42.0,False
False,0.0,0.0046,0.0087,0.029,0.0022,35.0,125823207.0,13.0,14.0,690.0,3.0,0.004347826,0.5566,0.7505,42.0,False
False,0.0,0.0004,0.0058,0.0331,0.0025,36.0,126859550.0,13.0,14.0,690.0,4.0,0.0057971017,0.6098,0.7544,42.0,False
False,0.0,0.0002,0.0056,0.0151,0.0012,37.0,153234170.0,13.0,14.0,693.0,3.0,0.0043290043,0.543,0.7568,42.0,False
False,0.0,0.0056,0.0015,0.0111,0.0009,38.0,153235990.0,13.0,14.0,690.0,3.0,0.004347826,0.5438,0.7566,42.0,False
False,0.0,0.0017,0.0044,0.0136,0.001,39.0,153471871.0,13.0,14.0,690.0,2.0,0.0028985508,0.5402,0.7557,42.0,False
False,0.0,0.0043,0.0479,0.0566,0.0044,40.0,154053632.0,13.0,14.0,690.0,32.0,0.046376813,0.5562,0.7527,42.0,False
False,0.0,0.0023,0.0446,0.0566,0.0044,41.0,154141636.0,13.0,14.0,690.0,31.0,0.044927537,0.555,0.7582,42.0,False
False,0.0,0.0056,0.0176,0.068,0.0052,42.0,154156455.0,13.0,14.0,697.0,7.0,0.010043042,0.554,0.7587,43.0,False
False,0.0,,0.0199,0.0836,0.006,43.0,154422840.0,14.0,15.0,705.0,16.0,0.022695035,0.5591,0.7594,43.0,False
False,0.0,0.0422,0.0429,0.069,0.0049,44.0,154753952.0,14.0,15.0,693.0,12.0,0.017316017,0.5503,0.7667,43.0,False
False,0.0,0.0395,0.0434,0.0673,0.0048,45.0,156569187.0,14.0,15.0,694.0,2.0,0.0028818443,0.5371,0.76,43.0,False
False,0.0,0.0013,0.0053,0.0617,0.0044,46.0,159493933.0,14.0,15.0,695.0,2.0,0.0028776978,0.5492,0.7717,43.0,False
False,0.0,,0.0107,0.0706,0.0047,47.0,159523364.0,15.0,16.0,700.0,7.0,0.01,0.5487,0.7725,43.0,False
False,0.0,0.0052,0.0079,0.0641,0.0043,48.0,159614557.0,15.0,16.0,695.0,7.0,0.010071943,0.5398,0.7773,43.0,False
False,0.0,0.0079,0.0106,0.0669,0.0045,49.0,159630151.0,15.0,16.0,694.0,4.0,0.0057636886,0.54,0.7772,43.0,False
False,0.0,,1.0,1.0,1.0,0.0,0.0,1.0,1.0,645.0,645.0,1.0,0.8115,0.5214,,True
False,0.0,,0.2835,0.787,0.3935,1.0,7606564.0,2.0,2.0,875.0,236.0,0.2697143,0.7848,0.533,,True
False,0.0,0.2801,0.4406,0.8272,0.4136,2.0,7866694.0,2.0,2.0,1105.0,236.0,0.21357466,0.785,0.5576,,False
False,0.0,0.4406,0.5437,0.859,0.4295,3.0,7872135.0,2.0,2.0,1335.0,236.0,0.17677903,0.788,0.5671,,False
False,0.0,,0.0029,0.362,0.1207,4.0,26626666.0,3.0,3.0,1335.0,4.0,0.0029962547,0.7809,0.5714,,False
False,0.0,,0.0021,0.3112,0.0778,5.0,29976795.0,4.0,4.0,1335.0,3.0,0.002247191,0.7526,0.6614,,False
False,0.0,,0.0021,0.1185,0.0237,6.0,51142864.0,5.0,5.0,1335.0,3.0,0.002247191,0.69,0.6975,,False
False,0.0,0.002,0.0021,0.1091,0.0218,7.0,52954383.0,5.0,5.0,1335.0,3.0,0.002247191,0.6675,0.6787,,False
False,0.0,,,0.0712,0.0356,8.0,60564618.0,2.0,6.0,460.0,875.0,1.9021739,0.6287,0.6016,,False
False,0.0,,1.0,1.0,1.0,0.0,0.0,1.0,1.0,151.0,151.0,1.0,0.6972,0.7422,,True
False,0.0,,0.1603,0.9606,0.4803,1.0,1059223.0,2.0,2.0,153.0,23.0,0.1503268,0.7171,0.7372,,True
False,0.0,0.1603,0.1914,0.962,0.481,2.0,1067421.0,2.0,2.0,158.0,5.0,0.03164557,0.7072,0.7326,,False
False,0.0,0.1914,0.1656,0.9576,0.4788,3.0,1135062.0,2.0,2.0,153.0,5.0,0.03267974,0.7072,0.7326,,False
False,0.0,0.1559,0.192,0.9088,0.4544,4.0,2368766.0,2.0,2.0,159.0,6.0,0.03773585,0.7126,0.7359,,True
False,0.0,0.1859,0.1957,0.8788,0.4394,5.0,3130070.0,2.0,2.0,160.0,1.0,0.00625,0.7121,0.7348,,False
False,0.0,,0.0128,0.4484,0.1495,6.0,18010578.0,3.0,3.0,149.0,13.0,0.087248325,0.5417,0.7599,,False
False,0.0,,0.037,0.3457,0.0864,7.0,25244826.0,4.0,4.0,154.0,5.0,0.032467533,0.5444,0.7754,,True
False,0.0,,,0.3246,0.0812,8.0,25264015.0,4.0,5.0,149.0,5.0,0.033557046,0.5393,0.777,,False
False,0.0,,1.0,1.0,1.0,0.0,0.0,1.0,1.0,70.0,70.0,1.0,0.6647,0.6456,1.0,True
False,0.0,0.9267,0.9593,0.9593,0.9593,1.0,1679176.0,1.0,1.0,78.0,36.0,0.46153846,0.7317,0.6306,2.0,True
False,0.0,0.9572,0.9596,0.9596,0.9596,2.0,1747643.0,1.0,1.0,80.0,3.0,0.0375,0.7323,0.6305,2.0,True
False,0.0,,0.0353,0.9601,0.4801,3.0,1758022.0,2.0,2.0,80.0,3.0,0.0375,0.7327,0.6306,2.0,True
False,0.0,0.8958,0.895,0.9297,0.4648,4.0,2427724.0,2.0,2.0,79.0,1.0,0.012658228,0.7292,0.6403,2.0,False
False,0.0,0.8194,0.8208,0.8529,0.4265,5.0,4337755.0,2.0,2.0,78.0,2.0,0.025641026,0.7547,0.6711,2.0,True
False,0.0,0.0244,0.0902,0.6707,0.3354,6.0,10288934.0,2.0,2.0,82.0,4.0,0.048780486,0.8179,0.5178,2.0,True
False,0.0,,0.043,0.5163,0.1721,7.0,16859257.0,3.0,3.0,84.0,2.0,0.023809524,0.7975,0.526,2.0,True
False,0.0,0.0408,0.0804,0.5111,0.1704,8.0,18000902.0,3.0,3.0,86.0,2.0,0.023255814,0.7809,0.5457,2.0,True
False,0.0,,0.0673,0.5404,0.1351,9.0,18157544.0,4.0,4.0,90.0,4.0,0.044444446,0.785,0.5576,,False
False,0.0,0.0673,0.1261,0.5694,0.1423,10.0,18162985.0,4.0,4.0,94.0,4.0,0.04255319,0.788,0.5671,,False
False,0.0,0.0478,0.0569,0.5476,0.1369,11.0,19201091.0,4.0,4.0,94.0,1.0,0.010638298,0.7806,0.564,2.0,False
False,0.0,0.1202,0.1202,0.5469,0.1367,12.0,19219836.0,4.0,4.0,94.0,1.0,0.010638298,0.7806,0.5637,,False
False,0.0,,,0.5457,0.1364,13.0,19281710.0,4.0,5.0,94.0,1.0,0.010638298,0.7837,0.5701,,False
False,0.0,0.0951,0.1041,0.4386,0.1097,14.0,24294496.0,4.0,5.0,94.0,1.0,0.010638298,0.7468,0.6036,2.0,False
False,0.0,0.1039,0.1351,0.4579,0.1145,15.0,24302927.0,4.0,5.0,96.0,2.0,0.020833334,0.7478,0.604,2.0,False
False,0.0,,0.1374,0.527,0.1054,16.0,24714716.0,5.0,6.0,105.0,13.0,0.123809524,0.7831,0.5917,3.0,True
False,0.0,0.1162,0.118,0.5296,0.1059,17.0,24735069.0,5.0,6.0,103.0,2.0,0.019417476,0.7842,0.5936,3.0,False
False,0.0,,0.0301,0.5037,0.084,18.0,26499134.0,6.0,6.0,105.0,2.0,0.01904762,0.7951,0.5828,3.0,True
False,0.0,,0.05,0.5276,0.0754,19.0,26536190.0,7.0,7.0,110.0,5.0,0.045454547,0.7974,0.5875,3.0,True
False,0.0,0.0375,0.1193,0.5676,0.0811,20.0,26541995.0,7.0,7.0,117.0,7.0,0.05982906,0.8,0.5938,3.0,True
False,0.0,,0.0705,0.5719,0.0715,21.0,27330104.0,8.0,8.0,116.0,15.0,0.12931034,0.8019,0.6001,3.0,True
False,0.0,0.0195,0.044,0.4168,0.0521,22.0,34935838.0,8.0,8.0,118.0,2.0,0.016949153,0.7816,0.5311,3.0,True
False,0.0,,0.0063,0.2157,0.024,23.0,49708778.0,9.0,9.0,118.0,1.0,0.008474576,0.6911,0.6489,3.0,False
False,0.0,0.0062,0.037,0.2378,0.0264,24.0,49961597.0,9.0,9.0,119.0,7.0,0.05882353,0.6922,0.658,3.0,False
False,0.0,0.037,0.0431,0.243,0.027,25.0,49985369.0,9.0,9.0,119.0,1.0,0.008403362,0.6925,0.658,3.0,False
False,0.0,0.0417,0.2639,0.4045,0.0449,26.0,50741868.0,9.0,9.0,119.0,36.0,0.30252102,0.6911,0.672,3.0,True
False,0.0,,0.0183,0.3642,0.0364,27.0,53577310.0,10.0,10.0,120.0,2.0,0.016666668,0.7106,0.7143,3.0,True
False,0.0,0.2241,0.2499,0.3862,0.0386,28.0,53584757.0,10.0,10.0,123.0,9.0,0.07317073,0.7134,0.7149,3.0,False
False,0.0,0.2491,0.2566,0.3814,0.0381,29.0,53625427.0,10.0,10.0,122.0,2.0,0.016393442,0.7121,0.708,3.0,False
False,0.0,0.2423,0.2426,0.3604,0.036,30.0,54887884.0,10.0,10.0,122.0,1.0,0.008196721,0.7179,0.7086,3.0,False
False,0.0,0.241,0.241,0.3579,0.0358,31.0,55045492.0,10.0,10.0,122.0,1.0,0.008196721,0.718,0.7078,3.0,False
False,0.0,0.2342,0.2342,0.3477,0.0348,32.0,55663423.0,10.0,10.0,122.0,1.0,0.008196721,0.7187,0.7077,3.0,False
False,0.0,0.0021,0.0254,0.2538,0.0254,33.0,64020026.0,10.0,10.0,124.0,2.0,0.016129032,0.642,0.69,3.0,True
False,0.0,0.0019,0.0658,0.1413,0.0141,34.0,88057474.0,10.0,10.0,123.0,12.0,0.09756097,0.7088,0.4749,3.0,True
False,0.0,,0.365,0.422,0.0469,35.0,89432914.0,9.0,11.0,83.0,118.0,1.4216868,0.7719,0.4873,4.0,True
False,0.0,0.3635,0.3887,0.4432,0.0492,36.0,89561664.0,9.0,11.0,86.0,4.0,0.046511628,0.7801,0.5018,4.0,False
False,0.0,,0.085,0.4473,0.0447,37.0,91786129.0,10.0,12.0,94.0,10.0,0.10638298,0.7901,0.502,4.0,True
False,0.0,0.0038,0.0038,0.327,0.0327,38.0,98410771.0,10.0,12.0,93.0,1.0,0.010752688,0.8244,0.6178,4.0,True
False,0.0,0.0029,0.0531,0.2854,0.0285,39.0,104508978.0,10.0,12.0,98.0,6.0,0.06122449,0.8192,0.6519,4.0,False
False,0.0,0.0498,0.0502,0.2674,0.0267,40.0,105935629.0,10.0,12.0,98.0,1.0,0.010204081,0.8083,0.6557,4.0,False
False,0.0,,0.1272,0.2335,0.0212,41.0,122704471.0,11.0,13.0,108.0,19.0,0.17592593,0.6156,0.737,4.0,True
False,0.0,0.0599,0.2094,0.2946,0.0268,42.0,123409310.0,11.0,13.0,120.0,28.0,0.23333333,0.6162,0.7461,4.0,True
False,0.0,0.0097,0.0504,0.1897,0.0172,43.0,137295111.0,11.0,13.0,126.0,6.0,0.04761905,0.3582,0.7743,4.0,True
False,0.0,0.1056,0.1107,0.1935,0.0176,44.0,137310028.0,11.0,13.0,126.0,1.0,0.007936508,0.3668,0.7765,4.0,False
False,0.0,0.0313,0.0566,0.1479,0.0134,45.0,147064929.0,11.0,13.0,126.0,6.0,0.04761905,0.5068,0.7444,4.0,False
False,0.0,0.0388,0.0434,0.1061,0.0096,46.0,155187780.0,11.0,13.0,126.0,1.0,0.007936508,0.7074,0.738,4.0,False
False,0.0,0.0395,0.04,0.0969,0.0088,47.0,157257543.0,11.0,13.0,126.0,1.0,0.007936508,0.7031,0.7449,4.0,True
False,0.0,0.0305,0.0415,0.0845,0.0077,48.0,163059125.0,11.0,13.0,127.0,2.0,0.015748031,0.6952,0.7374,4.0,False
False,0.0,0.0034,0.0084,0.0456,0.0041,49.0,178871171.0,11.0,13.0,127.0,1.0,0.007874016,0.554,0.7587,4.0,False
False,0.0,,0.0794,0.121,0.0101,50.0,179137556.0,12.0,14.0,140.0,14.0,0.1,0.5591,0.7594,4.0,False
False,0.0,0.018,0.0192,0.0587,0.0049,51.0,179468668.0,12.0,14.0,126.0,14.0,0.11111111,0.5503,0.7667,4.0,False
False,0.0,0.0177,0.0277,0.0632,0.0053,52.0,181283903.0,12.0,14.0,126.0,2.0,0.015873017,0.5371,0.76,4.0,False
False,0.0,,1.0,1.0,1.0,0.0,0.0,1.0,1.0,12.0,12.0,1.0,0.7874,0.5354,,True
False,0.0,,0.1538,0.8299,0.4149,1.0,4906928.0,2.0,2.0,12.0,2.0,0.16666667,0.8115,0.5214,,True
False,0.0,,0.1538,0.1992,0.0664,2.0,63603167.0,3.0,3.0,12.0,2.0,0.16666667,0.6741,0.6507,,False
False,0.0,,1.0,1.0,1.0,0.0,0.0,1.0,1.0,21.0,21.0,1.0,0.7874,0.5354,,True
False,0.0,,0.0909,0.9964,0.4982,1.0,108589.0,2.0,2.0,21.0,2.0,0.0952381,0.7997,0.5462,,False
False,0.0,,0.125,0.6533,0.2178,2.0,10953969.0,3.0,3.0,22.0,2.0,0.09090909,0.7997,0.5181,,True
False,0.0,0.1149,0.1861,0.6344,0.2115,3.0,12773622.0,3.0,3.0,23.0,2.0,0.08695652,0.785,0.5576,,False
False,0.0,0.1861,0.1861,0.6344,0.2115,4.0,12779063.0,3.0,3.0,24.0,2.0,0.083333336,0.788,0.5671,,False
False,0.0,,0.0385,0.219,0.0548,5.0,39136757.0,4.0,4.0,24.0,1.0,0.041666668,0.7177,0.6192,,False
False,0.0,,,0.0524,0.0262,6.0,63603167.0,2.0,5.0,2.0,22.0,11.0,0.6741,0.6507,,False
False,0.0,,1.0,1.0,1.0,0.0,0.0,1.0,1.0,15.0,15.0,1.0,0.6972,0.7422,0.0,True
False,0.0,,,0.953,0.953,1.0,1058654.0,1.0,2.0,13.0,2.0,0.15384616,0.7086,0.7363,0.0,False
False,0.0,,,0.953,0.953,2.0,1058943.0,1.0,2.0,11.0,2.0,0.18181819,0.709,0.7351,0.0,False
False,0.0,,0.3125,0.9677,0.4839,3.0,1059223.0,2.0,2.0,13.0,3.0,0.23076923,0.7171,0.7372,0.0,True
False,0.0,0.2999,0.4666,0.5756,0.2878,4.0,17909122.0,2.0,2.0,16.0,3.0,0.1875,0.5463,0.7539,0.0,False
False,0.0,,1.0,1.0,1.0,0.0,0.0,1.0,1.0,74.0,74.0,1.0,0.8292,0.6159,6.0,False
False,0.0,0.7315,0.7789,0.7789,0.7789,1.0,6754475.0,1.0,1.0,82.0,13.0,0.15853658,0.8205,0.653,6.0,True
False,0.0,,0.0118,0.5575,0.2787,2.0,14242487.0,2.0,2.0,82.0,1.0,0.0121951215,0.732,0.6613,6.0,False
False,0.0,0.0081,0.0118,0.3862,0.1931,3.0,22376946.0,2.0,2.0,82.0,1.0,0.0121951215,0.6734,0.6873,6.0,False
False,0.0,0.0027,0.0118,0.0988,0.0494,4.0,53814791.0,2.0,2.0,82.0,1.0,0.0121951215,0.5448,0.7387,6.0,False
False,0.0,0.0078,0.0094,0.0655,0.0327,5.0,62552949.0,2.0,2.0,68.0,14.0,0.20588236,0.6993,0.7365,5.0,False
False,0.0,0.0048,0.3563,0.3747,0.1874,6.0,77137800.0,2.0,2.0,97.0,38.0,0.39175257,0.6083,0.738,7.0,False
False,0.0,,1.0,1.0,1.0,0.0,0.0,1.0,1.0,355.0,355.0,1.0,0.7835,0.5071,,True
False,0.0,,0.0028,0.996,0.498,1.0,168128.0,2.0,2.0,355.0,1.0,0.0028169013,0.7858,0.5151,,False
False,0.0,,0.0028,0.7591,0.3795,2.0,6030244.0,2.0,3.0,355.0,1.0,0.0028169013,0.8294,0.621,,False
False,0.0,,0.0028,0.5407,0.2704,3.0,13383323.0,2.0,4.0,355.0,1.0,0.0028169013,0.8236,0.6569,,False
False,0.0,,0.0028,0.3301,0.165,4.0,24104097.0,2.0,4.0,355.0,1.0,0.0028169013,0.6549,0.6947,,True
False,0.0,,0.0056,0.2764,0.0921,5.0,28249380.0,3.0,4.0,355.0,2.0,0.0056338026,0.6266,0.7268,,True
False,0.0,0.0019,0.0028,0.2253,0.0751,6.0,32724423.0,3.0,4.0,355.0,1.0,0.0028169013,0.6136,0.7447,,False
False,0.0,0.0022,0.0028,0.1757,0.0586,7.0,38187426.0,3.0,4.0,355.0,1.0,0.0028169013,0.5696,0.7563,,False
False,0.0,0.0017,0.0028,0.1067,0.0356,8.0,49078327.0,3.0,4.0,355.0,1.0,0.0028169013,0.2662,0.7729,,True
False,0.0,0.0025,0.0081,0.0998,0.0499,9.0,51388131.0,2.0,4.0,355.0,2.0,0.0056338026,0.3046,0.7689,,True
False,0.0,0.0071,0.0099,0.0894,0.0447,10.0,54417095.0,2.0,4.0,355.0,1.0,0.0028169013,0.4486,0.7552,,False
False,0.0,0.009,0.0103,0.0826,0.0413,11.0,56405741.0,2.0,4.0,312.0,43.0,0.13782051,0.5068,0.7444,,False
False,0.0,,0.0032,0.0543,0.0181,12.0,65992004.0,3.0,4.0,312.0,1.0,0.0032051282,0.703,0.7465,,False
False,0.0,0.0036,0.0057,0.0433,0.0144,13.0,71952340.0,3.0,4.0,312.0,1.0,0.0032051282,0.7107,0.7379,,False
False,0.0,0.0026,0.0043,0.0215,0.0072,14.0,88902967.0,3.0,4.0,312.0,1.0,0.0032051282,0.5618,0.77,,True
False,0.0,,0.0126,0.0306,0.0077,15.0,92436605.0,4.0,5.0,315.0,3.0,0.00952381,0.5265,0.7679,,True
False,0.0,0.0033,0.0065,0.0282,0.0071,16.0,94423213.0,4.0,5.0,315.0,1.0,0.0031746032,0.5408,0.774,,False
False,0.0,0.0047,0.0061,0.0217,0.0054,17.0,101506659.0,4.0,5.0,315.0,1.0,0.0031746032,0.3619,0.8004,,False
False,0.0,,0.0216,0.0351,0.007,18.0,111188201.0,5.0,6.0,321.0,6.0,0.018691588,0.374,0.7309,,False
False,0.0,0.0032,0.0046,0.0309,0.0062,19.0,115072036.0,5.0,6.0,321.0,1.0,0.0031152647,0.4108,0.731,,False
False,0.0,0.0036,0.0043,0.0249,0.005,20.0,120268511.0,5.0,6.0,321.0,1.0,0.0031152647,0.7494,0.5359,,False
False,0.0,,1.0,1.0,1.0,0.0,0.0,1.0,1.0,347.0,347.0,1.0,0.7835,0.5071,,True
False,0.0,,0.0029,0.996,0.498,1.0,168128.0,2.0,2.0,347.0,1.0,0.0028818443,0.7858,0.5151,,False
False,0.0,,,0.8761,0.4381,2.0,2915346.0,2.0,3.0,337.0,10.0,0.029673591,0.8206,0.5629,,False
False,0.0,0.0025,0.0256,0.8553,0.4277,3.0,3529695.0,2.0,3.0,344.0,7.0,0.020348838,0.8194,0.5709,,True
False,0.0,,0.0029,0.7622,0.2541,4.0,6029728.0,3.0,4.0,344.0,1.0,0.0029069767,0.8293,0.6211,,False
False,0.0,,0.017,0.583,0.1457,5.0,12021533.0,4.0,4.0,349.0,5.0,0.014326648,0.8205,0.653,,True
False,0.0,0.0161,0.0189,0.5497,0.1832,6.0,13383323.0,3.0,4.0,349.0,1.0,0.0028653296,0.8236,0.6569,,False
False,0.0,0.0123,0.0136,0.4697,0.1566,7.0,16823544.0,3.0,4.0,349.0,1.0,0.0028653296,0.7694,0.6739,,True
False,0.0,0.0097,0.0125,0.3365,0.1122,8.0,24104097.0,3.0,4.0,349.0,1.0,0.0028653296,0.6549,0.6947,,True
False,0.0,0.0081,0.0137,0.2817,0.0939,9.0,28249380.0,3.0,4.0,349.0,2.0,0.0057306592,0.6266,0.7268,,True
False,0.0,0.0084,0.0094,0.2297,0.0766,10.0,32724423.0,3.0,4.0,349.0,1.0,0.0028653296,0.6136,0.7447,,False
False,0.0,0.0072,0.0079,0.1791,0.0597,11.0,38187426.0,3.0,4.0,349.0,1.0,0.0028653296,0.5696,0.7563,,False
False,0.0,0.0048,0.0059,0.1088,0.0363,12.0,49078327.0,3.0,4.0,349.0,1.0,0.0028653296,0.2662,0.7729,,True
False,0.0,0.0053,0.0113,0.102,0.034,13.0,51388131.0,3.0,4.0,349.0,3.0,0.008595988,0.3046,0.7689,,True
False,0.0,0.0098,0.0126,0.0913,0.0304,14.0,54417095.0,3.0,4.0,349.0,1.0,0.0028653296,0.4486,0.7552,,False
False,0.0,0.0115,0.0131,0.0846,0.0282,15.0,56405741.0,3.0,4.0,306.0,43.0,0.14052288,0.5068,0.7444,,False
False,0.0,,,0.0676,0.0225,16.0,61264462.0,3.0,5.0,293.0,13.0,0.044368602,0.6217,0.7585,,False
False,0.0,0.0104,0.0117,0.0656,0.0219,17.0,62382044.0,3.0,5.0,293.0,1.0,0.0034129692,0.6426,0.7596,,False
False,0.0,0.0014,0.0048,0.057,0.019,18.0,65992004.0,3.0,5.0,293.0,1.0,0.0034129692,0.703,0.7465,,False
False,0.0,0.006,0.0072,0.0444,0.0148,19.0,71952340.0,3.0,5.0,293.0,1.0,0.0034129692,0.7107,0.7379,,False
False,0.0,0.0032,0.0066,0.043,0.0143,20.0,74370048.0,3.0,5.0,293.0,1.0,0.0034129692,0.6956,0.7436,,False
False,0.0,0.0045,0.0058,0.0312,0.0104,21.0,82177059.0,3.0,5.0,293.0,1.0,0.0034129692,0.6037,0.7367,,False
False,0.0,0.0042,0.0051,0.0238,0.0079,22.0,88902967.0,3.0,5.0,293.0,1.0,0.0034129692,0.5618,0.77,,True
False,0.0,,0.0133,0.0332,0.0083,23.0,92436605.0,4.0,6.0,296.0,3.0,0.010135135,0.5265,0.7679,,True
False,0.0,0.0039,0.0073,0.0306,0.0077,24.0,94423213.0,4.0,6.0,296.0,1.0,0.0033783785,0.5408,0.774,,False
False,0.0,0.0052,0.0067,0.0235,0.0059,25.0,101506659.0,4.0,6.0,296.0,1.0,0.0033783785,0.3619,0.8004,,False
False,0.0,,0.0228,0.0375,0.0075,26.0,111188201.0,5.0,7.0,302.0,6.0,0.01986755,0.374,0.7309,,False
False,0.0,0.0035,0.005,0.0329,0.0066,27.0,115072036.0,5.0,7.0,302.0,1.0,0.0033112583,0.4108,0.731,,False
False,0.0,0.0039,0.0046,0.0265,0.0053,28.0,120268511.0,5.0,7.0,302.0,1.0,0.0033112583,0.7494,0.5359,,False
False,0.0,,1.0,1.0,1.0,0.0,0.0,1.0,1.0,333.0,333.0,1.0,0.7053,0.5249,,True
False,0.0,,0.003,0.8288,0.4144,1.0,4063015.0,2.0,2.0,333.0,1.0,0.003003003,0.7494,0.5359,,False
False,0.0,,1.0,1.0,1.0,0.0,0.0,1.0,1.0,313.0,313.0,1.0,0.7053,0.5249,,True
False,0.0,,0.0169,1.0,0.5,1.0,4203.0,2.0,2.0,294.0,24.0,0.08163265,0.7049,0.5277,,False
False,0.0,0.0141,0.0175,0.8289,0.4145,2.0,4063015.0,2.0,2.0,294.0,1.0,0.0034013605,0.7494,0.5359,,False
False,0.0,,1.0,1.0,1.0,0.0,0.0,1.0,1.0,17.0,17.0,1.0,0.7053,0.5249,,True
False,0.0,,0.0556,0.8378,0.4189,1.0,4063015.0,2.0,2.0,17.0,1.0,0.05882353,0.7494,0.5359,,False
False,0.0,,1.0,1.0,1.0,0.0,0.0,1.0,1.0,25.0,25.0,1.0,0.7053,0.5249,,True
False,0.0,,0.0385,0.8349,0.4175,1.0,4063015.0,2.0,2.0,25.0,1.0,0.04,0.7494,0.5359,,False
False,0.0,,1.0,1.0,1.0,0.0,0.0,1.0,1.0,19.0,19.0,1.0,0.7053,0.5249,,True
False,0.0,,0.05,0.8369,0.4184,1.0,4063015.0,2.0,2.0,19.0,1.0,0.05263158,0.7494,0.5359,,False
False,0.0,,1.0,1.0,1.0,0.0,0.0,1.0,1.0,84.0,84.0,1.0,0.7053,0.5249,,True
False,0.0,,0.0118,0.8303,0.4152,1.0,4063015.0,2.0,2.0,84.0,1.0,0.011904762,0.7494,0.5359,,False
False,0.0,,1.0,1.0,1.0,0.0,0.0,1.0,1.0,58.0,58.0,1.0,0.7053,0.5249,,True
False,0.0,,0.0169,0.8312,0.4156,1.0,4063015.0,2.0,2.0,58.0,1.0,0.01724138,0.7494,0.5359,,False
False,0.0,,1.0,1.0,1.0,0.0,0.0,1.0,1.0,319.0,319.0,1.0,0.6208,0.5747,,True
False,0.0,,0.0031,0.8288,0.4144,1.0,4064849.0,2.0,2.0,319.0,1.0,0.0031347962,0.7494,0.5359,,False
False,0.0,,1.0,1.0,1.0,0.0,0.0,1.0,1.0,27.0,27.0,1.0,0.7874,0.5354,,True
False,0.0,,0.0357,0.9961,0.4981,1.0,109732.0,2.0,2.0,27.0,1.0,0.037037037,0.7999,0.5457,,False
False,0.0,,0.1,0.6432,0.2144,2.0,10953969.0,3.0,3.0,28.0,2.0,0.071428575,0.7997,0.5181,,True
False,0.0,0.0919,0.1512,0.6194,0.2065,3.0,12773622.0,3.0,3.0,29.0,2.0,0.06896552,0.785,0.5576,,False
False,0.0,0.1512,0.1512,0.6194,0.2065,4.0,12779063.0,3.0,3.0,30.0,2.0,0.06666667,0.788,0.5671,,False
False,0.0,,,0.0523,0.0523,5.0,63603167.0,1.0,4.0,2.0,28.0,14.0,0.6741,0.6507,,False
False,0.0,,1.0,1.0,1.0,0.0,0.0,1.0,1.0,65.0,65.0,1.0,0.6445,0.6498,,True
False,0.0,0.9762,0.9796,0.9796,0.9796,1.0,579564.0,1.0,1.0,73.0,8.0,0.10958904,0.6453,0.6468,,True
False,0.0,0.9796,0.9796,0.9796,0.9796,2.0,582541.0,1.0,1.0,73.0,1.0,0.01369863,0.6342,0.6549,,False
False,0.0,,0.0952,0.4579,0.2289,3.0,19853054.0,2.0,2.0,79.0,7.0,0.088607594,0.7952,0.5194,,False
False,0.0,0.0876,0.1586,0.4663,0.2332,4.0,21668162.0,2.0,2.0,85.0,7.0,0.08235294,0.785,0.5576,,False
False,0.0,0.1586,0.1586,0.4663,0.2332,5.0,21673603.0,2.0,2.0,91.0,7.0,0.07692308,0.788,0.5671,,False
False,0.0,0.1561,0.3286,0.5691,0.2845,6.0,22030271.0,2.0,2.0,97.0,19.0,0.19587629,0.7879,0.5671,,False
False,0.0,,0.1714,0.6266,0.2089,7.0,23225159.0,3.0,3.0,103.0,19.0,0.18446602,0.7757,0.5585,,False
False,0.0,0.1714,0.3036,0.672,0.224,8.0,23235632.0,3.0,3.0,109.0,19.0,0.17431192,0.7771,0.5597,,False
False,0.0,,,0.0417,0.0139,9.0,72497707.0,3.0,4.0,24.0,85.0,3.5416667,0.6741,0.6507,,False
False,0.0,,1.0,1.0,1.0,0.0,0.0,1.0,1.0,80.0,80.0,1.0,0.6142,0.6467,,False
False,0.0,,1.0,1.0,1.0,0.0,0.0,1.0,1.0,172.0,172.0,1.0,0.8304,0.5913,,True
False,0.0,,0.1905,0.8373,0.4186,1.0,4887933.0,2.0,2.0,185.0,38.0,0.2054054,0.8179,0.6444,,True
False,0.0,,0.6749,0.8433,0.2811,2.0,15692610.0,3.0,3.0,234.0,221.0,0.9444444,0.6951,0.6859,,True
False,0.0,,0.5477,0.8368,0.2092,3.0,15761390.0,4.0,4.0,185.0,195.0,1.054054,0.6915,0.6887,,True
False,0.0,0.5477,0.7312,0.8962,0.2241,4.0,15761683.0,4.0,4.0,234.0,221.0,0.9444444,0.6814,0.69,,True
False,0.0,,0.0462,0.2306,0.0461,5.0,48792028.0,5.0,5.0,240.0,11.0,0.045833334,0.3347,0.7533,,False
False,0.0,0.0029,0.083,0.1371,0.0274,6.0,77310023.0,5.0,5.0,249.0,19.0,0.07630522,0.6037,0.7367,,False
False,0.0,,1.0,1.0,1.0,0.0,0.0,1.0,1.0,35.0,35.0,1.0,0.784,0.593,,True
False,0.0,0.9762,0.9782,0.9782,0.9782,1.0,535304.0,1.0,1.0,35.0,3.0,0.08571429,0.7843,0.5932,,False
False,0.0,,0.1282,0.2484,0.1242,2.0,42848510.0,2.0,2.0,36.0,5.0,0.1388889,0.6142,0.6467,,False
False,0.0,,1.0,1.0,1.0,0.0,0.0,1.0,1.0,84.0,84.0,1.0,0.8304,0.5913,,True
False,0.0,,0.2903,0.8573,0.4287,1.0,4887933.0,2.0,2.0,89.0,39.0,0.43820226,0.8179,0.6444,,True
False,0.0,,0.0938,0.1951,0.065,2.0,48792028.0,3.0,3.0,91.0,8.0,0.08791209,0.3347,0.7533,,False
False,0.0,,0.0204,0.0713,0.0178,3.0,77310023.0,4.0,4.0,92.0,1.0,0.010869565,0.6037,0.7367,,False
False,0.0,,1.0,1.0,1.0,0.0,0.0,1.0,1.0,19.0,19.0,1.0,0.7874,0.5354,,True
False,0.0,1.0,1.0,1.0,1.0,1.0,19595.0,1.0,1.0,20.0,1.0,0.05,0.7991,0.5471,,False
False,0.0,,0.16,0.6317,0.3158,2.0,12513492.0,2.0,2.0,22.0,3.0,0.13636364,0.7848,0.533,,True
False,0.0,0.1581,0.1581,0.6241,0.3121,3.0,12773622.0,2.0,2.0,24.0,3.0,0.125,0.785,0.5576,,False
False,0.0,0.1581,0.1581,0.6241,0.3121,4.0,12779063.0,2.0,2.0,26.0,3.0,0.115384616,0.788,0.5671,,False
False,0.0,,0.04,0.1185,0.0395,5.0,56049792.0,3.0,3.0,26.0,1.0,0.03846154,0.69,0.6975,,False
False,0.0,0.0369,0.04,0.1122,0.0374,6.0,57861311.0,3.0,3.0,26.0,1.0,0.03846154,0.6675,0.6787,,False
False,0.0,,1.0,1.0,1.0,0.0,0.0,1.0,1.0,60.0,60.0,1.0,0.6287,0.6016,,False
False,0.0,0.9802,0.9844,0.9844,0.9844,1.0,508162.0,1.0,1.0,72.0,15.0,0.20833333,0.6418,0.6056,,False
True,1.0,0.6067,0.656,0.656,0.656,2.0,10898491.0,1.0,1.0,77.0,12.0,0.15584415,0.6166,0.5997,,True
False,1.0,0.3654,0.7261,0.7261,0.7261,3.0,23513153.0,1.0,1.0,109.0,65.0,0.5963303,0.8213,0.5774,,False
False,1.0,0.6754,0.7177,0.7177,0.7177,4.0,25142090.0,1.0,1.0,123.0,18.0,0.14634146,0.8287,0.6225,,False
False,1.0,,0.0144,0.7028,0.3514,5.0,25740241.0,2.0,2.0,124.0,1.0,0.008064516,0.8282,0.6197,,False
False,1.0,0.0107,0.0251,0.5273,0.2636,6.0,32073667.0,2.0,2.0,124.0,2.0,0.016129032,0.8214,0.6482,,False
False,1.0,,0.0534,0.3445,0.1148,7.0,43826158.0,3.0,3.0,116.0,15.0,0.12931034,0.6569,0.6907,,False
False,1.0,0.0953,0.2709,0.2905,0.0968,8.0,66783775.0,3.0,3.0,139.0,26.0,0.18705036,0.3739,0.7806,,False
False,1.0,0.0547,0.0714,0.0753,0.0251,9.0,101268770.0,3.0,3.0,140.0,2.0,0.014285714,0.5996,0.738,,False
False,0.0,,1.0,1.0,1.0,0.0,0.0,1.0,1.0,350.0,350.0,1.0,0.7768,0.5503,,True
False,0.0,,0.0057,0.7598,0.3799,1.0,6030224.0,2.0,2.0,350.0,2.0,0.0057142857,0.7511,0.6503,,False
False,0.0,0.7511,0.7518,0.7574,0.3787,2.0,6054998.0,2.0,2.0,350.0,1.0,0.0028571428,0.7527,0.6514,,False
False,0.0,,0.0141,0.7519,0.2506,3.0,6384810.0,3.0,3.0,353.0,4.0,0.011331445,0.7333,0.6231,,False
False,0.0,,0.1557,0.7493,0.1873,4.0,7838241.0,4.0,4.0,376.0,84.0,0.22340426,0.7082,0.6086,,False
False,0.0,0.0118,0.0144,0.7178,0.1794,5.0,8805467.0,4.0,4.0,376.0,1.0,0.0026595744,0.7226,0.6187,,True
False,0.0,,0.0232,0.6449,0.129,6.0,11395051.0,5.0,5.0,383.0,7.0,0.018276762,0.7138,0.6251,,False
False,0.0,0.129,0.1399,0.6494,0.1299,7.0,11397765.0,5.0,5.0,366.0,19.0,0.05191257,0.7104,0.6311,,False
False,0.0,0.1394,0.1672,0.6579,0.1316,8.0,11476151.0,5.0,5.0,374.0,10.0,0.026737968,0.7204,0.638,,False
False,0.0,0.1633,,0.5752,0.5752,9.0,11986982.0,1.0,5.0,0.0,374.0,inf,0.6775,0.6319,,False
False,0.0,,1.0,1.0,1.0,0.0,0.0,1.0,1.0,44.0,44.0,1.0,0.7171,0.7372,2.0,True
False,0.0,0.9417,0.9453,0.9453,0.9453,1.0,1308466.0,1.0,1.0,46.0,2.0,0.04347826,0.7117,0.735,2.0,False
False,0.0,0.9453,0.9596,0.9596,0.9596,2.0,1309543.0,1.0,1.0,60.0,16.0,0.26666668,0.7126,0.7359,2.0,True
False,0.0,0.8441,0.9212,0.9212,0.9212,3.0,4123066.0,1.0,1.0,116.0,57.0,0.49137932,0.6963,0.7382,3.0,True
False,0.0,0.6474,0.6469,0.6469,0.6469,4.0,11749392.0,1.0,1.0,115.0,1.0,0.008695652,0.6024,0.7451,3.0,False
False,0.0,,1.0,1.0,1.0,0.0,0.0,1.0,1.0,64.0,64.0,1.0,0.7828,0.5509,,False
False,0.0,1.0,1.0,1.0,1.0,1.0,720.0,1.0,1.0,84.0,49.0,0.5833333,0.7858,0.555,,False
False,0.0,1.0,1.0,1.0,1.0,2.0,1070.0,1.0,1.0,85.0,5.0,0.05882353,0.786,0.555,,False
False,0.0,,0.4859,0.9623,0.4812,3.0,1648315.0,2.0,2.0,170.0,85.0,0.5,0.7802,0.5643,,False
False,0.0,,0.0391,0.7134,0.2378,4.0,8469722.0,3.0,3.0,171.0,7.0,0.040935673,0.8008,0.5964,,True
False,0.0,,1.0,1.0,1.0,0.0,0.0,1.0,1.0,67.0,67.0,1.0,0.7088,0.4749,5.0,True
False,0.0,,0.1169,0.784,0.392,1.0,6131409.0,2.0,2.0,74.0,7.0,0.0945946,0.8194,0.5709,6.0,True
False,0.0,,0.2222,0.6303,0.2101,2.0,14623247.0,3.0,3.0,84.0,17.0,0.20238096,0.8205,0.653,6.0,True
False,0.0,0.0372,0.0483,0.4536,0.1512,3.0,22111259.0,3.0,3.0,84.0,1.0,0.011904762,0.732,0.6613,6.0,False
False,0.0,0.033,0.0365,0.3139,0.1046,4.0,30245718.0,3.0,3.0,84.0,1.0,0.011904762,0.6734,0.6873,6.0,False
False,0.0,,0.0909,0.2263,0.0566,5.0,46319732.0,4.0,4.0,92.0,8.0,0.08695652,0.397,0.7729,7.0,False
False,0.0,0.0405,0.2954,0.4135,0.1034,6.0,49314475.0,4.0,4.0,116.0,31.0,0.2672414,0.3747,0.7787,8.0,False
False,0.0,0.2954,0.2898,0.4089,0.1022,7.0,49320825.0,4.0,4.0,115.0,2.0,0.017391304,0.367,0.781,8.0,False
False,0.0,0.2898,0.3008,0.4178,0.1045,8.0,49336187.0,4.0,4.0,116.0,2.0,0.01724138,0.3686,0.7799,8.0,False
False,0.0,0.0067,0.0409,0.2866,0.0716,9.0,59007455.0,4.0,4.0,105.0,15.0,0.14285715,0.5068,0.7444,7.0,False
False,0.0,0.0363,0.0427,0.2596,0.0649,10.0,61683563.0,4.0,4.0,105.0,1.0,0.00952381,0.5448,0.7387,7.0,False
False,0.0,0.0158,0.0256,0.1011,0.0253,11.0,83121363.0,4.0,4.0,97.0,9.0,0.0927835,0.6152,0.748,7.0,False
False,0.0,,1.0,1.0,1.0,0.0,0.0,1.0,1.0,13.0,13.0,1.0,0.7951,0.5742,,False
False,0.0,1.0,1.0,1.0,1.0,1.0,11952.0,1.0,1.0,23.0,11.0,0.47826087,0.7948,0.577,,False
False,0.0,,1.0,1.0,1.0,0.0,0.0,1.0,1.0,100.0,100.0,1.0,0.8287,0.5849,,True
False,0.0,,0.0978,0.8362,0.4181,1.0,4396498.0,2.0,2.0,89.0,22.0,0.24719101,0.8246,0.6197,,False
False,0.0,,0.9674,0.993,0.4965,2.0,5247444.0,2.0,3.0,89.0,89.0,1.0,0.8206,0.633,,False
False,0.0,0.0609,0.1497,0.1513,0.0756,3.0,64865931.0,2.0,3.0,91.0,8.0,0.08791209,0.7198,0.7421,,False
False,0.0,,0.0206,0.1079,0.036,4.0,76282587.0,3.0,4.0,92.0,1.0,0.010869565,0.6121,0.7463,,False
False,0.0,,1.0,1.0,1.0,0.0,0.0,1.0,1.0,435.0,435.0,1.0,0.7874,0.5354,,True
False,0.0,1.0,1.0,1.0,1.0,1.0,19595.0,1.0,1.0,439.0,8.0,0.018223235,0.7991,0.5471,,False
False,0.0,,,0.799,0.799,2.0,4906928.0,1.0,2.0,0.0,439.0,inf,0.8115,0.5214,,True
True,1.0,,1.0,1.0,1.0,0.0,0.0,1.0,1.0,91.0,91.0,1.0,0.6346,0.7608,,False
False,1.0,,0.0109,0.9536,0.4768,1.0,1115762.0,2.0,2.0,91.0,1.0,0.010989011,0.6426,0.7596,,False
False,1.0,0.007,0.0109,0.615,0.3075,2.0,10686058.0,2.0,2.0,91.0,1.0,0.010989011,0.7107,0.7379,,False
False,1.0,,0.0417,0.5685,0.1895,3.0,13103766.0,3.0,3.0,94.0,3.0,0.031914894,0.6956,0.7436,,False
False,1.0,0.0072,,0.4224,0.4224,4.0,18636783.0,1.0,3.0,0.0,94.0,inf,0.6072,0.7427,,False
False,0.0,,1.0,1.0,1.0,0.0,0.0,1.0,1.0,143.0,143.0,1.0,0.7874,0.5354,,True
False,0.0,1.0,1.0,1.0,1.0,1.0,19595.0,1.0,1.0,0.0,143.0,inf,0.7991,0.5471,,False
False,0.0,,1.0,1.0,1.0,0.0,0.0,1.0,1.0,75.0,75.0,1.0,0.7182,0.7451,,False
False,0.0,,0.0132,0.8708,0.4354,1.0,3031556.0,2.0,2.0,75.0,1.0,0.013333334,0.7107,0.7379,,False
False,0.0,,0.0506,0.7897,0.2632,2.0,5449264.0,3.0,3.0,77.0,3.0,0.038961038,0.6956,0.7436,,False
False,0.0,0.0088,,0.6011,0.6011,3.0,10982281.0,1.0,3.0,0.0,77.0,inf,0.6072,0.7427,,False
False,0.0,,1.0,1.0,1.0,0.0,0.0,1.0,1.0,179.0,179.0,1.0,0.6182,0.7561,,False
True,1.0,,0.0111,0.9921,0.4961,1.0,187841.0,2.0,2.0,179.0,2.0,0.011173184,0.6346,0.7608,,False
False,1.0,,0.0056,0.9421,0.314,2.0,1303603.0,3.0,3.0,179.0,1.0,0.005586592,0.6426,0.7596,,False
False,1.0,0.0036,0.0056,0.6082,0.2027,3.0,10873899.0,3.0,3.0,179.0,1.0,0.005586592,0.7107,0.7379,,False
False,1.0,,0.0217,0.5535,0.1384,4.0,13291607.0,4.0,4.0,182.0,3.0,0.016483517,0.6956,0.7436,,False
False,1.0,0.0038,,0.4191,0.4191,5.0,18824624.0,1.0,4.0,0.0,182.0,inf,0.6072,0.7427,,False
False,0.0,,1.0,1.0,1.0,0.0,0.0,1.0,1.0,293.0,293.0,1.0,0.6208,0.5747,,True
False,0.0,,,1.0,1.0,1.0,6037.0,1.0,2.0,285.0,8.0,0.028070176,0.7049,0.5277,,False
False,0.0,,0.0035,0.8289,0.4145,2.0,4064849.0,2.0,2.0,285.0,1.0,0.003508772,0.7494,0.5359,,False
False,0.0,,1.0,1.0,1.0,0.0,0.0,1.0,1.0,25.0,25.0,1.0,0.6208,0.5747,,True
False,0.0,,0.0385,0.8349,0.4175,1.0,4064849.0,2.0,2.0,25.0,1.0,0.04,0.7494,0.5359,,False
False,0.0,,1.0,1.0,1.0,0.0,0.0,1.0,1.0,19.0,19.0,1.0,0.6208,0.5747,,True
False,0.0,,0.05,0.8369,0.4184,1.0,4064849.0,2.0,2.0,19.0,1.0,0.05263158,0.7494,0.5359,,False
False,0.0,,1.0,1.0,1.0,0.0,0.0,1.0,1.0,55.0,55.0,1.0,0.6208,0.5747,,True
False,0.0,,0.0179,0.8314,0.4157,1.0,4064849.0,2.0,2.0,55.0,1.0,0.018181818,0.7494,0.5359,,False
False,0.0,,1.0,1.0,1.0,0.0,0.0,1.0,1.0,61.0,61.0,1.0,0.6166,0.744,,False
False,0.0,0.8761,0.8781,0.8781,0.8781,1.0,2927627.0,1.0,1.0,61.0,1.0,0.016393442,0.6136,0.7447,,False
False,0.0,0.6795,0.6831,0.6831,0.6831,2.0,8390630.0,1.0,1.0,61.0,1.0,0.016393442,0.5696,0.7563,,False
False,0.0,0.4122,0.4186,0.4186,0.4186,3.0,19281531.0,1.0,1.0,61.0,1.0,0.016393442,0.2662,0.7729,,True
False,0.0,0.3772,0.3788,0.3788,0.3788,4.0,21591335.0,1.0,1.0,61.0,1.0,0.016393442,0.3046,0.7689,,True
False,0.0,0.2268,0.2333,0.2333,0.2333,5.0,32585248.0,1.0,1.0,61.0,1.0,0.016393442,0.6426,0.7596,,False
False,0.0,,0.1014,0.2566,0.1283,6.0,39131051.0,2.0,2.0,67.0,6.0,0.08955224,0.7189,0.7454,,True
False,0.0,0.099,0.3524,0.4613,0.2307,7.0,39651669.0,2.0,2.0,93.0,26.0,0.2795699,0.7082,0.7366,,False
False,0.0,0.0969,0.1006,0.4154,0.2077,8.0,42155544.0,2.0,2.0,93.0,1.0,0.010752688,0.7107,0.7379,,False
False,0.0,,0.664,0.7769,0.259,9.0,43791732.0,3.0,3.0,246.0,165.0,0.6707317,0.7014,0.7407,,False
False,0.0,0.0234,0.0249,0.5237,0.1746,10.0,52380263.0,3.0,3.0,246.0,1.0,0.0040650405,0.6037,0.7367,,False
False,0.0,0.0182,0.0192,0.3841,0.128,11.0,59106171.0,3.0,3.0,246.0,1.0,0.0040650405,0.5618,0.77,,True
False,0.0,0.0272,0.0534,0.2928,0.0976,12.0,66448326.0,3.0,3.0,252.0,6.0,0.023809524,0.4272,0.8185,,False
False,0.0,0.0105,0.0122,0.2311,0.077,13.0,71709863.0,3.0,3.0,252.0,1.0,0.003968254,0.3619,0.8004,,False
False,0.0,0.0065,0.0083,0.125,0.0417,14.0,85275240.0,3.0,3.0,252.0,1.0,0.003968254,0.4108,0.731,,False
False,0.0,0.0065,0.0073,0.099,0.033,15.0,90471715.0,3.0,3.0,252.0,1.0,0.003968254,0.7494,0.5359,,False
False,0.0,,1.0,1.0,1.0,0.0,0.0,1.0,1.0,67.0,67.0,1.0,0.8036,0.5139,,True
False,0.0,,0.0294,0.9769,0.4885,1.0,598118.0,2.0,2.0,67.0,2.0,0.029850746,0.8108,0.5055,,True
False,0.0,,0.0294,0.704,0.2347,2.0,7889119.0,3.0,3.0,67.0,2.0,0.029850746,0.7876,0.5677,,False
False,0.0,,,0.6819,0.2273,3.0,8558762.0,3.0,4.0,67.0,2.0,0.029850746,0.7837,0.5701,,False
False,0.0,0.0192,0.0243,0.6472,0.2157,4.0,9851840.0,3.0,4.0,67.0,1.0,0.014925373,0.78,0.5697,,False
False,0.0,0.0159,0.021,0.4283,0.1428,5.0,19013515.0,3.0,4.0,67.0,1.0,0.014925373,0.8012,0.592,,True
False,0.0,,0.0147,0.2231,0.0558,6.0,33790096.0,4.0,5.0,67.0,1.0,0.014925373,0.7226,0.6187,,True
False,0.0,,0.1899,0.3508,0.0702,7.0,36460780.0,5.0,6.0,77.0,18.0,0.23376623,0.7204,0.638,,False
False,0.0,,0.0127,0.2839,0.0473,8.0,41901648.0,6.0,7.0,77.0,1.0,0.012987013,0.7072,0.7184,,False
False,0.0,0.1053,0.118,0.2085,0.0417,9.0,49178450.0,5.0,7.0,77.0,1.0,0.012987013,0.6927,0.6911,,True
False,0.0,0.0955,0.0978,0.171,0.0342,10.0,53741134.0,5.0,7.0,77.0,1.0,0.012987013,0.6532,0.6971,,False
False,0.0,0.0951,0.0923,0.1647,0.0329,11.0,54422902.0,5.0,7.0,70.0,7.0,0.1,0.6598,0.6975,,False
False,0.0,0.0552,0.061,0.1044,0.0209,12.0,65427095.0,5.0,7.0,70.0,1.0,0.014285714,0.6318,0.5913,,True
False,0.0,0.0452,0.0488,0.0809,0.0162,13.0,71902713.0,5.0,7.0,70.0,1.0,0.014285714,0.6307,0.6182,,False
False,0.0,0.0334,0.0377,0.0597,0.0119,14.0,80104368.0,5.0,7.0,70.0,1.0,0.014285714,0.7858,0.5151,,False
False,0.0,,0.0139,0.0489,0.0081,15.0,85965968.0,6.0,8.0,70.0,1.0,0.014285714,0.8293,0.6211,,False
False,0.0,0.0157,0.0295,0.0544,0.0109,16.0,89166113.0,5.0,8.0,70.0,1.0,0.014285714,0.8214,0.6274,,False
False,0.0,,0.0139,0.0489,0.0098,17.0,93319563.0,5.0,8.0,70.0,1.0,0.014285714,0.8236,0.6569,,False
False,0.0,0.0179,0.0234,0.0414,0.0083,18.0,100040393.0,5.0,8.0,70.0,1.0,0.014285714,0.7137,0.6702,,False
False,0.0,0.0216,0.0226,0.0393,0.0079,19.0,101696882.0,5.0,8.0,70.0,1.0,0.014285714,0.6521,0.68,,False
False,0.0,0.0203,0.0342,0.0407,0.0102,20.0,104040337.0,4.0,8.0,70.0,1.0,0.014285714,0.6549,0.6947,,True
False,0.0,0.0298,0.0328,0.0384,0.0096,21.0,107050594.0,4.0,8.0,70.0,1.0,0.014285714,0.6799,0.6928,,False
False,0.0,0.0254,0.0299,0.0343,0.0086,22.0,112660663.0,4.0,8.0,70.0,1.0,0.014285714,0.6136,0.7447,,False
False,0.0,0.027,0.0312,0.0351,0.0088,23.0,114830379.0,4.0,8.0,70.0,1.0,0.014285714,0.6129,0.7414,,False
False,0.0,,,0.0347,0.0087,24.0,115164434.0,4.0,9.0,70.0,1.0,0.014285714,0.6118,0.7416,,True
False,0.0,0.0268,0.0299,0.0333,0.0083,25.0,118123666.0,4.0,9.0,70.0,1.0,0.014285714,0.5696,0.7563,,False
False,0.0,0.0243,0.0285,0.0312,0.0078,26.0,122681947.0,4.0,9.0,70.0,1.0,0.014285714,0.3941,0.7711,,False
False,0.0,0.0212,0.0267,0.0287,0.0072,27.0,129014567.0,4.0,9.0,70.0,1.0,0.014285714,0.2662,0.7729,,True
False,0.0,0.0259,0.0298,0.0318,0.0079,28.0,129685429.0,4.0,9.0,70.0,1.0,0.014285714,0.2722,0.7714,,True
False,0.0,0.0277,0.03,0.0318,0.008,29.0,131324371.0,4.0,9.0,70.0,2.0,0.028571429,0.3046,0.7689,,True
False,0.0,,,0.0169,0.0042,30.0,133680622.0,4.0,10.0,66.0,4.0,0.060606062,0.3738,0.7575,,True
False,0.0,,0.1053,0.1164,0.0233,31.0,140339848.0,5.0,10.0,73.0,7.0,0.09589041,0.6125,0.7502,,True
False,0.0,0.0092,0.0144,0.1118,0.0224,32.0,142318284.0,5.0,10.0,73.0,1.0,0.01369863,0.6426,0.7596,,False
False,0.0,0.0814,0.0946,0.1076,0.0215,33.0,145928244.0,5.0,10.0,73.0,1.0,0.01369863,0.703,0.7465,,False
False,0.0,0.0093,0.014,0.0864,0.0173,34.0,151888580.0,5.0,10.0,73.0,1.0,0.01369863,0.7107,0.7379,,False
False,0.0,0.0096,0.2264,0.2616,0.0523,35.0,159943565.0,5.0,10.0,91.0,20.0,0.21978022,0.611,0.7442,,False
False,0.0,0.2048,0.2087,0.2405,0.0481,36.0,162113299.0,5.0,10.0,91.0,1.0,0.010989011,0.6037,0.7367,,False
False,0.0,0.1973,0.035,0.0724,0.0145,37.0,163391879.0,5.0,10.0,72.0,19.0,0.2638889,0.605,0.741,,False
False,0.0,0.0282,0.1685,0.1943,0.0389,38.0,168048701.0,5.0,10.0,83.0,11.0,0.13253012,0.5576,0.7528,,False
False,0.0,0.1685,0.2205,0.2447,0.0489,39.0,168062751.0,5.0,10.0,88.0,6.0,0.06818182,0.5514,0.7567,,False
False,0.0,0.213,0.2157,0.2391,0.0478,40.0,168839207.0,5.0,10.0,88.0,1.0,0.011363637,0.5618,0.77,,True
False,0.0,0.1988,0.0605,0.0862,0.0172,41.0,170639220.0,5.0,10.0,72.0,16.0,0.22222222,0.5394,0.7612,,False
False,0.0,,0.0588,0.1329,0.0222,42.0,172559602.0,6.0,11.0,76.0,4.0,0.05263158,0.525,0.7712,,True
False,0.0,0.0215,0.0333,0.1308,0.0218,43.0,172976446.0,6.0,11.0,76.0,1.0,0.013157895,0.533,0.769,,False
False,0.0,0.0461,0.1187,0.1966,0.0328,44.0,172999229.0,6.0,11.0,82.0,6.0,0.07317073,0.5338,0.7696,,False
False,0.0,0.0298,0.0319,0.1365,0.0228,45.0,173670448.0,6.0,11.0,76.0,6.0,0.078947365,0.5411,0.7776,,False
True,1.0,,0.0116,0.1311,0.0187,46.0,174695689.0,7.0,12.0,76.0,1.0,0.013157895,0.5423,0.7739,,False
False,1.0,0.0462,0.0578,0.1311,0.0187,47.0,174878520.0,7.0,12.0,76.0,1.0,0.013157895,0.5496,0.7722,,False
False,1.0,0.0426,0.0478,0.1018,0.0145,48.0,181442899.0,7.0,12.0,76.0,1.0,0.013157895,0.3619,0.8004,,False
False,1.0,0.0255,0.0309,0.0597,0.0085,49.0,195008276.0,7.0,12.0,76.0,1.0,0.013157895,0.4108,0.731,,False
False,1.0,0.0243,0.0268,0.0494,0.0071,50.0,200204751.0,7.0,12.0,76.0,1.0,0.013157895,0.7494,0.5359,,False
False,0.0,,1.0,1.0,1.0,0.0,0.0,1.0,1.0,237.0,237.0,1.0,0.4464,0.7507,,False
False,0.0,0.6779,0.6792,0.6792,0.6792,1.0,8465189.0,1.0,1.0,237.0,1.0,0.004219409,0.6426,0.7596,,False
False,0.0,0.4353,0.4368,0.4368,0.4368,2.0,18035485.0,1.0,1.0,237.0,1.0,0.004219409,0.7107,0.7379,,False
False,0.0,0.2711,0.2727,0.2727,0.2727,3.0,28260204.0,1.0,1.0,237.0,1.0,0.004219409,0.6037,0.7367,,False
False,0.0,0.2003,0.2014,0.2014,0.2014,4.0,34986112.0,1.0,1.0,237.0,1.0,0.004219409,0.5618,0.77,,True
False,0.0,,0.0246,0.2096,0.1048,5.0,36262800.0,2.0,2.0,242.0,5.0,0.020661157,0.5377,0.7599,,False
False,0.0,0.1094,0.1112,0.1258,0.0629,6.0,47589804.0,2.0,2.0,242.0,1.0,0.004132231,0.3619,0.8004,,False
False,0.0,,0.024,0.1103,0.0368,7.0,55123309.0,3.0,3.0,247.0,5.0,0.020242915,0.3452,0.7431,,False
False,0.0,0.0579,0.0597,0.0855,0.0285,8.0,61155181.0,3.0,3.0,247.0,1.0,0.004048583,0.4108,0.731,,False
False,0.0,0.047,0.0478,0.0681,0.0227,9.0,66351656.0,3.0,3.0,247.0,1.0,0.004048583,0.7494,0.5359,,False
False,0.0,,1.0,1.0,1.0,0.0,0.0,1.0,1.0,78.0,78.0,1.0,0.6159,0.6786,,True
False,0.0,1.0,1.0,1.0,1.0,1.0,4688.0,1.0,1.0,78.0,1.0,0.012820513,0.615,0.6796,,True
False,0.0,1.0,1.0,1.0,1.0,2.0,12500.0,1.0,1.0,83.0,6.0,0.072289154,0.6201,0.6877,,True
False,0.0,1.0,1.0,1.0,1.0,3.0,13928.0,1.0,1.0,81.0,146.0,1.8024691,0.6609,0.6369,,True
False,0.0,0.9957,0.996,0.996,0.996,4.0,175072.0,1.0,1.0,85.0,4.0,0.047058824,0.66,0.6369,,False
False,0.0,,0.08,0.818,0.409,5.0,4847438.0,2.0,2.0,92.0,7.0,0.07608695,0.6341,0.6396,,True
False,0.0,0.6089,0.5956,0.6785,0.3392,6.0,8988897.0,2.0,2.0,72.0,20.0,0.2777778,0.755,0.6655,,True
False,0.0,,0.1684,0.5886,0.1962,7.0,15286913.0,3.0,3.0,86.0,15.0,0.1744186,0.8179,0.5178,,True
False,0.0,0.1677,0.1783,0.5916,0.1972,8.0,15377832.0,3.0,3.0,86.0,1.0,0.011627907,0.8101,0.5358,,True
False,0.0,,,0.5668,0.1889,9.0,16319045.0,3.0,4.0,86.0,1.0,0.011627907,0.8108,0.5055,,True
False,0.0,,0.0777,0.4817,0.1204,10.0,21857236.0,4.0,5.0,93.0,7.0,0.07526882,0.7975,0.526,,True
False,0.0,0.0737,0.1405,0.4953,0.1238,11.0,22998881.0,4.0,5.0,100.0,7.0,0.07,0.7809,0.5457,,True
False,0.0,,0.119,0.553,0.1106,12.0,23155523.0,5.0,5.0,114.0,14.0,0.12280702,0.785,0.5576,,False
False,0.0,0.119,0.119,0.5529,0.1106,13.0,23160964.0,5.0,5.0,128.0,14.0,0.109375,0.788,0.5671,,False
False,0.0,0.1068,0.1148,0.4978,0.0996,14.0,25572767.0,5.0,5.0,128.0,1.0,0.0078125,0.78,0.5697,,False
False,0.0,0.0962,0.1502,0.4531,0.0906,15.0,29300906.0,5.0,5.0,135.0,7.0,0.05185185,0.7478,0.604,,False
False,0.0,0.1472,0.1013,0.4146,0.0829,16.0,29733048.0,5.0,5.0,128.0,7.0,0.0546875,0.7842,0.5936,,False
False,0.0,,0.0593,0.4187,0.0698,17.0,31497113.0,6.0,6.0,135.0,7.0,0.05185185,0.7951,0.5828,,True
False,0.0,,0.1,0.4765,0.0681,18.0,31534169.0,7.0,7.0,149.0,14.0,0.093959734,0.7974,0.5875,,True
False,0.0,0.0701,0.189,0.5431,0.0776,19.0,31539974.0,7.0,7.0,170.0,21.0,0.12352941,0.8,0.5938,,True
False,0.0,,0.0444,0.5447,0.0681,20.0,32328083.0,8.0,8.0,177.0,7.0,0.03954802,0.8019,0.6001,,True
False,0.0,0.0567,0.0586,0.4897,0.0612,21.0,34734442.0,8.0,8.0,177.0,1.0,0.0056497175,0.8012,0.592,,True
False,0.0,0.0284,0.0697,0.4104,0.0513,22.0,39933817.0,8.0,8.0,184.0,7.0,0.038043477,0.7816,0.5311,,True
False,0.0,0.0696,0.6124,0.741,0.1059,23.0,40001001.0,7.0,8.0,250.0,219.0,0.876,0.7816,0.5562,,True
False,0.0,,0.0039,0.4786,0.0598,24.0,49511023.0,8.0,9.0,250.0,1.0,0.004,0.7226,0.6187,,True
False,0.0,,0.0039,0.2364,0.0296,25.0,64899377.0,8.0,10.0,250.0,1.0,0.004,0.6927,0.6911,,True
False,0.0,0.0038,0.0077,0.2364,0.0295,26.0,65238829.0,8.0,10.0,250.0,1.0,0.004,0.6878,0.6896,,True
False,0.0,0.0041,0.0267,0.2171,0.0271,27.0,69018005.0,8.0,10.0,255.0,5.0,0.019607844,0.642,0.69,,True
False,0.0,0.0062,0.0069,0.2135,0.0267,28.0,69462061.0,8.0,10.0,255.0,1.0,0.003921569,0.6532,0.6971,,False
False,0.0,0.004,0.0056,0.1254,0.0157,29.0,81148022.0,8.0,10.0,255.0,1.0,0.003921569,0.6318,0.5913,,True
False,0.0,0.0048,0.0269,0.1266,0.0158,30.0,84660613.0,8.0,10.0,260.0,5.0,0.01923077,0.625,0.5805,,True
False,0.0,0.0235,0.0244,0.1112,0.0139,31.0,87623640.0,8.0,10.0,260.0,1.0,0.0038461538,0.6307,0.6182,,False
False,0.0,0.0167,0.0179,0.0771,0.0096,32.0,95825295.0,8.0,10.0,260.0,1.0,0.0038461538,0.7858,0.5151,,False
False,0.0,,0.0217,0.0939,0.0104,33.0,96784108.0,9.0,11.0,265.0,5.0,0.018867925,0.7901,0.502,,True
False,0.0,,0.0036,0.0758,0.0076,34.0,101686895.0,10.0,12.0,265.0,1.0,0.003773585,0.8293,0.6211,,False
False,0.0,,0.0213,0.0841,0.0076,35.0,105246449.0,11.0,13.0,270.0,5.0,0.018518519,0.8211,0.6352,,True
False,0.0,,0.0035,0.0716,0.0065,36.0,109040490.0,11.0,14.0,270.0,1.0,0.0037037036,0.8236,0.6569,,False
False,0.0,0.0045,0.008,0.045,0.0045,37.0,119761264.0,10.0,14.0,270.0,1.0,0.0037037036,0.6549,0.6947,,True
False,0.0,0.0054,0.0065,0.0313,0.0031,38.0,128381590.0,10.0,14.0,270.0,1.0,0.0037037036,0.6136,0.7447,,False
False,0.0,0.0051,0.0059,0.0251,0.0025,39.0,133844593.0,10.0,14.0,270.0,1.0,0.0037037036,0.5696,0.7563,,False
False,0.0,0.0035,0.0049,0.0165,0.0017,40.0,144735494.0,10.0,14.0,270.0,1.0,0.0037037036,0.2662,0.7729,,True
False,0.0,0.0045,0.0048,0.0152,0.0015,41.0,147045298.0,10.0,14.0,270.0,1.0,0.0037037036,0.3046,0.7689,,True
False,0.0,0.0043,0.0044,0.0137,0.0014,42.0,149575788.0,10.0,14.0,265.0,5.0,0.018867925,0.4525,0.754,,False
False,0.0,,0.1477,0.1564,0.0142,43.0,155956062.0,11.0,14.0,312.0,47.0,0.15064102,0.6015,0.7504,,False
False,0.0,0.0025,0.0037,0.1432,0.013,44.0,158039211.0,11.0,14.0,312.0,1.0,0.0032051282,0.6426,0.7596,,False
False,0.0,0.0024,0.0035,0.0933,0.0085,45.0,167609507.0,11.0,14.0,312.0,1.0,0.0032051282,0.7107,0.7379,,False
False,0.0,,0.0181,0.1047,0.0087,46.0,168814935.0,12.0,15.0,317.0,5.0,0.01577287,0.6943,0.7356,,False
False,0.0,0.0032,0.0213,0.1099,0.0092,47.0,169436894.0,12.0,15.0,317.0,6.0,0.018927446,0.6907,0.7394,,False
False,0.0,0.0144,0.0156,0.0756,0.0063,48.0,177834226.0,12.0,15.0,317.0,1.0,0.0031545742,0.6037,0.7367,,False
False,0.0,0.0143,0.0036,0.0082,0.0007,49.0,179793524.0,11.0,15.0,265.0,52.0,0.19622642,0.5997,0.7416,,False
False,0.0,0.0029,0.0038,0.0075,0.0007,50.0,184560134.0,11.0,15.0,265.0,1.0,0.003773585,0.5618,0.77,,True
False,0.0,,0.0211,0.028,0.0023,51.0,185836822.0,12.0,16.0,270.0,5.0,0.018518519,0.5377,0.7599,,False
False,0.0,0.0021,0.0036,0.0181,0.0015,52.0,197163826.0,12.0,16.0,270.0,1.0,0.0037037036,0.3619,0.8004,,False
False,0.0,,0.0206,0.0331,0.0025,53.0,204697331.0,13.0,17.0,275.0,5.0,0.018181818,0.3452,0.7431,,False
False,0.0,0.0019,0.0035,0.0267,0.0021,54.0,210729203.0,13.0,17.0,275.0,1.0,0.0036363637,0.4108,0.731,,False
False,0.0,,0.0202,0.0459,0.0033,55.0,211148471.0,14.0,18.0,280.0,5.0,0.017857144,0.4338,0.7359,,False
False,0.0,0.0027,0.0034,0.0375,0.0027,56.0,215925678.0,14.0,18.0,280.0,1.0,0.0035714286,0.7494,0.5359,,False
False,0.0,,1.0,1.0,1.0,0.0,0.0,1.0,1.0,25.0,25.0,1.0,0.6208,0.5747,,True
False,0.0,,0.08,0.8606,0.4303,1.0,3562267.0,2.0,2.0,24.0,3.0,0.125,0.7382,0.5424,,False
False,0.0,,1.0,1.0,1.0,0.0,0.0,1.0,1.0,25.0,25.0,1.0,0.7382,0.5424,,False
False,0.0,,1.0,1.0,1.0,0.0,0.0,1.0,1.0,56.0,56.0,1.0,0.7874,0.5354,,True
False,0.0,,1.0,1.0,1.0,0.0,0.0,1.0,1.0,43.0,43.0,1.0,0.7874,0.5354,,True
False,0.0,,1.0,1.0,1.0,0.0,0.0,1.0,1.0,78.0,78.0,1.0,0.672,0.6837,,True
False,0.0,,0.0127,0.9574,0.4787,1.0,1012694.0,2.0,2.0,78.0,1.0,0.012820513,0.6799,0.6928,,False
True,1.0,0.0119,0.0486,0.8983,0.4492,2.0,2431421.0,2.0,2.0,79.0,2.0,0.025316456,0.6132,0.734,,False
False,1.0,0.0401,0.0525,0.7443,0.3722,3.0,6622763.0,2.0,2.0,79.0,1.0,0.012658228,0.6136,0.7447,,False
False,1.0,,0.0123,0.667,0.2223,4.0,9126534.0,3.0,3.0,79.0,1.0,0.012658228,0.6118,0.7416,,True
False,1.0,0.0407,0.0435,0.5847,0.1949,5.0,12085766.0,3.0,3.0,79.0,1.0,0.012658228,0.5696,0.7563,,False
False,1.0,0.0352,0.0476,0.4765,0.2382,6.0,16644047.0,2.0,3.0,79.0,1.0,0.012658228,0.3941,0.7711,,False
False,1.0,0.0355,0.0403,0.3605,0.1802,7.0,22976667.0,2.0,3.0,79.0,1.0,0.012658228,0.2662,0.7729,,True
False,1.0,0.0391,0.0426,0.3526,0.1763,8.0,23647529.0,2.0,3.0,79.0,1.0,0.012658228,0.2722,0.7714,,True
False,1.0,0.0395,0.0416,0.3288,0.1644,9.0,25286471.0,2.0,3.0,79.0,2.0,0.025316456,0.3046,0.7689,,True
False,1.0,,,0.2878,0.1439,10.0,27642722.0,2.0,4.0,75.0,4.0,0.053333335,0.3738,0.7575,,True
False,1.0,0.0159,0.0211,0.1979,0.099,11.0,36280384.0,2.0,4.0,75.0,1.0,0.013333334,0.6426,0.7596,,False
False,1.0,,0.013,0.1782,0.0594,12.0,39890344.0,3.0,5.0,75.0,1.0,0.013333334,0.703,0.7465,,False
False,1.0,,0.013,0.1668,0.0417,13.0,42819124.0,4.0,6.0,75.0,1.0,0.013333334,0.7182,0.7451,,False
False,1.0,0.0136,0.0182,0.1496,0.0374,14.0,45850680.0,4.0,6.0,75.0,1.0,0.013333334,0.7107,0.7379,,False
False,1.0,0.0088,0.0585,0.1772,0.0443,15.0,48268388.0,4.0,6.0,77.0,3.0,0.038961038,0.6956,0.7436,,False
False,1.0,0.011,,0.0827,0.0827,16.0,53801405.0,1.0,6.0,0.0,77.0,inf,0.6072,0.7427,,False
False,0.0,,1.0,1.0,1.0,0.0,0.0,1.0,1.0,104.0,104.0,1.0,0.6557,,,True
False,0.0,,0.0631,0.9418,0.4709,1.0,1396418.0,2.0,2.0,109.0,6.0,0.055045873,0.6527,0.3814,,True
False,0.0,,0.7008,0.9557,0.3186,2.0,3564274.0,3.0,3.0,368.0,259.0,0.7038044,0.5195,0.6413,,False
False,0.0,0.2359,0.2508,0.9492,0.3164,3.0,3801219.0,3.0,3.0,373.0,6.0,0.01608579,0.5164,0.5864,,True
False,0.0,0.2508,0.2663,0.9502,0.3167,4.0,3801586.0,3.0,3.0,380.0,7.0,0.018421052,0.5233,0.5824,,True
False,0.0,0.6593,0.0963,0.8617,0.2872,5.0,4148365.0,3.0,3.0,128.0,268.0,2.09375,0.4138,0.6825,,True
False,0.0,,0.0075,0.8415,0.2104,6.0,4667460.0,4.0,4.0,128.0,1.0,0.0078125,0.4135,0.6426,,False
False,0.0,0.7014,0.7145,0.8486,0.2121,7.0,4675403.0,4.0,4.0,133.0,6.0,0.04511278,0.4116,0.6239,,True
False,0.0,,0.0411,0.8106,0.1621,8.0,5878849.0,5.0,5.0,138.0,5.0,0.036231883,0.41,0.6082,,True
False,0.0,,0.0068,0.8109,0.1622,9.0,5879701.0,5.0,6.0,138.0,1.0,0.007246377,0.4097,0.5874,,False
False,0.0,0.0411,0.0789,0.8184,0.1637,10.0,5879794.0,5.0,6.0,143.0,5.0,0.034965035,0.4081,0.5786,,True
False,0.0,,0.0066,0.7972,0.1329,11.0,6500746.0,6.0,7.0,143.0,1.0,0.006993007,0.4109,0.553,,False
False,0.0,0.0064,0.0066,0.7974,0.1329,12.0,6501179.0,6.0,7.0,143.0,1.0,0.006993007,0.4106,0.5418,,False
False,0.0,,0.3333,0.8495,0.1416,13.0,7092918.0,6.0,8.0,209.0,77.0,0.36842105,0.4671,0.6021,,True
False,0.0,,,0.8523,0.142,14.0,7111162.0,6.0,8.0,204.0,5.0,0.024509804,0.4658,0.5977,,False
False,0.0,,0.0047,0.8421,0.1203,15.0,7429241.0,7.0,9.0,204.0,1.0,0.004901961,0.4655,0.5882,,False
False,0.0,0.051,0.0859,0.8333,0.119,16.0,7777836.0,7.0,9.0,209.0,7.0,0.033492822,0.4738,0.5973,,True
False,0.0,0.0859,0.0863,0.8339,0.1191,17.0,7777877.0,7.0,9.0,208.0,1.0,0.0048076925,0.4745,0.5909,,False
False,0.0,,0.2571,0.8622,0.1078,18.0,7793377.0,8.0,10.0,198.0,103.0,0.52020204,0.4726,0.632,,True
False,0.0,,0.0327,0.8662,0.0962,19.0,7795342.0,9.0,11.0,201.0,6.0,0.029850746,0.4712,0.63,,True
False,0.0,0.2411,0.2457,0.857,0.1071,20.0,8051099.0,8.0,11.0,201.0,1.0,0.0049751243,0.4744,0.6198,,False
False,0.0,0.2448,0.2654,0.8598,0.1075,21.0,8059493.0,8.0,11.0,206.0,5.0,0.024271844,0.4766,0.6216,,True
False,0.0,,0.0045,0.8483,0.0943,22.0,8383010.0,9.0,12.0,206.0,1.0,0.004854369,0.4764,0.6158,,False
False,0.0,0.0816,0.0952,0.827,0.0919,23.0,8917269.0,9.0,12.0,206.0,3.0,0.014563107,0.4895,0.6156,,False
False,0.0,0.2591,0.2788,0.8316,0.0924,24.0,8917291.0,9.0,12.0,211.0,5.0,0.023696683,0.4883,0.6147,,True
False,0.0,,0.0044,0.8248,0.0916,25.0,9097773.0,9.0,13.0,211.0,1.0,0.0047393367,0.488,0.6099,,False
False,0.0,,0.0044,0.785,0.0785,26.0,10199998.0,10.0,13.0,211.0,1.0,0.0047393367,0.4878,0.6054,,False
False,0.0,0.0044,0.0752,0.7926,0.0793,27.0,10204249.0,10.0,13.0,211.0,16.0,0.07582939,0.484,0.6127,,False
False,0.0,0.0752,0.0991,0.798,0.0798,28.0,10204350.0,10.0,13.0,216.0,5.0,0.023148147,0.4861,0.6155,,True
False,0.0,0.0972,0.0974,0.7802,0.078,29.0,10716304.0,10.0,13.0,216.0,3.0,0.013888889,0.4854,0.6137,,False
False,0.0,0.2498,0.249,0.7809,0.0781,30.0,10718836.0,10.0,13.0,207.0,9.0,0.04347826,0.3877,0.613,,False
False,0.0,0.249,0.2535,0.7815,0.0782,31.0,10720909.0,10.0,13.0,207.0,1.0,0.004830918,0.3875,0.6096,,False
False,0.0,0.1763,0.1808,0.78,0.078,32.0,10732375.0,10.0,13.0,207.0,1.0,0.004830918,0.3873,0.6064,,False
False,0.0,0.1765,0.1855,0.7606,0.0761,33.0,11323684.0,10.0,13.0,207.0,3.0,0.014492754,0.5689,0.619,,False
False,0.0,,0.0045,0.7572,0.0757,34.0,11418351.0,10.0,13.0,207.0,1.0,0.004830918,0.5687,0.616,,False
False,0.0,,0.0045,0.7559,0.0756,35.0,11497387.0,10.0,14.0,207.0,1.0,0.004830918,0.5685,0.6131,,False
False,0.0,0.1826,0.3227,0.7889,0.0789,36.0,11664433.0,10.0,14.0,211.0,104.0,0.49289098,0.553,0.639,,True
False,0.0,0.3225,0.3225,0.7875,0.0788,37.0,11697713.0,10.0,14.0,211.0,1.0,0.0047393367,0.5528,0.6362,,False
False,0.0,,0.0044,0.7876,0.0788,38.0,11697760.0,10.0,15.0,211.0,1.0,0.0047393367,0.5526,0.6335,,False
False,0.0,0.065,0.0665,0.7761,0.0776,39.0,11939895.0,10.0,15.0,206.0,5.0,0.024271844,0.5529,0.6334,,False
False,0.0,0.0664,0.0909,0.7817,0.0782,40.0,11944152.0,10.0,15.0,211.0,5.0,0.023696683,0.5423,0.6423,,True
False,0.0,0.2332,0.2376,0.7818,0.0869,41.0,11944311.0,9.0,15.0,211.0,1.0,0.0047393367,0.5421,0.64,,False
False,0.0,0.2368,0.2563,0.7851,0.0872,42.0,12017218.0,9.0,15.0,216.0,5.0,0.023148147,0.6176,0.6499,,True
False,0.0,0.249,0.2464,0.7643,0.0849,43.0,12665641.0,9.0,15.0,214.0,2.0,0.009345794,0.6172,0.6483,,False
False,0.0,0.2464,0.3298,0.7904,0.0878,44.0,12666189.0,9.0,15.0,241.0,27.0,0.112033196,0.6125,0.6545,,True
False,0.0,,0.0038,0.7881,0.0876,45.0,12718188.0,9.0,15.0,241.0,1.0,0.004149378,0.6133,0.6552,,False
False,0.0,0.3289,0.334,0.7896,0.0877,46.0,12719545.0,9.0,15.0,242.0,1.0,0.004132231,0.6131,0.6531,,False
False,0.0,0.2533,0.3063,0.7982,0.0887,47.0,13227154.0,9.0,15.0,242.0,111.0,0.45867768,0.5948,0.6668,,True
False,0.0,0.3217,0.3367,0.8025,0.0892,48.0,13227411.0,9.0,15.0,247.0,5.0,0.020242915,0.6159,0.6786,,True
False,0.0,0.3367,0.3525,0.8066,0.0896,49.0,13232099.0,9.0,15.0,251.0,8.0,0.03187251,0.615,0.6796,,True
False,0.0,0.3524,0.3525,0.8064,0.0896,50.0,13239117.0,9.0,15.0,251.0,1.0,0.003984064,0.6148,0.6775,,True
False,0.0,0.3525,0.4001,0.8206,0.0912,51.0,13239911.0,9.0,15.0,270.0,19.0,0.07037037,0.6201,0.6877,,True
False,0.0,0.4001,0.9215,0.9566,0.1594,52.0,13241339.0,6.0,15.0,268.0,260.0,0.9701493,0.6609,0.6369,,True
False,0.0,0.9215,0.9215,0.9566,0.1594,53.0,13242745.0,6.0,15.0,268.0,1.0,0.0037313432,0.6607,0.635,,False
False,0.0,0.9176,0.9182,0.9529,0.1588,54.0,13402483.0,6.0,15.0,269.0,11.0,0.040892195,0.66,0.6369,,False
False,0.0,,0.0033,0.9494,0.1356,55.0,13431324.0,7.0,15.0,269.0,1.0,0.003717472,0.6599,0.6351,,False
False,0.0,0.9115,0.9116,0.9495,0.1356,56.0,13437250.0,7.0,15.0,269.0,2.0,0.007434944,0.6597,0.6337,,False
False,0.0,0.0111,0.2336,0.9514,0.1359,57.0,13485771.0,7.0,15.0,269.0,125.0,0.464684,0.6459,0.6457,,False
False,0.0,0.6827,0.6828,0.9398,0.1343,58.0,13759631.0,7.0,15.0,269.0,2.0,0.007434944,0.6457,0.6444,,False
False,0.0,0.0107,0.1342,0.9326,0.1554,59.0,14021244.0,6.0,15.0,289.0,39.0,0.13494809,0.6415,0.6497,,True
False,0.0,0.6194,0.6225,0.9326,0.1554,60.0,14021588.0,6.0,15.0,289.0,1.0,0.0034602077,0.6413,0.648,,False
False,0.0,,0.0031,0.9142,0.1306,61.0,14462924.0,7.0,15.0,289.0,1.0,0.0034602077,0.6412,0.6464,,False
False,0.0,,0.0031,0.9097,0.1137,62.0,14618345.0,8.0,16.0,289.0,1.0,0.0034602077,0.6411,0.6448,,False
False,0.0,0.6023,0.6024,0.907,0.1134,63.0,14629367.0,8.0,16.0,289.0,1.0,0.0034602077,0.641,0.6432,,False
False,0.0,0.6024,0.6026,0.9072,0.1134,64.0,14629566.0,8.0,16.0,289.0,1.0,0.0034602077,0.6409,0.6417,,False
False,0.0,0.0031,0.028,0.9077,0.1135,65.0,14691562.0,8.0,16.0,289.0,8.0,0.027681662,0.6401,0.6421,,True
False,0.0,0.6002,0.6002,0.9044,0.1131,66.0,14715637.0,8.0,16.0,289.0,1.0,0.0034602077,0.6444,0.6483,,False
False,0.0,0.5904,0.5904,0.889,0.1111,67.0,15133618.0,8.0,16.0,289.0,1.0,0.0034602077,0.6443,0.6469,,False
False,0.0,0.003,0.0031,0.883,0.1104,68.0,15245631.0,8.0,16.0,289.0,1.0,0.0034602077,0.6442,0.6455,,False
False,0.0,0.1585,0.1895,0.884,0.1105,69.0,15245828.0,8.0,16.0,289.0,10.0,0.034602076,0.6432,0.6464,,True
False,0.0,0.5858,0.6905,0.9132,0.1142,70.0,15296905.0,8.0,16.0,397.0,108.0,0.2720403,0.6339,0.6562,,True
False,0.0,0.1416,0.1416,0.9132,0.1142,71.0,15298330.0,8.0,16.0,397.0,1.0,0.0025188916,0.6341,0.6536,,True
False,0.0,0.1412,0.162,0.9137,0.1305,72.0,15308859.0,7.0,16.0,397.0,19.0,0.047858942,0.6321,0.6559,,True
False,0.0,0.162,0.162,0.9137,0.1305,73.0,15314536.0,7.0,16.0,397.0,2.0,0.005037783,0.6319,0.6549,,False
False,0.0,0.6889,0.689,0.912,0.1303,74.0,15336180.0,7.0,16.0,397.0,1.0,0.0025188916,0.6318,0.6536,,False
False,0.0,,0.0093,0.9029,0.1129,75.0,15573709.0,8.0,17.0,397.0,4.0,0.010075566,0.6368,0.6428,,False
False,0.0,0.6823,0.6824,0.903,0.1129,76.0,15573945.0,8.0,17.0,397.0,1.0,0.0025188916,0.6367,0.6416,,False
False,0.0,0.0023,0.0023,0.9013,0.1127,77.0,15577881.0,8.0,17.0,397.0,1.0,0.0025188916,0.6366,0.6405,,True
False,0.0,0.6808,0.6825,0.902,0.1127,78.0,15597342.0,8.0,17.0,398.0,2.0,0.0050251256,0.6385,0.6443,,False
False,0.0,0.0091,0.0092,0.8913,0.1114,79.0,15842375.0,8.0,17.0,398.0,1.0,0.0025125628,0.6384,0.6432,,False
False,0.0,,0.0162,0.8776,0.0975,80.0,16242986.0,9.0,17.0,398.0,7.0,0.01758794,0.6391,0.6472,,False
False,0.0,0.0162,0.0185,0.8761,0.0973,81.0,16255627.0,9.0,17.0,398.0,1.0,0.0025125628,0.639,0.6461,,False
False,0.0,0.661,0.6633,0.8744,0.1093,82.0,16267666.0,8.0,17.0,398.0,1.0,0.0025125628,0.6389,0.6451,,False
False,0.0,0.6424,0.6425,0.8469,0.1059,83.0,16978026.0,8.0,17.0,398.0,1.0,0.0025125628,0.6382,0.6411,,False
False,0.0,0.0029,0.0422,0.8443,0.1055,84.0,17124080.0,8.0,17.0,398.0,17.0,0.042713568,0.6364,0.6433,,False
False,0.0,0.6298,0.6299,0.8328,0.1041,85.0,17390426.0,8.0,17.0,398.0,1.0,0.0025125628,0.6363,0.6423,,False
False,0.0,0.6298,0.63,0.8328,0.1041,86.0,17451093.0,8.0,17.0,398.0,1.0,0.0025125628,0.6361,0.6413,,False
False,0.0,,0.0023,0.8329,0.0925,87.0,17454711.0,9.0,17.0,398.0,1.0,0.0025125628,0.636,0.6403,,False
False,0.0,0.0023,0.0182,0.8347,0.0927,88.0,17458670.0,9.0,17.0,404.0,6.0,0.014851485,0.6354,0.6406,,True
False,0.0,,0.0023,0.8291,0.0829,89.0,17571332.0,10.0,17.0,404.0,1.0,0.0024752475,0.6353,0.6396,,False
False,0.0,0.018,0.0203,0.8276,0.0828,90.0,17641800.0,10.0,17.0,404.0,1.0,0.0024752475,0.6352,0.6387,,False
False,0.0,0.6084,0.6086,0.8261,0.0826,91.0,17660125.0,10.0,17.0,404.0,1.0,0.0024752475,0.6351,0.6378,,False
False,0.0,0.0201,0.0406,0.8203,0.082,92.0,17822813.0,10.0,17.0,404.0,9.0,0.022277229,0.6341,0.6387,,False
False,0.0,0.0022,0.0045,0.8126,0.0813,93.0,18064626.0,10.0,17.0,404.0,1.0,0.0024752475,0.634,0.6378,,False
False,0.0,,0.0179,0.8153,0.0741,94.0,18074849.0,11.0,17.0,410.0,7.0,0.017073171,0.6341,0.6396,,True
False,0.0,0.1,0.1023,0.8154,0.0741,95.0,18077961.0,11.0,17.0,410.0,1.0,0.0024390244,0.634,0.6387,,False
False,0.0,0.5831,0.5839,0.8148,0.0741,96.0,18080457.0,11.0,17.0,410.0,3.0,0.007317073,0.6337,0.6384,,False
False,0.0,0.1019,0.1041,0.8133,0.0739,97.0,18154117.0,11.0,17.0,410.0,1.0,0.0024390244,0.6336,0.6376,,False
False,0.0,0.1041,0.1063,0.8133,0.0739,98.0,18156497.0,11.0,17.0,410.0,1.0,0.0024390244,0.6335,0.6367,,False
False,0.0,0.1047,0.1203,0.801,0.0728,99.0,18504484.0,11.0,17.0,410.0,7.0,0.017073171,0.6651,0.6471,,False
False,0.0,0.57,0.5701,0.7963,0.0724,100.0,18601740.0,11.0,17.0,410.0,2.0,0.004878049,0.6649,0.6466,,False
False,0.0,0.0019,0.0042,0.7963,0.0724,101.0,18601759.0,11.0,17.0,410.0,1.0,0.0024390244,0.6648,0.6457,,False
False,0.0,0.0041,0.0064,0.7884,0.0717,102.0,18856556.0,11.0,17.0,410.0,1.0,0.0024390244,0.6647,0.6449,,False
False,0.0,0.5565,0.5587,0.7775,0.0707,103.0,19181769.0,11.0,17.0,410.0,1.0,0.0024390244,0.6927,0.6368,,False
False,0.0,0.5587,0.5591,0.7778,0.0707,104.0,19182428.0,11.0,17.0,410.0,1.0,0.0024390244,0.6926,0.636,,False
False,0.0,0.0042,0.0044,0.778,0.0707,105.0,19183920.0,11.0,17.0,410.0,1.0,0.0024390244,0.6925,0.6353,,False
False,0.0,0.0268,0.0401,0.7721,0.0702,106.0,19378101.0,11.0,17.0,411.0,5.0,0.0121654505,0.6931,0.6332,,False
False,0.0,0.0042,0.0043,0.7508,0.0683,107.0,19983412.0,11.0,17.0,411.0,1.0,0.00243309,0.7327,0.6306,,True
False,0.0,0.5169,0.5233,0.7379,0.0671,108.0,20494194.0,11.0,17.0,416.0,5.0,0.012019231,0.7331,0.6394,,True
False,0.0,0.0018,0.0515,0.7426,0.0743,109.0,20578267.0,10.0,17.0,408.0,31.0,0.075980395,0.7296,0.6435,,False
False,0.0,0.0042,0.0064,0.7419,0.0742,110.0,20585346.0,10.0,17.0,408.0,1.0,0.0024509805,0.7295,0.6428,,False
False,0.0,,0.0045,0.7417,0.0674,111.0,20588903.0,11.0,18.0,408.0,2.0,0.004901961,0.7293,0.6423,,False
False,0.0,0.0064,0.0086,0.7419,0.0674,112.0,20647506.0,11.0,18.0,408.0,1.0,0.0024509805,0.7292,0.6416,,False
False,0.0,0.0086,0.0109,0.7421,0.0675,113.0,20651048.0,11.0,18.0,408.0,1.0,0.0024509805,0.7291,0.641,,False
False,0.0,0.0273,0.0588,0.7198,0.0654,114.0,21343361.0,11.0,18.0,408.0,15.0,0.036764707,0.7353,0.6471,,False
False,0.0,0.0105,0.0106,0.7187,0.0653,115.0,21356833.0,11.0,18.0,408.0,1.0,0.0024509805,0.7352,0.6464,,False
False,0.0,0.0106,0.0107,0.7174,0.0652,116.0,21371400.0,11.0,18.0,408.0,1.0,0.0024509805,0.7432,0.6514,,False
False,0.0,0.0106,0.0107,0.7115,0.0647,117.0,21603187.0,11.0,18.0,408.0,1.0,0.0024509805,0.7443,0.6508,,False
False,0.0,0.0107,0.0108,0.7109,0.0646,118.0,21606672.0,11.0,18.0,408.0,1.0,0.0024509805,0.745,0.6498,,False
False,0.0,0.0107,0.0239,0.7061,0.0642,119.0,21876138.0,11.0,18.0,410.0,5.0,0.0121951215,0.7484,0.6568,,False
False,0.0,0.4666,0.4725,0.6996,0.0636,120.0,22204749.0,11.0,18.0,414.0,4.0,0.009661836,0.7482,0.6586,,False
False,0.0,0.4717,0.4637,0.6954,0.0632,121.0,22216308.0,11.0,18.0,404.0,10.0,0.024752475,0.755,0.6655,,True
False,0.0,,0.0067,0.6946,0.0579,122.0,22309308.0,12.0,18.0,404.0,3.0,0.0074257427,0.7551,0.6679,,False
False,0.0,,0.0022,0.6953,0.0535,123.0,22310142.0,13.0,18.0,404.0,1.0,0.0024752475,0.755,0.6672,,False
False,0.0,0.0809,0.1067,0.6948,0.0534,124.0,22379766.0,13.0,18.0,399.0,16.0,0.04010025,0.7556,0.6704,,False
False,0.0,0.0022,0.034,0.6892,0.053,125.0,22561701.0,13.0,18.0,399.0,14.0,0.03508772,0.7544,0.6715,,False
False,0.0,0.0128,0.0151,0.681,0.0524,126.0,22824296.0,13.0,18.0,399.0,1.0,0.0025062656,0.7624,0.6637,,False
False,0.0,0.0241,0.0264,0.6768,0.0521,127.0,22984983.0,13.0,18.0,399.0,1.0,0.0025062656,0.7624,0.6637,,False
False,0.0,,0.0023,0.6763,0.0483,128.0,22987059.0,14.0,18.0,399.0,1.0,0.0025062656,0.7623,0.6631,,False
False,0.0,0.0023,0.0045,0.6764,0.0483,129.0,22989673.0,14.0,18.0,399.0,1.0,0.0025062656,0.7622,0.6625,,False
False,0.0,0.0149,0.0172,0.6761,0.0483,130.0,22993973.0,14.0,18.0,399.0,1.0,0.0025062656,0.7621,0.6619,,False
False,0.0,0.0263,0.0286,0.6761,0.0483,131.0,22995145.0,14.0,18.0,399.0,1.0,0.0025062656,0.762,0.6613,,False
False,0.0,0.0171,0.0172,0.6759,0.0483,132.0,23004231.0,14.0,18.0,399.0,1.0,0.0025062656,0.7619,0.6607,,False
False,0.0,0.0286,0.0652,0.6759,0.0483,133.0,23009630.0,14.0,18.0,399.0,18.0,0.04511278,0.76,0.6628,,False
False,0.0,0.0172,0.0194,0.6759,0.0483,134.0,23010740.0,14.0,18.0,399.0,1.0,0.0025062656,0.7599,0.6622,,False
False,0.0,0.0023,0.0023,0.6759,0.0483,135.0,23015743.0,14.0,18.0,399.0,1.0,0.0025062656,0.7598,0.6616,,False
False,0.0,0.0022,0.0045,0.6759,0.0483,136.0,23064151.0,14.0,18.0,399.0,1.0,0.0025062656,0.7597,0.661,,False
False,0.0,0.0651,0.0651,0.6751,0.0482,137.0,23073253.0,14.0,18.0,399.0,1.0,0.0025062656,0.7596,0.6605,,False
False,0.0,0.4403,0.4435,0.6779,0.0484,138.0,23080486.0,14.0,18.0,399.0,5.0,0.012531328,0.759,0.6608,,False
False,0.0,,,0.4711,0.0785,139.0,23609312.0,6.0,19.0,0.0,399.0,inf,0.7874,0.5354,,True
False,0.0,,1.0,1.0,1.0,0.0,0.0,1.0,1.0,224.0,224.0,1.0,0.6664,0.6791,,True
False,0.0,1.0,1.0,1.0,1.0,1.0,3364.0,1.0,1.0,228.0,12.0,0.05263158,0.672,0.6837,,True
False,0.0,1.0,1.0,1.0,1.0,2.0,70545.0,1.0,1.0,173.0,55.0,0.31791908,0.6744,0.6877,,False
True,1.0,,0.0113,0.895,0.4475,3.0,2434785.0,2.0,2.0,174.0,1.0,0.0057471264,0.6132,0.734,,False
False,1.0,0.0093,0.015,0.7399,0.3699,4.0,6626127.0,2.0,2.0,174.0,1.0,0.0057471264,0.6136,0.7447,,False
False,1.0,0.0116,0.0129,0.576,0.288,5.0,12089130.0,2.0,2.0,174.0,1.0,0.0057471264,0.5696,0.7563,,False
False,1.0,0.0104,0.0436,0.4819,0.2409,6.0,16729137.0,2.0,2.0,176.0,5.0,0.028409092,0.3957,0.7723,,False
False,1.0,,0.0221,0.4899,0.1633,7.0,16929564.0,3.0,3.0,176.0,4.0,0.022727273,0.3966,0.7732,,False
False,1.0,,0.0374,0.4369,0.1092,8.0,20378797.0,4.0,4.0,181.0,6.0,0.03314917,0.3574,0.7711,,False
False,1.0,0.0314,0.0335,0.3894,0.0974,9.0,22980031.0,4.0,4.0,181.0,1.0,0.005524862,0.2662,0.7729,,True
False,1.0,0.0301,0.0306,0.3502,0.0875,10.0,25289835.0,4.0,4.0,181.0,1.0,0.005524862,0.3046,0.7689,,True
False,1.0,0.0306,0.0614,0.3658,0.0914,11.0,25310937.0,4.0,4.0,183.0,4.0,0.021857923,0.3116,0.7699,,False
False,1.0,0.0568,0.0484,0.3324,0.0831,12.0,27013520.0,4.0,4.0,181.0,4.0,0.022099448,0.3413,0.7702,,False
False,1.0,0.0135,0.019,0.2292,0.0573,13.0,34980145.0,4.0,4.0,179.0,3.0,0.016759777,0.6182,0.7561,,False
True,2.0,,0.0107,0.2327,0.0465,14.0,35167986.0,5.0,5.0,179.0,2.0,0.011173184,0.6346,0.7608,,False
False,2.0,0.0248,0.027,0.2237,0.0447,15.0,36283748.0,5.0,5.0,179.0,1.0,0.005586592,0.6426,0.7596,,False
False,2.0,0.0173,0.0192,0.1454,0.0291,16.0,45854044.0,5.0,5.0,179.0,1.0,0.005586592,0.7107,0.7379,,False
False,2.0,0.0013,0.0222,0.1482,0.0296,17.0,48271752.0,5.0,5.0,182.0,3.0,0.016483517,0.6956,0.7436,,False
False,2.0,0.013,,0.0827,0.0827,18.0,53804769.0,1.0,5.0,0.0,182.0,inf,0.6072,0.7427,,False
False,0.0,,1.0,1.0,1.0,0.0,0.0,1.0,1.0,7.0,7.0,1.0,0.7331,0.6394,,True
False,0.0,,1.0,1.0,1.0,0.0,0.0,1.0,1.0,44.0,44.0,1.0,0.6774,0.6922,,False
True,1.0,,0.0851,0.9194,0.4597,1.0,2012624.0,2.0,2.0,45.0,3.0,0.06666667,0.6132,0.734,,False
False,1.0,,0.1132,0.4689,0.1563,2.0,19956636.0,3.0,3.0,50.0,5.0,0.1,0.3574,0.7711,,False
False,1.0,0.0262,0.0798,0.3986,0.1329,3.0,24888776.0,3.0,3.0,51.0,2.0,0.039215688,0.3116,0.7699,,False
False,1.0,0.0738,0.0594,0.3603,0.1201,4.0,26591359.0,3.0,3.0,50.0,2.0,0.04,0.3413,0.7702,,False
False,1.0,0.0472,0.2085,0.3763,0.1254,5.0,34557984.0,3.0,3.0,60.0,10.0,0.16666667,0.6182,0.7561,,False
True,2.0,,0.0845,0.4256,0.1064,6.0,34745825.0,4.0,4.0,65.0,5.0,0.07692308,0.6346,0.7608,,False
False,2.0,0.0301,0.1602,0.4938,0.1234,7.0,35328947.0,4.0,4.0,74.0,9.0,0.12162162,0.6388,0.7652,,True
False,2.0,0.1151,0.1754,0.3998,0.1,8.0,42400327.0,4.0,4.0,79.0,5.0,0.06329114,0.7182,0.7451,,False
False,2.0,0.0533,0.0743,0.3259,0.0815,9.0,47849591.0,4.0,4.0,80.0,1.0,0.0125,0.6956,0.7436,,False
False,2.0,0.0813,0.0924,0.3337,0.0834,10.0,47959480.0,4.0,4.0,80.0,1.0,0.0125,0.6926,0.7443,,False
False,2.0,0.0721,0.0092,0.1109,0.037,11.0,53382608.0,3.0,4.0,0.0,80.0,inf,0.6072,0.7427,,False
False,0.0,,1.0,1.0,1.0,0.0,0.0,1.0,1.0,1.0,1.0,1.0,0.3894,0.6099,,False
False,0.0,,1.0,1.0,1.0,0.0,0.0,1.0,1.0,3.0,3.0,1.0,0.6182,0.7561,,False
False,0.0,,,0.4191,0.4191,1.0,18824624.0,1.0,2.0,0.0,3.0,inf,0.6072,0.7427,,False
False,0.0,,1.0,1.0,1.0,0.0,0.0,1.0,1.0,3.0,3.0,1.0,0.6182,0.7561,,False
False,0.0,,,0.4191,0.4191,1.0,18824624.0,1.0,2.0,0.0,3.0,inf,0.6072,0.7427,,False
False,0.0,,1.0,1.0,1.0,0.0,0.0,1.0,1.0,99.0,99.0,1.0,0.7898,0.682,,True
False,0.0,,0.02,0.5859,0.293,1.0,11845544.0,2.0,2.0,99.0,2.0,0.02020202,0.6266,0.7268,,True
False,0.0,0.1941,0.2141,0.2141,0.2141,2.0,34984295.0,1.0,2.0,99.0,2.0,0.02020202,0.3046,0.7689,,True
False,0.0,0.1697,0.1698,0.1698,0.1698,3.0,40001905.0,1.0,2.0,98.0,1.0,0.010204081,0.5068,0.7444,,False
False,0.0,,0.0101,0.0832,0.0416,4.0,57966212.0,2.0,2.0,98.0,1.0,0.010204081,0.6956,0.7436,,False
False,0.0,,1.0,1.0,1.0,0.0,0.0,1.0,1.0,174.0,174.0,1.0,0.726,0.5091,,True
False,0.0,0.9684,0.9695,0.9695,0.9695,1.0,699558.0,1.0,1.0,174.0,6.0,0.03448276,0.7719,0.4881,,True
False,0.0,0.7382,0.7701,0.7701,0.7701,2.0,6646865.0,1.0,1.0,190.0,22.0,0.11578947,0.8274,0.5839,,True
False,0.0,0.7701,0.7701,0.7701,0.7701,3.0,6648571.0,1.0,1.0,190.0,1.0,0.005263158,0.8274,0.5831,,True
False,0.0,0.7675,0.7675,0.7675,0.7675,4.0,6654916.0,1.0,1.0,190.0,1.0,0.005263158,0.8274,0.5823,,False
False,0.0,0.0519,0.0615,0.0615,0.0615,5.0,64798863.0,1.0,1.0,190.0,2.0,0.010526316,0.6976,0.7402,,False
False,0.0,0.0615,0.0663,0.0663,0.0663,6.0,64799165.0,1.0,1.0,190.0,1.0,0.005263158,0.6977,0.7396,,False
False,0.0,0.0404,0.0453,0.0453,0.0453,7.0,75510281.0,1.0,1.0,190.0,1.0,0.005263158,0.7015,0.7403,,False
False,0.0,,1.0,1.0,1.0,0.0,0.0,1.0,1.0,7.0,7.0,1.0,0.625,0.7366,,True
False,0.0,,,0.1496,0.1496,1.0,41028289.0,1.0,2.0,0.0,7.0,inf,0.7154,0.7356,,False
False,0.0,,1.0,1.0,1.0,0.0,0.0,1.0,1.0,152.0,152.0,1.0,0.625,0.7366,,True
False,0.0,,0.1257,0.5164,0.2582,1.0,17427361.0,2.0,2.0,172.0,20.0,0.11627907,0.3574,0.7711,,False
False,0.0,,0.0114,0.4187,0.1396,2.0,22338399.0,3.0,3.0,172.0,2.0,0.011627907,0.3046,0.7689,,True
False,0.0,0.0114,0.0608,0.4409,0.147,3.0,22359501.0,3.0,3.0,175.0,6.0,0.034285713,0.3116,0.7699,,False
False,0.0,0.0563,0.0429,0.4,0.1333,4.0,24062084.0,3.0,3.0,172.0,6.0,0.034883723,0.3413,0.7702,,False
False,0.0,0.0373,0.0486,0.3567,0.1189,5.0,27027175.0,3.0,3.0,172.0,2.0,0.011627907,0.4703,0.7433,,True
False,0.0,,,0.325,0.1083,6.0,28917374.0,3.0,4.0,167.0,5.0,0.029940119,0.5306,0.7366,,False
False,0.0,,,0.1496,0.1496,7.0,41028289.0,1.0,5.0,0.0,167.0,inf,0.7154,0.7356,,False
False,0.0,,1.0,1.0,1.0,0.0,0.0,1.0,1.0,16.0,16.0,1.0,0.7153,0.7352,0.0,False
False,0.0,,1.0,1.0,1.0,0.0,0.0,1.0,1.0,24.0,24.0,1.0,0.7382,0.5424,,False
False,0.0,,1.0,1.0,1.0,0.0,0.0,1.0,1.0,20.0,20.0,1.0,0.7382,0.5424,0.0,False
False,0.0,,1.0,1.0,1.0,0.0,0.0,1.0,1.0,77.0,77.0,1.0,0.6208,0.5747,6.0,True
False,0.0,,0.0602,0.8576,0.4288,1.0,3562267.0,2.0,2.0,81.0,4.0,0.049382716,0.7382,0.5424,6.0,False
False,0.0,,1.0,1.0,1.0,0.0,0.0,1.0,1.0,97.0,97.0,1.0,0.6208,0.5747,5.0,True
False,0.0,,0.0102,0.85,0.425,1.0,3562267.0,2.0,2.0,97.0,1.0,0.010309278,0.7382,0.5424,5.0,False
False,0.0,,1.0,1.0,1.0,0.0,0.0,1.0,1.0,40.0,40.0,1.0,0.5821,0.7427,,False
False,0.0,1.0,1.0,1.0,1.0,1.0,53783.0,1.0,1.0,47.0,12.0,0.25531915,0.5843,0.7453,,True
False,0.0,1.0,1.0,1.0,1.0,2.0,74884.0,1.0,1.0,73.0,27.0,0.369863,0.5869,0.7502,,True
False,0.0,0.9982,0.9987,0.9987,0.9987,3.0,129081.0,1.0,1.0,84.0,31.0,0.3690476,0.5891,0.7529,,True
False,0.0,0.9987,0.9987,0.9987,0.9987,4.0,129839.0,1.0,1.0,84.0,1.0,0.011904762,0.5893,0.7515,,True
False,0.0,0.9879,0.9885,0.9885,0.9885,5.0,388141.0,1.0,1.0,86.0,4.0,0.046511628,0.5963,0.7481,,True
False,0.0,0.9874,0.9878,0.9878,0.9878,6.0,398706.0,1.0,1.0,86.0,3.0,0.034883723,0.6015,0.7504,,False
False,0.0,0.9837,0.9879,0.9879,0.9879,7.0,503419.0,1.0,1.0,105.0,28.0,0.26666668,0.6125,0.7502,,True
False,0.0,0.9852,0.9869,0.9869,0.9869,8.0,565800.0,1.0,1.0,115.0,13.0,0.11304348,0.6123,0.7536,,True
False,0.0,0.9828,0.9831,0.9831,0.9831,9.0,670582.0,1.0,1.0,116.0,2.0,0.01724138,0.6128,0.7526,,False
False,0.0,0.965,0.9698,0.9698,0.9698,10.0,1076615.0,1.0,1.0,127.0,16.0,0.12598425,0.6065,0.7558,,True
False,0.0,0.9687,0.9686,0.9686,0.9686,11.0,1095645.0,1.0,1.0,126.0,3.0,0.023809524,0.6066,0.7549,,True
False,0.0,,0.0067,0.9654,0.4827,12.0,1167910.0,2.0,2.0,126.0,1.0,0.007936508,0.6069,0.7541,,False
False,0.0,0.9143,0.9146,0.921,0.4605,13.0,2202559.0,2.0,2.0,126.0,1.0,0.007936508,0.6413,0.7602,,True
False,0.0,,0.0067,0.9064,0.3021,14.0,2548491.0,3.0,3.0,126.0,1.0,0.007936508,0.6426,0.7585,,False
False,0.0,0.0062,0.0062,0.8891,0.2964,15.0,2978170.0,3.0,3.0,126.0,1.0,0.007936508,0.6976,0.7402,,False
False,0.0,0.0056,0.0523,0.819,0.273,16.0,4967578.0,3.0,3.0,126.0,7.0,0.055555556,0.7052,0.7385,,False
False,0.0,0.7483,0.7531,0.8052,0.4026,17.0,5332771.0,2.0,3.0,124.0,2.0,0.016129032,0.7101,0.7383,,False
False,0.0,0.7323,0.746,0.7941,0.397,18.0,5939399.0,2.0,3.0,130.0,6.0,0.046153847,0.7068,0.7454,,True
False,0.0,0.0426,0.1127,0.7291,0.3645,19.0,8510000.0,2.0,3.0,135.0,14.0,0.1037037,0.6974,0.7426,,False
False,0.0,,,0.6016,0.3008,20.0,12668853.0,2.0,3.0,133.0,2.0,0.015037594,0.6948,0.7367,,False
False,0.0,0.3068,0.3193,0.3757,0.1878,21.0,23540597.0,2.0,3.0,134.0,2.0,0.014925373,0.6012,0.7391,,True
False,0.0,0.3168,0.3292,0.3848,0.1924,22.0,23713067.0,2.0,3.0,134.0,6.0,0.04477612,0.6119,0.7361,,True
False,0.0,0.3291,0.3332,0.3884,0.1942,23.0,23715023.0,2.0,3.0,134.0,5.0,0.03731343,0.6126,0.7363,,True
False,0.0,,0.0061,0.3842,0.1281,24.0,24169176.0,3.0,3.0,134.0,1.0,0.0074626864,0.5928,0.7384,,False
False,0.0,0.053,0.066,0.3883,0.1294,25.0,24574554.0,3.0,3.0,134.0,3.0,0.02238806,0.5955,0.7368,,False
False,0.0,0.0654,0.0841,0.3961,0.132,26.0,24749349.0,3.0,3.0,134.0,4.0,0.029850746,0.5963,0.7363,,False
False,0.0,0.0839,0.0839,0.3955,0.1318,27.0,24754147.0,3.0,3.0,134.0,4.0,0.029850746,0.5931,0.7354,,False
False,0.0,0.0777,0.0839,0.3687,0.1229,28.0,26416992.0,3.0,3.0,133.0,6.0,0.04511278,0.5471,0.7534,,False
False,0.0,0.0768,0.0914,0.349,0.1163,29.0,28319819.0,3.0,3.0,134.0,5.0,0.03731343,0.5545,0.7585,,False
False,0.0,0.0819,0.0844,0.3147,0.1049,30.0,30736062.0,3.0,3.0,134.0,4.0,0.029850746,0.5377,0.76,,False
False,0.0,0.0689,0.1052,0.2857,0.0952,31.0,35127810.0,3.0,3.0,134.0,6.0,0.04477612,0.5504,0.7713,,False
False,0.0,0.052,0.0642,0.1534,0.0511,32.0,50329588.0,3.0,3.0,134.0,3.0,0.02238806,0.3388,0.7395,,False
False,0.0,0.0624,0.0733,0.1609,0.0536,33.0,50941225.0,3.0,3.0,129.0,7.0,0.054263566,0.342,0.7376,,True
False,0.0,0.0719,0.0721,0.158,0.0527,34.0,51372694.0,3.0,3.0,129.0,2.0,0.015503876,0.3659,0.7325,,True
False,0.0,0.0721,0.0721,0.158,0.0527,35.0,51374017.0,3.0,3.0,129.0,2.0,0.015503876,0.3667,0.7323,,False
False,0.0,0.072,0.072,0.1577,0.0526,36.0,51447725.0,3.0,3.0,129.0,2.0,0.015503876,0.3676,0.7326,,False
False,0.0,0.0486,0.0549,0.1124,0.0375,37.0,59863666.0,3.0,3.0,129.0,1.0,0.007751938,0.7347,0.5357,,False
False,0.0,,1.0,1.0,1.0,0.0,0.0,1.0,1.0,375.0,375.0,1.0,0.7874,0.5354,,True
False,0.0,,0.0157,0.95,0.475,1.0,1191213.0,2.0,2.0,380.0,5.0,0.013157895,0.8006,0.5449,,False
False,0.0,,0.0026,0.9276,0.3092,2.0,1642679.0,3.0,3.0,380.0,1.0,0.002631579,0.8016,0.5464,,False
False,0.0,,0.0155,0.8317,0.2079,3.0,4123862.0,4.0,4.0,385.0,5.0,0.012987013,0.8123,0.5127,,True
False,0.0,0.0149,0.0747,0.8143,0.2036,4.0,4905012.0,4.0,4.0,407.0,23.0,0.056511056,0.8179,0.5178,,True
False,0.0,0.0744,0.0842,0.812,0.406,5.0,4995931.0,2.0,4.0,192.0,228.0,1.1875,0.8101,0.5358,,True
False,0.0,,0.0293,0.7228,0.2409,6.0,7755163.0,3.0,5.0,197.0,5.0,0.02538071,0.8164,0.4999,,True
False,0.0,,0.0377,0.6953,0.1738,7.0,8976877.0,4.0,6.0,203.0,7.0,0.03448276,0.8161,0.5009,,False
False,0.0,0.036,0.1267,0.6923,0.1731,8.0,10090719.0,4.0,6.0,208.0,19.0,0.09134615,0.8164,0.5087,,True
False,0.0,,,0.6613,0.1653,9.0,10958514.0,4.0,6.0,202.0,6.0,0.02970297,0.7952,0.5194,,False
False,0.0,,0.0047,0.6464,0.1293,10.0,11406366.0,5.0,6.0,202.0,1.0,0.004950495,0.7958,0.5222,,False
False,0.0,0.0046,0.032,0.6382,0.1276,11.0,12082333.0,5.0,6.0,207.0,5.0,0.024154589,0.7922,0.5226,,False
False,0.0,0.0313,0.036,0.6261,0.1252,12.0,12515764.0,5.0,6.0,207.0,2.0,0.009661836,0.7847,0.5325,,False
False,0.0,0.036,0.1052,0.6399,0.16,13.0,12600291.0,4.0,6.0,93.0,121.0,1.3010752,0.7811,0.5406,,False
False,0.0,0.1042,0.0843,0.6354,0.1588,14.0,12773622.0,4.0,6.0,,119.0,,0.785,0.5576,,False
False,0.0,0.0843,0.1687,0.6727,0.1682,15.0,12779063.0,4.0,6.0,,119.0,,0.788,0.5671,,False
False,0.0,0.1443,0.202,0.6029,0.1507,16.0,16225624.0,4.0,6.0,,5.0,,0.7538,0.5983,,False
False,0.0,0.1966,0.7885,0.8917,0.2229,17.0,16764268.0,4.0,6.0,114.0,222.0,1.9473684,0.7492,0.6067,,False
False,0.0,,0.0066,0.8102,0.162,18.0,18916175.0,5.0,6.0,114.0,2.0,0.01754386,0.7467,0.6033,,False
False,0.0,,0.0193,0.7097,0.1183,19.0,21946182.0,6.0,7.0,119.0,5.0,0.042016808,0.8019,0.6001,,True
False,0.0,0.5958,0.6213,0.718,0.1197,20.0,22211183.0,6.0,7.0,139.0,20.0,0.1438849,0.8003,0.5993,,False
False,0.0,0.5733,0.587,0.673,0.1122,21.0,24021456.0,6.0,7.0,149.0,10.0,0.06711409,0.8,0.5913,,False
False,0.0,,0.0172,0.633,0.0904,22.0,25564041.0,7.0,8.0,154.0,5.0,0.032467533,0.8002,0.59,,False
False,0.0,,0.0333,0.6024,0.0753,23.0,27129892.0,8.0,9.0,164.0,11.0,0.067073174,0.8026,0.5689,,False
False,0.0,0.0098,0.0342,0.5463,0.0683,24.0,29551916.0,8.0,9.0,169.0,8.0,0.04733728,0.7816,0.5311,,True
False,0.0,,0.0027,0.4003,0.0445,25.0,36378653.0,9.0,10.0,169.0,1.0,0.00591716,0.7527,0.6514,,False
False,0.0,,0.0161,0.2745,0.0274,26.0,45524352.0,10.0,11.0,174.0,5.0,0.028735632,0.689,0.6778,,False
False,0.0,,0.0027,0.2703,0.0246,27.0,45862977.0,11.0,12.0,174.0,1.0,0.0057471264,0.69,0.6852,,False
False,0.0,,,0.1938,0.0176,28.0,53045700.0,11.0,13.0,169.0,5.0,0.0295858,0.717,0.7232,,False
False,0.0,,,0.1212,0.0173,29.0,54246670.0,7.0,14.0,,284.0,,0.6919,0.6835,,False
False,0.0,,0.012,0.1288,0.0161,30.0,54856928.0,8.0,14.0,,1.0,,0.6878,0.6896,,True
False,0.0,,,0.1128,0.0141,31.0,57340055.0,8.0,14.0,,5.0,,0.6777,0.6829,,False
False,0.0,0.0044,0.0755,0.1116,0.0139,32.0,78004694.0,8.0,14.0,,5.0,,0.6296,0.6177,,False
False,0.0,,0.0769,0.1636,0.0182,33.0,81725380.0,9.0,15.0,,6.0,,0.5476,0.7505,,False
False,0.0,0.0264,0.0374,0.0845,0.0094,34.0,98986082.0,9.0,15.0,,1.0,,0.8191,0.6519,,True
False,0.0,,0.0714,0.1324,0.0132,35.0,104436644.0,10.0,15.0,,6.0,,0.7477,0.6655,,False
False,0.0,0.0167,0.0372,0.09,0.009,36.0,114715622.0,10.0,15.0,,2.0,,0.6173,0.7409,,False
False,0.0,,0.125,0.1964,0.0179,37.0,116806858.0,11.0,15.0,,12.0,,0.6063,0.7338,,True
False,0.0,,0.0672,0.2061,0.0172,38.0,122854600.0,12.0,16.0,,7.0,,0.5664,0.7542,,False
False,0.0,,0.0168,0.2094,0.0161,39.0,123361635.0,13.0,17.0,,2.0,,0.5665,0.756,,True
False,0.0,0.0319,,0.0738,0.0062,40.0,138957964.0,12.0,17.0,,12.0,,0.3651,0.7557,,False
False,0.0,0.0399,0.0492,0.0727,0.0061,41.0,140901493.0,12.0,17.0,,1.0,,0.4671,0.7436,,False
False,0.0,0.005,0.1054,0.1498,0.0125,42.0,147124670.0,12.0,17.0,,11.0,,0.6388,0.7652,,True
False,0.0,0.0304,0.0388,0.1435,0.013,43.0,148954805.0,11.0,17.0,,1.0,,0.6974,0.7397,,False
False,0.0,0.0354,0.0361,0.1312,0.0119,44.0,151014992.0,11.0,17.0,,1.0,,0.7048,0.7437,,False
False,0.0,0.0606,0.2046,0.2298,0.0209,45.0,159060141.0,11.0,17.0,,21.0,,0.6936,0.7413,,False
False,0.0,,0.0476,0.1845,0.0154,46.0,169238771.0,12.0,18.0,,6.0,,0.5927,0.7384,,False
False,0.0,0.0863,0.0932,0.1356,0.0113,47.0,176603858.0,12.0,18.0,,1.0,,0.5331,0.7637,,False
False,0.0,0.0928,0.1682,0.2139,0.0194,48.0,176757277.0,11.0,18.0,,34.0,,0.5389,0.7647,,False
False,0.0,,0.058,0.2489,0.0207,49.0,177962969.0,12.0,19.0,,7.0,,0.5259,0.7715,,False
False,0.0,0.1468,0.1546,0.2042,0.017,50.0,178399445.0,12.0,19.0,,7.0,,0.5345,0.77,,False
False,0.0,0.0909,0.1672,0.1939,0.0162,51.0,189829466.0,12.0,19.0,,10.0,,0.3451,0.7712,,False
False,0.0,0.1268,0.162,0.1814,0.0151,52.0,195848387.0,12.0,19.0,,5.0,,0.3352,0.7407,,False
False,0.0,,0.0449,0.2066,0.0159,53.0,197328069.0,13.0,20.0,,6.0,,0.3663,0.7375,,False
False,0.0,,0.0064,0.1562,0.0112,54.0,203988872.0,14.0,21.0,,1.0,,0.7331,0.5308,,False
False,0.0,,1.0,1.0,1.0,0.0,0.0,1.0,1.0,2.0,2.0,1.0,0.5327,0.7361,,True
False,0.0,,,0.835,0.835,1.0,3962781.0,1.0,2.0,0.0,2.0,inf,0.6416,0.7598,,False
False,0.0,0.5775,0.8944,0.8944,0.8944,2.0,11845559.0,1.0,2.0,2.0,2.0,1.0,0.7089,0.7336,,False
False,0.0,,,0.5015,0.5015,3.0,21684907.0,1.0,3.0,0.0,2.0,inf,0.542,0.7896,,False
False,0.0,,0.6,0.6333,0.3167,4.0,60377325.0,2.0,4.0,2.0,2.0,1.0,0.7377,0.5265,,False
False,0.0,,1.0,1.0,1.0,0.0,0.0,1.0,1.0,2.0,2.0,1.0,0.6209,0.733,,False
False,0.0,,,0.9684,0.9684,1.0,695154.0,1.0,2.0,0.0,2.0,inf,0.6079,0.7337,,False
False,0.0,,0.75,0.7908,0.3954,2.0,39134956.0,2.0,3.0,2.0,2.0,1.0,0.7086,0.7348,,True
False,0.0,,0.3333,0.4857,0.1619,3.0,59344875.0,3.0,4.0,1.0,2.0,2.0,0.5365,0.7595,,False
False,0.0,,0.6,0.6245,0.2082,4.0,87688677.0,3.0,5.0,2.0,2.0,1.0,0.7377,0.5265,,False
False,0.0,,1.0,1.0,1.0,0.0,0.0,1.0,1.0,2.0,2.0,1.0,0.7121,0.7348,,False
False,0.0,,0.5,0.6112,0.3056,1.0,32470578.0,2.0,2.0,1.0,2.0,2.0,0.3804,0.7771,,False
False,0.0,,0.75,0.7784,0.3892,2.0,46990147.0,2.0,3.0,2.0,2.0,1.0,0.7377,0.5265,,False
False,0.0,,1.0,1.0,1.0,0.0,0.0,1.0,1.0,75.0,75.0,1.0,0.7874,0.5354,,True
False,0.0,,0.2626,0.8494,0.4247,1.0,4995931.0,2.0,2.0,96.0,24.0,0.25,0.8101,0.5358,,True
False,0.0,,0.175,0.7071,0.2357,2.0,10953969.0,3.0,3.0,115.0,19.0,0.16521738,0.7997,0.5181,,True
False,0.0,0.1628,0.6831,0.8716,0.2905,3.0,12513492.0,3.0,3.0,267.0,176.0,0.65917605,0.7848,0.533,,True
False,0.0,0.6749,0.8306,0.9245,0.3082,4.0,12773622.0,3.0,3.0,438.0,195.0,0.44520548,0.785,0.5576,,False
False,0.0,0.8306,0.8989,0.9544,0.3181,5.0,12779063.0,3.0,3.0,609.0,195.0,0.32019705,0.788,0.5671,,False
False,0.0,,0.0016,0.6712,0.1678,6.0,20387547.0,4.0,4.0,609.0,1.0,0.0016420361,0.7841,0.5937,,False
False,0.0,0.5614,0.5626,0.5988,0.1497,7.0,22892592.0,4.0,4.0,609.0,2.0,0.0032840723,0.799,0.5976,,False
False,0.0,0.0098,0.0222,0.2322,0.0581,8.0,44231556.0,4.0,4.0,616.0,7.0,0.011363637,0.6903,0.6485,,True
False,0.0,,0.209,0.3857,0.0771,9.0,45171154.0,5.0,5.0,769.0,161.0,0.2093628,0.6592,0.6595,,True
False,0.0,0.2065,0.2321,0.4004,0.0801,10.0,45508999.0,5.0,5.0,788.0,24.0,0.030456852,0.6869,0.6764,,False
False,0.0,,0.0025,0.3893,0.0649,11.0,45791193.0,6.0,6.0,781.0,9.0,0.011523687,0.6896,0.6797,,False
False,0.0,,0.0188,0.1853,0.0265,12.0,63603167.0,7.0,7.0,763.0,33.0,0.043250326,0.6741,0.6507,,False
False,0.0,0.0006,0.0312,0.1342,0.0192,13.0,75499805.0,7.0,7.0,780.0,26.0,0.033333335,0.6138,0.5858,,True
False,0.0,0.0304,0.0327,0.1325,0.0189,14.0,76118650.0,7.0,7.0,781.0,1.0,0.0012804097,0.611,0.5882,,False
True,1.0,,0.0049,0.1342,0.0168,15.0,76370037.0,8.0,8.0,783.0,3.0,0.0038314175,0.6166,0.5997,,True
False,1.0,0.0289,0.0395,0.1343,0.0168,16.0,77924702.0,8.0,8.0,788.0,7.0,0.008883249,0.6315,0.6165,,False
False,1.0,0.0267,0.0596,0.1214,0.0152,17.0,86407068.0,8.0,8.0,815.0,27.0,0.033128835,0.803,0.5205,,True
False,1.0,0.0537,0.0539,0.1093,0.0137,18.0,88709393.0,8.0,8.0,812.0,3.0,0.0036945813,0.8195,0.5681,,True
False,1.0,0.0026,0.005,0.1101,0.0138,19.0,88726461.0,8.0,8.0,812.0,2.0,0.0024630541,0.8196,0.5685,,True
False,1.0,,0.007,0.0827,0.0103,20.0,96671085.0,8.0,9.0,816.0,5.0,0.006127451,0.8185,0.6533,,False
False,1.0,0.0271,0.034,0.0688,0.0086,21.0,102815946.0,8.0,9.0,817.0,5.0,0.006119951,0.7538,0.6767,,False
False,1.0,0.029,0.0402,0.0694,0.0087,22.0,106271919.0,8.0,9.0,825.0,8.0,0.00969697,0.6436,0.6771,,True
False,1.0,0.0148,0.0304,0.0411,0.0051,23.0,127706755.0,8.0,9.0,837.0,13.0,0.015531661,0.3941,0.7711,,False
False,1.0,0.0003,0.0037,0.0212,0.0026,24.0,145678874.0,8.0,9.0,838.0,2.0,0.002386635,0.6125,0.7502,,True
False,1.0,0.0124,0.0135,0.021,0.0026,25.0,147124670.0,8.0,9.0,838.0,1.0,0.0011933175,0.6388,0.7652,,True
False,1.0,,0.0134,0.0182,0.002,26.0,178598112.0,9.0,10.0,841.0,9.0,0.0107015455,0.5457,0.7759,,True
True,2.0,0.002,0.0152,0.0252,0.0028,27.0,187327029.0,9.0,10.0,851.0,10.0,0.011750882,0.3834,0.7833,,False
False,2.0,0.0135,0.0212,0.03,0.0033,28.0,190004855.0,9.0,10.0,851.0,7.0,0.008225617,0.3468,0.7716,,False
False,2.0,,0.0066,0.0297,0.003,29.0,190312954.0,10.0,11.0,851.0,6.0,0.0070505287,0.3531,0.7705,,False
False,2.0,0.0081,0.0619,0.0702,0.007,30.0,202695361.0,10.0,11.0,883.0,52.0,0.05889015,0.7149,0.5141,,True
False,2.0,0.0619,0.0843,0.0924,0.0092,31.0,202760788.0,10.0,11.0,902.0,25.0,0.027716186,0.7156,0.5158,,False
False,2.0,0.0,0.035,0.1005,0.0101,32.0,203201084.0,10.0,11.0,908.0,46.0,0.050660793,0.736,0.5208,,False
False,0.0,,1.0,1.0,1.0,0.0,0.0,1.0,1.0,15.0,15.0,1.0,0.7171,0.7372,0.0,True
False,0.0,,1.0,1.0,1.0,0.0,0.0,1.0,1.0,15.0,15.0,1.0,0.7171,0.7372,0.0,True
False,0.0,,1.0,1.0,1.0,0.0,0.0,1.0,1.0,15.0,15.0,1.0,0.7171,0.7372,0.0,True
False,0.0,,1.0,1.0,1.0,0.0,0.0,1.0,1.0,15.0,15.0,1.0,0.7171,0.7372,0.0,True
False,0.0,,1.0,1.0,1.0,0.0,0.0,1.0,1.0,9.0,9.0,1.0,0.5327,0.7361,0.0,True
False,0.0,,0.4706,0.9091,0.4546,1.0,4133487.0,2.0,2.0,14.0,6.0,0.42857143,0.64,0.7571,0.0,False
False,0.0,0.4449,0.5506,0.8849,0.4425,2.0,5418393.0,2.0,2.0,16.0,2.0,0.125,0.6974,0.7413,0.0,False
False,0.0,0.2929,0.3405,0.7824,0.3912,3.0,8291311.0,2.0,2.0,16.0,1.0,0.0625,0.7061,0.7455,0.0,False
False,0.0,,,0.7805,0.3903,4.0,8361101.0,2.0,3.0,16.0,1.0,0.0625,0.7061,0.745,0.0,False
False,0.0,0.2959,0.2501,0.6745,0.3373,5.0,11315735.0,2.0,3.0,14.0,2.0,0.14285715,0.7084,0.7367,0.0,False
False,0.0,0.2501,0.264,0.6697,0.3348,6.0,11315780.0,2.0,3.0,13.0,1.0,0.07692308,0.7087,0.7358,0.0,False
False,0.0,0.264,0.297,0.6638,0.3319,7.0,11316031.0,2.0,3.0,11.0,2.0,0.18181819,0.7088,0.7354,0.0,False
False,0.0,,1.0,1.0,1.0,0.0,0.0,1.0,1.0,3.0,3.0,1.0,0.6972,0.7422,,True
False,0.0,,1.0,1.0,1.0,0.0,0.0,1.0,1.0,49.0,49.0,1.0,0.8304,0.5913,0.0,True
False,0.0,,0.0926,0.9574,0.4787,1.0,1089774.0,2.0,2.0,51.0,3.0,0.05882353,0.8282,0.6194,0.0,False
False,0.0,,0.197,0.2399,0.08,2.0,63281622.0,3.0,3.0,61.0,11.0,0.18032786,0.6946,0.7385,0.0,False
False,0.0,,1.0,1.0,1.0,0.0,0.0,1.0,1.0,34.0,34.0,1.0,0.7835,0.5071,,True
False,0.0,,0.1143,0.9483,0.4742,1.0,1366770.0,2.0,2.0,34.0,4.0,0.11764706,0.8117,0.5427,,True
False,0.0,,0.0286,0.0707,0.0236,2.0,67894845.0,3.0,3.0,34.0,1.0,0.029411765,0.6978,0.7361,,False
False,0.0,,1.0,1.0,1.0,0.0,0.0,1.0,1.0,72.0,72.0,1.0,0.7487,0.6559,,True
False,0.0,0.9762,0.9803,0.9803,0.9803,1.0,535268.0,1.0,1.0,85.0,13.0,0.15294118,0.7573,0.6686,,True
False,0.0,0.9764,0.9767,0.9767,0.9767,2.0,688395.0,1.0,1.0,85.0,1.0,0.011764706,0.7558,0.6697,,True
False,0.0,,0.2286,0.8605,0.4302,3.0,4418277.0,2.0,2.0,99.0,22.0,0.22222222,0.8045,0.5463,,True
False,0.0,,0.0187,0.5894,0.1965,4.0,12876910.0,3.0,3.0,100.0,1.0,0.01,0.7957,0.5212,,False
False,0.0,,0.0093,0.554,0.1385,5.0,14353189.0,4.0,4.0,100.0,1.0,0.01,0.785,0.5298,,False
False,0.0,,0.0275,0.5571,0.1393,6.0,14589763.0,4.0,5.0,101.0,2.0,0.01980198,0.785,0.5576,,False
False,0.0,0.0275,0.0275,0.5571,0.1393,7.0,14595204.0,4.0,5.0,102.0,2.0,0.019607844,0.788,0.5671,,False
False,0.0,,0.0522,0.5685,0.1137,8.0,15040605.0,5.0,6.0,106.0,4.0,0.03773585,0.7875,0.5683,,False
False,0.0,,0.0496,0.5742,0.0957,9.0,15713929.0,6.0,7.0,110.0,4.0,0.036363635,0.7837,0.5701,,False
False,0.0,,0.0163,0.5314,0.0759,10.0,17711798.0,7.0,8.0,111.0,1.0,0.009009009,0.7531,0.5952,,True
False,0.0,,0.016,0.5327,0.0666,11.0,17966391.0,8.0,9.0,112.0,1.0,0.008928572,0.7541,0.5971,,True
False,0.0,0.0177,0.0178,0.4561,0.057,12.0,21167288.0,8.0,9.0,111.0,1.0,0.009009009,0.7842,0.5936,,False
False,0.0,0.0347,0.05,0.4287,0.0536,13.0,22931353.0,8.0,9.0,112.0,1.0,0.008928572,0.7951,0.5828,,True
False,0.0,,0.0233,0.442,0.0491,14.0,22968409.0,9.0,10.0,114.0,2.0,0.01754386,0.7974,0.5875,,True
False,0.0,,0.0444,0.4666,0.0467,15.0,22974214.0,10.0,11.0,117.0,3.0,0.025641026,0.8,0.5938,,True
False,0.0,0.0113,0.0258,0.4574,0.0457,16.0,23762323.0,10.0,11.0,118.0,1.0,0.008474576,0.8019,0.6001,,True
False,0.0,0.0216,0.064,0.3677,0.0368,17.0,30330564.0,10.0,11.0,119.0,6.0,0.05042017,0.7973,0.5686,,False
False,0.0,0.061,0.0742,0.3595,0.036,18.0,31368057.0,10.0,11.0,120.0,1.0,0.008333334,0.7816,0.5311,,True
False,0.0,0.004,0.0444,0.2732,0.0273,19.0,39901176.0,10.0,11.0,125.0,5.0,0.04,0.718,0.5984,,False
False,0.0,,,0.2678,0.0268,20.0,40590173.0,10.0,12.0,121.0,4.0,0.03305785,0.7157,0.6106,,False
False,0.0,,0.0336,0.2603,0.0237,21.0,43437916.0,11.0,13.0,125.0,4.0,0.032,0.7152,0.6219,,True
False,0.0,,0.0132,0.1069,0.0089,22.0,65210508.0,12.0,14.0,126.0,1.0,0.007936508,0.6151,0.6515,,False
False,0.0,0.012,0.019,0.1013,0.0084,23.0,67287687.0,12.0,14.0,123.0,4.0,0.032520324,0.6287,0.6016,,False
False,0.0,,0.0068,0.0444,0.0034,24.0,88205439.0,13.0,15.0,123.0,1.0,0.008130081,0.7885,0.494,,False
False,0.0,0.0064,0.1308,0.154,0.0193,25.0,89315635.0,8.0,15.0,72.0,65.0,0.9027778,0.8184,0.5546,,True
False,0.0,,0.2642,0.3176,0.0353,26.0,99267835.0,9.0,16.0,77.0,46.0,0.5974026,0.8215,0.656,,True
False,0.0,0.0021,0.021,0.3176,0.0353,27.0,99278100.0,9.0,16.0,77.0,2.0,0.025974026,0.8216,0.6555,,False
False,0.0,,0.6715,0.7074,0.0884,28.0,111113845.0,8.0,17.0,166.0,135.0,0.813253,0.6569,0.6907,,False
False,0.0,0.6608,0.21,0.257,0.0367,29.0,111459575.0,7.0,17.0,25.0,146.0,5.84,0.6587,0.6979,,False
False,0.0,0.0015,0.0603,0.2599,0.0371,30.0,113511391.0,7.0,17.0,26.0,3.0,0.115384616,0.6725,0.6879,,False
False,0.0,0.0522,0.04,0.2153,0.0308,31.0,116639179.0,7.0,17.0,25.0,1.0,0.04,0.618,0.7397,,False
False,0.0,,0.0149,0.1724,0.0215,32.0,122165080.0,8.0,18.0,25.0,1.0,0.04,0.6105,0.741,,False
False,0.0,0.0294,0.0575,0.1875,0.0234,33.0,123358964.0,8.0,18.0,26.0,1.0,0.03846154,0.5915,0.761,,False
False,0.0,0.0572,0.144,0.2615,0.0327,34.0,123456168.0,8.0,18.0,32.0,6.0,0.1875,0.5993,0.757,,True
False,0.0,0.0799,0.1149,0.1767,0.0221,35.0,136168297.0,8.0,18.0,31.0,5.0,0.16129032,0.2564,0.7711,,False
False,0.0,0.0003,0.0388,0.1413,0.0177,36.0,146991596.0,8.0,18.0,33.0,2.0,0.060606062,0.5821,0.7427,,False
False,0.0,0.0388,0.0516,0.1498,0.0187,37.0,147032265.0,8.0,18.0,33.0,1.0,0.030303031,0.5824,0.7422,,False
False,0.0,0.0514,0.0514,0.1492,0.0187,38.0,147121336.0,8.0,18.0,33.0,1.0,0.030303031,0.5893,0.7522,,False
False,0.0,0.0508,0.0508,0.1473,0.0184,39.0,147394566.0,8.0,18.0,33.0,1.0,0.030303031,0.6016,0.7498,,False
False,0.0,0.0547,0.0675,0.1324,0.0166,40.0,149969766.0,8.0,18.0,33.0,1.0,0.030303031,0.6976,0.7402,,False
False,0.0,0.0573,0.114,0.166,0.0207,41.0,153508907.0,8.0,18.0,34.0,5.0,0.14705883,0.7059,0.7465,,False
False,0.0,0.028,0.0284,0.1649,0.0206,42.0,153511634.0,8.0,18.0,33.0,1.0,0.030303031,0.706,0.746,,False
False,0.0,,1.0,1.0,1.0,0.0,0.0,1.0,1.0,259.0,259.0,1.0,0.8101,0.5358,,True
False,0.0,,0.0226,0.8858,0.4429,1.0,2759232.0,2.0,2.0,264.0,5.0,0.018939395,0.8164,0.4999,,True
False,0.0,,0.0292,0.8009,0.267,2.0,5094788.0,3.0,3.0,271.0,7.0,0.025830258,0.8164,0.5087,,True
False,0.0,0.0288,0.0497,0.7929,0.2643,3.0,5392193.0,3.0,3.0,276.0,5.0,0.018115941,0.8022,0.5005,,True
False,0.0,0.0497,0.0497,0.7929,0.2643,4.0,5432507.0,3.0,3.0,276.0,1.0,0.0036231885,0.8022,0.4999,,False
False,0.0,0.0187,0.059,0.7923,0.2641,5.0,5699090.0,3.0,3.0,287.0,11.0,0.038327526,0.8024,0.5024,,False
False,0.0,,0.0426,0.7742,0.1935,6.0,6479404.0,4.0,4.0,298.0,11.0,0.03691275,0.7975,0.526,,True
False,0.0,0.0411,0.0421,0.7418,0.1854,7.0,7265295.0,4.0,4.0,291.0,7.0,0.024054984,0.7938,0.5242,,True
False,0.0,,,0.7418,0.1854,8.0,7266561.0,4.0,5.0,284.0,7.0,0.024647888,0.7937,0.5254,,False
False,0.0,,0.0261,0.7485,0.1497,9.0,7271111.0,5.0,5.0,291.0,7.0,0.024054984,0.7937,0.5257,,False
False,0.0,0.0403,0.0794,0.7474,0.1495,10.0,7621049.0,5.0,5.0,302.0,11.0,0.03642384,0.7809,0.5457,,True
False,0.0,,0.1471,0.7797,0.1299,11.0,7777691.0,6.0,6.0,352.0,50.0,0.14204545,0.785,0.5576,,False
False,0.0,0.1471,0.2564,0.8079,0.1347,12.0,7783132.0,6.0,6.0,402.0,50.0,0.12437811,0.788,0.5671,,False
False,0.0,,0.0317,0.7091,0.1013,13.0,10899726.0,7.0,7.0,413.0,12.0,0.02905569,0.7531,0.5952,,True
False,0.0,0.0303,0.0433,0.7052,0.1007,14.0,11149467.0,7.0,7.0,418.0,5.0,0.011961723,0.7533,0.5953,,False
False,0.0,,0.0132,0.7087,0.0886,15.0,11154319.0,8.0,8.0,423.0,5.0,0.011820331,0.7541,0.5971,,True
False,0.0,0.2072,0.2095,0.7049,0.0881,16.0,11229693.0,8.0,8.0,418.0,5.0,0.011961723,0.7538,0.5983,,False
False,0.0,0.1807,0.1856,0.603,0.0754,17.0,14355216.0,8.0,8.0,406.0,12.0,0.02955665,0.7842,0.5936,,False
False,0.0,0.0122,0.0407,0.5691,0.0711,18.0,16119281.0,8.0,8.0,417.0,11.0,0.026378896,0.7951,0.5828,,True
False,0.0,,0.0506,0.5908,0.0656,19.0,16156337.0,9.0,9.0,439.0,22.0,0.050113894,0.7974,0.5875,,True
False,0.0,0.036,0.1041,0.6184,0.0687,20.0,16162142.0,9.0,9.0,471.0,32.0,0.067940556,0.8,0.5938,,True
False,0.0,0.0359,0.0397,0.6196,0.0688,21.0,16165510.0,9.0,9.0,472.0,1.0,0.002118644,0.8,0.5932,,True
False,0.0,0.2298,0.2311,0.6049,0.0672,22.0,16683169.0,9.0,9.0,465.0,7.0,0.015053763,0.7998,0.5953,,False
False,0.0,0.0091,0.0321,0.6069,0.0674,23.0,16950251.0,9.0,9.0,476.0,11.0,0.023109244,0.8019,0.6001,,True
False,0.0,0.1568,0.1775,0.4405,0.0489,24.0,24555985.0,9.0,9.0,487.0,11.0,0.02258727,0.7816,0.5311,,True
False,0.0,0.1775,0.3823,0.5686,0.0632,25.0,24623169.0,9.0,9.0,602.0,195.0,0.32392028,0.7816,0.5562,,True
False,0.0,0.0139,0.0154,0.4163,0.0463,26.0,31382722.0,9.0,9.0,602.0,1.0,0.0016611295,0.7527,0.6514,,False
False,0.0,,0.0091,0.4217,0.0422,27.0,31386987.0,10.0,10.0,607.0,5.0,0.008237232,0.7524,0.652,,False
False,0.0,0.007,0.016,0.3511,0.0351,28.0,35700482.0,10.0,10.0,612.0,5.0,0.008169935,0.7109,0.6177,,False
False,0.0,,0.0015,0.1834,0.0167,29.0,49860997.0,11.0,11.0,612.0,1.0,0.001633987,0.6878,0.6896,,True
False,0.0,0.0054,0.0246,0.1705,0.0155,30.0,53640173.0,11.0,11.0,623.0,11.0,0.017656501,0.642,0.69,,True
False,0.0,0.0778,0.0859,0.1462,0.0133,31.0,58066705.0,11.0,11.0,628.0,5.0,0.007961784,0.6165,0.6505,,False
False,0.0,,0.0159,0.1056,0.0088,32.0,68259399.0,12.0,12.0,638.0,10.0,0.015673982,0.6187,0.5838,,False
False,0.0,0.0006,0.0176,0.1162,0.0097,33.0,69282781.0,12.0,12.0,648.0,10.0,0.015432099,0.625,0.5805,,True
False,0.0,,0.0085,0.1,0.0077,34.0,74220462.0,13.0,13.0,653.0,5.0,0.0076569677,0.5631,0.5753,,False
False,0.0,,0.018,0.0883,0.0063,35.0,81406276.0,14.0,14.0,664.0,11.0,0.016566265,0.7901,0.502,,True
False,0.0,0.0098,0.0099,0.0887,0.0063,36.0,81411137.0,14.0,14.0,659.0,5.0,0.0075872536,0.803,0.5205,,True
False,0.0,,0.0028,0.0882,0.0059,37.0,82186223.0,15.0,15.0,659.0,2.0,0.0030349013,0.8144,0.5451,,False
False,0.0,0.0088,0.0088,0.0817,0.0054,38.0,83899637.0,15.0,15.0,654.0,5.0,0.00764526,0.8176,0.5731,,False
False,0.0,,0.0028,0.0797,0.0053,39.0,84514646.0,15.0,16.0,654.0,2.0,0.003058104,0.8287,0.5849,,True
False,0.0,,0.0083,0.0733,0.0046,40.0,88741758.0,16.0,17.0,659.0,5.0,0.0075872536,0.8241,0.6186,,False
False,0.0,0.0187,0.0268,0.0777,0.0049,41.0,89769203.0,16.0,17.0,664.0,5.0,0.0075301207,0.8208,0.6327,,True
False,0.0,0.0001,0.0178,0.0935,0.0058,42.0,89868617.0,16.0,17.0,675.0,11.0,0.016296295,0.8211,0.6352,,True
False,0.0,0.0059,0.0205,0.0992,0.0062,43.0,91758271.0,16.0,17.0,685.0,10.0,0.01459854,0.8188,0.6535,,False
False,0.0,,0.0079,0.0889,0.0052,44.0,95984155.0,17.0,18.0,690.0,5.0,0.007246377,0.7903,0.6795,,False
False,0.0,0.0133,0.021,0.0776,0.0046,45.0,101033395.0,17.0,18.0,695.0,5.0,0.007194245,0.676,0.6938,,False
False,0.0,,0.0168,0.0647,0.0036,46.0,111045734.0,18.0,19.0,706.0,11.0,0.015580736,0.6209,0.7333,,True
False,0.0,0.011,0.0123,0.0559,0.0031,47.0,114736122.0,18.0,19.0,706.0,1.0,0.0014164306,0.6192,0.7388,,False
False,0.0,,0.0165,0.0686,0.0036,48.0,115889780.0,19.0,20.0,717.0,11.0,0.015341702,0.6074,0.7463,,True
False,0.0,0.0117,0.0118,0.0485,0.0026,49.0,123307195.0,19.0,20.0,712.0,5.0,0.007022472,0.3966,0.7732,,False
False,0.0,0.0017,0.0093,0.0459,0.0024,50.0,128224022.0,19.0,20.0,717.0,5.0,0.006973501,0.2758,0.7805,,True
False,0.0,0.0093,0.0093,0.0459,0.0024,51.0,128224282.0,19.0,20.0,717.0,1.0,0.0013947001,0.2763,0.7806,,True
False,0.0,0.005,0.0988,0.1266,0.0067,52.0,133487070.0,19.0,20.0,717.0,74.0,0.10320781,0.3221,0.7426,,False
False,0.0,0.098,0.1035,0.1305,0.0069,53.0,133664273.0,19.0,20.0,675.0,42.0,0.062222224,0.3282,0.7502,,False
False,0.0,0.101,0.1024,0.129,0.0068,54.0,134197956.0,19.0,20.0,665.0,10.0,0.015037594,0.4525,0.754,,False
False,0.0,,0.0081,0.1132,0.0057,55.0,138427977.0,20.0,21.0,670.0,5.0,0.0074626864,0.5327,0.7361,,True
False,0.0,0.0731,0.0805,0.1064,0.0053,56.0,141345565.0,20.0,21.0,675.0,5.0,0.0074074073,0.6068,0.7547,,False
True,1.0,0.0069,0.0148,0.1123,0.0056,57.0,141545617.0,20.0,21.0,680.0,5.0,0.007352941,0.6346,0.7608,,False
False,1.0,0.0019,0.0176,0.0895,0.0045,58.0,150251581.0,20.0,21.0,690.0,10.0,0.014492754,0.7086,0.7348,,True
False,1.0,,0.0078,0.0691,0.0033,59.0,158280778.0,21.0,22.0,695.0,5.0,0.007194245,0.6581,0.7198,,False
False,1.0,,0.0077,0.0688,0.0031,60.0,160708199.0,22.0,23.0,700.0,5.0,0.007142857,0.6082,0.7447,,False
False,1.0,0.0046,0.0122,0.0608,0.0028,61.0,166147208.0,22.0,23.0,705.0,5.0,0.0070921984,0.53,0.7546,,True
False,1.0,0.0237,0.0311,0.0664,0.003,62.0,166744701.0,22.0,23.0,710.0,5.0,0.0070422534,0.5426,0.7599,,False
False,1.0,0.0279,0.0304,0.0599,0.0027,63.0,169079663.0,22.0,23.0,710.0,2.0,0.0028169013,0.5469,0.765,,False
False,1.0,0.001,0.0122,0.061,0.0028,64.0,172802241.0,22.0,23.0,718.0,8.0,0.011142061,0.5237,0.7707,,True
False,1.0,0.0035,0.0109,0.0629,0.0029,65.0,174714494.0,22.0,23.0,723.0,5.0,0.0069156294,0.5421,0.7744,,False
False,1.0,0.0224,0.0236,0.0615,0.0028,66.0,175221615.0,22.0,23.0,723.0,1.0,0.0013831259,0.5496,0.7722,,False
False,1.0,,0.0147,0.0462,0.002,67.0,189319499.0,23.0,23.0,733.0,10.0,0.013642564,0.3452,0.7431,,False
False,1.0,0.0005,0.0162,0.0607,0.0026,68.0,189330865.0,23.0,23.0,743.0,11.0,0.014804846,0.3518,0.7454,,False
False,1.0,,0.0072,0.0597,0.0025,69.0,192332138.0,24.0,24.0,748.0,5.0,0.006684492,0.3663,0.7375,,False
False,1.0,,0.0142,0.0644,0.0026,70.0,195770639.0,25.0,25.0,758.0,10.0,0.013192612,0.4338,0.7359,,False
False,1.0,0.0022,0.0022,0.0535,0.0021,71.0,196564508.0,25.0,25.0,747.0,11.0,0.014725569,0.7071,0.5304,,False
False,1.0,,0.0071,0.0564,0.0022,72.0,198199548.0,26.0,26.0,752.0,5.0,0.0066489363,0.7352,0.5172,,False
False,0.0,,1.0,1.0,1.0,0.0,0.0,1.0,1.0,49.0,49.0,1.0,0.7149,0.5141,,True
False,0.0,1.0,1.0,1.0,1.0,1.0,98.0,1.0,1.0,49.0,1.0,0.020408163,0.7149,0.5139,,False
False,0.0,1.0,1.0,1.0,1.0,2.0,337.0,1.0,1.0,49.0,1.0,0.020408163,0.715,0.5136,,False
False,0.0,,1.0,1.0,1.0,0.0,0.0,1.0,1.0,48.0,48.0,1.0,0.7874,0.5354,,True
False,0.0,,0.2576,0.7056,0.3528,1.0,10953969.0,2.0,2.0,63.0,15.0,0.23809524,0.7997,0.5181,,True
False,0.0,0.2368,0.3931,0.7206,0.3603,2.0,12773622.0,2.0,2.0,78.0,15.0,0.1923077,0.785,0.5576,,False
False,0.0,0.3931,0.4963,0.7681,0.3841,3.0,12779063.0,2.0,2.0,93.0,15.0,0.16129032,0.788,0.5671,,False
False,0.0,,0.1391,0.2862,0.0954,4.0,45171154.0,3.0,3.0,106.0,15.0,0.14150943,0.6592,0.6595,,True
False,0.0,,,0.1283,0.0428,5.0,63603167.0,3.0,4.0,91.0,15.0,0.16483517,0.6741,0.6507,,False
False,0.0,,0.1525,0.1903,0.0476,6.0,86407068.0,4.0,5.0,107.0,16.0,0.1495327,0.803,0.5205,,True
False,0.0,0.0225,0.1456,0.1504,0.0376,7.0,127706755.0,4.0,5.0,122.0,15.0,0.12295082,0.3941,0.7711,,False
True,1.0,0.0092,0.0838,0.0841,0.021,8.0,187327029.0,4.0,5.0,131.0,9.0,0.06870229,0.3834,0.7833,,False
False,1.0,0.0412,0.0549,0.0551,0.0138,9.0,202695361.0,4.0,5.0,131.0,2.0,0.015267176,0.7149,0.5141,,True
False,0.0,,1.0,1.0,1.0,0.0,0.0,1.0,1.0,3.0,3.0,1.0,0.6592,0.6595,,True
False,0.0,,,0.069,0.069,1.0,57644792.0,1.0,2.0,0.0,3.0,inf,0.7538,0.6767,,False
False,0.0,,0.75,0.7502,0.3751,2.0,157524207.0,2.0,2.0,2.0,2.0,1.0,0.7149,0.5141,,True
False,0.0,,1.0,1.0,1.0,0.0,0.0,1.0,1.0,117.0,117.0,1.0,0.5531,0.7378,,True
False,0.0,,0.0484,0.9024,0.4512,1.0,2392927.0,2.0,2.0,122.0,5.0,0.040983606,0.6128,0.7537,,True
False,0.0,0.0474,0.0625,0.8863,0.4432,2.0,2826093.0,2.0,2.0,123.0,1.0,0.008130081,0.6065,0.7552,,False
False,0.0,,0.6291,0.9488,0.3163,3.0,3433418.0,3.0,3.0,333.0,211.0,0.6336336,0.6383,0.7627,,True
False,0.0,0.6291,0.635,0.9496,0.3165,4.0,3435106.0,3.0,3.0,333.0,2.0,0.006006006,0.6385,0.7624,,True
False,0.0,0.6199,0.6218,0.9273,0.3091,5.0,3958556.0,3.0,3.0,332.0,1.0,0.003012048,0.6416,0.7598,,False
False,0.0,,0.0588,0.845,0.2113,6.0,4306365.0,4.0,4.0,113.0,227.0,2.0088496,0.6774,0.7356,,True
False,0.0,,0.1449,0.8562,0.1712,7.0,4662669.0,5.0,5.0,131.0,19.0,0.14503817,0.7017,0.7384,,True
False,0.0,,0.1266,0.8719,0.1453,8.0,4745457.0,6.0,6.0,149.0,18.0,0.12080537,0.6975,0.7402,,True
False,0.0,0.1113,0.1789,0.7822,0.1304,9.0,7592168.0,6.0,6.0,161.0,12.0,0.07453416,0.707,0.7452,,True
False,0.0,0.0127,0.0244,0.3161,0.0527,10.0,27717551.0,6.0,6.0,161.0,2.0,0.0124223605,0.5268,0.755,,True
False,0.0,0.0702,0.0966,0.3344,0.0557,11.0,27747359.0,6.0,6.0,165.0,4.0,0.024242423,0.5341,0.7565,,False
False,0.0,0.0131,0.0378,0.342,0.057,12.0,28263461.0,6.0,6.0,154.0,15.0,0.097402595,0.5417,0.7599,,False
False,0.0,0.1391,0.1511,0.3081,0.0513,13.0,30647461.0,6.0,6.0,154.0,2.0,0.012987013,0.5469,0.765,,False
False,0.0,0.0287,0.0624,0.2722,0.0454,14.0,35497709.0,6.0,6.0,159.0,5.0,0.031446543,0.5444,0.7754,,True
True,1.0,0.1133,0.1191,0.2647,0.0441,15.0,36105823.0,6.0,6.0,159.0,1.0,0.006289308,0.5407,0.7753,,False
False,1.0,0.1153,0.1211,0.257,0.0428,16.0,36789413.0,6.0,6.0,159.0,1.0,0.006289308,0.5496,0.7722,,False
False,1.0,0.0424,0.0745,0.2738,0.0456,17.0,37493952.0,6.0,6.0,162.0,3.0,0.018518519,0.4326,0.8242,,False
False,1.0,,0.1826,0.3521,0.0503,18.0,43466332.0,7.0,7.0,200.0,38.0,0.19,0.3987,0.7829,,False
False,1.0,0.1826,0.19,0.3575,0.0511,19.0,43543100.0,7.0,7.0,201.0,1.0,0.0049751243,0.401,0.7839,,False
False,1.0,0.19,0.19,0.3575,0.0511,20.0,43544336.0,7.0,7.0,201.0,1.0,0.0049751243,0.4036,0.7851,,False
False,1.0,0.0997,0.1078,0.195,0.0279,21.0,57435298.0,7.0,7.0,202.0,1.0,0.004950495,0.4373,0.7357,,False
False,1.0,0.1044,0.1392,0.2204,0.0315,22.0,58118889.0,7.0,7.0,209.0,7.0,0.033492822,0.7054,0.5282,,False
False,0.0,,1.0,1.0,1.0,0.0,0.0,1.0,1.0,9.0,9.0,1.0,0.7053,0.5249,,True
False,0.0,,1.0,1.0,1.0,0.0,0.0,1.0,1.0,23.0,23.0,1.0,0.7053,0.5249,,True
False,0.0,,1.0,1.0,1.0,0.0,0.0,1.0,1.0,1.0,1.0,1.0,0.7053,0.5249,,True
False,0.0,,1.0,1.0,1.0,0.0,0.0,1.0,1.0,17.0,17.0,1.0,0.7053,0.5249,,True
False,0.0,,1.0,1.0,1.0,0.0,0.0,1.0,1.0,13.0,13.0,1.0,0.6194,0.6524,,False
False,0.0,,0.1429,0.909,0.4545,1.0,2499087.0,2.0,2.0,13.0,2.0,0.15384616,0.6284,0.5997,,False
False,0.0,,0.1429,0.226,0.113,2.0,50299286.0,2.0,3.0,13.0,2.0,0.15384616,0.6125,0.7349,,False
False,0.0,0.0286,0.1501,0.1933,0.0966,3.0,73269194.0,2.0,3.0,14.0,1.0,0.071428575,0.3046,0.7689,,True
False,0.0,,0.0625,0.1779,0.0593,4.0,84157459.0,3.0,4.0,14.0,1.0,0.071428575,0.6384,0.7562,,True
False,0.0,0.0561,,0.1027,0.0513,5.0,86494718.0,2.0,4.0,0.0,14.0,inf,0.7069,0.7385,,False
False,0.0,,1.0,1.0,1.0,0.0,0.0,1.0,1.0,9.0,9.0,1.0,0.5327,0.7361,,True
False,0.0,,0.25,0.8075,0.4038,1.0,6455805.0,2.0,2.0,3.0,7.0,2.3333333,0.7055,0.7388,,False
False,0.0,,1.0,1.0,1.0,0.0,0.0,1.0,1.0,427.0,427.0,1.0,0.8214,0.6482,,False
False,0.0,,0.0138,0.9613,0.4806,1.0,942464.0,2.0,2.0,432.0,5.0,0.011574074,0.8223,0.6562,,False
False,0.0,0.0138,0.0161,0.9537,0.4769,2.0,1113376.0,2.0,2.0,432.0,1.0,0.0023148148,0.8236,0.6569,,False
False,0.0,0.9228,0.9229,0.9387,0.4694,3.0,1451525.0,2.0,2.0,432.0,1.0,0.0023148148,0.8191,0.6513,,False
False,0.0,0.8938,0.8971,0.9119,0.4559,4.0,2153677.0,2.0,2.0,445.0,13.0,0.029213483,0.8111,0.6531,,True
False,0.0,0.8901,0.8886,0.9036,0.4518,5.0,2312294.0,2.0,2.0,439.0,6.0,0.013667426,0.8099,0.6509,,False
False,0.0,0.6195,0.6204,0.6308,0.3154,6.0,10087914.0,2.0,2.0,439.0,1.0,0.0022779044,0.6494,0.6775,,False
False,0.0,0.6056,0.6079,0.6166,0.3083,7.0,10606510.0,2.0,2.0,439.0,1.0,0.0022779044,0.6494,0.6775,,False
False,0.0,0.6006,0.6006,0.6092,0.3046,8.0,10870894.0,2.0,2.0,439.0,1.0,0.0022779044,0.6435,0.6778,,False
False,0.0,0.5747,0.5769,0.5838,0.2919,9.0,11834150.0,2.0,2.0,439.0,1.0,0.0022779044,0.6549,0.6947,,True
False,0.0,0.4722,0.4817,0.4873,0.2436,10.0,16144891.0,2.0,2.0,440.0,7.0,0.01590909,0.6138,0.7355,,False
False,0.0,0.4324,0.4424,0.4473,0.2237,11.0,18406962.0,2.0,2.0,447.0,7.0,0.015659954,0.6192,0.7324,,True
False,0.0,0.4034,0.4042,0.4087,0.2043,12.0,20454476.0,2.0,2.0,447.0,1.0,0.0022371365,0.6136,0.7447,,False
False,0.0,0.0045,0.0067,0.4073,0.2036,13.0,20480175.0,2.0,2.0,447.0,1.0,0.0022371365,0.6162,0.7461,,True
False,0.0,,0.0022,0.3713,0.1238,14.0,22628199.0,3.0,3.0,447.0,1.0,0.0022371365,0.613,0.7408,,False
False,0.0,0.3587,0.3515,0.3598,0.1199,15.0,22877378.0,3.0,3.0,440.0,7.0,0.01590909,0.6112,0.7416,,False
False,0.0,,0.0022,0.3404,0.1135,16.0,24043364.0,3.0,4.0,440.0,1.0,0.0022727272,0.5992,0.757,,False
False,0.0,0.3054,0.3059,0.3133,0.1044,17.0,25917479.0,3.0,4.0,440.0,1.0,0.0022727272,0.5696,0.7563,,False
False,0.0,0.287,0.2886,0.2955,0.0985,18.0,27217614.0,3.0,4.0,440.0,1.0,0.0022727272,0.5576,0.759,,False
False,0.0,,0.0022,0.2501,0.0625,19.0,30909275.0,4.0,5.0,440.0,1.0,0.0022727272,0.3888,0.7744,,False
False,0.0,,0.0022,0.2337,0.0584,20.0,32397039.0,4.0,6.0,440.0,1.0,0.0022727272,0.3746,0.7633,,False
False,0.0,0.1858,0.188,0.1925,0.0642,21.0,36608206.0,3.0,6.0,440.0,1.0,0.0022727272,0.2541,0.7718,,False
False,0.0,0.1858,0.1867,0.1911,0.0637,22.0,36808380.0,3.0,6.0,440.0,1.0,0.0022727272,0.2662,0.7729,,True
False,0.0,0.1844,0.1844,0.1888,0.0629,23.0,37144659.0,3.0,6.0,440.0,1.0,0.0022727272,0.2656,0.7729,,False
False,0.0,0.1682,0.1685,0.1724,0.0575,24.0,39118184.0,3.0,6.0,440.0,1.0,0.0022727272,0.3046,0.7689,,True
False,0.0,,0.0022,0.1642,0.0547,25.0,40328239.0,3.0,6.0,440.0,1.0,0.0022727272,0.3292,0.7729,,False
False,0.0,0.1555,0.1555,0.1603,0.0534,26.0,40847818.0,3.0,6.0,440.0,1.0,0.0022727272,0.3417,0.7694,,False
False,0.0,0.1335,0.1339,0.1385,0.0462,27.0,44135794.0,3.0,6.0,398.0,42.0,0.10552764,0.5068,0.7444,,False
False,0.0,0.1109,0.1166,0.1186,0.0593,28.0,48204934.0,2.0,6.0,398.0,3.0,0.0075376886,0.6126,0.7539,,False
False,0.0,0.1064,0.1074,0.1093,0.0546,29.0,50112097.0,2.0,6.0,398.0,1.0,0.0025125628,0.6426,0.7596,,False
False,0.0,0.0975,0.0976,0.0994,0.0497,30.0,52260465.0,2.0,6.0,392.0,6.0,0.015306123,0.7077,0.7379,,False
False,0.0,,1.0,1.0,1.0,0.0,0.0,1.0,1.0,199.0,199.0,1.0,0.6564,0.6813,9.0,False
False,0.0,1.0,1.0,1.0,1.0,1.0,5005.0,1.0,1.0,201.0,3.0,0.014925373,0.6563,0.682,9.0,False
False,0.0,,0.0377,0.9771,0.4886,2.0,595016.0,2.0,2.0,208.0,7.0,0.033653848,0.6542,0.6917,9.0,False
False,0.0,,0.0275,0.7688,0.2563,3.0,5895149.0,3.0,3.0,212.0,4.0,0.018867925,0.618,0.7389,9.0,False
False,0.0,0.0284,0.0751,0.774,0.258,4.0,6128620.0,3.0,3.0,221.0,9.0,0.040723983,0.6166,0.744,9.0,False
False,0.0,0.0602,0.0885,0.63,0.21,5.0,10958912.0,3.0,3.0,225.0,5.0,0.022222223,0.619,0.7391,9.0,False
False,0.0,0.466,0.4705,0.5669,0.189,6.0,13365186.0,3.0,3.0,226.0,1.0,0.0044247787,0.5735,0.7499,9.0,False
False,0.0,,0.0207,0.4677,0.1169,7.0,18048407.0,4.0,4.0,230.0,4.0,0.017391304,0.437,0.7719,9.0,False
False,0.0,,0.0082,0.4704,0.0941,8.0,18124798.0,5.0,5.0,231.0,1.0,0.0043290043,0.4205,0.769,9.0,False
False,0.0,,,0.4682,0.0936,9.0,18127624.0,5.0,6.0,230.0,1.0,0.004347826,0.4122,0.7716,9.0,False
False,0.0,0.0585,0.0662,0.4508,0.0902,10.0,19161986.0,5.0,6.0,231.0,1.0,0.0043290043,0.3959,0.7717,9.0,False
False,0.0,0.3438,0.3491,0.45,0.09,11.0,19359684.0,5.0,6.0,232.0,1.0,0.004310345,0.3966,0.7732,9.0,False
False,0.0,,0.008,0.4297,0.0716,12.0,20640967.0,6.0,7.0,233.0,1.0,0.0042918455,0.4039,0.7632,9.0,False
False,0.0,,0.008,0.3936,0.0562,13.0,22808917.0,7.0,8.0,234.0,1.0,0.0042735045,0.3574,0.7711,9.0,False
False,0.0,,0.0233,0.3025,0.0378,14.0,29701353.0,8.0,9.0,237.0,3.0,0.012658228,0.3216,0.7471,9.0,False
False,0.0,0.0338,0.0413,0.2698,0.0337,15.0,32578352.0,8.0,9.0,238.0,1.0,0.004201681,0.4705,0.7433,9.0,False
False,0.0,0.0017,0.0169,0.2397,0.03,16.0,36212356.0,8.0,9.0,241.0,3.0,0.012448133,0.5572,0.75,9.0,False
False,0.0,,,0.164,0.164,17.0,39038402.0,1.0,9.0,0.0,241.0,inf,0.6855,0.7383,,False
False,0.0,,1.0,1.0,1.0,0.0,0.0,1.0,1.0,42.0,42.0,1.0,0.6774,0.7356,1.0,True
False,0.0,,1.0,1.0,1.0,0.0,0.0,1.0,1.0,42.0,42.0,1.0,0.7314,0.7239,1.0,False
False,0.0,,0.0233,0.1097,0.0548,1.0,52355976.0,2.0,2.0,42.0,1.0,0.023809524,0.732,0.6613,1.0,False
False,0.0,0.016,0.0233,0.0823,0.0412,2.0,60490435.0,2.0,2.0,42.0,1.0,0.023809524,0.6734,0.6873,1.0,False
False,0.0,,0.0233,0.0889,0.0296,3.0,64991879.0,3.0,3.0,42.0,1.0,0.023809524,0.6241,0.7384,1.0,False
False,0.0,0.0117,0.0582,0.1003,0.0334,4.0,75277920.0,3.0,3.0,42.0,2.0,0.04761905,0.3941,0.7711,1.0,False
False,0.0,0.027,0.0448,0.0643,0.0214,5.0,91928280.0,3.0,3.0,42.0,1.0,0.023809524,0.5448,0.7387,1.0,False
False,0.0,0.0057,,0.012,0.012,6.0,95305663.0,1.0,3.0,0.0,42.0,inf,0.6774,0.7356,,True
False,0.0,,1.0,1.0,1.0,0.0,0.0,1.0,1.0,11.0,11.0,1.0,0.5327,0.7361,0.0,True
False,0.0,,,0.8283,0.8283,1.0,4133487.0,1.0,2.0,0.0,11.0,inf,0.64,0.7571,,False
False,0.0,,1.0,1.0,1.0,0.0,0.0,1.0,1.0,58.0,58.0,1.0,0.7831,0.5917,2.0,True
False,0.0,,0.0169,0.0356,0.0178,1.0,85454017.0,2.0,2.0,58.0,1.0,0.01724138,0.732,0.6613,2.0,False
False,0.0,0.0116,0.0169,0.0298,0.0149,2.0,93588476.0,2.0,2.0,58.0,1.0,0.01724138,0.6734,0.6873,2.0,False
False,0.0,0.0057,0.0904,0.0943,0.0471,3.0,117332603.0,2.0,2.0,58.0,5.0,0.0862069,0.3046,0.7689,2.0,True
False,0.0,0.0633,0.0763,0.079,0.0395,4.0,125026321.0,2.0,2.0,58.0,1.0,0.01724138,0.5448,0.7387,2.0,False
False,0.0,,0.0508,0.1242,0.0414,5.0,126581866.0,3.0,3.0,58.0,3.0,0.05172414,0.6132,0.7525,2.0,False
False,0.0,,1.0,1.0,1.0,0.0,0.0,1.0,1.0,47.0,47.0,1.0,0.5549,0.7467,,True
False,0.0,1.0,1.0,1.0,1.0,1.0,63777.0,1.0,1.0,46.0,5.0,0.10869565,0.5562,0.7509,,True
False,0.0,1.0,1.0,1.0,1.0,2.0,82270.0,1.0,1.0,40.0,6.0,0.15,0.5578,0.75,,False
False,0.0,0.9964,0.9966,0.9966,0.9966,3.0,87145.0,1.0,1.0,40.0,2.0,0.05,0.5748,0.7391,,True
False,0.0,0.9966,0.996,0.996,0.996,4.0,97869.0,1.0,1.0,0.0,40.0,inf,0.5821,0.7427,,False
False,0.0,,1.0,1.0,1.0,0.0,0.0,1.0,1.0,258.0,258.0,1.0,0.5549,0.7467,,True
False,0.0,1.0,1.0,1.0,1.0,1.0,63777.0,1.0,1.0,271.0,43.0,0.15867159,0.5562,0.7509,,True
False,0.0,0.9966,0.9968,0.9968,0.9968,2.0,86771.0,1.0,1.0,274.0,11.0,0.040145986,0.558,0.7497,,False
False,0.0,0.9968,0.996,0.996,0.996,3.0,87145.0,1.0,1.0,0.0,274.0,inf,0.5748,0.7391,,True
False,0.0,,1.0,1.0,1.0,0.0,0.0,1.0,1.0,23.0,23.0,1.0,0.7053,0.5249,,True
False,0.0,,1.0,1.0,1.0,0.0,0.0,1.0,1.0,21.0,21.0,1.0,0.7053,0.5249,,True
False,0.0,,1.0,1.0,1.0,0.0,0.0,1.0,1.0,19.0,19.0,1.0,0.7053,0.5249,,True
False,0.0,,1.0,1.0,1.0,0.0,0.0,1.0,1.0,21.0,21.0,1.0,0.7053,0.5249,,True
False,0.0,,1.0,1.0,1.0,0.0,0.0,1.0,1.0,37.0,37.0,1.0,0.7053,0.5249,2.0,True
False,0.0,,1.0,1.0,1.0,0.0,0.0,1.0,1.0,6.0,6.0,1.0,0.7053,0.5249,0.0,True
False,0.0,,1.0,1.0,1.0,0.0,0.0,1.0,1.0,56.0,56.0,1.0,0.7053,0.5249,3.0,True
False,0.0,,1.0,1.0,1.0,0.0,0.0,1.0,1.0,32.0,32.0,1.0,0.7053,0.5249,2.0,True
False,0.0,,1.0,1.0,1.0,0.0,0.0,1.0,1.0,34.0,34.0,1.0,0.7053,0.5249,1.0,True
False,0.0,,1.0,1.0,1.0,0.0,0.0,1.0,1.0,16.0,16.0,1.0,0.7053,0.5249,0.0,True
False,0.0,,1.0,1.0,1.0,0.0,0.0,1.0,1.0,211.0,211.0,1.0,0.7835,0.5071,9.0,True
False,0.0,,0.0407,0.8579,0.429,1.0,3529695.0,2.0,2.0,218.0,7.0,0.03211009,0.8194,0.5709,10.0,True
False,0.0,,0.009,0.8033,0.2678,2.0,4935434.0,3.0,3.0,219.0,1.0,0.00456621,0.8309,0.6004,10.0,False
False,0.0,,0.0558,0.6015,0.1504,3.0,12021533.0,4.0,4.0,227.0,11.0,0.04845815,0.8205,0.653,10.0,True
False,0.0,0.0164,0.0207,0.4287,0.1072,4.0,19509545.0,4.0,4.0,227.0,1.0,0.004405286,0.732,0.6613,10.0,False
False,0.0,0.0142,0.0155,0.2954,0.0738,5.0,27644004.0,4.0,4.0,227.0,1.0,0.004405286,0.6734,0.6873,10.0,False
False,0.0,0.0067,0.0476,0.1632,0.0408,6.0,45780301.0,4.0,4.0,236.0,9.0,0.038135592,0.3569,0.7658,11.0,False
False,0.0,0.0292,0.0299,0.1018,0.0254,7.0,56405741.0,4.0,4.0,229.0,12.0,0.052401748,0.5068,0.7444,10.0,False
False,0.0,0.0265,0.0298,0.0932,0.0233,8.0,59081849.0,4.0,4.0,229.0,1.0,0.0043668123,0.5448,0.7387,10.0,False
False,0.0,,1.0,1.0,1.0,0.0,0.0,1.0,1.0,84.0,84.0,1.0,0.7835,0.5071,2.0,True
False,0.0,,0.0118,0.4128,0.2064,1.0,19509545.0,2.0,2.0,84.0,1.0,0.011904762,0.732,0.6613,2.0,False
False,0.0,0.0081,0.0118,0.2869,0.1435,2.0,27644004.0,2.0,2.0,84.0,1.0,0.011904762,0.6734,0.6873,2.0,False
False,0.0,0.0027,0.0118,0.0757,0.0379,3.0,59081849.0,2.0,2.0,84.0,1.0,0.011904762,0.5448,0.7387,2.0,False
False,0.0,,1.0,1.0,1.0,0.0,0.0,1.0,1.0,75.0,75.0,1.0,0.8117,0.5427,4.0,True
False,0.0,,0.0132,0.4402,0.2201,1.0,18142775.0,2.0,2.0,75.0,1.0,0.013333334,0.732,0.6613,4.0,False
False,0.0,0.009,0.0132,0.305,0.1525,2.0,26277234.0,2.0,2.0,75.0,1.0,0.013333334,0.6734,0.6873,4.0,False
False,0.0,0.0031,0.0132,0.0813,0.0406,3.0,57715079.0,2.0,2.0,75.0,1.0,0.013333334,0.5448,0.7387,4.0,False
False,0.0,,1.0,1.0,1.0,0.0,0.0,1.0,1.0,61.0,61.0,1.0,0.8214,0.6482,2.0,False
False,0.0,0.717,0.7216,0.7216,0.7216,1.0,7239598.0,1.0,1.0,61.0,1.0,0.016393442,0.732,0.6613,2.0,False
False,0.0,0.4951,0.5001,0.5001,0.5001,2.0,15374057.0,1.0,1.0,61.0,1.0,0.016393442,0.6734,0.6873,2.0,False
False,0.0,0.1163,0.1287,0.1287,0.1287,3.0,46811902.0,1.0,1.0,61.0,1.0,0.016393442,0.5448,0.7387,2.0,False
False,0.0,,1.0,1.0,1.0,0.0,0.0,1.0,1.0,25.0,25.0,1.0,0.6259,0.7383,0.0,False
False,0.0,,0.0385,0.3138,0.1569,1.0,27031322.0,2.0,2.0,25.0,1.0,0.04,0.5448,0.7387,0.0,False
False,0.0,,1.0,1.0,1.0,0.0,0.0,1.0,1.0,37.0,37.0,1.0,0.6259,0.7383,1.0,False
False,0.0,,0.0263,0.3051,0.1526,1.0,27031322.0,2.0,2.0,37.0,1.0,0.027027028,0.5448,0.7387,1.0,False
False,0.0,,1.0,1.0,1.0,0.0,0.0,1.0,1.0,117.0,117.0,1.0,0.5327,0.7361,,True
False,0.0,,,1.0,1.0,1.0,4225.0,1.0,2.0,0.0,117.0,inf,0.5531,0.7378,,True
False,0.0,,1.0,1.0,1.0,0.0,0.0,1.0,1.0,30.0,30.0,1.0,0.7835,0.5071,4.0,True
False,0.0,,,0.0733,0.0733,1.0,56405741.0,1.0,2.0,0.0,30.0,inf,0.5068,0.7444,,False
False,0.0,,1.0,1.0,1.0,0.0,0.0,1.0,1.0,56.0,56.0,1.0,0.8152,0.5114,,False
False,0.0,,0.5,0.8762,0.4381,1.0,6199942.0,2.0,2.0,112.0,56.0,0.5,0.7896,0.5629,,False
False,0.0,0.3762,0.3762,0.8762,0.4381,2.0,6200447.0,2.0,2.0,168.0,56.0,0.33333334,0.788,0.5671,,False
False,0.0,0.4765,0.4765,0.8336,0.4168,3.0,7319172.0,2.0,2.0,224.0,56.0,0.25,0.7837,0.5701,,False
False,0.0,0.3362,0.345,0.7859,0.3929,4.0,8612250.0,2.0,2.0,224.0,1.0,0.004464286,0.78,0.5697,,False
False,0.0,0.2256,0.2286,0.5169,0.2584,5.0,17773925.0,2.0,2.0,224.0,1.0,0.004464286,0.8012,0.592,,True
False,0.0,,0.1024,0.4169,0.139,6.0,26095033.0,3.0,3.0,236.0,12.0,0.050847456,0.777,0.5642,,True
False,0.0,0.1476,0.1529,0.3569,0.119,7.0,29800037.0,3.0,3.0,236.0,1.0,0.004237288,0.7527,0.6514,,False
False,0.0,,0.0079,0.3184,0.0796,8.0,32550506.0,4.0,4.0,236.0,1.0,0.004237288,0.7226,0.6187,,True
False,0.0,,0.0079,0.1598,0.0399,9.0,47938860.0,4.0,5.0,236.0,1.0,0.004237288,0.6927,0.6911,,True
False,0.0,0.0078,0.0157,0.164,0.041,10.0,48278312.0,4.0,5.0,236.0,1.0,0.004237288,0.6878,0.6896,,True
False,0.0,0.0129,0.0144,0.1365,0.0341,11.0,52501544.0,4.0,5.0,236.0,1.0,0.004237288,0.6532,0.6971,,False
False,0.0,0.0083,0.0116,0.0826,0.0207,12.0,64187505.0,4.0,5.0,236.0,1.0,0.004237288,0.6318,0.5913,,True
False,0.0,0.0086,0.0107,0.0632,0.0158,13.0,70663123.0,4.0,5.0,236.0,1.0,0.004237288,0.6307,0.6182,,False
False,0.0,0.0073,0.0098,0.0457,0.0114,14.0,78864778.0,4.0,5.0,236.0,1.0,0.004237288,0.7858,0.5151,,False
False,0.0,,0.0079,0.0367,0.0073,15.0,84726378.0,5.0,6.0,236.0,1.0,0.004237288,0.8293,0.6211,,False
False,0.0,,0.0079,0.0284,0.0057,16.0,92079973.0,5.0,7.0,236.0,1.0,0.004237288,0.8236,0.6569,,False
False,0.0,0.0006,0.0085,0.0203,0.0051,17.0,102800747.0,4.0,7.0,236.0,1.0,0.004237288,0.6549,0.6947,,True
False,0.0,0.0069,0.2625,0.2696,0.0674,18.0,107281113.0,4.0,7.0,278.0,42.0,0.15107913,0.6184,0.7364,,True
False,0.0,0.2174,0.2193,0.2252,0.0563,19.0,111421073.0,4.0,7.0,278.0,1.0,0.0035971224,0.6136,0.7447,,False
False,0.0,,0.0175,0.2051,0.041,20.0,113924844.0,5.0,8.0,278.0,3.0,0.010791367,0.6118,0.7416,,True
False,0.0,0.1585,0.1598,0.1796,0.0359,21.0,116884076.0,5.0,8.0,278.0,1.0,0.0035971224,0.5696,0.7563,,False
False,0.0,0.0964,0.0987,0.1107,0.0221,22.0,127774977.0,5.0,8.0,278.0,1.0,0.0035971224,0.2662,0.7729,,True
False,0.0,0.089,0.101,0.1117,0.0223,23.0,130084781.0,5.0,8.0,278.0,4.0,0.01438849,0.3046,0.7689,,True
False,0.0,0.1007,0.136,0.1464,0.0293,24.0,130095982.0,5.0,8.0,284.0,6.0,0.02112676,0.3069,0.7691,,True
False,0.0,,0.2992,0.3849,0.0642,25.0,132441032.0,6.0,9.0,346.0,69.0,0.19942197,0.3738,0.7575,,True
False,0.0,0.2992,0.3117,0.3952,0.0659,26.0,132447456.0,6.0,9.0,348.0,11.0,0.031609196,0.3756,0.7583,,False
False,0.0,0.0765,0.0805,0.3948,0.0658,27.0,132519455.0,6.0,9.0,348.0,1.0,0.0028735632,0.3758,0.7583,,False
False,0.0,0.0805,,0.0022,0.0011,28.0,132592271.0,2.0,9.0,168.0,180.0,1.0714285,0.4204,0.7507,,True
False,0.0,,1.0,1.0,1.0,0.0,0.0,1.0,1.0,19.0,19.0,1.0,0.7053,0.5249,0.0,True
False,0.0,,1.0,1.0,1.0,0.0,0.0,1.0,1.0,32.0,32.0,1.0,0.7053,0.5249,0.0,True
False,0.0,,1.0,1.0,1.0,0.0,0.0,1.0,1.0,100.0,100.0,1.0,0.7053,0.5249,6.0,True
False,0.0,,1.0,1.0,1.0,0.0,0.0,1.0,1.0,29.0,29.0,1.0,0.7053,0.5249,0.0,True
False,0.0,,1.0,1.0,1.0,0.0,0.0,1.0,1.0,21.0,21.0,1.0,0.7053,0.5249,0.0,True
False,0.0,,1.0,1.0,1.0,0.0,0.0,1.0,1.0,34.0,34.0,1.0,0.7053,0.5249,0.0,True
False,0.0,,1.0,1.0,1.0,0.0,0.0,1.0,1.0,19.0,19.0,1.0,0.7053,0.5249,0.0,True
False,0.0,,1.0,1.0,1.0,0.0,0.0,1.0,1.0,8.0,8.0,1.0,0.7053,0.5249,,True
False,0.0,,1.0,1.0,1.0,0.0,0.0,1.0,1.0,32.0,32.0,1.0,0.6565,0.6782,,True
False,0.0,0.9304,0.9409,0.9409,0.9409,1.0,1624234.0,1.0,1.0,32.0,5.0,0.15625,0.6409,0.6133,,False
False,0.0,,0.1515,0.771,0.3855,2.0,7150380.0,2.0,2.0,32.0,5.0,0.15625,0.6111,0.582,,False
False,0.0,0.3382,0.3473,0.4181,0.209,3.0,20148293.0,2.0,2.0,30.0,2.0,0.06666667,0.7861,0.5138,,False
False,0.0,0.3432,0.7067,0.7528,0.3764,4.0,20393777.0,2.0,2.0,45.0,34.0,0.75555557,0.7898,0.5202,,False
False,0.0,,0.12,0.652,0.2173,5.0,24698993.0,3.0,3.0,47.0,8.0,0.17021276,0.8278,0.5825,,False
False,0.0,,0.0741,0.1363,0.0341,6.0,73685810.0,4.0,4.0,50.0,3.0,0.06,0.3651,0.7559,,False
False,0.0,,1.0,1.0,1.0,0.0,0.0,1.0,1.0,23.0,23.0,1.0,0.7176,0.7211,0.0,True
False,0.0,0.9607,0.9623,0.9623,0.9623,1.0,870621.0,1.0,1.0,23.0,1.0,0.04347826,0.7297,0.7121,0.0,False
False,0.0,,0.3,0.4037,0.2018,2.0,41293457.0,2.0,2.0,28.0,8.0,0.2857143,0.8217,0.6269,0.0,False
False,0.0,0.032,0.3387,0.3958,0.1979,3.0,66535176.0,2.0,2.0,34.0,10.0,0.29411766,0.6193,0.7395,0.0,False
False,0.0,,0.0286,0.1738,0.0579,4.0,85829064.0,3.0,3.0,31.0,4.0,0.12903225,0.3651,0.7557,0.0,False
False,0.0,,1.0,1.0,1.0,0.0,0.0,1.0,1.0,14.0,14.0,1.0,0.7801,0.5043,,False
False,0.0,,0.1538,0.2205,0.1103,1.0,54813429.0,2.0,2.0,12.0,4.0,0.33333334,0.3651,0.7557,,False
False,0.0,,1.0,1.0,1.0,0.0,0.0,1.0,1.0,93.0,93.0,1.0,0.7831,0.5917,6.0,True
False,0.0,0.053,0.4881,0.4881,0.4881,1.0,63342758.0,1.0,1.0,72.0,61.0,0.8472222,0.7088,0.4749,3.0,True
False,0.0,,0.0135,0.1889,0.0944,2.0,85454017.0,2.0,2.0,72.0,1.0,0.013888889,0.732,0.6613,3.0,False
False,0.0,0.0093,0.0135,0.1334,0.0667,3.0,93588476.0,2.0,2.0,72.0,1.0,0.013888889,0.6734,0.6873,3.0,False
False,0.0,0.0045,0.045,0.0838,0.0419,4.0,117332603.0,2.0,2.0,72.0,3.0,0.041666668,0.3046,0.7689,3.0,True
False,0.0,,,0.0039,0.0039,5.0,119627170.0,1.0,3.0,0.0,72.0,inf,0.3651,0.7557,,False
False,0.0,,1.0,1.0,1.0,0.0,0.0,1.0,1.0,3.0,3.0,1.0,0.3941,0.7711,,False
False,0.0,,1.0,1.0,1.0,0.0,0.0,1.0,1.0,3.0,3.0,1.0,0.3941,0.7711,,False
False,0.0,,1.0,1.0,1.0,0.0,0.0,1.0,1.0,288.0,288.0,1.0,0.7719,0.4873,9.0,True
False,0.0,0.8867,0.8993,0.8993,0.8993,1.0,2593044.0,1.0,1.0,286.0,35.0,0.12237762,0.8117,0.5427,9.0,True
False,0.0,,0.0069,0.6729,0.3365,2.0,8977857.0,2.0,2.0,286.0,2.0,0.006993007,0.8244,0.6178,9.0,True
False,0.0,,0.0204,0.3861,0.1287,3.0,21629075.0,3.0,3.0,289.0,3.0,0.010380623,0.71,0.6733,9.0,True
True,1.0,0.3491,0.4931,0.5035,0.1678,4.0,22386372.0,3.0,3.0,311.0,69.0,0.22186495,0.6544,0.6815,9.0,False
False,1.0,,0.0602,0.3535,0.0884,5.0,32749739.0,4.0,4.0,327.0,17.0,0.051987767,0.6048,0.7333,11.0,False
False,1.0,0.0587,0.0731,0.3564,0.0891,6.0,33271557.0,4.0,4.0,327.0,5.0,0.01529052,0.6156,0.737,11.0,True
False,1.0,0.2349,0.2513,0.3127,0.0782,7.0,36836719.0,4.0,4.0,331.0,6.0,0.018126888,0.6074,0.7463,11.0,True
False,0.0,,1.0,1.0,1.0,0.0,0.0,1.0,1.0,23.0,23.0,1.0,0.8206,0.5629,,False
False,0.0,,0.0833,0.3199,0.1599,1.0,29230102.0,2.0,2.0,23.0,2.0,0.08695652,0.6241,0.7384,,False
False,0.0,,1.0,1.0,1.0,0.0,0.0,1.0,1.0,20.0,20.0,1.0,0.7948,0.577,,False
False,0.0,,0.0476,0.8687,0.4344,1.0,3271154.0,2.0,2.0,20.0,1.0,0.05,0.8012,0.592,,True
False,0.0,,0.0476,0.4614,0.2307,2.0,18047735.0,2.0,3.0,20.0,1.0,0.05,0.7226,0.6187,,True
False,0.0,,0.0476,0.4401,0.1467,3.0,20540388.0,3.0,4.0,20.0,1.0,0.05,0.7152,0.6219,,True
False,0.0,,0.0476,0.2664,0.0888,4.0,33436089.0,3.0,5.0,20.0,1.0,0.05,0.6927,0.6911,,True
False,0.0,0.0387,0.0476,0.2245,0.0748,5.0,37998773.0,3.0,5.0,20.0,1.0,0.05,0.6532,0.6971,,False
False,0.0,0.0277,0.0476,0.1502,0.0501,6.0,49684734.0,3.0,5.0,20.0,1.0,0.05,0.6318,0.5913,,True
False,0.0,0.0354,0.0476,0.1236,0.0412,7.0,56160352.0,3.0,5.0,20.0,1.0,0.05,0.6307,0.6182,,False
False,0.0,0.0327,0.0476,0.0997,0.0332,8.0,64362007.0,3.0,5.0,20.0,1.0,0.05,0.7858,0.5151,,False
False,0.0,,0.0476,0.0873,0.0291,9.0,70223607.0,3.0,6.0,20.0,1.0,0.05,0.8293,0.6211,,False
False,0.0,,0.0476,0.0758,0.0253,10.0,77577202.0,3.0,7.0,20.0,1.0,0.05,0.8236,0.6569,,False
False,0.0,,0.0476,0.0648,0.0216,11.0,88297976.0,3.0,7.0,20.0,1.0,0.05,0.6549,0.6947,,True
False,0.0,,,0.0116,0.0116,12.0,96145481.0,1.0,8.0,0.0,20.0,inf,0.6359,0.7363,,False
False,0.0,,1.0,1.0,1.0,0.0,0.0,1.0,1.0,20.0,20.0,1.0,0.7951,0.5742,,False
False,0.0,,0.0476,0.8687,0.4344,1.0,3283106.0,2.0,2.0,20.0,1.0,0.05,0.8012,0.592,,True
False,0.0,,0.0476,0.4597,0.2299,2.0,18059687.0,2.0,3.0,20.0,1.0,0.05,0.7226,0.6187,,True
False,0.0,,0.0476,0.2495,0.1248,3.0,33448041.0,2.0,4.0,20.0,1.0,0.05,0.6927,0.6911,,True
False,0.0,0.0387,0.0476,0.2115,0.1058,4.0,38010725.0,2.0,4.0,20.0,1.0,0.05,0.6532,0.6971,,False
False,0.0,0.0277,0.0476,0.1427,0.0713,5.0,49696686.0,2.0,4.0,20.0,1.0,0.05,0.6318,0.5913,,True
False,0.0,0.0354,0.0476,0.118,0.059,6.0,56172304.0,2.0,4.0,20.0,1.0,0.05,0.6307,0.6182,,False
False,0.0,0.0327,0.0476,0.0957,0.0479,7.0,64373959.0,2.0,4.0,20.0,1.0,0.05,0.7858,0.5151,,False
False,0.0,,0.0476,0.1371,0.0457,8.0,65319863.0,3.0,5.0,20.0,1.0,0.05,0.7885,0.494,,False
False,0.0,,0.0476,0.1206,0.0402,9.0,70235559.0,3.0,6.0,20.0,1.0,0.05,0.8293,0.6211,,False
False,0.0,,0.0476,0.0993,0.0331,10.0,77589154.0,3.0,7.0,20.0,1.0,0.05,0.8236,0.6569,,False
False,0.0,,0.0476,0.0791,0.0264,11.0,88309928.0,3.0,7.0,20.0,1.0,0.05,0.6549,0.6947,,True
False,0.0,,,0.0116,0.0116,12.0,96157433.0,1.0,8.0,0.0,20.0,inf,0.6359,0.7363,,False
False,0.0,,1.0,1.0,1.0,0.0,0.0,1.0,1.0,5.0,5.0,1.0,0.7053,0.5249,,True
False,0.0,,1.0,1.0,1.0,0.0,0.0,1.0,1.0,140.0,140.0,1.0,0.7053,0.5249,10.0,True
False,0.0,,1.0,1.0,1.0,0.0,0.0,1.0,1.0,111.0,111.0,1.0,0.7053,0.5249,4.0,True
False,0.0,,1.0,1.0,1.0,0.0,0.0,1.0,1.0,103.0,103.0,1.0,0.7053,0.5249,4.0,True
False,0.0,,1.0,1.0,1.0,0.0,0.0,1.0,1.0,23.0,23.0,1.0,0.6208,0.5747,,True
False,0.0,,1.0,1.0,1.0,0.0,0.0,1.0,1.0,1.0,1.0,1.0,0.6208,0.5747,,True
False,0.0,,1.0,1.0,1.0,0.0,0.0,1.0,1.0,23.0,23.0,1.0,0.6208,0.5747,,True
False,0.0,,1.0,1.0,1.0,0.0,0.0,1.0,1.0,316.0,316.0,1.0,0.6208,0.5747,,True
False,0.0,,1.0,1.0,1.0,0.0,0.0,1.0,1.0,24.0,24.0,1.0,0.6208,0.5747,,True
False,0.0,,1.0,1.0,1.0,0.0,0.0,1.0,1.0,25.0,25.0,1.0,0.7855,0.5625,0.0,False
False,0.0,1.0,1.0,1.0,1.0,1.0,9286.0,1.0,1.0,25.0,1.0,0.04,0.7871,0.5737,0.0,False
False,0.0,,0.0385,0.069,0.0345,2.0,74441656.0,2.0,2.0,25.0,1.0,0.04,0.732,0.6613,0.0,False
False,0.0,0.0264,0.0385,0.0594,0.0297,3.0,82576115.0,2.0,2.0,25.0,1.0,0.04,0.6734,0.6873,0.0,False
False,0.0,,,0.0178,0.0178,4.0,86883713.0,1.0,3.0,0.0,25.0,inf,0.6359,0.7363,,False
False,0.0,,1.0,1.0,1.0,0.0,0.0,1.0,1.0,25.0,25.0,1.0,0.7855,0.5625,0.0,False
False,0.0,1.0,1.0,1.0,1.0,1.0,9286.0,1.0,1.0,25.0,1.0,0.04,0.7871,0.5737,0.0,False
False,0.0,,0.0385,0.069,0.0345,2.0,74441656.0,2.0,2.0,25.0,1.0,0.04,0.732,0.6613,0.0,False
False,0.0,0.0264,0.0385,0.0594,0.0297,3.0,82576115.0,2.0,2.0,25.0,1.0,0.04,0.6734,0.6873,0.0,False
False,0.0,,,0.0178,0.0178,4.0,86883713.0,1.0,3.0,0.0,25.0,inf,0.6359,0.7363,,False
False,0.0,,1.0,1.0,1.0,0.0,0.0,1.0,1.0,10.0,10.0,1.0,0.7831,0.5917,,True
False,0.0,0.053,0.2108,0.2108,0.2108,1.0,63342758.0,1.0,1.0,10.0,2.0,0.2,0.7088,0.4749,,True
False,0.0,,,0.0157,0.0157,2.0,89617653.0,1.0,2.0,0.0,10.0,inf,0.6563,0.682,,False
False,0.0,,0.8333,0.8359,0.418,3.0,89961727.0,2.0,3.0,9.0,9.0,1.0,0.6507,0.6857,,False
False,0.0,,0.0833,0.7042,0.2347,4.0,94193852.0,3.0,3.0,9.0,1.0,0.11111111,0.6266,0.7268,,True
False,0.0,,0.1429,0.7371,0.1843,5.0,94457188.0,4.0,4.0,10.0,1.0,0.1,0.6126,0.734,,False
False,0.0,,1.0,1.0,1.0,0.0,0.0,1.0,1.0,39.0,39.0,1.0,0.6664,0.6791,,True
False,0.0,1.0,1.0,1.0,1.0,1.0,3364.0,1.0,1.0,44.0,5.0,0.11363637,0.672,0.6837,,True
False,0.0,,,0.9841,0.9841,2.0,422161.0,1.0,2.0,0.0,44.0,inf,0.6774,0.6922,,False
False,0.0,,1.0,1.0,1.0,0.0,0.0,1.0,1.0,25.0,25.0,1.0,0.6664,0.6791,0.0,True
False,0.0,1.0,1.0,1.0,1.0,1.0,70545.0,1.0,1.0,0.0,25.0,inf,0.6744,0.6877,,False
False,0.0,,1.0,1.0,1.0,0.0,0.0,1.0,1.0,1.0,1.0,1.0,0.6569,0.6907,,False
False,0.0,0.9841,0.9841,0.9841,0.9841,1.0,345730.0,1.0,1.0,0.0,1.0,inf,0.6587,0.6979,,False
False,0.0,,1.0,1.0,1.0,0.0,0.0,1.0,1.0,35.0,35.0,1.0,0.6568,0.6933,,False
False,0.0,,1.0,1.0,1.0,0.0,0.0,1.0,1.0,15.0,15.0,1.0,0.6546,0.685,,True
False,0.0,,0.3333,0.9738,0.4869,1.0,945224.0,2.0,2.0,22.0,7.0,0.3181818,0.6492,0.6787,,False
False,0.0,,1.0,1.0,1.0,0.0,0.0,1.0,1.0,38.0,38.0,1.0,0.7182,0.6734,,False
False,0.0,0.988,0.9884,0.9884,0.9884,1.0,342024.0,1.0,1.0,38.0,1.0,0.02631579,0.6819,0.6918,,False
False,0.0,,0.0256,0.9849,0.4925,2.0,346900.0,2.0,2.0,38.0,1.0,0.02631579,0.6819,0.6925,,False
False,0.0,0.9593,0.9601,0.9857,0.4929,3.0,347873.0,2.0,2.0,38.0,2.0,0.05263158,0.6821,0.692,,False
False,0.0,0.9601,0.9601,0.9857,0.4929,4.0,348120.0,2.0,2.0,38.0,1.0,0.02631579,0.6822,0.6913,,False
False,0.0,,1.0,1.0,1.0,0.0,0.0,1.0,1.0,33.0,33.0,1.0,0.6643,0.6845,,False
False,0.0,0.157,0.157,0.157,0.157,1.0,39985729.0,1.0,1.0,0.0,33.0,inf,0.7182,0.6734,,False
False,0.0,,1.0,1.0,1.0,0.0,0.0,1.0,1.0,128.0,128.0,1.0,0.8304,0.5913,11.0,True
False,0.0,,0.1223,1.0,0.5,1.0,42189.0,2.0,2.0,136.0,18.0,0.13235295,0.8306,0.5944,12.0,False
False,0.0,0.8637,0.8746,0.9858,0.4929,2.0,346787.0,2.0,2.0,147.0,11.0,0.07482993,0.8305,0.6076,13.0,True
False,0.0,0.1108,0.3024,0.9886,0.4943,3.0,400022.0,2.0,2.0,185.0,41.0,0.22162162,0.8292,0.6159,15.0,False
False,0.0,0.2212,0.2159,0.7289,0.3645,4.0,7154497.0,2.0,2.0,178.0,11.0,0.061797753,0.8205,0.653,14.0,True
False,0.0,,0.0109,0.4998,0.1666,5.0,15535765.0,3.0,3.0,177.0,3.0,0.016949153,0.71,0.6733,14.0,True
False,0.0,,1.0,1.0,1.0,0.0,0.0,1.0,1.0,51.0,51.0,1.0,0.8206,0.5629,,False
False,0.0,,,0.445,0.445,1.0,17487455.0,1.0,2.0,0.0,51.0,inf,0.71,0.6733,,True
False,0.0,,1.0,1.0,1.0,0.0,0.0,1.0,1.0,24.0,24.0,1.0,0.7835,0.5071,,True
False,0.0,0.9492,0.9562,0.9562,0.9562,1.0,1138345.0,1.0,1.0,26.0,2.0,0.07692308,0.8037,0.5266,,False
False,0.0,,,0.9266,0.9266,2.0,1790210.0,1.0,2.0,24.0,2.0,0.083333336,0.8144,0.5455,,False
False,0.0,,0.037,0.8842,0.4421,3.0,2915346.0,2.0,3.0,24.0,1.0,0.041666668,0.8206,0.5629,,False
False,0.0,,0.2414,0.5375,0.2688,4.0,20402801.0,2.0,4.0,25.0,6.0,0.24,0.71,0.6733,,True
False,0.0,,1.0,1.0,1.0,0.0,0.0,1.0,1.0,171.0,171.0,1.0,0.7835,0.5071,,True
False,0.0,,0.0227,0.943,0.4715,1.0,1366770.0,2.0,2.0,173.0,2.0,0.011560693,0.8117,0.5427,,True
False,0.0,0.0212,0.0269,0.8781,0.4391,2.0,2915346.0,2.0,2.0,173.0,1.0,0.0057803467,0.8206,0.5629,,False
False,0.0,,0.0455,0.417,0.139,3.0,20402801.0,3.0,3.0,173.0,8.0,0.046242774,0.71,0.6733,,True
False,0.0,,1.0,1.0,1.0,0.0,0.0,1.0,1.0,8.0,8.0,1.0,0.7835,0.5071,,True
False,0.0,,0.1111,0.4563,0.2281,1.0,20402801.0,2.0,2.0,8.0,1.0,0.125,0.71,0.6733,,True
False,0.0,,1.0,1.0,1.0,0.0,0.0,1.0,1.0,39.0,39.0,1.0,0.8214,0.6482,,False
False,0.0,0.8283,0.8498,0.8498,0.8498,1.0,4133889.0,1.0,1.0,39.0,5.0,0.12820514,0.7898,0.682,,True
False,0.0,,1.0,1.0,1.0,0.0,0.0,1.0,1.0,90.0,90.0,1.0,0.8214,0.6482,,False
False,0.0,,0.011,0.9536,0.4768,1.0,1113376.0,2.0,2.0,90.0,1.0,0.011111111,0.8236,0.6569,,False
False,0.0,0.8911,0.8999,0.9095,0.4548,2.0,2312294.0,2.0,2.0,97.0,7.0,0.072164945,0.8099,0.6509,,False
False,0.0,0.8273,0.8283,0.8283,0.8283,3.0,4133889.0,1.0,2.0,0.0,97.0,inf,0.7898,0.682,,True
False,0.0,,1.0,1.0,1.0,0.0,0.0,1.0,1.0,19.0,19.0,1.0,0.5416,0.6389,,False
False,0.0,1.0,1.0,1.0,1.0,1.0,2744.0,1.0,1.0,23.0,4.0,0.17391305,0.5459,0.6396,,False
False,0.0,1.0,1.0,1.0,1.0,2.0,73297.0,1.0,1.0,26.0,3.0,0.115384616,0.6176,0.6499,,True
False,0.0,0.9454,0.952,0.952,0.952,3.0,1283490.0,1.0,1.0,29.0,3.0,0.10344828,0.6159,0.6786,,True
False,0.0,0.9498,0.9428,0.9428,0.9428,4.0,1297418.0,1.0,1.0,13.0,16.0,1.2307693,0.6609,0.6369,,True
False,0.0,0.7493,0.8851,0.8851,0.8851,5.0,6281469.0,1.0,1.0,18.0,13.0,0.7222222,0.6647,0.6456,,True
False,0.0,,0.0769,0.7842,0.3921,6.0,9416383.0,2.0,2.0,19.0,1.0,0.05263158,0.7432,0.6527,,False
False,0.0,,0.3158,0.7987,0.2662,7.0,11665391.0,3.0,3.0,26.0,7.0,0.26923078,0.7874,0.5354,,True
False,0.0,0.3158,0.3421,0.8095,0.2698,8.0,11684986.0,3.0,3.0,26.0,3.0,0.115384616,0.7991,0.5471,,False
False,0.0,0.0379,0.093,0.6527,0.2176,9.0,16572319.0,3.0,3.0,25.0,3.0,0.12,0.8115,0.5214,,True
False,0.0,0.0928,0.1393,0.6682,0.2227,10.0,16651204.0,3.0,3.0,26.0,1.0,0.03846154,0.8062,0.5222,,False
False,0.0,,0.027,0.6612,0.1653,11.0,16661322.0,4.0,4.0,24.0,3.0,0.125,0.8101,0.5358,,True
False,0.0,,0.0769,0.6109,0.1222,12.0,19420554.0,5.0,5.0,25.0,2.0,0.08,0.8164,0.4999,,True
False,0.0,,0.05,0.5194,0.0866,13.0,23748894.0,6.0,6.0,25.0,2.0,0.08,0.7939,0.5237,,False
False,0.0,0.0605,0.0877,0.5022,0.0837,14.0,24177235.0,6.0,6.0,24.0,2.0,0.083333336,0.7884,0.517,,False
False,0.0,0.0249,0.0993,0.5166,0.0861,15.0,24439013.0,6.0,6.0,24.0,3.0,0.125,0.785,0.5576,,False
False,0.0,0.0992,0.122,0.5291,0.0882,16.0,24444454.0,6.0,6.0,24.0,3.0,0.125,0.788,0.5671,,False
False,0.0,0.12,0.1986,0.563,0.0938,17.0,24801122.0,6.0,6.0,26.0,3.0,0.115384616,0.7879,0.5671,,False
False,0.0,,0.102,0.5726,0.0818,18.0,25996010.0,7.0,7.0,28.0,3.0,0.10714286,0.7757,0.5585,,False
False,0.0,0.102,0.1698,0.6044,0.0863,19.0,26006483.0,7.0,7.0,30.0,3.0,0.1,0.7771,0.5597,,False
False,0.0,0.1122,0.1311,0.4825,0.0689,20.0,31023877.0,7.0,7.0,30.0,1.0,0.033333335,0.7843,0.5929,,False
False,0.0,0.1285,0.1602,0.4917,0.0702,21.0,31520671.0,7.0,7.0,31.0,1.0,0.032258064,0.784,0.593,,True
False,0.0,,0.0351,0.4835,0.0604,22.0,32734826.0,8.0,8.0,32.0,1.0,0.03125,0.7951,0.5742,,False
False,0.0,,0.0526,0.3658,0.0406,23.0,40175727.0,9.0,9.0,32.0,3.0,0.09375,0.7962,0.5678,,False
False,0.0,0.061,0.1368,0.4027,0.0447,24.0,41124769.0,9.0,9.0,36.0,4.0,0.11111111,0.784,0.5176,,False
False,0.0,0.1361,0.26,0.4809,0.0534,25.0,41219485.0,9.0,9.0,42.0,9.0,0.21428572,0.7799,0.5457,,True
False,0.0,,0.0145,0.4675,0.0467,26.0,41902312.0,10.0,10.0,42.0,1.0,0.023809524,0.7681,0.5418,,False
False,0.0,0.2374,0.2384,0.4662,0.0466,27.0,41989046.0,10.0,10.0,42.0,2.0,0.04761905,0.7768,0.5503,,True
False,0.0,,,0.2587,0.0259,28.0,53976028.0,10.0,11.0,40.0,2.0,0.05,0.6775,0.6319,,False
False,0.0,,0.0149,0.2525,0.023,29.0,55112529.0,11.0,12.0,40.0,1.0,0.025,0.6952,0.6444,,False
False,0.0,0.0146,0.0146,0.2464,0.0224,30.0,55634143.0,11.0,12.0,40.0,1.0,0.025,0.6954,0.6438,,False
False,0.0,,0.0149,0.2468,0.0224,31.0,56243066.0,11.0,12.0,40.0,1.0,0.025,0.6922,0.658,,False
False,0.0,0.0142,0.0965,0.2991,0.0272,32.0,57433293.0,11.0,12.0,43.0,4.0,0.093023255,0.6897,0.6771,,False
False,0.0,,0.027,0.2825,0.0235,33.0,60224556.0,12.0,13.0,44.0,1.0,0.022727273,0.7121,0.7061,,False
False,0.0,,0.0263,0.1692,0.013,34.0,74369181.0,13.0,14.0,45.0,1.0,0.022222223,0.6142,0.6467,,False
False,0.0,,0.027,0.1832,0.0131,35.0,75268558.0,14.0,15.0,43.0,4.0,0.093023255,0.6741,0.6507,,False
False,0.0,0.0062,,0.0112,0.0016,36.0,112645789.0,7.0,15.0,4.0,39.0,9.75,0.7916,0.6817,,False
False,0.0,,1.0,1.0,1.0,0.0,0.0,1.0,1.0,39.0,39.0,1.0,0.7088,0.4749,,True
False,0.0,,,0.5019,0.5019,1.0,14871661.0,1.0,2.0,0.0,39.0,inf,0.8214,0.6482,,False
False,0.0,,1.0,1.0,1.0,0.0,0.0,1.0,1.0,420.0,420.0,1.0,0.7088,0.4749,,True
False,0.0,,0.0505,0.9375,0.4687,1.0,1552932.0,2.0,2.0,433.0,23.0,0.053117782,0.7787,0.5157,,True
False,0.0,,0.0023,0.8832,0.2944,2.0,2769842.0,3.0,3.0,433.0,1.0,0.0023094688,0.7858,0.5151,,False
False,0.0,,0.0023,0.6758,0.2253,3.0,8631442.0,3.0,4.0,433.0,1.0,0.0023094688,0.8293,0.6211,,False
False,0.0,,0.0023,0.5075,0.1269,4.0,14852454.0,4.0,5.0,433.0,1.0,0.0023094688,0.8215,0.6549,,False
False,0.0,,,0.5019,0.5019,5.0,14871661.0,1.0,5.0,0.0,433.0,inf,0.8214,0.6482,,False
False,0.0,,1.0,1.0,1.0,0.0,0.0,1.0,1.0,61.0,61.0,1.0,0.7088,0.4749,2.0,True
False,0.0,,,0.5019,0.5019,1.0,14871661.0,1.0,2.0,0.0,61.0,inf,0.8214,0.6482,,False
False,0.0,,1.0,1.0,1.0,0.0,0.0,1.0,1.0,70.0,70.0,1.0,0.7831,0.5917,,True
False,0.0,,0.0141,0.7955,0.3977,1.0,5021747.0,2.0,2.0,70.0,1.0,0.014285714,0.8012,0.592,,True
False,0.0,,0.0533,0.6746,0.2249,2.0,9179542.0,3.0,3.0,72.0,2.0,0.027777778,0.7962,0.5678,,False
False,0.0,,0.0133,0.4759,0.119,3.0,17023085.0,4.0,4.0,72.0,1.0,0.013888889,0.7511,0.6503,,False
False,0.0,,0.0133,0.483,0.0966,4.0,17047859.0,5.0,5.0,72.0,1.0,0.013888889,0.7527,0.6514,,False
False,0.0,,0.0133,0.4316,0.0863,5.0,19798328.0,5.0,6.0,72.0,1.0,0.013888889,0.7226,0.6187,,True
False,0.0,,0.0133,0.2182,0.0436,6.0,35186682.0,5.0,7.0,72.0,1.0,0.013888889,0.6927,0.6911,,True
False,0.0,0.0111,0.0244,0.192,0.0384,7.0,39225796.0,5.0,7.0,72.0,1.0,0.013888889,0.6405,0.6785,,False
False,0.0,0.0238,0.0263,0.19,0.038,8.0,39749366.0,5.0,7.0,72.0,1.0,0.013888889,0.6532,0.6971,,False
False,0.0,0.0153,0.0209,0.1161,0.0232,9.0,51435327.0,5.0,7.0,72.0,1.0,0.013888889,0.6318,0.5913,,True
False,0.0,0.0155,0.0189,0.0894,0.0179,10.0,57910945.0,5.0,7.0,72.0,1.0,0.013888889,0.6307,0.6182,,False
False,0.0,0.0473,0.2377,0.2533,0.0633,11.0,63342758.0,4.0,7.0,82.0,22.0,0.2682927,0.7088,0.4749,,True
False,0.0,0.0113,0.015,0.2265,0.0566,12.0,66112600.0,4.0,7.0,82.0,1.0,0.0121951215,0.7858,0.5151,,False
False,0.0,,0.0116,0.1757,0.0351,13.0,71974200.0,5.0,8.0,82.0,1.0,0.0121951215,0.8293,0.6211,,False
False,0.0,0.0116,0.1052,0.2532,0.0506,14.0,72060974.0,5.0,8.0,90.0,8.0,0.08888889,0.8298,0.6211,,False
False,0.0,0.0017,,0.0266,0.0266,15.0,78214419.0,1.0,8.0,0.0,90.0,inf,0.8214,0.6482,,False
False,0.0,,1.0,1.0,1.0,0.0,0.0,1.0,1.0,37.0,37.0,1.0,0.6208,0.5747,2.0,True
False,0.0,,1.0,1.0,1.0,0.0,0.0,1.0,1.0,9.0,9.0,1.0,0.8062,0.5222,,False
False,0.0,,0.8462,0.9569,0.4785,1.0,7097690.0,2.0,2.0,11.0,10.0,0.90909094,0.7939,0.5237,,False
False,0.0,0.8227,0.8227,0.93,0.465,2.0,7787809.0,2.0,2.0,13.0,10.0,0.7692308,0.785,0.5576,,False
False,0.0,0.8195,0.8195,0.9267,0.4634,3.0,7793250.0,2.0,2.0,15.0,10.0,0.6666667,0.788,0.5671,,False
False,0.0,,0.1538,0.1702,0.0567,4.0,91155471.0,3.0,3.0,15.0,2.0,0.13333334,0.8197,0.6533,,True
False,0.0,,1.0,1.0,1.0,0.0,0.0,1.0,1.0,32.0,32.0,1.0,0.6208,0.5747,0.0,True
False,0.0,,1.0,1.0,1.0,0.0,0.0,1.0,1.0,1.0,1.0,1.0,0.8206,0.633,,False
False,0.0,,1.0,1.0,1.0,0.0,0.0,1.0,1.0,27.0,27.0,1.0,0.6208,0.5747,0.0,True
False,0.0,,1.0,1.0,1.0,0.0,0.0,1.0,1.0,157.0,157.0,1.0,0.8304,0.5913,10.0,True
False,0.0,,0.1131,1.0,0.5,1.0,42189.0,2.0,2.0,165.0,25.0,0.15151516,0.8306,0.5944,11.0,False
False,0.0,0.8869,0.9344,1.0,0.5,2.0,68398.0,2.0,2.0,235.0,84.0,0.35744682,0.8309,0.6004,12.0,False
False,0.0,0.9321,0.933,0.9975,0.4987,3.0,132040.0,2.0,2.0,237.0,8.0,0.033755273,0.8308,0.6005,12.0,False
False,0.0,0.933,0.933,0.9975,0.4987,4.0,139466.0,2.0,2.0,237.0,1.0,0.004219409,0.8308,0.5997,12.0,False
False,0.0,0.933,0.933,0.9975,0.4987,5.0,149342.0,2.0,2.0,237.0,1.0,0.004219409,0.8307,0.599,12.0,False
False,0.0,0.922,0.8961,0.9872,0.4936,6.0,346787.0,2.0,2.0,130.0,127.0,0.97692305,0.8305,0.6076,9.0,True
False,0.0,0.0907,,0.9848,0.9848,7.0,400022.0,1.0,2.0,0.0,130.0,inf,0.8292,0.6159,,False
False,0.0,,1.0,1.0,1.0,0.0,0.0,1.0,1.0,32.0,32.0,1.0,0.6208,0.5747,0.0,True
False,0.0,,1.0,1.0,1.0,0.0,0.0,1.0,1.0,30.0,30.0,1.0,0.8309,0.6004,4.0,False
False,0.0,0.988,0.988,0.988,0.988,1.0,278389.0,1.0,1.0,0.0,30.0,inf,0.8305,0.6076,,True
False,0.0,,1.0,1.0,1.0,0.0,0.0,1.0,1.0,6.0,6.0,1.0,0.8304,0.5913,,True
False,0.0,1.0,1.0,1.0,1.0,1.0,55196.0,1.0,1.0,7.0,1.0,0.14285715,0.831,0.5944,,True
False,0.0,,1.0,1.0,1.0,0.0,0.0,1.0,1.0,4.0,4.0,1.0,0.8304,0.5913,,True
False,0.0,,1.0,1.0,1.0,0.0,0.0,1.0,1.0,8.0,8.0,1.0,0.6208,0.5747,,True
False,0.0,,1.0,1.0,1.0,0.0,0.0,1.0,1.0,4.0,4.0,1.0,0.8304,0.5913,,True
False,0.0,,1.0,1.0,1.0,0.0,0.0,1.0,1.0,5.0,5.0,1.0,0.6208,0.5747,,True
False,0.0,,1.0,1.0,1.0,0.0,0.0,1.0,1.0,11.0,11.0,1.0,0.8304,0.5913,,True
False,0.0,,1.0,1.0,1.0,0.0,0.0,1.0,1.0,131.0,131.0,1.0,0.6208,0.5747,9.0,True
False,0.0,,1.0,1.0,1.0,0.0,0.0,1.0,1.0,77.0,77.0,1.0,0.6208,0.5747,4.0,True
